date,sst,chl,sss,sightings,doy,year,month
1990-01-01,26.089993313327454,,,0,1,1990,1
1990-01-02,26.059993313998007,,,0,2,1990,1
1990-01-03,26.079993313550972,,,0,3,1990,1
1990-01-04,26.119993312656902,,,0,4,1990,1
1990-01-05,26.099993313103937,,,0,5,1990,1
1990-01-06,26.03999331444504,,,0,6,1990,1
1990-01-07,25.979993315786146,,,0,7,1990,1
1990-01-08,25.929993316903733,,,0,8,1990,1
1990-01-09,25.91999331712725,,,0,9,1990,1
1990-01-10,25.929993316903733,,,0,10,1990,1
1990-01-11,25.98999331556263,,,0,11,1990,1
1990-01-12,25.91999331712725,,,0,12,1990,1
1990-01-13,25.859993318468355,,,0,13,1990,1
1990-01-14,25.83999331891539,,,0,14,1990,1
1990-01-15,25.849993318691872,,,0,15,1990,1
1990-01-16,25.809993319585942,,,0,16,1990,1
1990-01-17,25.809993319585942,,,0,17,1990,1
1990-01-18,25.899993317574285,,,0,18,1990,1
1990-01-19,25.909993317350768,,,0,19,1990,1
1990-01-20,25.939993316680216,,,0,20,1990,1
1990-01-21,25.95999331623318,,,0,21,1990,1
1990-01-22,25.979993315786146,,,0,22,1990,1
1990-01-23,25.91999331712725,,,0,23,1990,1
1990-01-24,25.969993316009663,,,0,24,1990,1
1990-01-25,25.87999331802132,,,0,25,1990,1
1990-01-26,25.91999331712725,,,0,26,1990,1
1990-01-27,25.869993318244838,,,0,27,1990,1
1990-01-28,25.899993317574285,,,0,28,1990,1
1990-01-29,25.929993316903733,,,0,29,1990,1
1990-01-30,25.99999331533911,,,0,30,1990,1
1990-01-31,26.079993313550972,,,0,31,1990,1
1990-02-01,26.169993311539315,,,0,32,1990,2
1990-02-02,26.22999331019821,,,0,33,1990,2
1990-02-03,26.209993310645245,,,0,34,1990,2
1990-02-04,26.209993310645245,,,0,35,1990,2
1990-02-05,26.179993311315798,,,0,36,1990,2
1990-02-06,25.929993316903733,,,0,37,1990,2
1990-02-07,25.7199933215976,,,0,38,1990,2
1990-02-08,25.639993323385738,,,0,39,1990,2
1990-02-09,25.64999332316222,,,0,40,1990,2
1990-02-10,25.699993322044634,,,0,41,1990,2
1990-02-11,25.739993321150564,,,0,42,1990,2
1990-02-12,25.869993318244838,,,0,43,1990,2
1990-02-13,25.83999331891539,,,0,44,1990,2
1990-02-14,25.7199933215976,,,0,45,1990,2
1990-02-15,25.709993321821116,,,0,46,1990,2
1990-02-16,25.479993326962017,,,0,47,1990,2
1990-02-17,25.389993328973674,,,0,48,1990,2
1990-02-18,25.41999332830312,,,0,49,1990,2
1990-02-19,25.499993326514982,,,0,50,1990,2
1990-02-20,25.45999332740905,,,0,51,1990,2
1990-02-21,25.479993326962017,,,0,52,1990,2
1990-02-22,25.469993327185534,,,0,53,1990,2
1990-02-23,25.4899933267385,,,0,54,1990,2
1990-02-24,25.599993324279808,,,0,55,1990,2
1990-02-25,25.72999332137408,,,0,56,1990,2
1990-02-26,25.709993321821116,,,0,57,1990,2
1990-02-27,25.939993316680216,,,0,58,1990,2
1990-02-28,26.509993303939723,,,0,59,1990,2
1990-03-01,27.38999328427019,,,0,60,1990,3
1990-03-02,27.249993287399434,,,0,61,1990,3
1990-03-03,27.129993290081643,,,0,62,1990,3
1990-03-04,26.979993293434404,,,0,63,1990,3
1990-03-05,26.979993293434404,,,0,64,1990,3
1990-03-06,26.839993296563648,,,0,65,1990,3
1990-03-07,26.759993298351787,,,0,66,1990,3
1990-03-08,26.669993300363444,,,0,67,1990,3
1990-03-09,26.639993301033996,,,0,68,1990,3
1990-03-10,26.65999330058696,,,0,69,1990,3
1990-03-11,26.669993300363444,,,0,70,1990,3
1990-03-12,26.699993299692892,,,0,71,1990,3
1990-03-13,26.68999329991641,,,0,72,1990,3
1990-03-14,26.5799933023751,,,0,73,1990,3
1990-03-15,26.349993307516,,,0,74,1990,3
1990-03-16,26.089993313327454,,,0,75,1990,3
1990-03-17,26.03999331444504,,,0,76,1990,3
1990-03-18,26.14999331198635,,,0,77,1990,3
1990-03-19,26.349993307516,,,0,78,1990,3
1990-03-20,26.389993306621932,,,0,79,1990,3
1990-03-21,26.439993305504345,,,0,80,1990,3
1990-03-22,26.519993303716205,,,0,81,1990,3
1990-03-23,26.549993303045653,,,0,82,1990,3
1990-03-24,26.56999330259862,,,0,83,1990,3
1990-03-25,26.5799933023751,,,0,84,1990,3
1990-03-26,26.45999330505731,,,0,85,1990,3
1990-03-27,26.61999330148103,,,0,86,1990,3
1990-03-28,27.0399932920933,,,0,87,1990,3
1990-03-29,27.169993289187573,,,0,88,1990,3
1990-03-30,27.169993289187573,,,0,89,1990,3
1990-03-31,27.219993288069986,,,0,90,1990,3
1990-04-01,27.27999328672888,,,0,91,1990,4
1990-04-02,27.299993286281847,,,0,92,1990,4
1990-04-03,27.329993285611295,,,0,93,1990,4
1990-04-04,27.18999328874054,,,0,94,1990,4
1990-04-05,27.019993292540335,,,0,95,1990,4
1990-04-06,26.91999329477551,,,0,96,1990,4
1990-04-07,26.909993294999026,,,0,97,1990,4
1990-04-08,26.99999329298737,,,0,98,1990,4
1990-04-09,27.029993292316817,,,0,99,1990,4
1990-04-10,27.149993289634608,,,0,100,1990,4
1990-04-11,27.179993288964056,,,0,101,1990,4
1990-04-12,27.249993287399434,,,0,102,1990,4
1990-04-13,27.529993281140946,,,0,103,1990,4
1990-04-14,27.53999328091743,,,0,104,1990,4
1990-04-15,27.53999328091743,,,0,105,1990,4
1990-04-16,27.769993275776528,,,0,106,1990,4
1990-04-17,27.939993271976732,,,0,107,1990,4
1990-04-18,27.999993270635628,,,0,108,1990,4
1990-04-19,27.989993270859145,,,0,109,1990,4
1990-04-20,27.839993274211906,,,0,110,1990,4
1990-04-21,27.839993274211906,,,0,111,1990,4
1990-04-22,27.829993274435424,,,0,112,1990,4
1990-04-23,27.88999327309432,,,0,113,1990,4
1990-04-24,27.92999327220025,,,0,114,1990,4
1990-04-25,27.84999327398839,,,0,115,1990,4
1990-04-26,27.869993273541354,,,0,116,1990,4
1990-04-27,27.88999327309432,,,0,117,1990,4
1990-04-28,27.959993271529697,,,0,118,1990,4
1990-04-29,28.109993268176936,,,0,119,1990,4
1990-04-30,27.96999327130618,,,0,120,1990,4
1990-05-01,28.209993265941762,,,0,121,1990,5
1990-05-02,28.43999326080086,,,0,122,1990,5
1990-05-03,28.42999326102438,,,0,123,1990,5
1990-05-04,28.31999326348307,,,0,124,1990,5
1990-05-05,28.309993263706588,,,0,125,1990,5
1990-05-06,28.339993263036035,,,0,126,1990,5
1990-05-07,28.419993261247896,,,0,127,1990,5
1990-05-08,28.38999326191845,,,0,128,1990,5
1990-05-09,28.269993264600657,,,0,129,1990,5
1990-05-10,28.269993264600657,,,0,130,1990,5
1990-05-11,28.309993263706588,,,0,131,1990,5
1990-05-12,28.409993261471413,,,0,132,1990,5
1990-05-13,28.409993261471413,,,0,133,1990,5
1990-05-14,28.50999325923624,,,0,134,1990,5
1990-05-15,28.559993258118652,,,0,135,1990,5
1990-05-16,28.579993257671617,,,0,136,1990,5
1990-05-17,28.569993257895135,,,0,137,1990,5
1990-05-18,28.539993258565687,,,0,138,1990,5
1990-05-19,28.559993258118652,,,0,139,1990,5
1990-05-20,28.62999325655403,,,0,140,1990,5
1990-05-21,28.719993254542374,,,0,141,1990,5
1990-05-22,28.729993254318856,,,0,142,1990,5
1990-05-23,28.77999325320127,,,0,143,1990,5
1990-05-24,28.799993252754234,,,0,144,1990,5
1990-05-25,28.89999325051906,,,0,145,1990,5
1990-05-26,28.969993248954438,,,0,146,1990,5
1990-05-27,28.959993249177955,,,0,147,1990,5
1990-05-28,28.93999324962499,,,0,148,1990,5
1990-05-29,28.929993249848508,,,0,149,1990,5
1990-05-30,29.039993247389816,,,0,150,1990,5
1990-05-31,29.119993245601677,,,0,151,1990,5
1990-06-01,29.16999324448409,,,0,152,1990,6
1990-06-02,29.159993244707607,,,0,153,1990,6
1990-06-03,29.139993245154642,,,0,154,1990,6
1990-06-04,29.16999324448409,,,0,155,1990,6
1990-06-05,29.16999324448409,,,0,156,1990,6
1990-06-06,29.239993242919468,,,0,157,1990,6
1990-06-07,29.31999324113133,,,0,158,1990,6
1990-06-08,29.31999324113133,,,0,159,1990,6
1990-06-09,29.339993240684294,,,0,160,1990,6
1990-06-10,29.419993238896154,,,0,161,1990,6
1990-06-11,29.449993238225602,,,0,162,1990,6
1990-06-12,29.429993238672637,,,0,163,1990,6
1990-06-13,29.39999323934319,,,0,164,1990,6
1990-06-14,29.31999324113133,,,0,165,1990,6
1990-06-15,29.31999324113133,,,0,166,1990,6
1990-06-16,29.339993240684294,,,0,167,1990,6
1990-06-17,29.339993240684294,,,0,168,1990,6
1990-06-18,29.36999324001374,,,0,169,1990,6
1990-06-19,29.429993238672637,,,0,170,1990,6
1990-06-20,29.36999324001374,,,0,171,1990,6
1990-06-21,29.309993241354846,,,0,172,1990,6
1990-06-22,29.219993243366503,,,0,173,1990,6
1990-06-23,29.219993243366503,,,0,174,1990,6
1990-06-24,29.259993242472433,,,0,175,1990,6
1990-06-25,29.179993244260572,,,0,176,1990,6
1990-06-26,29.079993246495746,,,0,177,1990,6
1990-06-27,29.0499932471663,,,0,178,1990,6
1990-06-28,28.97999324873092,,,0,179,1990,6
1990-06-29,29.00999324806037,,,0,180,1990,6
1990-06-30,28.97999324873092,,,0,181,1990,6
1990-07-01,28.999993248283886,,,0,182,1990,7
1990-07-02,29.079993246495746,,,0,183,1990,7
1990-07-03,29.119993245601677,,,0,184,1990,7
1990-07-04,29.16999324448409,,,0,185,1990,7
1990-07-05,29.189993244037055,,,0,186,1990,7
1990-07-06,29.159993244707607,,,0,187,1990,7
1990-07-07,29.119993245601677,,,0,188,1990,7
1990-07-08,29.079993246495746,,,0,189,1990,7
1990-07-09,29.05999324694278,,,0,190,1990,7
1990-07-10,29.09999324604871,,,0,191,1990,7
1990-07-11,29.0499932471663,,,0,192,1990,7
1990-07-12,29.109993245825194,,,0,193,1990,7
1990-07-13,29.109993245825194,,,0,194,1990,7
1990-07-14,29.159993244707607,,,0,195,1990,7
1990-07-15,29.159993244707607,,,0,196,1990,7
1990-07-16,29.179993244260572,,,0,197,1990,7
1990-07-17,29.12999324537816,,,0,198,1990,7
1990-07-18,29.09999324604871,,,0,199,1990,7
1990-07-19,29.08999324627223,,,0,200,1990,7
1990-07-20,29.029993247613334,,,0,201,1990,7
1990-07-21,28.969993248954438,,,0,202,1990,7
1990-07-22,28.969993248954438,,,0,203,1990,7
1990-07-23,28.97999324873092,,,0,204,1990,7
1990-07-24,28.969993248954438,,,0,205,1990,7
1990-07-25,28.909993250295543,,,0,206,1990,7
1990-07-26,28.889993250742577,,,0,207,1990,7
1990-07-27,28.809993252530717,,,0,208,1990,7
1990-07-28,28.809993252530717,,,0,209,1990,7
1990-07-29,28.809993252530717,,,0,210,1990,7
1990-07-30,28.809993252530717,,,0,211,1990,7
1990-07-31,28.809993252530717,,,0,212,1990,7
1990-08-01,28.78999325297775,,,0,213,1990,8
1990-08-02,28.8199932523072,,,0,214,1990,8
1990-08-03,28.809993252530717,,,0,215,1990,8
1990-08-04,28.849993251636647,,,0,216,1990,8
1990-08-05,28.93999324962499,,,0,217,1990,8
1990-08-06,28.949993249401473,,,0,218,1990,8
1990-08-07,28.959993249177955,,,0,219,1990,8
1990-08-08,28.919993250072025,,,0,220,1990,8
1990-08-09,28.919993250072025,,,0,221,1990,8
1990-08-10,28.999993248283886,,,0,222,1990,8
1990-08-11,28.999993248283886,,,0,223,1990,8
1990-08-12,28.999993248283886,,,0,224,1990,8
1990-08-13,28.929993249848508,,,0,225,1990,8
1990-08-14,28.909993250295543,,,0,226,1990,8
1990-08-15,28.879993250966095,,,0,227,1990,8
1990-08-16,28.89999325051906,,,0,228,1990,8
1990-08-17,28.829993252083682,,,0,229,1990,8
1990-08-18,28.799993252754234,,,0,230,1990,8
1990-08-19,28.649993256106995,,,0,231,1990,8
1990-08-20,28.499993259459757,,,0,232,1990,8
1990-08-21,28.489993259683274,,,0,233,1990,8
1990-08-22,28.559993258118652,,,0,234,1990,8
1990-08-23,28.599993257224583,,,0,235,1990,8
1990-08-24,28.69999325498941,,,0,236,1990,8
1990-08-25,28.809993252530717,,,0,237,1990,8
1990-08-26,28.869993251189612,,,0,238,1990,8
1990-08-27,28.959993249177955,,,0,239,1990,8
1990-08-28,28.989993248507403,,,0,240,1990,8
1990-08-29,28.889993250742577,,,0,241,1990,8
1990-08-30,28.889993250742577,,,0,242,1990,8
1990-08-31,28.889993250742577,,,0,243,1990,8
1990-09-01,28.869993251189612,,,0,244,1990,9
1990-09-02,28.909993250295543,,,0,245,1990,9
1990-09-03,28.909993250295543,,,0,246,1990,9
1990-09-04,28.959993249177955,,,0,247,1990,9
1990-09-05,28.93999324962499,,,0,248,1990,9
1990-09-06,28.989993248507403,,,0,249,1990,9
1990-09-07,28.949993249401473,,,0,250,1990,9
1990-09-08,28.879993250966095,,,0,251,1990,9
1990-09-09,28.839993251860164,,,0,252,1990,9
1990-09-10,28.839993251860164,,,0,253,1990,9
1990-09-11,28.769993253424786,,,0,254,1990,9
1990-09-12,28.679993255436443,,,0,255,1990,9
1990-09-13,28.579993257671617,,,0,256,1990,9
1990-09-14,28.659993255883478,,,0,257,1990,9
1990-09-15,28.69999325498941,,,0,258,1990,9
1990-09-16,28.73999325409534,,,0,259,1990,9
1990-09-17,28.769993253424786,,,0,260,1990,9
1990-09-18,28.73999325409534,,,0,261,1990,9
1990-09-19,28.719993254542374,,,0,262,1990,9
1990-09-20,28.729993254318856,,,0,263,1990,9
1990-09-21,28.829993252083682,,,0,264,1990,9
1990-09-22,28.74999325387182,,,0,265,1990,9
1990-09-23,28.729993254318856,,,0,266,1990,9
1990-09-24,28.719993254542374,,,0,267,1990,9
1990-09-25,28.759993253648304,,,0,268,1990,9
1990-09-26,28.849993251636647,,,0,269,1990,9
1990-09-27,28.919993250072025,,,0,270,1990,9
1990-09-28,28.949993249401473,,,0,271,1990,9
1990-09-29,28.879993250966095,,,0,272,1990,9
1990-09-30,28.809993252530717,,,0,273,1990,9
1990-10-01,28.77999325320127,,,0,274,1990,10
1990-10-02,28.849993251636647,,,0,275,1990,10
1990-10-03,28.889993250742577,,,0,276,1990,10
1990-10-04,28.879993250966095,,,0,277,1990,10
1990-10-05,28.8199932523072,,,0,278,1990,10
1990-10-06,28.829993252083682,,,0,279,1990,10
1990-10-07,28.909993250295543,,,0,280,1990,10
1990-10-08,28.869993251189612,,,0,281,1990,10
1990-10-09,28.85999325141313,,,0,282,1990,10
1990-10-10,28.769993253424786,,,0,283,1990,10
1990-10-11,28.769993253424786,,,0,284,1990,10
1990-10-12,28.69999325498941,,,0,285,1990,10
1990-10-13,28.719993254542374,,,0,286,1990,10
1990-10-14,28.649993256106995,,,0,287,1990,10
1990-10-15,28.619993256777548,,,0,288,1990,10
1990-10-16,28.539993258565687,,,0,289,1990,10
1990-10-17,28.569993257895135,,,0,290,1990,10
1990-10-18,28.569993257895135,,,0,291,1990,10
1990-10-19,28.5899932574481,,,0,292,1990,10
1990-10-20,28.599993257224583,,,0,293,1990,10
1990-10-21,28.639993256330513,,,0,294,1990,10
1990-10-22,28.66999325565996,,,0,295,1990,10
1990-10-23,28.69999325498941,,,0,296,1990,10
1990-10-24,28.729993254318856,,,0,297,1990,10
1990-10-25,28.679993255436443,,,0,298,1990,10
1990-10-26,28.62999325655403,,,0,299,1990,10
1990-10-27,28.609993257001065,,,0,300,1990,10
1990-10-28,28.579993257671617,,,0,301,1990,10
1990-10-29,28.539993258565687,,,0,302,1990,10
1990-10-30,28.539993258565687,,,0,303,1990,10
1990-10-31,28.46999326013031,,,0,304,1990,10
1990-11-01,28.50999325923624,,,0,305,1990,11
1990-11-02,27.939993271976732,,,0,306,1990,11
1990-11-03,27.81999327465894,,,0,307,1990,11
1990-11-04,27.81999327465894,,,0,308,1990,11
1990-11-05,27.769993275776528,,,0,309,1990,11
1990-11-06,27.759993276000046,,,0,310,1990,11
1990-11-07,27.719993276894115,,,0,311,1990,11
1990-11-08,27.759993276000046,,,0,312,1990,11
1990-11-09,27.799993275105976,,,0,313,1990,11
1990-11-10,27.84999327398839,,,0,314,1990,11
1990-11-11,27.81999327465894,,,0,315,1990,11
1990-11-12,27.80999327488246,,,0,316,1990,11
1990-11-13,27.77999327555301,,,0,317,1990,11
1990-11-14,27.77999327555301,,,0,318,1990,11
1990-11-15,27.749993276223563,,,0,319,1990,11
1990-11-16,27.649993278458737,,,0,320,1990,11
1990-11-17,27.54999328069391,,,0,321,1990,11
1990-11-18,27.609993279352807,,,0,322,1990,11
1990-11-19,27.259993287175917,,,0,323,1990,11
1990-11-20,27.18999328874054,,,0,324,1990,11
1990-11-21,27.109993290528678,,,0,325,1990,11
1990-11-22,27.059993291646265,,,0,326,1990,11
1990-11-23,27.07999329119923,,,0,327,1990,11
1990-11-24,27.139993289858126,,,0,328,1990,11
1990-11-25,27.179993288964056,,,0,329,1990,11
1990-11-26,27.23999328762295,,,0,330,1990,11
1990-11-27,27.289993286505364,,,0,331,1990,11
1990-11-28,27.23999328762295,,,0,332,1990,11
1990-11-29,27.139993289858126,,,0,333,1990,11
1990-11-30,26.87999329566958,,,0,334,1990,11
1990-12-01,26.76999329812827,,,0,335,1990,12
1990-12-02,26.72999329902234,,,0,336,1990,12
1990-12-03,26.719993299245857,,,0,337,1990,12
1990-12-04,26.779993297904753,,,0,338,1990,12
1990-12-05,26.829993296787165,,,0,339,1990,12
1990-12-06,26.789993297681235,,,0,340,1990,12
1990-12-07,26.679993300139927,,,0,341,1990,12
1990-12-08,26.369993307068967,,,0,342,1990,12
1990-12-09,26.179993311315798,,,0,343,1990,12
1990-12-10,26.129993312433385,,,0,344,1990,12
1990-12-11,26.099993313103937,,,0,345,1990,12
1990-12-12,26.159993311762832,,,0,346,1990,12
1990-12-13,26.199993310868763,,,0,347,1990,12
1990-12-14,26.26999330930414,,,0,348,1990,12
1990-12-15,26.349993307516,,,0,349,1990,12
1990-12-16,26.369993307068967,,,0,350,1990,12
1990-12-17,26.29999330863359,,,0,351,1990,12
1990-12-18,26.26999330930414,,,0,352,1990,12
1990-12-19,26.26999330930414,,,0,353,1990,12
1990-12-20,26.29999330863359,,,0,354,1990,12
1990-12-21,26.33999330773952,,,0,355,1990,12
1990-12-22,26.249993309751176,,,0,356,1990,12
1990-12-23,26.219993310421728,,,0,357,1990,12
1990-12-24,26.089993313327454,,,0,358,1990,12
1990-12-25,26.009993315115594,,,0,359,1990,12
1990-12-26,25.969993316009663,,,0,360,1990,12
1990-12-27,25.9499933164567,,,0,361,1990,12
1990-12-28,26.019993314892076,,,0,362,1990,12
1990-12-29,26.019993314892076,,,0,363,1990,12
1990-12-30,26.089993313327454,,,0,364,1990,12
1990-12-31,26.099993313103937,,,0,365,1990,12
1991-01-01,26.129993312433385,,,0,1,1991,1
1991-01-02,26.059993313998007,,,0,2,1991,1
1991-01-03,25.209993332996987,,,0,3,1991,1
1991-01-04,24.959993338584923,,,0,4,1991,1
1991-01-05,24.979993338137888,,,0,5,1991,1
1991-01-06,25.159993334114574,,,0,6,1991,1
1991-01-07,25.189993333444022,,,0,7,1991,1
1991-01-08,25.209993332996987,,,0,8,1991,1
1991-01-09,25.279993331432365,,,0,9,1991,1
1991-01-10,25.349993329867743,,,0,10,1991,1
1991-01-11,25.45999332740905,,,0,11,1991,1
1991-01-12,25.429993328079604,,,0,12,1991,1
1991-01-13,25.40999332852664,,,0,13,1991,1
1991-01-14,25.429993328079604,,,0,14,1991,1
1991-01-15,25.45999332740905,,,0,15,1991,1
1991-01-16,25.44999332763257,,,0,16,1991,1
1991-01-17,25.479993326962017,,,0,17,1991,1
1991-01-18,25.589993324503325,,,0,18,1991,1
1991-01-19,25.629993323609256,,,0,19,1991,1
1991-01-20,25.67999332249167,,,0,20,1991,1
1991-01-21,25.72999332137408,,,0,21,1991,1
1991-01-22,25.75999332070353,,,0,22,1991,1
1991-01-23,25.7199933215976,,,0,23,1991,1
1991-01-24,25.779993320256494,,,0,24,1991,1
1991-01-25,25.709993321821116,,,0,25,1991,1
1991-01-26,25.75999332070353,,,0,26,1991,1
1991-01-27,25.7199933215976,,,0,27,1991,1
1991-01-28,25.749993320927047,,,0,28,1991,1
1991-01-29,25.769993320480012,,,0,29,1991,1
1991-01-30,25.769993320480012,,,0,30,1991,1
1991-01-31,25.749993320927047,,,0,31,1991,1
1991-02-01,25.809993319585942,,,0,32,1991,2
1991-02-02,25.899993317574285,,,0,33,1991,2
1991-02-03,25.91999331712725,,,0,34,1991,2
1991-02-04,25.939993316680216,,,0,35,1991,2
1991-02-05,25.909993317350768,,,0,36,1991,2
1991-02-06,25.849993318691872,,,0,37,1991,2
1991-02-07,25.819993319362425,,,0,38,1991,2
1991-02-08,25.809993319585942,,,0,39,1991,2
1991-02-09,25.809993319585942,,,0,40,1991,2
1991-02-10,25.849993318691872,,,0,41,1991,2
1991-02-11,25.87999331802132,,,0,42,1991,2
1991-02-12,26.009993315115594,,,0,43,1991,2
1991-02-13,25.969993316009663,,,0,44,1991,2
1991-02-14,25.899993317574285,,,0,45,1991,2
1991-02-15,26.079993313550972,,,0,46,1991,2
1991-02-16,26.399993306398414,,,0,47,1991,2
1991-02-17,26.399993306398414,,,0,48,1991,2
1991-02-18,26.26999330930414,,,0,49,1991,2
1991-02-19,26.199993310868763,,,0,50,1991,2
1991-02-20,26.119993312656902,,,0,51,1991,2
1991-02-21,26.099993313103937,,,0,52,1991,2
1991-02-22,26.03999331444504,,,0,53,1991,2
1991-02-23,26.019993314892076,,,0,54,1991,2
1991-02-24,26.049993314221524,,,0,55,1991,2
1991-02-25,26.06999331377449,,,0,56,1991,2
1991-02-26,25.91999331712725,,,0,57,1991,2
1991-02-27,25.83999331891539,,,0,58,1991,2
1991-02-28,25.809993319585942,,,0,59,1991,2
1991-03-01,25.909993317350768,,,0,60,1991,3
1991-03-02,25.899993317574285,,,0,61,1991,3
1991-03-03,25.889993317797803,,,0,62,1991,3
1991-03-04,26.199993310868763,,,0,63,1991,3
1991-03-05,26.41999330595138,,,0,64,1991,3
1991-03-06,25.599993324279808,,,0,65,1991,3
1991-03-07,25.159993334114574,,,0,66,1991,3
1991-03-08,25.09999333545568,,,0,67,1991,3
1991-03-09,25.17999333366754,,,0,68,1991,3
1991-03-10,25.319993330538296,,,0,69,1991,3
1991-03-11,25.439993327856087,,,0,70,1991,3
1991-03-12,25.579993324726843,,,0,71,1991,3
1991-03-13,25.669993322715186,,,0,72,1991,3
1991-03-14,25.629993323609256,,,0,73,1991,3
1991-03-15,25.579993324726843,,,0,74,1991,3
1991-03-16,25.589993324503325,,,0,75,1991,3
1991-03-17,25.749993320927047,,,0,76,1991,3
1991-03-18,25.909993317350768,,,0,77,1991,3
1991-03-19,26.079993313550972,,,0,78,1991,3
1991-03-20,26.139993312209867,,,0,79,1991,3
1991-03-21,26.199993310868763,,,0,80,1991,3
1991-03-22,26.29999330863359,,,0,81,1991,3
1991-03-23,26.329993307963036,,,0,82,1991,3
1991-03-24,26.359993307292484,,,0,83,1991,3
1991-03-25,26.429993305727862,,,0,84,1991,3
1991-03-26,26.479993304610275,,,0,85,1991,3
1991-03-27,26.519993303716205,,,0,86,1991,3
1991-03-28,26.529993303492688,,,0,87,1991,3
1991-03-29,26.549993303045653,,,0,88,1991,3
1991-03-30,26.589993302151584,,,0,89,1991,3
1991-03-31,26.679993300139927,,,0,90,1991,3
1991-04-01,26.759993298351787,,,0,91,1991,4
1991-04-02,26.779993297904753,,,0,92,1991,4
1991-04-03,26.84999329634013,,,0,93,1991,4
1991-04-04,26.939993294328474,,,0,94,1991,4
1991-04-05,27.07999329119923,,,0,95,1991,4
1991-04-06,27.089993290975713,,,0,96,1991,4
1991-04-07,27.049993291869782,,,0,97,1991,4
1991-04-08,27.11999329030516,,,0,98,1991,4
1991-04-09,26.99999329298737,,,0,99,1991,4
1991-04-10,27.34999328516426,,,0,100,1991,4
1991-04-11,27.73999327644708,,,0,101,1991,4
1991-04-12,28.54999325834217,,,0,102,1991,4
1991-04-13,28.50999325923624,,,0,103,1991,4
1991-04-14,28.459993260353826,,,0,104,1991,4
1991-04-15,28.369993262365483,,,0,105,1991,4
1991-04-16,28.369993262365483,,,0,106,1991,4
1991-04-17,28.339993263036035,,,0,107,1991,4
1991-04-18,28.339993263036035,,,0,108,1991,4
1991-04-19,28.27999326437714,,,0,109,1991,4
1991-04-20,28.07999326884749,,,0,110,1991,4
1991-04-21,28.04999326951804,,,0,111,1991,4
1991-04-22,28.00999327041211,,,0,112,1991,4
1991-04-23,28.04999326951804,,,0,113,1991,4
1991-04-24,28.059993269294523,,,0,114,1991,4
1991-04-25,27.959993271529697,,,0,115,1991,4
1991-04-26,27.96999327130618,,,0,116,1991,4
1991-04-27,27.979993271082662,,,0,117,1991,4
1991-04-28,27.839993274211906,,,0,118,1991,4
1991-04-29,27.73999327644708,,,0,119,1991,4
1991-04-30,27.669993278011702,,,0,120,1991,4
1991-05-01,27.719993276894115,,,0,121,1991,5
1991-05-02,27.799993275105976,,,0,122,1991,5
1991-05-03,27.909993272647284,,,0,123,1991,5
1991-05-04,27.96999327130618,,,0,124,1991,5
1991-05-05,28.00999327041211,,,0,125,1991,5
1991-05-06,27.409993283823155,,,0,126,1991,5
1991-05-07,27.179993288964056,,,0,127,1991,5
1991-05-08,27.149993289634608,,,0,128,1991,5
1991-05-09,27.22999328784647,,,0,129,1991,5
1991-05-10,27.359993284940742,,,0,130,1991,5
1991-05-11,27.4999932818115,,,0,131,1991,5
1991-05-12,27.679993277788185,,,0,132,1991,5
1991-05-13,27.769993275776528,,,0,133,1991,5
1991-05-14,27.939993271976732,,,0,134,1991,5
1991-05-15,28.04999326951804,,,0,135,1991,5
1991-05-16,28.11999326795342,,,0,136,1991,5
1991-05-17,28.15999326705935,,,0,137,1991,5
1991-05-18,28.16999326683583,,,0,138,1991,5
1991-05-19,28.219993265718244,,,0,139,1991,5
1991-05-20,28.31999326348307,,,0,140,1991,5
1991-05-21,28.449993260577344,,,0,141,1991,5
1991-05-22,28.47999325990679,,,0,142,1991,5
1991-05-23,28.54999325834217,,,0,143,1991,5
1991-05-24,28.46999326013031,,,0,144,1991,5
1991-05-25,28.499993259459757,,,0,145,1991,5
1991-05-26,28.54999325834217,,,0,146,1991,5
1991-05-27,28.559993258118652,,,0,147,1991,5
1991-05-28,28.559993258118652,,,0,148,1991,5
1991-05-29,28.569993257895135,,,0,149,1991,5
1991-05-30,28.69999325498941,,,0,150,1991,5
1991-05-31,28.799993252754234,,,0,151,1991,5
1991-06-01,28.869993251189612,,,0,152,1991,6
1991-06-02,28.879993250966095,,,0,153,1991,6
1991-06-03,28.879993250966095,,,0,154,1991,6
1991-06-04,28.919993250072025,,,0,155,1991,6
1991-06-05,28.93999324962499,,,0,156,1991,6
1991-06-06,29.029993247613334,,,0,157,1991,6
1991-06-07,29.109993245825194,,,0,158,1991,6
1991-06-08,29.139993245154642,,,0,159,1991,6
1991-06-09,29.16999324448409,,,0,160,1991,6
1991-06-10,29.259993242472433,,,0,161,1991,6
1991-06-11,29.299993241578363,,,0,162,1991,6
1991-06-12,29.28999324180188,,,0,163,1991,6
1991-06-13,29.269993242248916,,,0,164,1991,6
1991-06-14,29.199993243813537,,,0,165,1991,6
1991-06-15,29.199993243813537,,,0,166,1991,6
1991-06-16,29.239993242919468,,,0,167,1991,6
1991-06-17,29.239993242919468,,,0,168,1991,6
1991-06-18,29.229993243142985,,,0,169,1991,6
1991-06-19,29.239993242919468,,,0,170,1991,6
1991-06-20,29.20999324359002,,,0,171,1991,6
1991-06-21,29.149993244931125,,,0,172,1991,6
1991-06-22,29.069993246719264,,,0,173,1991,6
1991-06-23,29.079993246495746,,,0,174,1991,6
1991-06-24,29.12999324537816,,,0,175,1991,6
1991-06-25,29.0499932471663,,,0,176,1991,6
1991-06-26,28.959993249177955,,,0,177,1991,6
1991-06-27,28.93999324962499,,,0,178,1991,6
1991-06-28,28.879993250966095,,,0,179,1991,6
1991-06-29,28.909993250295543,,,0,180,1991,6
1991-06-30,28.889993250742577,,,0,181,1991,6
1991-07-01,28.919993250072025,,,0,182,1991,7
1991-07-02,28.999993248283886,,,0,183,1991,7
1991-07-03,29.039993247389816,,,0,184,1991,7
1991-07-04,29.09999324604871,,,0,185,1991,7
1991-07-05,29.119993245601677,,,0,186,1991,7
1991-07-06,29.09999324604871,,,0,187,1991,7
1991-07-07,29.069993246719264,,,0,188,1991,7
1991-07-08,29.029993247613334,,,0,189,1991,7
1991-07-09,29.00999324806037,,,0,190,1991,7
1991-07-10,29.05999324694278,,,0,191,1991,7
1991-07-11,29.00999324806037,,,0,192,1991,7
1991-07-12,29.069993246719264,,,0,193,1991,7
1991-07-13,29.069993246719264,,,0,194,1991,7
1991-07-14,29.12999324537816,,,0,195,1991,7
1991-07-15,29.12999324537816,,,0,196,1991,7
1991-07-16,29.159993244707607,,,0,197,1991,7
1991-07-17,29.09999324604871,,,0,198,1991,7
1991-07-18,29.069993246719264,,,0,199,1991,7
1991-07-19,29.05999324694278,,,0,200,1991,7
1991-07-20,29.00999324806037,,,0,201,1991,7
1991-07-21,28.949993249401473,,,0,202,1991,7
1991-07-22,28.959993249177955,,,0,203,1991,7
1991-07-23,28.969993248954438,,,0,204,1991,7
1991-07-24,28.959993249177955,,,0,205,1991,7
1991-07-25,28.89999325051906,,,0,206,1991,7
1991-07-26,28.879993250966095,,,0,207,1991,7
1991-07-27,28.799993252754234,,,0,208,1991,7
1991-07-28,28.799993252754234,,,0,209,1991,7
1991-07-29,28.78999325297775,,,0,210,1991,7
1991-07-30,28.799993252754234,,,0,211,1991,7
1991-07-31,28.799993252754234,,,0,212,1991,7
1991-08-01,28.77999325320127,,,0,213,1991,8
1991-08-02,28.809993252530717,,,0,214,1991,8
1991-08-03,28.799993252754234,,,0,215,1991,8
1991-08-04,28.839993251860164,,,0,216,1991,8
1991-08-05,28.929993249848508,,,0,217,1991,8
1991-08-06,28.93999324962499,,,0,218,1991,8
1991-08-07,28.949993249401473,,,0,219,1991,8
1991-08-08,28.909993250295543,,,0,220,1991,8
1991-08-09,28.919993250072025,,,0,221,1991,8
1991-08-10,28.989993248507403,,,0,222,1991,8
1991-08-11,28.999993248283886,,,0,223,1991,8
1991-08-12,28.999993248283886,,,0,224,1991,8
1991-08-13,28.929993249848508,,,0,225,1991,8
1991-08-14,28.909993250295543,,,0,226,1991,8
1991-08-15,28.879993250966095,,,0,227,1991,8
1991-08-16,28.89999325051906,,,0,228,1991,8
1991-08-17,28.829993252083682,,,0,229,1991,8
1991-08-18,28.799993252754234,,,0,230,1991,8
1991-08-19,28.759993253648304,,,0,231,1991,8
1991-08-20,28.70999325476589,,,0,232,1991,8
1991-08-21,28.719993254542374,,,0,233,1991,8
1991-08-22,28.759993253648304,,,0,234,1991,8
1991-08-23,28.769993253424786,,,0,235,1991,8
1991-08-24,28.839993251860164,,,0,236,1991,8
1991-08-25,28.93999324962499,,,0,237,1991,8
1991-08-26,28.97999324873092,,,0,238,1991,8
1991-08-27,29.0499932471663,,,0,239,1991,8
1991-08-28,29.069993246719264,,,0,240,1991,8
1991-08-29,28.959993249177955,,,0,241,1991,8
1991-08-30,28.949993249401473,,,0,242,1991,8
1991-08-31,28.949993249401473,,,0,243,1991,8
1991-09-01,28.909993250295543,,,0,244,1991,9
1991-09-02,28.949993249401473,,,0,245,1991,9
1991-09-03,28.949993249401473,,,0,246,1991,9
1991-09-04,28.989993248507403,,,0,247,1991,9
1991-09-05,28.969993248954438,,,0,248,1991,9
1991-09-06,29.01999324783685,,,0,249,1991,9
1991-09-07,28.969993248954438,,,0,250,1991,9
1991-09-08,28.89999325051906,,,0,251,1991,9
1991-09-09,28.85999325141313,,,0,252,1991,9
1991-09-10,28.85999325141313,,,0,253,1991,9
1991-09-11,28.78999325297775,,,0,254,1991,9
1991-09-12,28.689993255212926,,,0,255,1991,9
1991-09-13,28.5899932574481,,,0,256,1991,9
1991-09-14,28.66999325565996,,,0,257,1991,9
1991-09-15,28.70999325476589,,,0,258,1991,9
1991-09-16,28.759993253648304,,,0,259,1991,9
1991-09-17,28.78999325297775,,,0,260,1991,9
1991-09-18,28.759993253648304,,,0,261,1991,9
1991-09-19,28.73999325409534,,,0,262,1991,9
1991-09-20,28.74999325387182,,,0,263,1991,9
1991-09-21,28.849993251636647,,,0,264,1991,9
1991-09-22,28.769993253424786,,,0,265,1991,9
1991-09-23,28.74999325387182,,,0,266,1991,9
1991-09-24,28.729993254318856,,,0,267,1991,9
1991-09-25,28.769993253424786,,,0,268,1991,9
1991-09-26,28.869993251189612,,,0,269,1991,9
1991-09-27,28.93999324962499,,,0,270,1991,9
1991-09-28,28.969993248954438,,,0,271,1991,9
1991-09-29,28.89999325051906,,,0,272,1991,9
1991-09-30,28.829993252083682,,,0,273,1991,9
1991-10-01,28.54999325834217,,,0,274,1991,10
1991-10-02,28.39999326169493,,,0,275,1991,10
1991-10-03,28.379993262141966,,,0,276,1991,10
1991-10-04,28.339993263036035,,,0,277,1991,10
1991-10-05,28.309993263706588,,,0,278,1991,10
1991-10-06,28.329993263259553,,,0,279,1991,10
1991-10-07,28.459993260353826,,,0,280,1991,10
1991-10-08,28.459993260353826,,,0,281,1991,10
1991-10-09,28.489993259683274,,,0,282,1991,10
1991-10-10,28.43999326080086,,,0,283,1991,10
1991-10-11,28.459993260353826,,,0,284,1991,10
1991-10-12,28.379993262141966,,,0,285,1991,10
1991-10-13,28.329993263259553,,,0,286,1991,10
1991-10-14,28.31999326348307,,,0,287,1991,10
1991-10-15,28.349993262812518,,,0,288,1991,10
1991-10-16,28.309993263706588,,,0,289,1991,10
1991-10-17,28.369993262365483,,,0,290,1991,10
1991-10-18,28.39999326169493,,,0,291,1991,10
1991-10-19,28.43999326080086,,,0,292,1991,10
1991-10-20,28.46999326013031,,,0,293,1991,10
1991-10-21,27.789993275329493,,,0,294,1991,10
1991-10-22,27.57999328002336,,,0,295,1991,10
1991-10-23,27.57999328002336,,,0,296,1991,10
1991-10-24,27.709993277117633,,,0,297,1991,10
1991-10-25,27.759993276000046,,,0,298,1991,10
1991-10-26,27.80999327488246,,,0,299,1991,10
1991-10-27,27.85999327376487,,,0,300,1991,10
1991-10-28,27.8999932728708,,,0,301,1991,10
1991-10-29,27.92999327220025,,,0,302,1991,10
1991-10-30,27.979993271082662,,,0,303,1991,10
1991-10-31,27.96999327130618,,,0,304,1991,10
1991-11-01,28.04999326951804,,,0,305,1991,11
1991-11-02,28.069993269071006,,,0,306,1991,11
1991-11-03,28.039993269741558,,,0,307,1991,11
1991-11-04,28.039993269741558,,,0,308,1991,11
1991-11-05,27.23999328762295,,,0,309,1991,11
1991-11-06,27.139993289858126,,,0,310,1991,11
1991-11-07,27.11999329030516,,,0,311,1991,11
1991-11-08,27.22999328784647,,,0,312,1991,11
1991-11-09,27.319993285834812,,,0,313,1991,11
1991-11-10,27.409993283823155,,,0,314,1991,11
1991-11-11,27.19999328851702,,,0,315,1991,11
1991-11-12,26.819993297010683,,,0,316,1991,11
1991-11-13,26.979993293434404,,,0,317,1991,11
1991-11-14,27.479993282258533,,,0,318,1991,11
1991-11-15,27.799993275105976,,,0,319,1991,11
1991-11-16,27.689993277564668,,,0,320,1991,11
1991-11-17,27.58999327979984,,,0,321,1991,11
1991-11-18,27.639993278682255,,,0,322,1991,11
1991-11-19,27.58999327979984,,,0,323,1991,11
1991-11-20,27.599993279576324,,,0,324,1991,11
1991-11-21,27.409993283823155,,,0,325,1991,11
1991-11-22,27.409993283823155,,,0,326,1991,11
1991-11-23,27.439993283152603,,,0,327,1991,11
1991-11-24,27.46999328248205,,,0,328,1991,11
1991-11-25,27.46999328248205,,,0,329,1991,11
1991-11-26,27.4999932818115,,,0,330,1991,11
1991-11-27,27.529993281140946,,,0,331,1991,11
1991-11-28,27.449993282929086,,,0,332,1991,11
1991-11-29,27.329993285611295,,,0,333,1991,11
1991-11-30,26.989993293210887,,,0,334,1991,11
1991-12-01,26.759993298351787,,,0,335,1991,12
1991-12-02,26.679993300139927,,,0,336,1991,12
1991-12-03,26.709993299469375,,,0,337,1991,12
1991-12-04,26.749993298575305,,,0,338,1991,12
1991-12-05,26.679993300139927,,,0,339,1991,12
1991-12-06,26.45999330505731,,,0,340,1991,12
1991-12-07,26.349993307516,,,0,341,1991,12
1991-12-08,26.319993308186554,,,0,342,1991,12
1991-12-09,26.18999331109228,,,0,343,1991,12
1991-12-10,26.159993311762832,,,0,344,1991,12
1991-12-11,26.099993313103937,,,0,345,1991,12
1991-12-12,26.139993312209867,,,0,346,1991,12
1991-12-13,26.179993311315798,,,0,347,1991,12
1991-12-14,25.75999332070353,,,0,348,1991,12
1991-12-15,25.319993330538296,,,0,349,1991,12
1991-12-16,25.519993326067947,,,0,350,1991,12
1991-12-17,25.849993318691872,,,0,351,1991,12
1991-12-18,25.869993318244838,,,0,352,1991,12
1991-12-19,25.809993319585942,,,0,353,1991,12
1991-12-20,25.749993320927047,,,0,354,1991,12
1991-12-21,25.75999332070353,,,0,355,1991,12
1991-12-22,25.72999332137408,,,0,356,1991,12
1991-12-23,25.749993320927047,,,0,357,1991,12
1991-12-24,25.75999332070353,,,0,358,1991,12
1991-12-25,25.739993321150564,,,0,359,1991,12
1991-12-26,25.79999331980946,,,0,360,1991,12
1991-12-27,25.899993317574285,,,0,361,1991,12
1991-12-28,25.909993317350768,,,0,362,1991,12
1991-12-29,25.939993316680216,,,0,363,1991,12
1991-12-30,26.019993314892076,,,0,364,1991,12
1991-12-31,26.02999331466856,,,0,365,1991,12
1992-01-01,25.539993325620912,,,0,1,1992,1
1992-01-02,25.429993328079604,,,0,2,1992,1
1992-01-03,25.499993326514982,,,0,3,1992,1
1992-01-04,25.749993320927047,,,0,4,1992,1
1992-01-05,25.859993318468355,,,0,5,1992,1
1992-01-06,25.859993318468355,,,0,6,1992,1
1992-01-07,25.72999332137408,,,0,7,1992,1
1992-01-08,25.619993323832773,,,0,8,1992,1
1992-01-09,25.619993323832773,,,0,9,1992,1
1992-01-10,25.64999332316222,,,0,10,1992,1
1992-01-11,25.7199933215976,,,0,11,1992,1
1992-01-12,25.669993322715186,,,0,12,1992,1
1992-01-13,25.619993323832773,,,0,13,1992,1
1992-01-14,25.549993325397395,,,0,14,1992,1
1992-01-15,25.519993326067947,,,0,15,1992,1
1992-01-16,25.499993326514982,,,0,16,1992,1
1992-01-17,25.52999332584443,,,0,17,1992,1
1992-01-18,25.629993323609256,,,0,18,1992,1
1992-01-19,25.91999331712725,,,0,19,1992,1
1992-01-20,26.10999331288042,,,0,20,1992,1
1992-01-21,26.169993311539315,,,0,21,1992,1
1992-01-22,25.91999331712725,,,0,22,1992,1
1992-01-23,25.769993320480012,,,0,23,1992,1
1992-01-24,25.779993320256494,,,0,24,1992,1
1992-01-25,25.98999331556263,,,0,25,1992,1
1992-01-26,26.089993313327454,,,0,26,1992,1
1992-01-27,25.99999331533911,,,0,27,1992,1
1992-01-28,25.72999332137408,,,0,28,1992,1
1992-01-29,25.699993322044634,,,0,29,1992,1
1992-01-30,25.7199933215976,,,0,30,1992,1
1992-01-31,25.64999332316222,,,0,31,1992,1
1992-02-01,25.64999332316222,,,0,32,1992,2
1992-02-02,25.7199933215976,,,0,33,1992,2
1992-02-03,25.849993318691872,,,0,34,1992,2
1992-02-04,26.009993315115594,,,0,35,1992,2
1992-02-05,26.089993313327454,,,0,36,1992,2
1992-02-06,25.639993323385738,,,0,37,1992,2
1992-02-07,25.499993326514982,,,0,38,1992,2
1992-02-08,25.279993331432365,,,0,39,1992,2
1992-02-09,25.269993331655883,,,0,40,1992,2
1992-02-10,25.089993335679196,,,0,41,1992,2
1992-02-11,25.089993335679196,,,0,42,1992,2
1992-02-12,25.309993330761813,,,0,43,1992,2
1992-02-13,25.33999333009126,,,0,44,1992,2
1992-02-14,25.349993329867743,,,0,45,1992,2
1992-02-15,26.37999330684545,,,0,46,1992,2
1992-02-16,26.56999330259862,,,0,47,1992,2
1992-02-17,26.49999330416324,,,0,48,1992,2
1992-02-18,26.099993313103937,,,0,49,1992,2
1992-02-19,26.179993311315798,,,0,50,1992,2
1992-02-20,26.209993310645245,,,0,51,1992,2
1992-02-21,26.179993311315798,,,0,52,1992,2
1992-02-22,26.089993313327454,,,0,53,1992,2
1992-02-23,26.059993313998007,,,0,54,1992,2
1992-02-24,26.03999331444504,,,0,55,1992,2
1992-02-25,26.02999331466856,,,0,56,1992,2
1992-02-26,26.059993313998007,,,0,57,1992,2
1992-02-27,26.019993314892076,,,0,58,1992,2
1992-02-28,25.869993318244838,,,0,59,1992,2
1992-02-29,25.79999331980946,,,0,60,1992,2
1992-03-01,25.909993317350768,,,0,61,1992,3
1992-03-02,26.439993305504345,,,0,62,1992,3
1992-03-03,26.559993302822136,,,0,63,1992,3
1992-03-04,26.159993311762832,,,0,64,1992,3
1992-03-05,25.889993317797803,,,0,65,1992,3
1992-03-06,25.79999331980946,,,0,66,1992,3
1992-03-07,25.91999331712725,,,0,67,1992,3
1992-03-08,26.059993313998007,,,0,68,1992,3
1992-03-09,26.319993308186554,,,0,69,1992,3
1992-03-10,26.49999330416324,,,0,70,1992,3
1992-03-11,26.329993307963036,,,0,71,1992,3
1992-03-12,26.18999331109228,,,0,72,1992,3
1992-03-13,25.45999332740905,,,0,73,1992,3
1992-03-14,25.41999332830312,,,0,74,1992,3
1992-03-15,25.399993328750156,,,0,75,1992,3
1992-03-16,26.439993305504345,,,0,76,1992,3
1992-03-17,26.829993296787165,,,0,77,1992,3
1992-03-18,26.779993297904753,,,0,78,1992,3
1992-03-19,25.98999331556263,,,0,79,1992,3
1992-03-20,25.709993321821116,,,0,80,1992,3
1992-03-21,25.479993326962017,,,0,81,1992,3
1992-03-22,25.45999332740905,,,0,82,1992,3
1992-03-23,25.329993330314778,,,0,83,1992,3
1992-03-24,25.269993331655883,,,0,84,1992,3
1992-03-25,25.709993321821116,,,0,85,1992,3
1992-03-26,25.929993316903733,,,0,86,1992,3
1992-03-27,26.019993314892076,,,0,87,1992,3
1992-03-28,26.139993312209867,,,0,88,1992,3
1992-03-29,26.099993313103937,,,0,89,1992,3
1992-03-30,26.179993311315798,,,0,90,1992,3
1992-03-31,26.30999330841007,,,0,91,1992,3
1992-04-01,26.429993305727862,,,0,92,1992,4
1992-04-02,26.479993304610275,,,0,93,1992,4
1992-04-03,26.5799933023751,,,0,94,1992,4
1992-04-04,26.639993301033996,,,0,95,1992,4
1992-04-05,26.91999329477551,,,0,96,1992,4
1992-04-06,26.639993301033996,,,0,97,1992,4
1992-04-07,26.479993304610275,,,0,98,1992,4
1992-04-08,26.409993306174897,,,0,99,1992,4
1992-04-09,26.489993304386758,,,0,100,1992,4
1992-04-10,26.65999330058696,,,0,101,1992,4
1992-04-11,26.72999329902234,,,0,102,1992,4
1992-04-12,26.84999329634013,,,0,103,1992,4
1992-04-13,26.989993293210887,,,0,104,1992,4
1992-04-14,26.909993294999026,,,0,105,1992,4
1992-04-15,27.009993292763852,,,0,106,1992,4
1992-04-16,27.07999329119923,,,0,107,1992,4
1992-04-17,27.23999328762295,,,0,108,1992,4
1992-04-18,27.34999328516426,,,0,109,1992,4
1992-04-19,27.379993284493708,,,0,110,1992,4
1992-04-20,27.609993279352807,,,0,111,1992,4
1992-04-21,27.689993277564668,,,0,112,1992,4
1992-04-22,27.759993276000046,,,0,113,1992,4
1992-04-23,27.829993274435424,,,0,114,1992,4
1992-04-24,27.869993273541354,,,0,115,1992,4
1992-04-25,27.649993278458737,,,0,116,1992,4
1992-04-26,27.569993280246877,,,0,117,1992,4
1992-04-27,27.569993280246877,,,0,118,1992,4
1992-04-28,27.709993277117633,,,0,119,1992,4
1992-04-29,27.65999327823522,,,0,120,1992,4
1992-04-30,27.53999328091743,,,0,121,1992,4
1992-05-01,27.30999328605833,,,0,122,1992,5
1992-05-02,27.129993290081643,,,0,123,1992,5
1992-05-03,27.069993291422747,,,0,124,1992,5
1992-05-04,27.059993291646265,,,0,125,1992,5
1992-05-05,27.18999328874054,,,0,126,1992,5
1992-05-06,27.339993285387777,,,0,127,1992,5
1992-05-07,27.50999328158798,,,0,128,1992,5
1992-05-08,27.359993284940742,,,0,129,1992,5
1992-05-09,27.169993289187573,,,0,130,1992,5
1992-05-10,27.169993289187573,,,0,131,1992,5
1992-05-11,27.11999329030516,,,0,132,1992,5
1992-05-12,27.18999328874054,,,0,133,1992,5
1992-05-13,27.18999328874054,,,0,134,1992,5
1992-05-14,27.61999327912929,,,0,135,1992,5
1992-05-15,27.84999327398839,,,0,136,1992,5
1992-05-16,27.909993272647284,,,0,137,1992,5
1992-05-17,27.829993274435424,,,0,138,1992,5
1992-05-18,28.039993269741558,,,0,139,1992,5
1992-05-19,27.999993270635628,,,0,140,1992,5
1992-05-20,28.039993269741558,,,0,141,1992,5
1992-05-21,28.189993266388797,,,0,142,1992,5
1992-05-22,28.23999326527121,,,0,143,1992,5
1992-05-23,28.339993263036035,,,0,144,1992,5
1992-05-24,28.39999326169493,,,0,145,1992,5
1992-05-25,28.719993254542374,,,0,146,1992,5
1992-05-26,28.909993250295543,,,0,147,1992,5
1992-05-27,28.919993250072025,,,0,148,1992,5
1992-05-28,28.889993250742577,,,0,149,1992,5
1992-05-29,28.879993250966095,,,0,150,1992,5
1992-05-30,28.989993248507403,,,0,151,1992,5
1992-05-31,29.069993246719264,,,0,152,1992,5
1992-06-01,29.109993245825194,,,0,153,1992,6
1992-06-02,29.069993246719264,,,0,154,1992,6
1992-06-03,28.689993255212926,,,0,155,1992,6
1992-06-04,28.39999326169493,,,0,156,1992,6
1992-06-05,28.289993264153622,,,0,157,1992,6
1992-06-06,28.269993264600657,,,0,158,1992,6
1992-06-07,28.47999325990679,,,0,159,1992,6
1992-06-08,28.599993257224583,,,0,160,1992,6
1992-06-09,28.70999325476589,,,0,161,1992,6
1992-06-10,28.869993251189612,,,0,162,1992,6
1992-06-11,28.959993249177955,,,0,163,1992,6
1992-06-12,28.999993248283886,,,0,164,1992,6
1992-06-13,29.01999324783685,,,0,165,1992,6
1992-06-14,28.989993248507403,,,0,166,1992,6
1992-06-15,29.00999324806037,,,0,167,1992,6
1992-06-16,29.069993246719264,,,0,168,1992,6
1992-06-17,29.09999324604871,,,0,169,1992,6
1992-06-18,29.159993244707607,,,0,170,1992,6
1992-06-19,29.24999324269595,,,0,171,1992,6
1992-06-20,29.219993243366503,,,0,172,1992,6
1992-06-21,29.16999324448409,,,0,173,1992,6
1992-06-22,29.09999324604871,,,0,174,1992,6
1992-06-23,29.109993245825194,,,0,175,1992,6
1992-06-24,29.159993244707607,,,0,176,1992,6
1992-06-25,29.08999324627223,,,0,177,1992,6
1992-06-26,28.999993248283886,,,0,178,1992,6
1992-06-27,28.97999324873092,,,0,179,1992,6
1992-06-28,28.919993250072025,,,0,180,1992,6
1992-06-29,28.949993249401473,,,0,181,1992,6
1992-06-30,28.929993249848508,,,0,182,1992,6
1992-07-01,28.949993249401473,,,0,183,1992,7
1992-07-02,29.039993247389816,,,0,184,1992,7
1992-07-03,29.079993246495746,,,0,185,1992,7
1992-07-04,29.74999323152008,,,0,186,1992,7
1992-07-05,29.86999322883787,,,0,187,1992,7
1992-07-06,29.71999323219063,,,0,188,1992,7
1992-07-07,29.739993231743597,,,0,189,1992,7
1992-07-08,29.899993228167318,,,0,190,1992,7
1992-07-09,29.929993227496766,,,0,191,1992,7
1992-07-10,29.919993227720283,,,0,192,1992,7
1992-07-11,29.82999322973194,,,0,193,1992,7
1992-07-12,29.82999322973194,,,0,194,1992,7
1992-07-13,29.78999323062601,,,0,195,1992,7
1992-07-14,29.689993232861184,,,0,196,1992,7
1992-07-15,29.529993236437463,,,0,197,1992,7
1992-07-16,29.47999323755505,,,0,198,1992,7
1992-07-17,29.40999323911967,,,0,199,1992,7
1992-07-18,29.35999324023726,,,0,200,1992,7
1992-07-19,29.339993240684294,,,0,201,1992,7
1992-07-20,29.269993242248916,,,0,202,1992,7
1992-07-21,29.199993243813537,,,0,203,1992,7
1992-07-22,29.179993244260572,,,0,204,1992,7
1992-07-23,29.179993244260572,,,0,205,1992,7
1992-07-24,29.159993244707607,,,0,206,1992,7
1992-07-25,29.08999324627223,,,0,207,1992,7
1992-07-26,29.05999324694278,,,0,208,1992,7
1992-07-27,28.969993248954438,,,0,209,1992,7
1992-07-28,28.949993249401473,,,0,210,1992,7
1992-07-29,28.93999324962499,,,0,211,1992,7
1992-07-30,28.93999324962499,,,0,212,1992,7
1992-07-31,28.97999324873092,,,0,213,1992,7
1992-08-01,28.889993250742577,,,0,214,1992,8
1992-08-02,29.05999324694278,,,0,215,1992,8
1992-08-03,29.32999324090781,,,0,216,1992,8
1992-08-04,29.40999323911967,,,0,217,1992,8
1992-08-05,29.449993238225602,,,0,218,1992,8
1992-08-06,29.419993238896154,,,0,219,1992,8
1992-08-07,29.389993239566707,,,0,220,1992,8
1992-08-08,29.309993241354846,,,0,221,1992,8
1992-08-09,29.28999324180188,,,0,222,1992,8
1992-08-10,29.32999324090781,,,0,223,1992,8
1992-08-11,28.19999326616528,,,0,224,1992,8
1992-08-12,28.289993264153622,,,0,225,1992,8
1992-08-13,28.289993264153622,,,0,226,1992,8
1992-08-14,28.339993263036035,,,0,227,1992,8
1992-08-15,28.359993262589,,,0,228,1992,8
1992-08-16,28.42999326102438,,,0,229,1992,8
1992-08-17,28.409993261471413,,,0,230,1992,8
1992-08-18,28.419993261247896,,,0,231,1992,8
1992-08-19,28.409993261471413,,,0,232,1992,8
1992-08-20,28.39999326169493,,,0,233,1992,8
1992-08-21,28.43999326080086,,,0,234,1992,8
1992-08-22,28.499993259459757,,,0,235,1992,8
1992-08-23,28.529993258789204,,,0,236,1992,8
1992-08-24,28.62999325655403,,,0,237,1992,8
1992-08-25,28.73999325409534,,,0,238,1992,8
1992-08-26,28.809993252530717,,,0,239,1992,8
1992-08-27,28.889993250742577,,,0,240,1992,8
1992-08-28,28.929993249848508,,,0,241,1992,8
1992-08-29,28.839993251860164,,,0,242,1992,8
1992-08-30,28.839993251860164,,,0,243,1992,8
1992-08-31,28.839993251860164,,,0,244,1992,8
1992-09-01,28.8199932523072,,,0,245,1992,9
1992-09-02,28.869993251189612,,,0,246,1992,9
1992-09-03,28.759993253648304,,,0,247,1992,9
1992-09-04,28.54999325834217,,,0,248,1992,9
1992-09-05,28.459993260353826,,,0,249,1992,9
1992-09-06,28.42999326102438,,,0,250,1992,9
1992-09-07,28.43999326080086,,,0,251,1992,9
1992-09-08,28.419993261247896,,,0,252,1992,9
1992-09-09,28.419993261247896,,,0,253,1992,9
1992-09-10,28.39999326169493,,,0,254,1992,9
1992-09-11,28.299993263930105,,,0,255,1992,9
1992-09-12,28.27999326437714,,,0,256,1992,9
1992-09-13,28.299993263930105,,,0,257,1992,9
1992-09-14,28.43999326080086,,,0,258,1992,9
1992-09-15,28.50999325923624,,,0,259,1992,9
1992-09-16,28.5899932574481,,,0,260,1992,9
1992-09-17,28.639993256330513,,,0,261,1992,9
1992-09-18,28.62999325655403,,,0,262,1992,9
1992-09-19,28.62999325655403,,,0,263,1992,9
1992-09-20,28.659993255883478,,,0,264,1992,9
1992-09-21,28.769993253424786,,,0,265,1992,9
1992-09-22,28.729993254318856,,,0,266,1992,9
1992-09-23,28.70999325476589,,,0,267,1992,9
1992-09-24,28.719993254542374,,,0,268,1992,9
1992-09-25,29.219993243366503,,,0,269,1992,9
1992-09-26,29.28999324180188,,,0,270,1992,9
1992-09-27,28.919993250072025,,,0,271,1992,9
1992-09-28,28.74999325387182,,,0,272,1992,9
1992-09-29,28.93999324962499,,,0,273,1992,9
1992-09-30,29.039993247389816,,,0,274,1992,9
1992-10-01,28.989993248507403,,,0,275,1992,10
1992-10-02,29.00999324806037,,,0,276,1992,10
1992-10-03,28.989993248507403,,,0,277,1992,10
1992-10-04,28.879993250966095,,,0,278,1992,10
1992-10-05,28.74999325387182,,,0,279,1992,10
1992-10-06,28.759993253648304,,,0,280,1992,10
1992-10-07,28.839993251860164,,,0,281,1992,10
1992-10-08,28.799993252754234,,,0,282,1992,10
1992-10-09,28.799993252754234,,,0,283,1992,10
1992-10-10,28.719993254542374,,,0,284,1992,10
1992-10-11,28.719993254542374,,,0,285,1992,10
1992-10-12,28.649993256106995,,,0,286,1992,10
1992-10-13,28.679993255436443,,,0,287,1992,10
1992-10-14,28.609993257001065,,,0,288,1992,10
1992-10-15,28.5899932574481,,,0,289,1992,10
1992-10-16,28.50999325923624,,,0,290,1992,10
1992-10-17,28.31999326348307,,,0,291,1992,10
1992-10-18,28.139993267506384,,,0,292,1992,10
1992-10-19,28.109993268176936,,,0,293,1992,10
1992-10-20,28.149993267282866,,,0,294,1992,10
1992-10-21,28.209993265941762,,,0,295,1992,10
1992-10-22,28.209993265941762,,,0,296,1992,10
1992-10-23,28.219993265718244,,,0,297,1992,10
1992-10-24,28.269993264600657,,,0,298,1992,10
1992-10-25,28.249993265047692,,,0,299,1992,10
1992-10-26,28.229993265494727,,,0,300,1992,10
1992-10-27,28.23999326527121,,,0,301,1992,10
1992-10-28,28.229993265494727,,,0,302,1992,10
1992-10-29,28.219993265718244,,,0,303,1992,10
1992-10-30,28.23999326527121,,,0,304,1992,10
1992-10-31,28.19999326616528,,,0,305,1992,10
1992-11-01,28.249993265047692,,,0,306,1992,11
1992-11-02,27.92999327220025,,,0,307,1992,11
1992-11-03,27.599993279576324,,,0,308,1992,11
1992-11-04,27.529993281140946,,,0,309,1992,11
1992-11-05,27.54999328069391,,,0,310,1992,11
1992-11-06,27.629993278905772,,,0,311,1992,11
1992-11-07,27.639993278682255,,,0,312,1992,11
1992-11-08,27.46999328248205,,,0,313,1992,11
1992-11-09,27.42999328337612,,,0,314,1992,11
1992-11-10,27.439993283152603,,,0,315,1992,11
1992-11-11,27.459993282705568,,,0,316,1992,11
1992-11-12,27.479993282258533,,,0,317,1992,11
1992-11-13,27.419993283599638,,,0,318,1992,11
1992-11-14,27.0399932920933,,,0,319,1992,11
1992-11-15,26.669993300363444,,,0,320,1992,11
1992-11-16,26.53999330326917,,,0,321,1992,11
1992-11-17,26.45999330505731,,,0,322,1992,11
1992-11-18,26.759993298351787,,,0,323,1992,11
1992-11-19,27.149993289634608,,,0,324,1992,11
1992-11-20,27.38999328427019,,,0,325,1992,11
1992-11-21,27.219993288069986,,,0,326,1992,11
1992-11-22,27.209993288293504,,,0,327,1992,11
1992-11-23,27.169993289187573,,,0,328,1992,11
1992-11-24,27.129993290081643,,,0,329,1992,11
1992-11-25,27.099993290752195,,,0,330,1992,11
1992-11-26,27.169993289187573,,,0,331,1992,11
1992-11-27,27.22999328784647,,,0,332,1992,11
1992-11-28,27.179993288964056,,,0,333,1992,11
1992-11-29,27.089993290975713,,,0,334,1992,11
1992-11-30,27.019993292540335,,,0,335,1992,11
1992-12-01,26.749993298575305,,,0,336,1992,12
1992-12-02,26.679993300139927,,,0,337,1992,12
1992-12-03,26.669993300363444,,,0,338,1992,12
1992-12-04,26.589993302151584,,,0,339,1992,12
1992-12-05,26.49999330416324,,,0,340,1992,12
1992-12-06,26.479993304610275,,,0,341,1992,12
1992-12-07,26.449993305280827,,,0,342,1992,12
1992-12-08,26.409993306174897,,,0,343,1992,12
1992-12-09,26.279993309080623,,,0,344,1992,12
1992-12-10,26.25999330952766,,,0,345,1992,12
1992-12-11,26.25999330952766,,,0,346,1992,12
1992-12-12,26.249993309751176,,,0,347,1992,12
1992-12-13,26.209993310645245,,,0,348,1992,12
1992-12-14,26.279993309080623,,,0,349,1992,12
1992-12-15,26.349993307516,,,0,350,1992,12
1992-12-16,26.429993305727862,,,0,351,1992,12
1992-12-17,26.429993305727862,,,0,352,1992,12
1992-12-18,26.519993303716205,,,0,353,1992,12
1992-12-19,26.53999330326917,,,0,354,1992,12
1992-12-20,26.469993304833793,,,0,355,1992,12
1992-12-21,26.14999331198635,,,0,356,1992,12
1992-12-22,25.83999331891539,,,0,357,1992,12
1992-12-23,25.819993319362425,,,0,358,1992,12
1992-12-24,25.829993319138907,,,0,359,1992,12
1992-12-25,25.769993320480012,,,0,360,1992,12
1992-12-26,25.549993325397395,,,0,361,1992,12
1992-12-27,25.479993326962017,,,0,362,1992,12
1992-12-28,25.469993327185534,,,0,363,1992,12
1992-12-29,25.72999332137408,,,0,364,1992,12
1992-12-30,25.789993320032977,,,0,365,1992,12
1992-12-31,25.75999332070353,,,0,366,1992,12
1993-01-01,25.64999332316222,,34.59730823524296,0,1,1993,1
1993-01-02,25.629993323609256,,34.58662675693631,0,2,1993,1
1993-01-03,25.83999331891539,,34.57594527862966,0,3,1993,1
1993-01-04,25.83999331891539,,34.57747120410204,0,4,1993,1
1993-01-05,25.909993317350768,,34.58662675693631,0,5,1993,1
1993-01-06,25.909993317350768,,34.59273045882583,0,6,1993,1
1993-01-07,25.849993318691872,,34.594256384298205,0,7,1993,1
1993-01-08,25.79999331980946,,34.59883416071534,0,8,1993,1
1993-01-09,25.79999331980946,,34.617145266383886,0,9,1993,1
1993-01-10,25.819993319362425,,34.630878595635295,0,10,1993,1
1993-01-11,25.64999332316222,,34.643085999414325,0,11,1993,1
1993-01-12,25.239993332326435,,34.653767477720976,0,12,1993,1
1993-01-13,25.119993335008644,,34.66902673244476,0,13,1993,1
1993-01-14,25.769993320480012,,34.690389689058065,0,14,1993,1
1993-01-15,25.889993317797803,,34.71022672019899,0,15,1993,1
1993-01-16,25.849993318691872,,34.714804496616125,0,16,1993,1
1993-01-17,25.779993320256494,,34.74379708059132,0,17,1993,1
1993-01-18,25.659993322938703,,34.74684893153608,0,18,1993,1
1993-01-19,25.539993325620912,,34.74227115511894,0,19,1993,1
1993-01-20,25.56999332495036,,34.73464152775705,0,20,1993,1
1993-01-21,25.589993324503325,,34.73006375133991,0,21,1993,1
1993-01-22,25.56999332495036,,34.72090819850564,0,22,1993,1
1993-01-23,25.40999332852664,,34.71785634756088,0,23,1993,1
1993-01-24,25.279993331432365,,34.716330422088504,0,24,1993,1
1993-01-25,25.209993332996987,,34.72243412397802,0,25,1993,1
1993-01-26,25.269993331655883,,34.73006375133991,0,26,1993,1
1993-01-27,25.309993330761813,,34.73158967681229,0,27,1993,1
1993-01-28,25.399993328750156,,34.73158967681229,0,28,1993,1
1993-01-29,25.479993326962017,,34.73464152775705,0,29,1993,1
1993-01-30,25.509993326291465,,34.739219304174185,0,30,1993,1
1993-01-31,25.52999332584443,,34.737693378701806,0,31,1993,1
1993-02-01,25.619993323832773,,34.74074522964656,0,32,1993,2
1993-02-02,25.2599933318794,,34.74227115511894,0,33,1993,2
1993-02-03,25.209993332996987,,34.74227115511894,0,34,1993,2
1993-02-04,25.229993332549952,,34.739219304174185,0,35,1993,2
1993-02-05,25.269993331655883,,34.739219304174185,0,36,1993,2
1993-02-06,25.249993332102918,,34.74379708059132,0,37,1993,2
1993-02-07,25.269993331655883,,34.74379708059132,0,38,1993,2
1993-02-08,25.309993330761813,,34.751426707953215,0,39,1993,2
1993-02-09,25.349993329867743,,34.737693378701806,0,40,1993,2
1993-02-10,25.349993329867743,,34.737693378701806,0,41,1993,2
1993-02-11,25.29999333098533,,34.725485974922776,0,42,1993,2
1993-02-12,24.98999333791437,,34.70564894378185,0,43,1993,2
1993-02-13,24.919993339478992,,34.679708210751414,0,44,1993,2
1993-02-14,25.229993332549952,,34.65071562677622,0,45,1993,2
1993-02-15,25.699993322044634,,34.62630081921816,0,46,1993,2
1993-02-16,25.789993320032977,,34.59730823524296,0,47,1993,2
1993-02-17,25.859993318468355,,34.60493786260486,0,48,1993,2
1993-02-18,25.83999331891539,,34.60493786260486,0,49,1993,2
1993-02-19,25.779993320256494,,34.58815268240869,0,50,1993,2
1993-02-20,25.7199933215976,,34.54847862012684,0,51,1993,2
1993-02-21,25.68999332226815,,34.51796011067927,0,52,1993,2
1993-02-22,25.67999332249167,,34.522537887096405,0,53,1993,2
1993-02-23,25.68999332226815,,34.557634172961116,0,54,1993,2
1993-02-24,25.739993321150564,,34.59120453335345,0,55,1993,2
1993-02-25,25.549993325397395,,34.61104156449437,0,56,1993,2
1993-02-26,25.309993330761813,,34.58815268240869,0,57,1993,2
1993-02-27,25.239993332326435,,34.583574905991554,0,58,1993,2
1993-02-28,25.329993330314778,,34.59730823524296,0,59,1993,2
1993-03-01,25.509993326291465,,34.59730823524296,0,60,1993,3
1993-03-02,25.549993325397395,,34.59730823524296,0,61,1993,3
1993-03-03,25.539993325620912,,34.5805230550468,0,62,1993,3
1993-03-04,25.37999332919719,,34.54390084370971,0,63,1993,3
1993-03-05,25.45999332740905,,34.536271216347814,0,64,1993,3
1993-03-06,25.659993322938703,,34.58967860788107,0,65,1993,3
1993-03-07,25.75999332070353,,34.61409341543913,0,66,1993,3
1993-03-08,25.779993320256494,,34.632404521107674,0,67,1993,3
1993-03-09,25.509993326291465,,34.65681932866573,0,68,1993,3
1993-03-10,25.209993332996987,,34.65834525413811,0,69,1993,3
1993-03-11,25.089993335679196,,34.632404521107674,0,70,1993,3
1993-03-12,25.0299933370203,,34.63393044658005,0,71,1993,3
1993-03-13,25.019993337243818,,34.653767477720976,0,72,1993,3
1993-03-14,25.039993336796783,,34.6522415522486,0,73,1993,3
1993-03-15,25.119993335008644,,34.632404521107674,0,74,1993,3
1993-03-16,25.7199933215976,,34.59883416071534,0,75,1993,3
1993-03-17,25.979993315786146,,34.59883416071534,0,76,1993,3
1993-03-18,26.079993313550972,,34.594256384298205,0,77,1993,3
1993-03-19,26.06999331377449,,34.5728934276849,0,78,1993,3
1993-03-20,26.049993314221524,,34.54084899276495,0,79,1993,3
1993-03-21,25.95999331623318,,34.54084899276495,0,80,1993,3
1993-03-22,25.99999331533911,,34.594256384298205,0,81,1993,3
1993-03-23,25.99999331533911,,34.65987117961049,0,82,1993,3
1993-03-24,26.03999331444504,,34.69954524189234,0,83,1993,3
1993-03-25,26.399993306398414,,34.74837485700846,0,84,1993,3
1993-03-26,26.529993303492688,,34.78499706834555,0,85,1993,3
1993-03-27,26.599993301928066,,34.79110077023506,0,86,1993,3
1993-03-28,26.60999330170455,,34.78041929192841,0,87,1993,3
1993-03-29,25.909993317350768,,34.766685962677,0,88,1993,3
1993-03-30,25.87999331802132,,34.73464152775705,0,89,1993,3
1993-03-31,25.969993316009663,,34.6949674654752,0,90,1993,3
1993-04-01,26.139993312209867,,34.65071562677622,0,91,1993,4
1993-04-02,25.969993316009663,,34.61256748996675,0,92,1993,4
1993-04-03,25.909993317350768,,34.58510083146393,0,93,1993,4
1993-04-04,26.589993302151584,,34.559160098433495,0,94,1993,4
1993-04-05,26.839993296563648,,34.545426769182086,0,95,1993,4
1993-04-06,26.819993297010683,,34.559160098433495,0,96,1993,4
1993-04-07,26.5799933023751,,34.569841576740146,0,97,1993,4
1993-04-08,26.519993303716205,,34.56221194937825,0,98,1993,4
1993-04-09,26.549993303045653,,34.546952694654465,0,99,1993,4
1993-04-10,26.76999329812827,,34.52864158898592,0,100,1993,4
1993-04-11,26.88999329544606,,34.546952694654465,0,101,1993,4
1993-04-12,26.989993293210887,,34.594256384298205,0,102,1993,4
1993-04-13,27.099993290752195,,34.64918970130384,0,103,1993,4
1993-04-14,26.489993304386758,,34.68276006169617,0,104,1993,4
1993-04-15,26.289993308857106,,34.704123018309474,0,105,1993,4
1993-04-16,26.30999330841007,,34.70107116736472,0,106,1993,4
1993-04-17,26.829993296787165,,34.69344154000282,0,107,1993,4
1993-04-18,27.11999329030516,,34.68428598716855,0,108,1993,4
1993-04-19,27.259993287175917,,34.68276006169617,0,109,1993,4
1993-04-20,27.15999328941109,,34.68276006169617,0,110,1993,4
1993-04-21,27.019993292540335,,34.69649339094758,0,111,1993,4
1993-04-22,27.029993292316817,,34.70717486925423,0,112,1993,4
1993-04-23,27.059993291646265,,34.714804496616125,0,113,1993,4
1993-04-24,27.099993290752195,,34.713278571143746,0,114,1993,4
1993-04-25,27.069993291422747,,34.713278571143746,0,115,1993,4
1993-04-26,27.149993289634608,,34.716330422088504,0,116,1993,4
1993-04-27,27.219993288069986,,34.713278571143746,0,117,1993,4
1993-04-28,27.049993291869782,,34.678182285279036,0,118,1993,4
1993-04-29,27.049993291869782,,34.665974881500006,0,119,1993,4
1993-04-30,26.799993297457718,,34.68276006169617,0,120,1993,4
1993-05-01,26.669993300363444,,34.71022672019899,0,121,1993,5
1993-05-02,26.639993301033996,,34.70717486925423,0,122,1993,5
1993-05-03,26.819993297010683,,34.690389689058065,0,123,1993,5
1993-05-04,26.99999329298737,,34.68276006169617,0,124,1993,5
1993-05-05,27.11999329030516,,34.66902673244476,0,125,1993,5
1993-05-06,27.069993291422747,,34.643085999414325,0,126,1993,5
1993-05-07,26.829993296787165,,34.61409341543913,0,127,1993,5
1993-05-08,26.899993295222544,,34.60036008618772,0,128,1993,5
1993-05-09,27.409993283823155,,34.58815268240869,0,129,1993,5
1993-05-10,27.92999327220025,,34.569841576740146,0,130,1993,5
1993-05-11,28.189993266388797,,34.56526380032301,0,131,1993,5
1993-05-12,28.269993264600657,,34.56526380032301,0,132,1993,5
1993-05-13,28.269993264600657,,34.557634172961116,0,133,1993,5
1993-05-14,28.359993262589,,34.55000454559922,0,134,1993,5
1993-05-15,28.409993261471413,,34.5301675144583,0,135,1993,5
1993-05-16,28.42999326102438,,34.52558973804116,0,136,1993,5
1993-05-17,28.419993261247896,,34.50727863237262,0,137,1993,5
1993-05-18,28.269993264600657,,34.49201937764883,0,138,1993,5
1993-05-19,28.15999326705935,,34.49049345217645,0,139,1993,5
1993-05-20,28.149993267282866,,34.48896752670407,0,140,1993,5
1993-05-21,28.07999326884749,,34.487441601231694,0,141,1993,5
1993-05-22,28.11999326795342,,34.47676012292504,0,142,1993,5
1993-05-23,28.099993268400453,,34.473708271980286,0,143,1993,5
1993-05-24,27.649993278458737,,34.48896752670407,0,144,1993,5
1993-05-25,27.529993281140946,,34.508804557845,0,145,1993,5
1993-05-26,27.489993282035016,,34.51948603615165,0,146,1993,5
1993-05-27,27.599993279576324,,34.51796011067927,0,147,1993,5
1993-05-28,28.559993258118652,,34.49354530312121,0,148,1993,5
1993-05-29,28.919993250072025,,34.47676012292504,0,149,1993,5
1993-05-30,28.879993250966095,,34.45387124083936,0,150,1993,5
1993-05-31,28.459993260353826,,34.45692309178412,0,151,1993,5
1993-06-01,28.289993264153622,,34.46913049556315,0,152,1993,6
1993-06-02,28.1299932677299,,34.47828604839742,0,153,1993,6
1993-06-03,28.059993269294523,,34.4798119738698,0,154,1993,6
1993-06-04,28.149993267282866,,34.48438975028694,0,155,1993,6
1993-06-05,28.16999326683583,,34.48133789934218,0,156,1993,6
1993-06-06,28.369993262365483,,34.4798119738698,0,157,1993,6
1993-06-07,28.54999325834217,,34.499649005010724,0,158,1993,6
1993-06-08,28.229993265494727,,34.50575270690024,0,159,1993,6
1993-06-09,28.379993262141966,,34.510330483317375,0,160,1993,6
1993-06-10,28.569993257895135,,34.51490825973451,0,161,1993,6
1993-06-11,28.579993257671617,,34.521011961624026,0,162,1993,6
1993-06-12,28.599993257224583,,34.521011961624026,0,163,1993,6
1993-06-13,28.419993261247896,,34.521011961624026,0,164,1993,6
1993-06-14,28.069993269071006,,34.54084899276495,0,165,1993,6
1993-06-15,28.029993269965075,,34.56831565126777,0,166,1993,6
1993-06-16,28.209993265941762,,34.56831565126777,0,167,1993,6
1993-06-17,28.329993263259553,,34.545426769182086,0,168,1993,6
1993-06-18,28.46999326013031,,34.47218234650791,0,169,1993,6
1993-06-19,28.62999325655403,,34.4584490172565,0,170,1993,6
1993-06-20,28.679993255436443,,34.461500868201256,0,171,1993,6
1993-06-21,28.69999325498941,,34.391308296471834,0,172,1993,6
1993-06-22,29.499993237108015,,34.37452311627567,0,173,1993,6
1993-06-23,29.509993236884497,,34.36231571249664,0,174,1993,6
1993-06-24,29.509993236884497,,34.3150120228529,0,175,1993,6
1993-06-25,29.449993238225602,,34.25092315301299,0,176,1993,6
1993-06-26,29.35999324023726,,34.32264165021479,0,177,1993,6
1993-06-27,28.799993252754234,,34.293649066239595,0,178,1993,6
1993-06-28,28.529993258789204,,34.29059721529484,0,179,1993,6
1993-06-29,28.50999325923624,,34.342478681355715,0,180,1993,6
1993-06-30,28.579993257671617,,34.38215274363756,0,181,1993,6
1993-07-01,28.66999325565996,,34.412671253085136,0,182,1993,7
1993-07-02,28.809993252530717,,34.46607864461839,0,183,1993,7
1993-07-03,28.879993250966095,,34.450819389894605,0,184,1993,7
1993-07-04,28.869993251189612,,34.41724902950227,0,185,1993,7
1993-07-05,28.909993250295543,,34.42030088044703,0,186,1993,7
1993-07-06,28.89999325051906,,34.4294564332813,0,187,1993,7
1993-07-07,28.889993250742577,,34.43098235875368,0,188,1993,7
1993-07-08,28.879993250966095,,34.39588607288897,0,189,1993,7
1993-07-09,28.879993250966095,,34.37299719080329,0,190,1993,7
1993-07-10,28.93999324962499,,34.35163423418999,0,191,1993,7
1993-07-11,29.039993247389816,,34.31043424643576,0,192,1993,7
1993-07-12,28.969993248954438,,34.316537948325276,0,193,1993,7
1993-07-13,29.079993246495746,,34.34553053230047,0,194,1993,7
1993-07-14,29.029993247613334,,34.37604904174805,0,195,1993,7
1993-07-15,29.05999324694278,,34.36231571249664,0,196,1993,7
1993-07-16,29.09999324604871,,34.408093476668,0,197,1993,7
1993-07-17,29.069993246719264,,34.44471568800509,0,198,1993,7
1993-07-18,28.609993257001065,,34.46607864461839,0,199,1993,7
1993-07-19,28.559993258118652,,34.45539716631174,0,200,1993,7
1993-07-20,28.579993257671617,,34.46913049556315,0,201,1993,7
1993-07-21,28.569993257895135,,34.41114532761276,0,202,1993,7
1993-07-22,28.619993256777548,,34.391308296471834,0,203,1993,7
1993-07-23,28.66999325565996,,34.437086060643196,0,204,1993,7
1993-07-24,28.69999325498941,,34.45387124083936,0,205,1993,7
1993-07-25,28.66999325565996,,34.42335273139179,0,206,1993,7
1993-07-26,28.679993255436443,,34.34553053230047,0,207,1993,7
1993-07-27,28.62999325655403,,34.28449351340532,0,208,1993,7
1993-07-28,28.649993256106995,,34.27838981151581,0,209,1993,7
1993-07-29,28.8199932523072,,34.269234258681536,0,210,1993,7
1993-07-30,28.869993251189612,,34.24176760017872,0,211,1993,7
1993-07-31,28.85999325141313,,34.20361946336925,0,212,1993,7
1993-08-01,28.839993251860164,,34.115115785971284,0,213,1993,8
1993-08-02,28.869993251189612,,34.19446391053498,0,214,1993,8
1993-08-03,28.85999325141313,,34.29975276812911,0,215,1993,8
1993-08-04,28.889993250742577,,33.96557508967817,0,216,1993,8
1993-08-05,28.97999324873092,,33.970152866095304,0,217,1993,8
1993-08-06,28.989993248507403,,34.209723165258765,0,218,1993,8
1993-08-07,28.999993248283886,,34.34858238324523,0,219,1993,8
1993-08-08,28.959993249177955,,34.37452311627567,0,220,1993,8
1993-08-09,28.959993249177955,,34.32111572474241,0,221,1993,8
1993-08-10,29.029993247613334,,34.26770833320916,0,222,1993,8
1993-08-11,29.029993247613334,,34.26007870584726,0,223,1993,8
1993-08-12,29.029993247613334,,34.25550092943013,0,224,1993,8
1993-08-13,28.809993252530717,,34.18073058128357,0,225,1993,8
1993-08-14,28.759993253648304,,34.0708639472723,0,226,1993,8
1993-08-15,28.729993254318856,,34.006775077432394,0,227,1993,8
1993-08-16,28.759993253648304,,33.97167879156768,0,228,1993,8
1993-08-17,28.689993255212926,,34.07391579821706,0,229,1993,8
1993-08-18,28.66999325565996,,34.11206393502653,0,230,1993,8
1993-08-19,28.639993256330513,,34.11816763691604,0,231,1993,8
1993-08-20,28.599993257224583,,34.05713061802089,0,232,1993,8
1993-08-21,28.619993256777548,,34.00982692837715,0,233,1993,8
1993-08-22,28.66999325565996,,34.03424173593521,0,234,1993,8
1993-08-23,28.599993257224583,,33.83129364810884,0,235,1993,8
1993-08-24,28.599993257224583,,33.81756031885743,0,236,1993,8
1993-08-25,28.929993249848508,,33.838923275470734,0,237,1993,8
1993-08-26,29.08999324627223,,33.80993069149554,0,238,1993,8
1993-08-27,29.119993245601677,,33.80687884055078,0,239,1993,8
1993-08-28,28.66999325565996,,33.87096771039069,0,240,1993,8
1993-08-29,28.619993256777548,,33.95184176042676,0,241,1993,8
1993-08-30,28.599993257224583,,34.05560469254851,0,242,1993,8
1993-08-31,28.639993256330513,,34.10443430766463,0,243,1993,8
1993-09-01,28.639993256330513,,34.12884911522269,0,244,1993,9
1993-09-02,28.70999325476589,,34.13037504069507,0,245,1993,9
1993-09-03,28.729993254318856,,34.136478742584586,0,246,1993,9
1993-09-04,28.799993252754234,,34.13342689163983,0,247,1993,9
1993-09-05,28.799993252754234,,34.12274541333318,0,248,1993,9
1993-09-06,28.85999325141313,,34.17767873033881,0,249,1993,9
1993-09-07,28.829993252083682,,34.173100953921676,0,250,1993,9
1993-09-08,28.769993253424786,,34.10748615860939,0,251,1993,9
1993-09-09,28.73999325409534,,34.15326392278075,0,252,1993,9
1993-09-10,28.74999325387182,,34.10596023313701,0,253,1993,9
1993-09-11,28.689993255212926,,34.089175052940845,0,254,1993,9
1993-09-12,28.609993257001065,,34.07544172368944,0,255,1993,9
1993-09-13,28.50999325923624,,34.054078767076135,0,256,1993,9
1993-09-14,28.599993257224583,,34.04492321424186,0,257,1993,9
1993-09-15,28.639993256330513,,34.02356025762856,0,258,1993,9
1993-09-16,29.35999324023726,,33.94268620759249,0,259,1993,9
1993-09-17,29.539993236213945,,33.80840476602316,0,260,1993,9
1993-09-18,29.569993235543393,,33.860286232084036,0,261,1993,9
1993-09-19,29.499993237108015,,33.884701039642096,0,262,1993,9
1993-09-20,29.469993237778567,,33.910641772672534,0,263,1993,9
1993-09-21,29.529993236437463,,33.81908624432981,0,264,1993,9
1993-09-22,29.309993241354846,,33.73821219429374,0,265,1993,9
1993-09-23,29.139993245154642,,33.814508467912674,0,266,1993,9
1993-09-24,29.05999324694278,,33.933530654758215,0,267,1993,9
1993-09-25,29.08999324627223,,33.922849176451564,0,268,1993,9
1993-09-26,28.569993257895135,,33.87554548680782,0,269,1993,9
1993-09-27,28.46999326013031,,33.823664020746946,0,270,1993,9
1993-09-28,28.449993260577344,,33.90148621983826,0,271,1993,9
1993-09-29,28.47999325990679,,34.006775077432394,0,272,1993,9
1993-09-30,28.47999325990679,,34.054078767076135,0,273,1993,9
1993-10-01,28.50999325923624,,34.101382456719875,0,274,1993,10
1993-10-02,28.62999325655403,,34.13037504069507,0,275,1993,10
1993-10-03,28.70999325476589,,34.124271338805556,0,276,1993,10
1993-10-04,28.73999325409534,,34.05560469254851,0,277,1993,10
1993-10-05,28.69999325498941,,33.98998989723623,0,278,1993,10
1993-10-06,28.729993254318856,,33.96557508967817,0,279,1993,10
1993-10-07,28.829993252083682,,33.9274269528687,0,280,1993,10
1993-10-08,28.809993252530717,,33.90301214531064,0,281,1993,10
1993-10-09,28.809993252530717,,33.91369362361729,0,282,1993,10
1993-10-10,28.73999325409534,,33.91827140003443,0,283,1993,10
1993-10-11,28.73999325409534,,33.93658250570297,0,284,1993,10
1993-10-12,28.679993255436443,,34.03729358687997,0,285,1993,10
1993-10-13,28.70999325476589,,34.115115785971284,0,286,1993,10
1993-10-14,28.639993256330513,,34.08307135105133,0,287,1993,10
1993-10-15,28.619993256777548,,33.99761952459812,0,288,1993,10
1993-10-16,28.539993258565687,,34.06933802179992,0,289,1993,10
1993-10-17,28.579993257671617,,34.066286170855165,0,290,1993,10
1993-10-18,28.349993262812518,,33.9991454500705,0,291,1993,10
1993-10-19,28.149993267282866,,33.88775289058685,0,292,1993,10
1993-10-20,28.1299932677299,,33.95947138778865,0,293,1993,10
1993-10-21,28.19999326616528,,33.957945462316275,0,294,1993,10
1993-10-22,28.209993265941762,,33.837397349998355,0,295,1993,10
1993-10-23,28.23999326527121,,33.74736774712801,0,296,1993,10
1993-10-24,28.029993269965075,,33.60240482725203,0,297,1993,10
1993-10-25,27.80999327488246,,33.52916040457785,0,298,1993,10
1993-10-26,27.629993278905772,,33.60240482725203,0,299,1993,10
1993-10-27,27.709993277117633,,33.62376778386533,0,300,1993,10
1993-10-28,27.719993276894115,,33.72447886504233,0,301,1993,10
1993-10-29,27.759993276000046,,33.753471449017525,0,302,1993,10
1993-10-30,27.81999327465894,,33.800775138661265,0,303,1993,10
1993-10-31,27.81999327465894,,33.776360331103206,0,304,1993,10
1993-11-01,28.039993269741558,,33.692434430122375,0,305,1993,11
1993-11-02,27.88999327309432,,33.69090850465,0,306,1993,11
1993-11-03,27.729993276670598,,33.590197423473,0,307,1993,11
1993-11-04,27.61999327912929,,33.67870110087097,0,308,1993,11
1993-11-05,27.599993279576324,,33.742789970710874,0,309,1993,11
1993-11-06,27.609993279352807,,33.79314551129937,0,310,1993,11
1993-11-07,27.61999327912929,,33.78246403299272,0,311,1993,11
1993-11-08,27.709993277117633,,33.77178255468607,0,312,1993,11
1993-11-09,27.689993277564668,,33.64818259142339,0,313,1993,11
1993-11-10,27.639993278682255,,33.53068633005023,0,314,1993,11
1993-11-11,27.609993279352807,,33.37656785733998,0,315,1993,11
1993-11-12,27.709993277117633,,33.14920496195555,0,316,1993,11
1993-11-13,27.709993277117633,,32.90658281184733,0,317,1993,11
1993-11-14,27.789993275329493,,32.839442091062665,0,318,1993,11
1993-11-15,27.759993276000046,,32.93862724676728,0,319,1993,11
1993-11-16,27.65999327823522,,33.14462718553841,0,320,1993,11
1993-11-17,27.569993280246877,,33.30637528561056,0,321,1993,11
1993-11-18,27.629993278905772,,33.5688344668597,0,322,1993,11
1993-11-19,27.57999328002336,,33.70311590842903,0,323,1993,11
1993-11-20,27.599993279576324,,33.751945523545146,0,324,1993,11
1993-11-21,27.419993283599638,,33.753471449017525,0,325,1993,11
1993-11-22,27.449993282929086,,33.77330848015845,0,326,1993,11
1993-11-23,27.529993281140946,,33.765678852796555,0,327,1993,11
1993-11-24,27.57999328002336,,33.78246403299272,0,328,1993,11
1993-11-25,27.57999328002336,,33.79619736224413,0,329,1993,11
1993-11-26,27.30999328605833,,33.802301064133644,0,330,1993,11
1993-11-27,26.979993293434404,,33.8053529150784,0,331,1993,11
1993-11-28,26.84999329634013,,33.800775138661265,0,332,1993,11
1993-11-29,26.799993297457718,,33.800775138661265,0,333,1993,11
1993-11-30,26.76999329812827,,33.79314551129937,0,334,1993,11
1993-12-01,26.76999329812827,,33.74584182165563,0,335,1993,12
1993-12-02,26.789993297681235,,33.716849237680435,0,336,1993,12
1993-12-03,26.829993296787165,,33.69701220653951,0,337,1993,12
1993-12-04,26.869993295893096,,33.65428629331291,0,338,1993,12
1993-12-05,26.909993294999026,,33.346049347892404,0,339,1993,12
1993-12-06,26.859993296116613,,33.608508529141545,0,340,1993,12
1993-12-07,26.799993297457718,,33.6405529640615,0,341,1993,12
1993-12-08,26.739993298798822,,33.730582566931844,0,342,1993,12
1993-12-09,26.589993302151584,,33.79924921318889,0,343,1993,12
1993-12-10,26.53999330326917,,33.78246403299272,0,344,1993,12
1993-12-11,26.41999330595138,,33.78704180940986,0,345,1993,12
1993-12-12,26.369993307068967,,33.82976772263646,0,346,1993,12
1993-12-13,26.33999330773952,,33.91369362361729,0,347,1993,12
1993-12-14,26.389993306621932,,33.96252323873341,0,348,1993,12
1993-12-15,26.41999330595138,,33.982360269874334,0,349,1993,12
1993-12-16,26.489993304386758,,34.00982692837715,0,350,1993,12
1993-12-17,26.519993303716205,,34.0205084066838,0,351,1993,12
1993-12-18,26.61999330148103,,34.03729358687997,0,352,1993,12
1993-12-19,26.68999329991641,,34.07391579821706,0,353,1993,12
1993-12-20,26.68999329991641,,34.07238987274468,0,354,1993,12
1993-12-21,26.68999329991641,,34.05560469254851,0,355,1993,12
1993-12-22,26.5799933023751,,34.066286170855165,0,356,1993,12
1993-12-23,26.519993303716205,,34.040345437824726,0,357,1993,12
1993-12-24,26.45999330505731,,33.9991454500705,0,358,1993,12
1993-12-25,26.389993306621932,,34.005249151960015,0,359,1993,12
1993-12-26,26.239993309974693,,34.03424173593521,0,360,1993,12
1993-12-27,26.159993311762832,,34.006775077432394,0,361,1993,12
1993-12-28,26.209993310645245,,33.968626940622926,0,362,1993,12
1993-12-29,26.199993310868763,,34.006775077432394,0,363,1993,12
1993-12-30,26.249993309751176,,34.052552841603756,0,364,1993,12
1993-12-31,26.26999330930414,,34.07391579821706,0,365,1993,12
1994-01-01,26.29999330863359,,34.06933802179992,0,1,1994,1
1994-01-02,26.079993313550972,,34.0708639472723,0,2,1994,1
1994-01-03,25.929993316903733,,34.08154542557895,0,3,1994,1
1994-01-04,25.909993317350768,,34.06781209632754,0,4,1994,1
1994-01-05,25.91999331712725,,34.043397288769484,0,5,1994,1
1994-01-06,25.899993317574285,,34.02508618310094,0,6,1994,1
1994-01-07,25.969993316009663,,34.02356025762856,0,7,1994,1
1994-01-08,26.049993314221524,,34.05102691613138,0,8,1994,1
1994-01-09,25.899993317574285,,34.10748615860939,0,9,1994,1
1994-01-10,25.809993319585942,,34.14105651900172,0,10,1994,1
1994-01-11,25.789993320032977,,34.160893550142646,0,11,1994,1
1994-01-12,25.709993321821116,,34.19141205959022,0,12,1994,1
1994-01-13,25.699993322044634,,34.20209353789687,0,13,1994,1
1994-01-14,26.329993307963036,,34.23108612187207,0,14,1994,1
1994-01-15,26.389993306621932,,34.26618240773678,0,15,1994,1
1994-01-16,26.369993307068967,,34.30433054454625,0,16,1994,1
1994-01-17,26.33999330773952,,34.282967587932944,0,17,1994,1
1994-01-18,26.37999330684545,,34.30433054454625,0,18,1994,1
1994-01-19,26.349993307516,,34.35621201060712,0,19,1994,1
1994-01-20,26.349993307516,,34.401989774778485,0,20,1994,1
1994-01-21,26.349993307516,,34.36841941438615,0,21,1994,1
1994-01-22,26.329993307963036,,34.366893488913774,0,22,1994,1
1994-01-23,26.249993309751176,,34.38520459458232,0,23,1994,1
1994-01-24,26.26999330930414,,34.39893792383373,0,24,1994,1
1994-01-25,26.159993311762832,,34.41724902950227,0,25,1994,1
1994-01-26,26.389993306621932,,34.44471568800509,0,26,1994,1
1994-01-27,26.559993302822136,,34.48133789934218,0,27,1994,1
1994-01-28,26.599993301928066,,34.51490825973451,0,28,1994,1
1994-01-29,26.529993303492688,,34.52711566351354,0,29,1994,1
1994-01-30,26.449993305280827,,34.48133789934218,0,30,1994,1
1994-01-31,26.369993307068967,,34.473708271980286,0,31,1994,1
1994-02-01,26.369993307068967,,34.47676012292504,0,32,1994,2
1994-02-02,26.409993306174897,,34.487441601231694,0,33,1994,2
1994-02-03,26.37999330684545,,34.52864158898592,0,34,1994,2
1994-02-04,26.359993307292484,,34.534745290875435,0,35,1994,2
1994-02-05,26.289993308857106,,34.50727863237262,0,36,1994,2
1994-02-06,26.209993310645245,,34.49659715406597,0,37,1994,2
1994-02-07,26.22999331019821,,34.48133789934218,0,38,1994,2
1994-02-08,25.98999331556263,,34.46760457009077,0,39,1994,2
1994-02-09,25.91999331712725,,34.43250828422606,0,40,1994,2
1994-02-10,25.60999332405629,,34.412671253085136,0,41,1994,2
1994-02-11,25.479993326962017,,34.42182680591941,0,42,1994,2
1994-02-12,25.499993326514982,,34.41724902950227,0,43,1994,2
1994-02-13,25.509993326291465,,34.44776753894985,0,44,1994,2
1994-02-14,25.479993326962017,,34.49659715406597,0,45,1994,2
1994-02-15,25.579993324726843,,34.43556013517082,0,46,1994,2
1994-02-16,25.639993323385738,,34.427930507808924,0,47,1994,2
1994-02-17,25.68999332226815,,34.475234197452664,0,48,1994,2
1994-02-18,25.67999332249167,,34.47218234650791,0,49,1994,2
1994-02-19,26.629993301257514,,34.475234197452664,0,50,1994,2
1994-02-20,26.639993301033996,,34.47065642103553,0,51,1994,2
1994-02-21,26.639993301033996,,34.48438975028694,0,52,1994,2
1994-02-22,26.96999329365792,,34.487441601231694,0,53,1994,2
1994-02-23,26.899993295222544,,34.47676012292504,0,54,1994,2
1994-02-24,26.829993296787165,,34.44318976253271,0,55,1994,2
1994-02-25,26.789993297681235,,34.48896752670407,0,56,1994,2
1994-02-26,26.76999329812827,,34.524063812568784,0,57,1994,2
1994-02-27,26.68999329991641,,34.50422678142786,0,58,1994,2
1994-02-28,26.679993300139927,,34.48286382481456,0,59,1994,2
1994-03-01,26.799993297457718,,34.475234197452664,0,60,1994,3
1994-03-02,26.759993298351787,,34.48896752670407,0,61,1994,3
1994-03-03,26.699993299692892,,34.499649005010724,0,62,1994,3
1994-03-04,26.599993301928066,,34.461500868201256,0,63,1994,3
1994-03-05,26.639993301033996,,34.438611986115575,0,64,1994,3
1994-03-06,26.559993302822136,,34.43250828422606,0,65,1994,3
1994-03-07,26.639993301033996,,34.41114532761276,0,66,1994,3
1994-03-08,26.64999330081048,,34.377574967220426,0,67,1994,3
1994-03-09,26.639993301033996,,34.37604904174805,0,68,1994,3
1994-03-10,26.65999330058696,,34.37452311627567,0,69,1994,3
1994-03-11,26.679993300139927,,34.365367563441396,0,70,1994,3
1994-03-12,26.60999330170455,,34.35163423418999,0,71,1994,3
1994-03-13,26.629993301257514,,34.366893488913774,0,72,1994,3
1994-03-14,26.639993301033996,,34.41877495497465,0,73,1994,3
1994-03-15,26.589993302151584,,34.41114532761276,0,74,1994,3
1994-03-16,26.559993302822136,,34.35926386155188,0,75,1994,3
1994-03-17,26.639993301033996,,34.365367563441396,0,76,1994,3
1994-03-18,26.709993299469375,,34.38367866910994,0,77,1994,3
1994-03-19,26.559993302822136,,34.391308296471834,0,78,1994,3
1994-03-20,26.25999330952766,,34.340952755883336,0,79,1994,3
1994-03-21,26.279993309080623,,34.318063873797655,0,80,1994,3
1994-03-22,26.529993303492688,,34.25550092943013,0,81,1994,3
1994-03-23,26.549993303045653,,34.19598983600736,0,82,1994,3
1994-03-24,26.699993299692892,,34.1929379850626,0,83,1994,3
1994-03-25,26.839993296563648,,34.223456494510174,0,84,1994,3
1994-03-26,26.8099932972342,,34.220404643565416,0,85,1994,3
1994-03-27,26.799993297457718,,34.2432935256511,0,86,1994,3
1994-03-28,26.72999329902234,,34.32569350115955,0,87,1994,3
1994-03-29,26.169993311539315,,34.424878656864166,0,88,1994,3
1994-03-30,26.18999331109228,,34.473708271980286,0,89,1994,3
1994-03-31,26.129993312433385,,34.48438975028694,0,90,1994,3
1994-04-01,26.18999331109228,,34.437086060643196,0,91,1994,4
1994-04-02,26.289993308857106,,34.401989774778485,0,92,1994,4
1994-04-03,26.41999330595138,,34.35010830871761,0,93,1994,4
1994-04-04,26.559993302822136,,34.295174991711974,0,94,1994,4
1994-04-05,27.919993272423767,,34.221930569037795,0,95,1994,4
1994-04-06,28.969993248954438,,34.15936762467027,0,96,1994,4
1994-04-07,28.5899932574481,,34.235663898289204,0,97,1994,4
1994-04-08,28.00999327041211,,34.27228610962629,0,98,1994,4
1994-04-09,28.50999325923624,,34.209723165258765,0,99,1994,4
1994-04-10,28.519993259012722,,34.18225650675595,0,100,1994,4
1994-04-11,28.00999327041211,,34.185308357700706,0,101,1994,4
1994-04-12,27.92999327220025,,34.20209353789687,0,102,1994,4
1994-04-13,27.679993277788185,,34.246345376595855,0,103,1994,4
1994-04-14,27.459993282705568,,34.295174991711974,0,104,1994,4
1994-04-15,27.639993278682255,,34.330271277576685,0,105,1994,4
1994-04-16,27.73999327644708,,34.33484905399382,0,106,1994,4
1994-04-17,27.77999327555301,,34.37147126533091,0,107,1994,4
1994-04-18,27.84999327398839,,34.401989774778485,0,108,1994,4
1994-04-19,27.85999327376487,,34.42182680591941,0,109,1994,4
1994-04-20,27.709993277117633,,34.415723104029894,0,110,1994,4
1994-04-21,27.84999327398839,,34.39588607288897,0,111,1994,4
1994-04-22,27.789993275329493,,34.34553053230047,0,112,1994,4
1994-04-23,27.81999327465894,,34.28449351340532,0,113,1994,4
1994-04-24,27.85999327376487,,34.246345376595855,0,114,1994,4
1994-04-25,27.489993282035016,,34.24024167470634,0,115,1994,4
1994-04-26,27.149993289634608,,34.221930569037795,0,116,1994,4
1994-04-27,27.11999329030516,,34.21277501620352,0,117,1994,4
1994-04-28,27.379993284493708,,34.19446391053498,0,118,1994,4
1994-04-29,27.61999327912929,,34.16852317750454,0,119,1994,4
1994-04-30,27.649993278458737,,34.1425824444741,0,120,1994,4
1994-05-01,27.709993277117633,,34.14105651900172,0,121,1994,5
1994-05-02,28.39999326169493,,34.13342689163983,0,122,1994,5
1994-05-03,28.70999325476589,,34.10443430766463,0,123,1994,5
1994-05-04,28.729993254318856,,34.0922269038856,0,124,1994,5
1994-05-05,28.66999325565996,,34.113589860498905,0,125,1994,5
1994-05-06,28.659993255883478,,34.08459727652371,0,126,1994,5
1994-05-07,28.70999325476589,,34.05102691613138,0,127,1994,5
1994-05-08,29.08999324627223,,34.07544172368944,0,128,1994,5
1994-05-09,28.909993250295543,,34.09833060577512,0,129,1994,5
1994-05-10,28.909993250295543,,34.125797264277935,0,130,1994,5
1994-05-11,28.729993254318856,,34.16547132655978,0,131,1994,5
1994-05-12,29.259993242472433,,34.21277501620352,0,132,1994,5
1994-05-13,29.469993237778567,,34.21887871809304,0,133,1994,5
1994-05-14,29.609993234649323,,34.20514538884163,0,134,1994,5
1994-05-15,29.569993235543393,,34.17004910297692,0,135,1994,5
1994-05-16,29.00999324806037,,34.11664171144366,0,136,1994,5
1994-05-17,28.929993249848508,,34.10443430766463,0,137,1994,5
1994-05-18,29.05999324694278,,34.07238987274468,0,138,1994,5
1994-05-19,29.20999324359002,,34.052552841603756,0,139,1994,5
1994-05-20,29.24999324269595,,34.02508618310094,0,140,1994,5
1994-05-21,29.299993241578363,,34.02508618310094,0,141,1994,5
1994-05-22,29.269993242248916,,34.04797506518662,0,142,1994,5
1994-05-23,29.28999324180188,,34.04492321424186,0,143,1994,5
1994-05-24,29.279993242025398,,33.98693804629147,0,144,1994,5
1994-05-25,28.839993251860164,,34.031189884990454,0,145,1994,5
1994-05-26,28.62999325655403,,34.031189884990454,0,146,1994,5
1994-05-27,28.579993257671617,,33.980834344401956,0,147,1994,5
1994-05-28,28.609993257001065,,33.96557508967817,0,148,1994,5
1994-05-29,29.259993242472433,,33.98541212081909,0,149,1994,5
1994-05-30,29.259993242472433,,34.01287877932191,0,150,1994,5
1994-05-31,29.24999324269595,,34.03881951235235,0,151,1994,5
1994-06-01,29.31999324113133,,34.05713061802089,0,152,1994,6
1994-06-02,29.32999324090781,,34.05102691613138,0,153,1994,6
1994-06-03,29.309993241354846,,34.052552841603756,0,154,1994,6
1994-06-04,29.339993240684294,,34.00982692837715,0,155,1994,6
1994-06-05,29.349993240460776,,34.00982692837715,0,156,1994,6
1994-06-06,29.419993238896154,,34.029663959518075,0,157,1994,6
1994-06-07,29.47999323755505,,34.054078767076135,0,158,1994,6
1994-06-08,29.489993237331532,,34.06781209632754,0,159,1994,6
1994-06-09,29.499993237108015,,34.09680468030274,0,160,1994,6
1994-06-10,29.569993235543393,,34.13495281711221,0,161,1994,6
1994-06-11,29.59999323487284,,34.18073058128357,0,162,1994,6
1994-06-12,29.569993235543393,,34.185308357700706,0,163,1994,6
1994-06-13,29.529993236437463,,34.115115785971284,0,164,1994,6
1994-06-14,29.449993238225602,,34.029663959518075,0,165,1994,6
1994-06-15,29.43999323844912,,33.96099731326103,0,166,1994,6
1994-06-16,29.62999323420229,,33.86486400850117,0,167,1994,6
1994-06-17,29.619993234425806,,33.78093810752034,0,168,1994,6
1994-06-18,29.609993234649323,,33.753471449017525,0,169,1994,6
1994-06-19,29.63999323397877,,33.77178255468607,0,170,1994,6
1994-06-20,29.55999323576691,,33.77330848015845,0,171,1994,6
1994-06-21,29.469993237778567,,33.742789970710874,0,172,1994,6
1994-06-22,29.36999324001374,,33.60240482725203,0,173,1994,6
1994-06-23,29.349993240460776,,33.776360331103206,0,174,1994,6
1994-06-24,29.379993239790224,,33.751945523545146,0,175,1994,6
1994-06-25,29.299993241578363,,33.77178255468607,0,176,1994,6
1994-06-26,29.189993244037055,,33.73821219429374,0,177,1994,6
1994-06-27,29.12999324537816,,33.788567734882236,0,178,1994,6
1994-06-28,29.0499932471663,,33.85418253019452,0,179,1994,6
1994-06-29,29.069993246719264,,33.97167879156768,0,180,1994,6
1994-06-30,29.039993247389816,,33.95031583495438,0,181,1994,6
1994-07-01,29.05999324694278,,33.838923275470734,0,182,1994,7
1994-07-02,29.12999324537816,,33.860286232084036,0,183,1994,7
1994-07-03,29.16999324448409,,33.91216769814491,0,184,1994,7
1994-07-04,29.219993243366503,,33.88927881605923,0,185,1994,7
1994-07-05,29.239993242919468,,33.95489361137152,0,186,1994,7
1994-07-06,29.20999324359002,,33.97930841892958,0,187,1994,7
1994-07-07,29.16999324448409,,33.9274269528687,0,188,1994,7
1994-07-08,29.12999324537816,,33.8770714122802,0,189,1994,7
1994-07-09,29.09999324604871,,33.8343454990536,0,190,1994,7
1994-07-10,29.149993244931125,,33.78551588393748,0,191,1994,7
1994-07-11,29.01999324783685,,33.74584182165563,0,192,1994,7
1994-07-12,29.00999324806037,,33.71379738673568,0,193,1994,7
1994-07-13,28.999993248283886,,33.61308630555868,0,194,1994,7
1994-07-14,29.0499932471663,,33.60393075272441,0,195,1994,7
1994-07-15,29.0499932471663,,33.643604815006256,0,196,1994,7
1994-07-16,29.069993246719264,,33.67259739898145,0,197,1994,7
1994-07-17,29.01999324783685,,33.63902703858912,0,198,1994,7
1994-07-18,28.989993248507403,,33.668019622564316,0,199,1994,7
1994-07-19,28.97999324873092,,33.77941218204796,0,200,1994,7
1994-07-20,28.929993249848508,,33.7839899584651,0,201,1994,7
1994-07-21,28.879993250966095,,33.80382698960602,0,202,1994,7
1994-07-22,28.839993251860164,,33.812982542440295,0,203,1994,7
1994-07-23,28.829993252083682,,33.79467143677175,0,204,1994,7
1994-07-24,28.829993252083682,,33.77330848015845,0,205,1994,7
1994-07-25,28.77999325320127,,33.7336344178766,0,206,1994,7
1994-07-26,28.759993253648304,,33.693960355594754,0,207,1994,7
1994-07-27,28.689993255212926,,33.67259739898145,0,208,1994,7
1994-07-28,28.69999325498941,,33.67259739898145,0,209,1994,7
1994-07-29,28.69999325498941,,33.668019622564316,0,210,1994,7
1994-07-30,28.70999325476589,,33.65123444236815,0,211,1994,7
1994-07-31,28.70999325476589,,33.68938257917762,0,212,1994,7
1994-08-01,28.69999325498941,,33.716849237680435,0,213,1994,8
1994-08-02,28.73999325409534,,33.72600479051471,0,214,1994,8
1994-08-03,28.73999325409534,,33.74431589618325,0,215,1994,8
1994-08-04,28.77999325320127,,33.7336344178766,0,216,1994,8
1994-08-05,28.869993251189612,,33.71990108862519,0,217,1994,8
1994-08-06,28.889993250742577,,33.706167759373784,0,218,1994,8
1994-08-07,28.89999325051906,,33.693960355594754,0,219,1994,8
1994-08-08,28.869993251189612,,33.72295293956995,0,220,1994,8
1994-08-09,28.879993250966095,,33.72142701409757,0,221,1994,8
1994-08-10,28.949993249401473,,33.7549973744899,0,222,1994,8
1994-08-11,28.959993249177955,,33.765678852796555,0,223,1994,8
1994-08-12,28.959993249177955,,33.79467143677175,0,224,1994,8
1994-08-13,28.889993250742577,,33.78093810752034,0,225,1994,8
1994-08-14,28.869993251189612,,33.78246403299272,0,226,1994,8
1994-08-15,28.849993251636647,,33.76720477826893,0,227,1994,8
1994-08-16,28.869993251189612,,33.74431589618325,0,228,1994,8
1994-08-17,28.62999325655403,,33.81756031885743,0,229,1994,8
1994-08-18,28.62999325655403,,33.86486400850117,0,230,1994,8
1994-08-19,28.62999325655403,,33.85876030661166,0,231,1994,8
1994-08-20,28.599993257224583,,33.8557084556669,0,232,1994,8
1994-08-21,28.62999325655403,,33.85723438113928,0,233,1994,8
1994-08-22,28.679993255436443,,33.800775138661265,0,234,1994,8
1994-08-23,28.69999325498941,,33.643604815006256,0,235,1994,8
1994-08-24,28.78999325297775,,33.6832788772881,0,236,1994,8
1994-08-25,28.889993250742577,,33.80382698960602,0,237,1994,8
1994-08-26,28.949993249401473,,33.7336344178766,0,238,1994,8
1994-08-27,29.01999324783685,,33.68785665370524,0,239,1994,8
1994-08-28,29.01999324783685,,33.67717517539859,0,240,1994,8
1994-08-29,28.889993250742577,,33.76720477826893,0,241,1994,8
1994-08-30,28.879993250966095,,33.77941218204796,0,242,1994,8
1994-08-31,28.869993251189612,,33.78704180940986,0,243,1994,8
1994-09-01,28.849993251636647,,33.75804922543466,0,244,1994,9
1994-09-02,28.889993250742577,,33.75652329996228,0,245,1994,9
1994-09-03,28.889993250742577,,33.706167759373784,0,246,1994,9
1994-09-04,28.93999324962499,,33.58714557252824,0,247,1994,9
1994-09-05,28.919993250072025,,33.43607895076275,0,248,1994,9
1994-09-06,28.969993248954438,,33.36436045356095,0,249,1994,9
1994-09-07,28.929993249848508,,33.45744190737605,0,250,1994,9
1994-09-08,28.85999325141313,,33.48033078946173,0,251,1994,9
1994-09-09,28.8199932523072,,33.44828635454178,0,252,1994,9
1994-09-10,28.8199932523072,,33.584093721583486,0,253,1994,9
1994-09-11,28.759993253648304,,33.655812218785286,0,254,1994,9
1994-09-12,28.659993255883478,,33.668019622564316,0,255,1994,9
1994-09-13,28.569993257895135,,33.62834556028247,0,256,1994,9
1994-09-14,28.649993256106995,,33.561204839497805,0,257,1994,9
1994-09-15,28.689993255212926,,33.538315957412124,0,258,1994,9
1994-09-16,28.73999325409534,,33.51084929890931,0,259,1994,9
1994-09-17,28.769993253424786,,33.61308630555868,0,260,1994,9
1994-09-18,28.73999325409534,,33.66038999520242,0,261,1994,9
1994-09-19,28.719993254542374,,33.65123444236815,0,262,1994,9
1994-09-20,28.729993254318856,,33.57493816874921,0,263,1994,9
1994-09-21,28.829993252083682,,33.62681963481009,0,264,1994,9
1994-09-22,28.74999325387182,,33.72447886504233,0,265,1994,9
1994-09-23,27.85999327376487,,33.777886256575584,0,266,1994,9
1994-09-24,27.81999327465894,,33.812982542440295,0,267,1994,9
1994-09-25,27.80999327488246,,33.848078828305006,0,268,1994,9
1994-09-26,27.989993270859145,,33.89385659247637,0,269,1994,9
1994-09-27,28.139993267506384,,33.91674547456205,0,270,1994,9
1994-09-28,28.15999326705935,,33.874019561335444,0,271,1994,9
1994-09-29,28.07999326884749,,33.84350105188787,0,272,1994,9
1994-09-30,28.08999326862397,,33.89996029436588,0,273,1994,9
1994-10-01,28.1299932677299,,33.919797325506806,0,274,1994,10
1994-10-02,28.23999326527121,,33.97473064251244,0,275,1994,10
1994-10-03,28.259993264824175,,33.96557508967817,0,276,1994,10
1994-10-04,28.42999326102438,,34.02356025762856,0,277,1994,10
1994-10-05,28.559993258118652,,34.066286170855165,0,278,1994,10
1994-10-06,28.579993257671617,,34.09680468030274,0,279,1994,10
1994-10-07,28.66999325565996,,34.06323431991041,0,280,1994,10
1994-10-08,28.639993256330513,,34.08154542557895,0,281,1994,10
1994-10-09,28.649993256106995,,34.049500990659,0,282,1994,10
1994-10-10,28.54999325834217,,33.98998989723623,0,283,1994,10
1994-10-11,28.489993259683274,,33.933530654758215,0,284,1994,10
1994-10-12,28.27999326437714,,33.89080474153161,0,285,1994,10
1994-10-13,29.189993244037055,,33.88164918869734,0,286,1994,10
1994-10-14,29.589993235096358,,33.88317511416972,0,287,1994,10
1994-10-15,29.70999323241415,,33.90148621983826,0,288,1994,10
1994-10-16,29.219993243366503,,33.909115847200155,0,289,1994,10
1994-10-17,28.869993251189612,,33.910641772672534,0,290,1994,10
1994-10-18,28.73999325409534,,33.90758992172778,0,291,1994,10
1994-10-19,28.73999325409534,,33.935056580230594,0,292,1994,10
1994-10-20,28.73999325409534,,33.75652329996228,0,293,1994,10
1994-10-21,28.769993253424786,,33.59477519989014,0,294,1994,10
1994-10-22,28.719993254542374,,33.72447886504233,0,295,1994,10
1994-10-23,28.69999325498941,,33.812982542440295,0,296,1994,10
1994-10-24,28.70999325476589,,33.86638993397355,0,297,1994,10
1994-10-25,28.659993255883478,,33.88164918869734,0,298,1994,10
1994-10-26,28.619993256777548,,33.91827140003443,0,299,1994,10
1994-10-27,28.5899932574481,,33.95489361137152,0,300,1994,10
1994-10-28,28.559993258118652,,33.99761952459812,0,301,1994,10
1994-10-29,28.529993258789204,,34.005249151960015,0,302,1994,10
1994-10-30,28.209993265941762,,33.98693804629147,0,303,1994,10
1994-10-31,28.04999326951804,,33.980834344401956,0,304,1994,10
1994-11-01,28.00999327041211,,33.993041748180985,0,305,1994,11
1994-11-02,27.999993270635628,,34.02203433215618,0,306,1994,11
1994-11-03,28.019993270188593,,34.089175052940845,0,307,1994,11
1994-11-04,28.039993269741558,,34.186834283173084,0,308,1994,11
1994-11-05,27.979993271082662,,34.25397500395775,0,309,1994,11
1994-11-06,27.949993271753215,,34.27533796057105,0,310,1994,11
1994-11-07,27.8999932728708,,34.282967587932944,0,311,1994,11
1994-11-08,27.92999327220025,,34.29212314076722,0,312,1994,11
1994-11-09,27.689993277564668,,34.2860194388777,0,313,1994,11
1994-11-10,27.50999328158798,,34.282967587932944,0,314,1994,11
1994-11-11,27.419993283599638,,34.293649066239595,0,315,1994,11
1994-11-12,26.96999329365792,,34.318063873797655,0,316,1994,11
1994-11-13,26.869993295893096,,34.33484905399382,0,317,1994,11
1994-11-14,26.91999329477551,,34.353160159662366,0,318,1994,11
1994-11-15,27.169993289187573,,34.36994533985853,0,319,1994,11
1994-11-16,27.169993289187573,,34.36994533985853,0,320,1994,11
1994-11-17,27.089993290975713,,34.36078978702426,0,321,1994,11
1994-11-18,27.07999329119923,,34.35010830871761,0,322,1994,11
1994-11-19,26.859993296116613,,34.331797203049064,0,323,1994,11
1994-11-20,26.709993299469375,,34.319589799270034,0,324,1994,11
1994-11-21,26.529993303492688,,34.293649066239595,0,325,1994,11
1994-11-22,26.599993301928066,,34.25092315301299,0,326,1994,11
1994-11-23,26.68999329991641,,34.234137972816825,0,327,1994,11
1994-11-24,26.779993297904753,,34.232612047344446,0,328,1994,11
1994-11-25,26.829993296787165,,34.24024167470634,0,329,1994,11
1994-11-26,26.88999329544606,,34.26160463131964,0,330,1994,11
1994-11-27,26.92999329455199,,34.28754536435008,0,331,1994,11
1994-11-28,26.88999329544606,,34.32264165021479,0,332,1994,11
1994-11-29,26.719993299245857,,34.3577379360795,0,333,1994,11
1994-11-30,26.60999330170455,,34.389782370999455,0,334,1994,11
1994-12-01,26.56999330259862,,34.412671253085136,0,335,1994,12
1994-12-02,26.589993302151584,,34.438611986115575,0,336,1994,12
1994-12-03,26.629993301257514,,34.47065642103553,0,337,1994,12
1994-12-04,26.669993300363444,,34.510330483317375,0,338,1994,12
1994-12-05,26.719993299245857,,34.54237491823733,0,339,1994,12
1994-12-06,26.679993300139927,,34.54084899276495,0,340,1994,12
1994-12-07,26.61999330148103,,34.52558973804116,0,341,1994,12
1994-12-08,26.56999330259862,,34.52558973804116,0,342,1994,12
1994-12-09,26.41999330595138,,34.53169343993068,0,343,1994,12
1994-12-10,26.389993306621932,,34.52864158898592,0,344,1994,12
1994-12-11,26.33999330773952,,34.51948603615165,0,345,1994,12
1994-12-12,26.359993307292484,,34.485915675759315,0,346,1994,12
1994-12-13,26.369993307068967,,34.42182680591941,0,347,1994,12
1994-12-14,26.41999330595138,,34.366893488913774,0,348,1994,12
1994-12-15,26.389993306621932,,34.307382395491004,0,349,1994,12
1994-12-16,26.33999330773952,,34.22803427092731,0,350,1994,12
1994-12-17,26.30999330841007,,34.18378243222833,0,351,1994,12
1994-12-18,26.439993305504345,,34.23108612187207,0,352,1994,12
1994-12-19,26.529993303492688,,34.32416757568717,0,353,1994,12
1994-12-20,26.53999330326917,,34.415723104029894,0,354,1994,12
1994-12-21,26.549993303045653,,34.41114532761276,0,355,1994,12
1994-12-22,26.439993305504345,,34.38062681816518,0,356,1994,12
1994-12-23,26.399993306398414,,34.33790090493858,0,357,1994,12
1994-12-24,26.179993311315798,,34.330271277576685,0,358,1994,12
1994-12-25,25.899993317574285,,34.35010830871761,0,359,1994,12
1994-12-26,25.68999332226815,,34.32569350115955,0,360,1994,12
1994-12-27,25.669993322715186,,34.30433054454625,0,361,1994,12
1994-12-28,25.72999332137408,,34.29212314076722,0,362,1994,12
1994-12-29,25.859993318468355,,34.27228610962629,0,363,1994,12
1994-12-30,26.249993309751176,,34.2646564822644,0,364,1994,12
1994-12-31,26.41999330595138,,34.25092315301299,0,365,1994,12
1995-01-01,26.45999330505731,,34.26313055679202,0,1,1995,1
1995-01-02,26.359993307292484,,34.27381203509867,0,2,1995,1
1995-01-03,26.33999330773952,,34.25550092943013,0,3,1995,1
1995-01-04,26.33999330773952,,34.23718982376158,0,4,1995,1
1995-01-05,25.09999333545568,,34.24787130206823,0,5,1995,1
1995-01-06,24.939993339031957,,34.26160463131964,0,6,1995,1
1995-01-07,24.979993338137888,,34.20514538884163,0,7,1995,1
1995-01-08,25.45999332740905,,34.18378243222833,0,8,1995,1
1995-01-09,25.68999332226815,,34.220404643565416,0,9,1995,1
1995-01-10,25.669993322715186,,34.305856470018625,0,10,1995,1
1995-01-11,25.64999332316222,,34.37147126533091,0,11,1995,1
1995-01-12,25.60999332405629,,34.39588607288897,0,12,1995,1
1995-01-13,25.629993323609256,,34.41114532761276,0,13,1995,1
1995-01-14,25.739993321150564,,34.426404582336545,0,14,1995,1
1995-01-15,25.739993321150564,,34.408093476668,0,15,1995,1
1995-01-16,25.619993323832773,,34.36994533985853,0,16,1995,1
1995-01-17,25.60999332405629,,34.353160159662366,0,17,1995,1
1995-01-18,25.709993321821116,,34.36841941438615,0,18,1995,1
1995-01-19,25.739993321150564,,34.40656755119562,0,19,1995,1
1995-01-20,25.789993320032977,,34.43403420969844,0,20,1995,1
1995-01-21,25.79999331980946,,34.45997494272888,0,21,1995,1
1995-01-22,25.7199933215976,,34.46455271914601,0,22,1995,1
1995-01-23,25.659993322938703,,34.46760457009077,0,23,1995,1
1995-01-24,25.72999332137408,,34.46913049556315,0,24,1995,1
1995-01-25,25.619993323832773,,34.46455271914601,0,25,1995,1
1995-01-26,25.539993325620912,,34.45234531536698,0,26,1995,1
1995-01-27,25.479993326962017,,34.44471568800509,0,27,1995,1
1995-01-28,25.519993326067947,,34.45692309178412,0,28,1995,1
1995-01-29,25.889993317797803,,34.49659715406597,0,29,1995,1
1995-01-30,25.889993317797803,,34.5515304710716,0,30,1995,1
1995-01-31,25.909993317350768,,34.594256384298205,0,31,1995,1
1995-02-01,26.02999331466856,,34.617145266383886,0,32,1995,2
1995-02-02,26.10999331288042,,34.63545637205243,0,33,1995,2
1995-02-03,26.10999331288042,,34.643085999414325,0,34,1995,2
1995-02-04,26.099993313103937,,34.64613785035908,0,35,1995,2
1995-02-05,26.019993314892076,,34.667500806972384,0,36,1995,2
1995-02-06,25.9499933164567,,34.70870079472661,0,37,1995,2
1995-02-07,25.909993317350768,,34.739219304174185,0,38,1995,2
1995-02-08,25.889993317797803,,34.74684893153608,0,39,1995,2
1995-02-09,25.87999331802132,,34.763634111732244,0,40,1995,2
1995-02-10,25.91999331712725,,34.77736744098365,0,41,1995,2
1995-02-11,25.9499933164567,,34.77126373909414,0,42,1995,2
1995-02-12,26.06999331377449,,34.74684893153608,0,43,1995,2
1995-02-13,26.009993315115594,,34.714804496616125,0,44,1995,2
1995-02-14,25.91999331712725,,34.71022672019899,0,45,1995,2
1995-02-15,25.939993316680216,,34.6949674654752,0,46,1995,2
1995-02-16,25.939993316680216,,34.67055265791714,0,47,1995,2
1995-02-17,25.869993318244838,,34.64918970130384,0,48,1995,2
1995-02-18,25.859993318468355,,34.63698229752481,0,49,1995,2
1995-02-19,25.72999332137408,,34.64918970130384,0,50,1995,2
1995-02-20,25.629993323609256,,34.67665635980666,0,51,1995,2
1995-02-21,25.56999332495036,,34.70717486925423,0,52,1995,2
1995-02-22,25.539993325620912,,34.70564894378185,0,53,1995,2
1995-02-23,25.499993326514982,,34.691915614530444,0,54,1995,2
1995-02-24,25.45999332740905,,34.69801931641996,0,55,1995,2
1995-02-25,25.519993326067947,,34.69344154000282,0,56,1995,2
1995-02-26,25.709993321821116,,34.678182285279036,0,57,1995,2
1995-02-27,25.829993319138907,,34.66139710508287,0,58,1995,2
1995-02-28,25.819993319362425,,34.64918970130384,0,59,1995,2
1995-03-01,25.67999332249167,,34.6522415522486,0,60,1995,3
1995-03-02,25.7199933215976,,34.655293403193355,0,61,1995,3
1995-03-03,25.789993320032977,,34.643085999414325,0,62,1995,3
1995-03-04,25.75999332070353,,34.6446119248867,0,63,1995,3
1995-03-05,25.869993318244838,,34.66902673244476,0,64,1995,3
1995-03-06,25.819993319362425,,34.68733783811331,0,65,1995,3
1995-03-07,25.829993319138907,,34.66444895602763,0,66,1995,3
1995-03-08,25.479993326962017,,34.65681932866573,0,67,1995,3
1995-03-09,25.56999332495036,,34.66902673244476,0,68,1995,3
1995-03-10,25.75999332070353,,34.655293403193355,0,69,1995,3
1995-03-11,25.929993316903733,,34.62782674469054,0,70,1995,3
1995-03-12,25.79999331980946,,34.6018860116601,0,71,1995,3
1995-03-13,25.809993319585942,,34.56221194937825,0,72,1995,3
1995-03-14,25.869993318244838,,34.53169343993068,0,73,1995,3
1995-03-15,25.899993317574285,,34.50575270690024,0,74,1995,3
1995-03-16,25.909993317350768,,34.508804557845,0,75,1995,3
1995-03-17,25.079993335902714,,34.536271216347814,0,76,1995,3
1995-03-18,24.86999334059658,,34.5805230550468,0,77,1995,3
1995-03-19,24.859993340820097,,34.59730823524296,0,78,1995,3
1995-03-20,25.019993337243818,,34.6018860116601,0,79,1995,3
1995-03-21,25.199993333220505,,34.59120453335345,0,80,1995,3
1995-03-22,25.589993324503325,,34.60493786260486,0,81,1995,3
1995-03-23,25.749993320927047,,34.61104156449437,0,82,1995,3
1995-03-24,25.829993319138907,,34.59273045882583,0,83,1995,3
1995-03-25,25.87999331802132,,34.55305639654398,0,84,1995,3
1995-03-26,25.929993316903733,,34.511856408789754,0,85,1995,3
1995-03-27,25.859993318468355,,34.49049345217645,0,86,1995,3
1995-03-28,25.819993319362425,,34.450819389894605,0,87,1995,3
1995-03-29,25.829993319138907,,34.424878656864166,0,88,1995,3
1995-03-30,25.909993317350768,,34.412671253085136,0,89,1995,3
1995-03-31,26.209993310645245,,34.40046384930611,0,90,1995,3
1995-04-01,26.389993306621932,,34.40046384930611,0,91,1995,4
1995-04-02,26.439993305504345,,34.39893792383373,0,92,1995,4
1995-04-03,26.529993303492688,,34.38367866910994,0,93,1995,4
1995-04-04,26.639993301033996,,34.36994533985853,0,94,1995,4
1995-04-05,26.669993300363444,,34.36078978702426,0,95,1995,4
1995-04-06,26.869993295893096,,34.33332312852144,0,96,1995,4
1995-04-07,26.87999329566958,,34.34400460682809,0,97,1995,4
1995-04-08,26.949993294104956,,34.39283422194421,0,98,1995,4
1995-04-09,26.96999329365792,,34.438611986115575,0,99,1995,4
1995-04-10,27.099993290752195,,34.48133789934218,0,100,1995,4
1995-04-11,27.11999329030516,,34.511856408789754,0,101,1995,4
1995-04-12,27.179993288964056,,34.557634172961116,0,102,1995,4
1995-04-13,27.27999328672888,,34.606463788077235,0,103,1995,4
1995-04-14,27.289993286505364,,34.63393044658005,0,104,1995,4
1995-04-15,26.96999329365792,,34.665974881500006,0,105,1995,4
1995-04-16,26.749993298575305,,34.678182285279036,0,106,1995,4
1995-04-17,26.72999329902234,,34.68733783811331,0,107,1995,4
1995-04-18,26.709993299469375,,34.665974881500006,0,108,1995,4
1995-04-19,26.429993305727862,,34.62630081921816,0,109,1995,4
1995-04-20,26.129993312433385,,34.58815268240869,0,110,1995,4
1995-04-21,26.139993312209867,,34.56068602390587,0,111,1995,4
1995-04-22,26.29999330863359,,34.521011961624026,0,112,1995,4
1995-04-23,26.509993303939723,,34.51643418520689,0,113,1995,4
1995-04-24,26.30999330841007,,34.53932306729257,0,114,1995,4
1995-04-25,26.009993315115594,,34.5728934276849,0,115,1995,4
1995-04-26,26.03999331444504,,34.58967860788107,0,116,1995,4
1995-04-27,26.239993309974693,,34.569841576740146,0,117,1995,4
1995-04-28,26.41999330595138,,34.54084899276495,0,118,1995,4
1995-04-29,26.68999329991641,,34.49201937764883,0,119,1995,4
1995-04-30,26.76999329812827,,34.46607864461839,0,120,1995,4
1995-05-01,26.88999329544606,,34.437086060643196,0,121,1995,5
1995-05-02,27.4999932818115,,34.40961940214038,0,122,1995,5
1995-05-03,27.709993277117633,,34.40504162572324,0,123,1995,5
1995-05-04,27.61999327912929,,34.38062681816518,0,124,1995,5
1995-05-05,27.559993280470394,,34.38520459458232,0,125,1995,5
1995-05-06,27.42999328337612,,34.389782370999455,0,126,1995,5
1995-05-07,27.259993287175917,,34.39283422194421,0,127,1995,5
1995-05-08,27.729993276670598,,34.401989774778485,0,128,1995,5
1995-05-09,27.919993272423767,,34.41114532761276,0,129,1995,5
1995-05-10,27.92999327220025,,34.42182680591941,0,130,1995,5
1995-05-11,27.959993271529697,,34.449293464422226,0,131,1995,5
1995-05-12,28.059993269294523,,34.46455271914601,0,132,1995,5
1995-05-13,28.07999326884749,,34.45234531536698,0,133,1995,5
1995-05-14,28.189993266388797,,34.424878656864166,0,134,1995,5
1995-05-15,28.249993265047692,,34.41724902950227,0,135,1995,5
1995-05-16,28.27999326437714,,34.328745352104306,0,136,1995,5
1995-05-17,28.289993264153622,,34.28754536435008,0,137,1995,5
1995-05-18,28.289993264153622,,34.22956019639969,0,138,1995,5
1995-05-19,28.329993263259553,,34.1929379850626,0,139,1995,5
1995-05-20,28.409993261471413,,34.18988613411784,0,140,1995,5
1995-05-21,28.50999325923624,,34.209723165258765,0,141,1995,5
1995-05-22,28.529993258789204,,34.23718982376158,0,142,1995,5
1995-05-23,28.599993257224583,,34.186834283173084,0,143,1995,5
1995-05-24,29.219993243366503,,34.16852317750454,0,144,1995,5
1995-05-25,29.529993236437463,,34.2432935256511,0,145,1995,5
1995-05-26,29.569993235543393,,34.295174991711974,0,146,1995,5
1995-05-27,29.509993236884497,,34.330271277576685,0,147,1995,5
1995-05-28,29.449993238225602,,34.34858238324523,0,148,1995,5
1995-05-29,29.39999323934319,,34.39588607288897,0,149,1995,5
1995-05-30,29.499993237108015,,34.44776753894985,0,150,1995,5
1995-05-31,29.579993235319876,,34.46607864461839,0,151,1995,5
1995-06-01,29.59999323487284,,34.47676012292504,0,152,1995,6
1995-06-02,29.55999323576691,,34.4798119738698,0,153,1995,6
1995-06-03,29.51999323666098,,34.440137911587954,0,154,1995,6
1995-06-04,29.51999323666098,,34.41114532761276,0,155,1995,6
1995-06-05,29.499993237108015,,34.365367563441396,0,156,1995,6
1995-06-06,29.549993235990428,,34.32111572474241,0,157,1995,6
1995-06-07,29.59999323487284,,34.26618240773678,0,158,1995,6
1995-06-08,29.589993235096358,,34.24024167470634,0,159,1995,6
1995-06-09,29.469993237778567,,34.244819451123476,0,160,1995,6
1995-06-10,29.32999324090781,,34.270760184153914,0,161,1995,6
1995-06-11,29.449993238225602,,34.28907128982246,0,162,1995,6
1995-06-12,29.729993231967114,,34.342478681355715,0,163,1995,6
1995-06-13,29.70999323241415,,34.365367563441396,0,164,1995,6
1995-06-14,29.619993234425806,,34.37299719080329,0,165,1995,6
1995-06-15,29.51999323666098,,34.36841941438615,0,166,1995,6
1995-06-16,29.449993238225602,,34.365367563441396,0,167,1995,6
1995-06-17,29.419993238896154,,34.3867305200547,0,168,1995,6
1995-06-18,29.43999323844912,,34.39283422194421,0,169,1995,6
1995-06-19,29.36999324001374,,34.408093476668,0,170,1995,6
1995-06-20,29.459993238002085,,34.40046384930611,0,171,1995,6
1995-06-21,29.609993234649323,,34.37147126533091,0,172,1995,6
1995-06-22,29.589993235096358,,34.35926386155188,0,173,1995,6
1995-06-23,29.569993235543393,,34.33790090493858,0,174,1995,6
1995-06-24,29.609993234649323,,34.29670091718435,0,175,1995,6
1995-06-25,29.349993240460776,,34.23871574923396,0,176,1995,6
1995-06-26,29.31999324113133,,34.174626879394054,0,177,1995,6
1995-06-27,29.36999324001374,,34.13495281711221,0,178,1995,6
1995-06-28,29.269993242248916,,34.15631577372551,0,179,1995,6
1995-06-29,29.269993242248916,,34.13495281711221,0,180,1995,6
1995-06-30,29.219993243366503,,34.150212071835995,0,181,1995,6
1995-07-01,29.239993242919468,,34.160893550142646,0,182,1995,7
1995-07-02,29.309993241354846,,34.18836020864546,0,183,1995,7
1995-07-03,29.349993240460776,,34.18073058128357,0,184,1995,7
1995-07-04,29.389993239566707,,34.21277501620352,0,185,1995,7
1995-07-05,29.40999323911967,,34.22650834545493,0,186,1995,7
1995-07-06,29.36999324001374,,34.197515761479735,0,187,1995,7
1995-07-07,29.32999324090781,,34.14563429541886,0,188,1995,7
1995-07-08,29.279993242025398,,34.09527875483036,0,189,1995,7
1995-07-09,29.24999324269595,,33.99761952459812,0,190,1995,7
1995-07-10,29.279993242025398,,34.00067137554288,0,191,1995,7
1995-07-11,29.219993243366503,,33.948789909482,0,192,1995,7
1995-07-12,29.269993242248916,,33.98846397176385,0,193,1995,7
1995-07-13,29.269993242248916,,34.049500990659,0,194,1995,7
1995-07-14,29.389993239566707,,34.00219730101526,0,195,1995,7
1995-07-15,29.43999323844912,,34.01135285384953,0,196,1995,7
1995-07-16,29.449993238225602,,33.97473064251244,0,197,1995,7
1995-07-17,29.509993236884497,,34.04492321424186,0,198,1995,7
1995-07-18,29.589993235096358,,34.06323431991041,0,199,1995,7
1995-07-19,29.62999323420229,,34.06933802179992,0,200,1995,7
1995-07-20,29.529993236437463,,34.1425824444741,0,201,1995,7
1995-07-21,29.43999323844912,,34.17004910297692,0,202,1995,7
1995-07-22,29.40999323911967,,34.11053800955415,0,203,1995,7
1995-07-23,29.389993239566707,,34.03881951235235,0,204,1995,7
1995-07-24,29.35999324023726,,34.052552841603756,0,205,1995,7
1995-07-25,29.279993242025398,,34.09527875483036,0,206,1995,7
1995-07-26,29.239993242919468,,34.13190096616745,0,207,1995,7
1995-07-27,29.139993245154642,,34.11664171144366,0,208,1995,7
1995-07-28,29.109993245825194,,34.08001950010657,0,209,1995,7
1995-07-29,29.08999324627223,,33.97320471704006,0,210,1995,7
1995-07-30,29.079993246495746,,33.86486400850117,0,211,1995,7
1995-07-31,29.05999324694278,,33.71379738673568,0,212,1995,7
1995-08-01,29.029993247613334,,33.69548628106713,0,213,1995,8
1995-08-02,29.0499932471663,,33.75652329996228,0,214,1995,8
1995-08-03,29.029993247613334,,33.81603439338505,0,215,1995,8
1995-08-04,29.0499932471663,,33.77330848015845,0,216,1995,8
1995-08-05,29.119993245601677,,33.838923275470734,0,217,1995,8
1995-08-06,29.549993235990428,,33.80993069149554,0,218,1995,8
1995-08-07,29.689993232861184,,33.74736774712801,0,219,1995,8
1995-08-08,29.6799932330847,,33.634449262171984,0,220,1995,8
1995-08-09,29.619993234425806,,33.66344184614718,0,221,1995,8
1995-08-10,29.62999323420229,,33.70158998295665,0,222,1995,8
1995-08-11,29.579993235319876,,33.63750111311674,0,223,1995,8
1995-08-12,29.539993236213945,,33.51542707532644,0,224,1995,8
1995-08-13,29.429993238672637,,33.47880486398935,0,225,1995,8
1995-08-14,29.36999324001374,,33.58256779611111,0,226,1995,8
1995-08-15,29.299993241578363,,33.645130740478635,0,227,1995,8
1995-08-16,29.28999324180188,,33.61766408197582,0,228,1995,8
1995-08-17,29.189993244037055,,33.58714557252824,0,229,1995,8
1995-08-18,29.139993245154642,,33.50321967154741,0,230,1995,8
1995-08-19,29.069993246719264,,33.54441965930164,0,231,1995,8
1995-08-20,28.999993248283886,,33.596301125362515,0,232,1995,8
1995-08-21,28.989993248507403,,33.54594558477402,0,233,1995,8
1995-08-22,29.00999324806037,,33.45744190737605,0,234,1995,8
1995-08-23,28.999993248283886,,33.442182652652264,0,235,1995,8
1995-08-24,29.05999324694278,,33.3750419318676,0,236,1995,8
1995-08-25,29.139993245154642,,33.2819604780525,0,237,1995,8
1995-08-26,29.16999324448409,,33.28806417994201,0,238,1995,8
1995-08-27,29.219993243366503,,33.38572341017425,0,239,1995,8
1995-08-28,29.229993243142985,,33.40861229225993,0,240,1995,8
1995-08-29,29.109993245825194,,33.417767845094204,0,241,1995,8
1995-08-30,29.08999324627223,,33.46659746021032,0,242,1995,8
1995-08-31,29.069993246719264,,33.43760487623513,0,243,1995,8
1995-09-01,29.069993246719264,,33.55815298855305,0,244,1995,9
1995-09-02,29.149993244931125,,33.622241858392954,0,245,1995,9
1995-09-03,29.149993244931125,,33.610034454613924,0,246,1995,9
1995-09-04,29.179993244260572,,33.67107147350907,0,247,1995,9
1995-09-05,29.159993244707607,,33.63750111311674,0,248,1995,9
1995-09-06,29.199993243813537,,33.54136780835688,0,249,1995,9
1995-09-07,29.139993245154642,,33.27890862710774,0,250,1995,9
1995-09-08,29.05999324694278,,33.201086428016424,0,251,1995,9
1995-09-09,29.199993243813537,,33.21787160821259,0,252,1995,9
1995-09-10,29.379993239790224,,33.31705676391721,0,253,1995,9
1995-09-11,29.35999324023726,,33.272804925218225,0,254,1995,9
1995-09-12,29.219993243366503,,33.346049347892404,0,255,1995,9
1995-09-13,29.079993246495746,,33.39793081395328,0,256,1995,9
1995-09-14,29.119993245601677,,33.26975307427347,0,257,1995,9
1995-09-15,29.12999324537816,,33.11868645250797,0,258,1995,9
1995-09-16,29.139993245154642,,33.0591753590852,0,259,1995,9
1995-09-17,29.139993245154642,,32.96151612885296,0,260,1995,9
1995-09-18,29.08999324627223,,32.850123569369316,0,261,1995,9
1995-09-19,29.039993247389816,,32.78603469952941,0,262,1995,9
1995-09-20,29.029993247613334,,32.75246433913708,0,263,1995,9
1995-09-21,29.09999324604871,,32.74025693535805,0,264,1995,9
1995-09-22,29.00999324806037,,32.802819879725575,0,265,1995,9
1995-09-23,28.969993248954438,,32.8012939542532,0,266,1995,9
1995-09-24,28.93999324962499,,32.88216800428927,0,267,1995,9
1995-09-25,28.959993249177955,,32.97524945810437,0,268,1995,9
1995-09-26,29.039993247389816,,33.176671620458364,0,269,1995,9
1995-09-27,29.09999324604871,,33.31247898750007,0,270,1995,9
1995-09-28,29.109993245825194,,33.367412304505706,0,271,1995,9
1995-09-29,29.029993247613334,,33.4971159696579,0,272,1995,9
1995-09-30,28.949993249401473,,33.47422708757222,0,273,1995,9
1995-10-01,28.909993250295543,,33.25449381954968,0,274,1995,10
1995-10-02,28.969993248954438,,33.15683458931744,0,275,1995,10
1995-10-03,28.999993248283886,,32.92794576846063,0,276,1995,10
1995-10-04,28.989993248507403,,32.85927912220359,0,277,1995,10
1995-10-05,28.909993250295543,,32.76161989197135,0,278,1995,10
1995-10-06,28.909993250295543,,32.79824210330844,0,279,1995,10
1995-10-07,28.989993248507403,,32.95083465054631,0,280,1995,10
1995-10-08,28.929993249848508,,32.828760612756014,0,281,1995,10
1995-10-09,28.909993250295543,,32.71279027685523,0,282,1995,10
1995-10-10,28.839993251860164,,32.53425699658692,0,283,1995,10
1995-10-11,28.919993250072025,,32.66243473626673,0,284,1995,10
1995-10-12,28.31999326348307,,32.912686513736844,0,285,1995,10
1995-10-13,28.219993265718244,,33.0164494458586,0,286,1995,10
1995-10-14,28.23999326527121,,32.87911615334451,0,287,1995,10
1995-10-15,28.39999326169493,,32.825708761811256,0,288,1995,10
1995-10-16,28.329993263259553,,32.69905694760382,0,289,1995,10
1995-10-17,28.409993261471413,,32.68074584193528,0,290,1995,10
1995-10-18,28.449993260577344,,32.70973842591047,0,291,1995,10
1995-10-19,28.569993257895135,,32.68532361835241,0,292,1995,10
1995-10-20,28.66999325565996,,32.67769399099052,0,293,1995,10
1995-10-21,28.759993253648304,,32.5571458786726,0,294,1995,10
1995-10-22,28.73999325409534,,32.5067903380841,0,295,1995,10
1995-10-23,28.729993254318856,,32.55409402772784,0,296,1995,10
1995-10-24,28.759993253648304,,32.66243473626673,0,297,1995,10
1995-10-25,28.719993254542374,,32.53120514564216,0,298,1995,10
1995-10-26,28.679993255436443,,32.477797754108906,0,299,1995,10
1995-10-27,28.659993255883478,,32.73415323346853,0,300,1995,10
1995-10-28,28.639993256330513,,33.103427197784185,0,301,1995,10
1995-10-29,28.599993257224583,,33.19345680065453,0,302,1995,10
1995-10-30,28.599993257224583,,33.07138276286423,0,303,1995,10
1995-10-31,28.539993258565687,,32.99203463830054,0,304,1995,10
1995-11-01,28.569993257895135,,32.853175420314074,0,305,1995,11
1995-11-02,28.54999325834217,,32.44575331918895,0,306,1995,11
1995-11-03,28.489993259683274,,32.7005828730762,0,307,1995,11
1995-11-04,28.449993260577344,,32.94015317223966,0,308,1995,11
1995-11-05,28.359993262589,,32.87148652598262,0,309,1995,11
1995-11-06,28.299993263930105,,32.84859764389694,0,310,1995,11
1995-11-07,28.219993265718244,,32.95083465054631,0,311,1995,11
1995-11-08,28.219993265718244,,32.97982723452151,0,312,1995,11
1995-11-09,28.229993265494727,,33.00271611660719,0,313,1995,11
1995-11-10,28.23999326527121,,33.10190127231181,0,314,1995,11
1995-11-11,28.179993266612314,,33.23313086293638,0,315,1995,11
1995-11-12,28.16999326683583,,33.332316018640995,0,316,1995,11
1995-11-13,28.559993258118652,,33.416241919621825,0,317,1995,11
1995-11-14,28.5899932574481,,33.38419748470187,0,318,1995,11
1995-11-15,28.539993258565687,,33.342997496947646,0,319,1995,11
1995-11-16,28.269993264600657,,33.307901211082935,0,320,1995,11
1995-11-17,28.269993264600657,,33.222449384629726,0,321,1995,11
1995-11-18,28.459993260353826,,33.19345680065453,0,322,1995,11
1995-11-19,28.609993257001065,,33.211767906323075,0,323,1995,11
1995-11-20,28.619993256777548,,33.22855308651924,0,324,1995,11
1995-11-21,28.499993259459757,,33.22702716104686,0,325,1995,11
1995-11-22,28.409993261471413,,33.17361976951361,0,326,1995,11
1995-11-23,28.359993262589,,33.115634601563215,0,327,1995,11
1995-11-24,28.309993263706588,,33.06222721002996,0,328,1995,11
1995-11-25,28.249993265047692,,33.00271611660719,0,329,1995,11
1995-11-26,28.219993265718244,,33.00119019113481,0,330,1995,11
1995-11-27,28.189993266388797,,33.00576796755195,0,331,1995,11
1995-11-28,28.059993269294523,,33.06527906097472,0,332,1995,11
1995-11-29,27.879993273317837,,33.13699755817652,0,333,1995,11
1995-11-30,27.73999327644708,,33.127842005342245,0,334,1995,11
1995-12-01,27.649993278458737,,33.05001980625093,0,335,1995,12
1995-12-02,27.599993279576324,,33.02407907322049,0,336,1995,12
1995-12-03,27.569993280246877,,33.0378124024719,0,337,1995,12
1995-12-04,27.54999328069391,,33.1598864402622,0,338,1995,12
1995-12-05,27.529993281140946,,33.30179750919342,0,339,1995,12
1995-12-06,27.439993283152603,,33.50932337343693,0,340,1995,12
1995-12-07,27.329993285611295,,33.655812218785286,0,341,1995,12
1995-12-08,27.219993288069986,,33.74889367260039,0,342,1995,12
1995-12-09,27.029993292316817,,33.83129364810884,0,343,1995,12
1995-12-10,26.939993294328474,,33.88164918869734,0,344,1995,12
1995-12-11,26.84999329634013,,33.872493635863066,0,345,1995,12
1995-12-12,26.84999329634013,,33.84655290283263,0,346,1995,12
1995-12-13,26.839993296563648,,33.85113067924976,0,347,1995,12
1995-12-14,26.899993295222544,,33.81908624432981,0,348,1995,12
1995-12-15,26.939993294328474,,33.730582566931844,0,349,1995,12
1995-12-16,26.989993293210887,,33.66344184614718,0,350,1995,12
1995-12-17,26.979993293434404,,33.56273076497018,0,351,1995,12
1995-12-18,27.049993291869782,,33.513901149854064,0,352,1995,12
1995-12-19,27.07999329119923,,33.50321967154741,0,353,1995,12
1995-12-20,27.0399932920933,,33.619190007448196,0,354,1995,12
1995-12-21,27.009993292763852,,33.74736774712801,0,355,1995,12
1995-12-22,26.869993295893096,,33.825189946219325,0,356,1995,12
1995-12-23,26.84999329634013,,33.849604753777385,0,357,1995,12
1995-12-24,26.839993296563648,,33.8557084556669,0,358,1995,12
1995-12-25,26.779993297904753,,33.84044920094311,0,359,1995,12
1995-12-26,26.60999330170455,,33.80687884055078,0,360,1995,12
1995-12-27,26.49999330416324,,33.77941218204796,0,361,1995,12
1995-12-28,26.519993303716205,,33.75957515090704,0,362,1995,12
1995-12-29,26.479993304610275,,33.777886256575584,0,363,1995,12
1995-12-30,26.519993303716205,,33.81145661696792,0,364,1995,12
1995-12-31,26.489993304386758,,33.79619736224413,0,365,1995,12
1996-01-01,26.489993304386758,,33.77330848015845,0,1,1996,1
1996-01-02,26.41999330595138,,33.7626270018518,0,2,1996,1
1996-01-03,26.41999330595138,,33.75804922543466,0,3,1996,1
1996-01-04,26.429993305727862,,33.75957515090704,0,4,1996,1
1996-01-05,26.37999330684545,,33.77025662921369,0,5,1996,1
1996-01-06,26.29999330863359,,33.79314551129937,0,6,1996,1
1996-01-07,26.219993310421728,,33.83129364810884,0,7,1996,1
1996-01-08,26.139993312209867,,33.86638993397355,0,8,1996,1
1996-01-09,26.119993312656902,,33.9060639962554,0,9,1996,1
1996-01-10,26.119993312656902,,33.92590102739632,0,10,1996,1
1996-01-11,26.14999331198635,,33.935056580230594,0,11,1996,1
1996-01-12,26.06999331377449,,33.92895287834108,0,12,1996,1
1996-01-13,25.98999331556263,,33.932004729285836,0,13,1996,1
1996-01-14,25.95999331623318,,33.93047880381346,0,14,1996,1
1996-01-15,25.9499933164567,,33.92437510192394,0,15,1996,1
1996-01-16,25.909993317350768,,33.910641772672534,0,16,1996,1
1996-01-17,25.899993317574285,,33.92895287834108,0,17,1996,1
1996-01-18,25.979993315786146,,33.94116028212011,0,18,1996,1
1996-01-19,25.979993315786146,,33.932004729285836,0,19,1996,1
1996-01-20,25.99999331533911,,33.92437510192394,0,20,1996,1
1996-01-21,26.019993314892076,,33.948789909482,0,21,1996,1
1996-01-22,26.019993314892076,,33.95489361137152,0,22,1996,1
1996-01-23,25.95999331623318,,33.95031583495438,0,23,1996,1
1996-01-24,26.009993315115594,,33.957945462316275,0,24,1996,1
1996-01-25,25.91999331712725,,33.97320471704006,0,25,1996,1
1996-01-26,25.98999331556263,,33.948789909482,0,26,1996,1
1996-01-27,25.979993315786146,,33.944212133064866,0,27,1996,1
1996-01-28,26.009993315115594,,33.97320471704006,0,28,1996,1
1996-01-29,26.019993314892076,,33.99609359912574,0,29,1996,1
1996-01-30,25.99999331533911,,33.99609359912574,0,30,1996,1
1996-01-31,25.95999331623318,,34.005249151960015,0,31,1996,1
1996-02-01,26.009993315115594,,34.01440470479429,0,32,1996,2
1996-02-02,26.089993313327454,,34.031189884990454,0,33,1996,2
1996-02-03,26.079993313550972,,34.05560469254851,0,34,1996,2
1996-02-04,26.099993313103937,,34.090700978413224,0,35,1996,2
1996-02-05,26.059993313998007,,34.07544172368944,0,36,1996,2
1996-02-06,25.98999331556263,,34.127323189750314,0,37,1996,2
1996-02-07,25.9499933164567,,34.15478984825313,0,38,1996,2
1996-02-08,25.929993316903733,,34.0922269038856,0,39,1996,2
1996-02-09,25.91999331712725,,34.005249151960015,0,40,1996,2
1996-02-10,25.9499933164567,,34.00219730101526,0,41,1996,2
1996-02-11,25.979993315786146,,33.993041748180985,0,42,1996,2
1996-02-12,26.10999331288042,,33.8557084556669,0,43,1996,2
1996-02-13,26.059993313998007,,33.790093660354614,0,44,1996,2
1996-02-14,25.979993315786146,,33.81145661696792,0,45,1996,2
1996-02-15,26.03999331444504,,33.788567734882236,0,46,1996,2
1996-02-16,26.099993313103937,,33.7549973744899,0,47,1996,2
1996-02-17,26.169993311539315,,33.68785665370524,0,48,1996,2
1996-02-18,26.019993314892076,,33.655812218785286,0,49,1996,2
1996-02-19,25.809993319585942,,33.66344184614718,0,50,1996,2
1996-02-20,25.72999332137408,,33.69853813201189,0,51,1996,2
1996-02-21,25.289993331208848,,33.71379738673568,0,52,1996,2
1996-02-22,24.959993338584923,,33.77025662921369,0,53,1996,2
1996-02-23,24.90999333970251,,33.84655290283263,0,54,1996,2
1996-02-24,24.86999334059658,,33.90453807078302,0,55,1996,2
1996-02-25,25.019993337243818,,33.94268620759249,0,56,1996,2
1996-02-26,25.159993334114574,,33.956419536843896,0,57,1996,2
1996-02-27,25.209993332996987,,33.96099731326103,0,58,1996,2
1996-02-28,25.289993331208848,,33.93658250570297,0,59,1996,2
1996-02-29,25.45999332740905,,33.92437510192394,0,60,1996,2
1996-03-01,25.499993326514982,,33.848078828305006,0,61,1996,3
1996-03-02,25.539993325620912,,33.790093660354614,0,62,1996,3
1996-03-03,25.579993324726843,,33.814508467912674,0,63,1996,3
1996-03-04,25.559993325173878,,33.83129364810884,0,64,1996,3
1996-03-05,25.68999332226815,,33.825189946219325,0,65,1996,3
1996-03-06,25.659993322938703,,33.788567734882236,0,66,1996,3
1996-03-07,25.60999332405629,,33.77178255468607,0,67,1996,3
1996-03-08,25.589993324503325,,33.77025662921369,0,68,1996,3
1996-03-09,25.60999332405629,,33.764152927324176,0,69,1996,3
1996-03-10,25.7199933215976,,33.74736774712801,0,70,1996,3
1996-03-11,25.809993319585942,,33.73821219429374,0,71,1996,3
1996-03-12,26.03999331444504,,33.741264045238495,0,72,1996,3
1996-03-13,26.239993309974693,,33.77941218204796,0,73,1996,3
1996-03-14,26.319993308186554,,33.84655290283263,0,74,1996,3
1996-03-15,26.29999330863359,,33.896908443421125,0,75,1996,3
1996-03-16,26.29999330863359,,33.921323250979185,0,76,1996,3
1996-03-17,26.359993307292484,,33.95947138778865,0,77,1996,3
1996-03-18,26.439993305504345,,33.97930841892958,0,78,1996,3
1996-03-19,26.56999330259862,,34.006775077432394,0,79,1996,3
1996-03-20,26.64999330081048,,34.03576766140759,0,80,1996,3
1996-03-21,26.449993305280827,,34.066286170855165,0,81,1996,3
1996-03-22,26.319993308186554,,34.113589860498905,0,82,1996,3
1996-03-23,26.06999331377449,,34.125797264277935,0,83,1996,3
1996-03-24,25.939993316680216,,34.124271338805556,0,84,1996,3
1996-03-25,25.99999331533911,,34.113589860498905,0,85,1996,3
1996-03-26,26.03999331444504,,34.11206393502653,0,86,1996,3
1996-03-27,26.019993314892076,,34.13342689163983,0,87,1996,3
1996-03-28,25.98999331556263,,34.138004668056965,0,88,1996,3
1996-03-29,26.129993312433385,,34.1425824444741,0,89,1996,3
1996-03-30,26.869993295893096,,34.17004910297692,0,90,1996,3
1996-03-31,27.11999329030516,,34.138004668056965,0,91,1996,3
1996-04-01,27.209993288293504,,34.06323431991041,0,92,1996,4
1996-04-02,27.18999328874054,,34.018982481211424,0,93,1996,4
1996-04-03,27.219993288069986,,33.95947138778865,0,94,1996,4
1996-04-04,27.27999328672888,,33.90453807078302,0,95,1996,4
1996-04-05,27.379993284493708,,33.86638993397355,0,96,1996,4
1996-04-06,27.369993284717225,,33.82824179716408,0,97,1996,4
1996-04-07,27.299993286281847,,33.777886256575584,0,98,1996,4
1996-04-08,27.34999328516426,,33.77025662921369,0,99,1996,4
1996-04-09,27.329993285611295,,33.74889367260039,0,100,1996,4
1996-04-10,27.42999328337612,,33.73668626882136,0,101,1996,4
1996-04-11,27.419993283599638,,33.68480480276048,0,102,1996,4
1996-04-12,27.46999328248205,,33.73516034334898,0,103,1996,4
1996-04-13,27.559993280470394,,33.71990108862519,0,104,1996,4
1996-04-14,27.629993278905772,,33.7549973744899,0,105,1996,4
1996-04-15,27.629993278905772,,33.81908624432981,0,106,1996,4
1996-04-16,27.709993277117633,,33.88317511416972,0,107,1996,4
1996-04-17,27.729993276670598,,33.95031583495438,0,108,1996,4
1996-04-18,27.529993281140946,,33.94726398400962,0,109,1996,4
1996-04-19,27.23999328762295,,33.87554548680782,0,110,1996,4
1996-04-20,27.0399932920933,,33.802301064133644,0,111,1996,4
1996-04-21,27.099993290752195,,33.742789970710874,0,112,1996,4
1996-04-22,27.15999328941109,,33.7336344178766,0,113,1996,4
1996-04-23,27.2699932869524,,33.67717517539859,0,114,1996,4
1996-04-24,27.34999328516426,,33.70158998295665,0,115,1996,4
1996-04-25,27.319993285834812,,33.742789970710874,0,116,1996,4
1996-04-26,27.38999328427019,,33.777886256575584,0,117,1996,4
1996-04-27,27.449993282929086,,33.83281957358122,0,118,1996,4
1996-04-28,27.54999328069391,,33.87554548680782,0,119,1996,4
1996-04-29,27.73999327644708,,33.898434368893504,0,120,1996,4
1996-04-30,27.729993276670598,,33.90148621983826,0,121,1996,4
1996-05-01,27.649993278458737,,33.89233066700399,0,122,1996,5
1996-05-02,27.559993280470394,,33.8770714122802,0,123,1996,5
1996-05-03,27.599993279576324,,33.88317511416972,0,124,1996,5
1996-05-04,27.689993277564668,,33.898434368893504,0,125,1996,5
1996-05-05,28.04999326951804,,33.922849176451564,0,126,1996,5
1996-05-06,28.289993264153622,,33.957945462316275,0,127,1996,5
1996-05-07,28.69999325498941,,33.96252323873341,0,128,1996,5
1996-05-08,29.12999324537816,,33.92895287834108,0,129,1996,5
1996-05-09,29.149993244931125,,33.9060639962554,0,130,1996,5
1996-05-10,29.069993246719264,,33.898434368893504,0,131,1996,5
1996-05-11,29.029993247613334,,33.86944178491831,0,132,1996,5
1996-05-12,29.069993246719264,,33.85265660472214,0,133,1996,5
1996-05-13,29.01999324783685,,33.825189946219325,0,134,1996,5
1996-05-14,29.069993246719264,,33.76110107637942,0,135,1996,5
1996-05-15,29.069993246719264,,33.727530715987086,0,136,1996,5
1996-05-16,29.039993247389816,,33.6832788772881,0,137,1996,5
1996-05-17,28.999993248283886,,33.631397411227226,0,138,1996,5
1996-05-18,28.93999324962499,,33.62987148575485,0,139,1996,5
1996-05-19,28.919993250072025,,33.63597518764436,0,140,1996,5
1996-05-20,28.959993249177955,,33.66344184614718,0,141,1996,5
1996-05-21,29.029993247613334,,33.67412332445383,0,142,1996,5
1996-05-22,29.00999324806037,,33.63750111311674,0,143,1996,5
1996-05-23,29.039993247389816,,33.59172334894538,0,144,1996,5
1996-05-24,29.039993247389816,,33.55052336119115,0,145,1996,5
1996-05-25,29.109993245825194,,33.48490856587887,0,146,1996,5
1996-05-26,29.16999324448409,,33.463545609265566,0,147,1996,5
1996-05-27,29.159993244707607,,33.463545609265566,0,148,1996,5
1996-05-28,29.139993245154642,,33.501693746075034,0,149,1996,5
1996-05-29,29.119993245601677,,33.55357521213591,0,150,1996,5
1996-05-30,29.219993243366503,,33.622241858392954,0,151,1996,5
1996-05-31,29.279993242025398,,33.70006405748427,0,152,1996,5
1996-06-01,29.309993241354846,,33.72295293956995,0,153,1996,6
1996-06-02,29.28999324180188,,33.76873070374131,0,154,1996,6
1996-06-03,29.259993242472433,,33.83129364810884,0,155,1996,6
1996-06-04,29.279993242025398,,33.77330848015845,0,156,1996,6
1996-06-05,29.269993242248916,,33.680227026343346,0,157,1996,6
1996-06-06,29.219993243366503,,33.84655290283263,0,158,1996,6
1996-06-07,29.269993242248916,,33.94726398400962,0,159,1996,6
1996-06-08,29.269993242248916,,34.01135285384953,0,160,1996,6
1996-06-09,29.28999324180188,,34.05865654349327,0,161,1996,6
1996-06-10,29.35999324023726,,34.04644913971424,0,162,1996,6
1996-06-11,29.39999323934319,,33.91674547456205,0,163,1996,6
1996-06-12,29.379993239790224,,33.71990108862519,0,164,1996,6
1996-06-13,29.349993240460776,,33.65428629331291,0,165,1996,6
1996-06-14,29.269993242248916,,33.837397349998355,0,166,1996,6
1996-06-15,29.269993242248916,,33.8770714122802,0,167,1996,6
1996-06-16,29.299993241578363,,33.849604753777385,0,168,1996,6
1996-06-17,29.299993241578363,,33.81603439338505,0,169,1996,6
1996-06-18,29.32999324090781,,33.729056641459465,0,170,1996,6
1996-06-19,29.389993239566707,,33.669545548036695,0,171,1996,6
1996-06-20,29.339993240684294,,33.63597518764436,0,172,1996,6
1996-06-21,29.269993242248916,,33.60087890177965,0,173,1996,6
1996-06-22,29.31999324113133,,33.668019622564316,0,174,1996,6
1996-06-23,29.489993237331532,,33.668019622564316,0,175,1996,6
1996-06-24,29.619993234425806,,33.7122714612633,0,176,1996,6
1996-06-25,29.509993236884497,,33.693960355594754,0,177,1996,6
1996-06-26,29.40999323911967,,33.7549973744899,0,178,1996,6
1996-06-27,29.35999324023726,,33.800775138661265,0,179,1996,6
1996-06-28,29.269993242248916,,33.75957515090704,0,180,1996,6
1996-06-29,29.279993242025398,,33.77483440563083,0,181,1996,6
1996-06-30,29.269993242248916,,33.80687884055078,0,182,1996,6
1996-07-01,29.32999324090781,,33.74889367260039,0,183,1996,7
1996-07-02,29.39999323934319,,33.825189946219325,0,184,1996,7
1996-07-03,29.419993238896154,,33.886226965114474,0,185,1996,7
1996-07-04,29.449993238225602,,33.94116028212011,0,186,1996,7
1996-07-05,28.989993248507403,,33.93963435664773,0,187,1996,7
1996-07-06,28.679993255436443,,33.945738058537245,0,188,1996,7
1996-07-07,28.659993255883478,,33.86333808302879,0,189,1996,7
1996-07-08,28.689993255212926,,33.83129364810884,0,190,1996,7
1996-07-09,28.729993254318856,,33.622241858392954,0,191,1996,7
1996-07-10,28.8199932523072,,33.58104187063873,0,192,1996,7
1996-07-11,28.809993252530717,,33.55204928666353,0,193,1996,7
1996-07-12,28.89999325051906,,33.58714557252824,0,194,1996,7
1996-07-13,28.929993249848508,,33.73210849240422,0,195,1996,7
1996-07-14,28.999993248283886,,33.65123444236815,0,196,1996,7
1996-07-15,29.029993247613334,,33.428449323400855,0,197,1996,7
1996-07-16,29.069993246719264,,33.29111603088677,0,198,1996,7
1996-07-17,29.029993247613334,,33.2819604780525,0,199,1996,7
1996-07-18,29.00999324806037,,33.22092345915735,0,200,1996,7
1996-07-19,29.00999324806037,,33.26364937238395,0,201,1996,7
1996-07-20,28.969993248954438,,33.36283452808857,0,202,1996,7
1996-07-21,28.919993250072025,,33.37809378281236,0,203,1996,7
1996-07-22,28.929993249848508,,33.417767845094204,0,204,1996,7
1996-07-23,28.93999324962499,,33.46201968379319,0,205,1996,7
1996-07-24,28.93999324962499,,33.48033078946173,0,206,1996,7
1996-07-25,28.889993250742577,,33.475753013044596,0,207,1996,7
1996-07-26,28.869993251189612,,33.463545609265566,0,208,1996,7
1996-07-27,28.78999325297775,,33.44981228001416,0,209,1996,7
1996-07-28,28.78999325297775,,33.4467604290694,0,210,1996,7
1996-07-29,28.78999325297775,,33.43302709981799,0,211,1996,7
1996-07-30,28.799993252754234,,33.439130801707506,0,212,1996,7
1996-07-31,28.799993252754234,,33.439130801707506,0,213,1996,7
1996-08-01,28.77999325320127,,33.405560441315174,0,214,1996,8
1996-08-02,28.809993252530717,,33.36436045356095,0,215,1996,8
1996-08-03,28.809993252530717,,33.33994564600289,0,216,1996,8
1996-08-04,28.839993251860164,,33.417767845094204,0,217,1996,8
1996-08-05,28.93999324962499,,33.43150117434561,0,218,1996,8
1996-08-06,28.97999324873092,,33.405560441315174,0,219,1996,8
1996-08-07,28.97999324873092,,33.38419748470187,0,220,1996,8
1996-08-08,28.969993248954438,,33.37809378281236,0,221,1996,8
1996-08-09,28.969993248954438,,33.379619708284736,0,222,1996,8
1996-08-10,29.039993247389816,,33.3964048884809,0,223,1996,8
1996-08-11,29.0499932471663,,33.500167820602655,0,224,1996,8
1996-08-12,29.0499932471663,,33.5184789262712,0,225,1996,8
1996-08-13,28.97999324873092,,33.54289373382926,0,226,1996,8
1996-08-14,28.959993249177955,,33.52000485174358,0,227,1996,8
1996-08-15,28.919993250072025,,33.5688344668597,0,228,1996,8
1996-08-16,28.93999324962499,,33.7336344178766,0,229,1996,8
1996-08-17,28.869993251189612,,33.74889367260039,0,230,1996,8
1996-08-18,28.839993251860164,,33.704641833901405,0,231,1996,8
1996-08-19,28.799993252754234,,33.51084929890931,0,232,1996,8
1996-08-20,28.73999325409534,,33.39793081395328,0,233,1996,8
1996-08-21,28.759993253648304,,33.3033234346658,0,234,1996,8
1996-08-22,28.78999325297775,,33.38572341017425,0,235,1996,8
1996-08-23,28.799993252754234,,33.646656665951014,0,236,1996,8
1996-08-24,28.869993251189612,,33.643604815006256,0,237,1996,8
1996-08-25,29.6799932330847,,33.57646409422159,0,238,1996,8
1996-08-26,29.71999323219063,,33.596301125362515,0,239,1996,8
1996-08-27,29.759993231296562,,33.63902703858912,0,240,1996,8
1996-08-28,29.739993231743597,,33.53373818099499,0,241,1996,8
1996-08-29,29.589993235096358,,33.43455302529037,0,242,1996,8
1996-08-30,29.539993236213945,,33.37199008092284,0,243,1996,8
1996-08-31,29.489993237331532,,33.344523422420025,0,244,1996,8
1996-09-01,29.419993238896154,,33.43302709981799,0,245,1996,9
1996-09-02,29.47999323755505,,33.50932337343693,0,246,1996,9
1996-09-03,29.529993236437463,,33.45744190737605,0,247,1996,9
1996-09-04,29.619993234425806,,33.35062712430954,0,248,1996,9
1996-09-05,29.619993234425806,,33.27585677616298,0,249,1996,9
1996-09-06,29.649993233755254,,33.524582628160715,0,250,1996,9
1996-09-07,29.549993235990428,,33.655812218785286,0,251,1996,9
1996-09-08,29.43999323844912,,33.57951594516635,0,252,1996,9
1996-09-09,29.35999324023726,,33.381145633757114,0,253,1996,9
1996-09-10,29.31999324113133,,33.42387154698372,0,254,1996,9
1996-09-11,29.219993243366503,,33.57646409422159,0,255,1996,9
1996-09-12,29.09999324604871,,33.55357521213591,0,256,1996,9
1996-09-13,28.969993248954438,,33.52916040457785,0,257,1996,9
1996-09-14,29.01999324783685,,33.52000485174358,0,258,1996,9
1996-09-15,29.029993247613334,,33.547471510246396,0,259,1996,9
1996-09-16,29.0499932471663,,33.55052336119115,0,260,1996,9
1996-09-17,29.05999324694278,,33.58256779611111,0,261,1996,9
1996-09-18,29.00999324806037,,33.61613815650344,0,262,1996,9
1996-09-19,28.97999324873092,,33.67717517539859,0,263,1996,9
1996-09-20,28.969993248954438,,33.66038999520242,0,264,1996,9
1996-09-21,29.0499932471663,,33.657338144257665,0,265,1996,9
1996-09-22,28.959993249177955,,33.634449262171984,0,266,1996,9
1996-09-23,28.919993250072025,,33.65428629331291,0,267,1996,9
1996-09-24,28.89999325051906,,33.777886256575584,0,268,1996,9
1996-09-25,28.919993250072025,,33.73210849240422,0,269,1996,9
1996-09-26,29.00999324806037,,33.657338144257665,0,270,1996,9
1996-09-27,29.069993246719264,,33.66038999520242,0,271,1996,9
1996-09-28,29.09999324604871,,33.58256779611111,0,272,1996,9
1996-09-29,28.989993248507403,,33.451338205486536,0,273,1996,9
1996-09-30,28.85999325141313,,33.32926416769624,0,274,1996,9
1996-10-01,28.799993252754234,,33.23007901199162,0,275,1996,10
1996-10-02,28.869993251189612,,33.176671620458364,0,276,1996,10
1996-10-03,28.909993250295543,,33.187353098765016,0,277,1996,10
1996-10-04,29.079993246495746,,33.231604937464,0,278,1996,10
1996-10-05,29.24999324269595,,33.31858268938959,0,279,1996,10
1996-10-06,29.31999324113133,,33.426923397928476,0,280,1996,10
1996-10-07,29.349993240460776,,33.46964931115508,0,281,1996,10
1996-10-08,29.269993242248916,,33.501693746075034,0,282,1996,10
1996-10-09,29.429993238672637,,33.48033078946173,0,283,1996,10
1996-10-10,29.31999324113133,,33.46964931115508,0,284,1996,10
1996-10-11,29.339993240684294,,33.285012328997254,0,285,1996,10
1996-10-12,29.839993229508423,,33.330790093168616,0,286,1996,10
1996-10-13,29.94999322704973,,33.344523422420025,0,287,1996,10
1996-10-14,29.969993226602696,,33.16751606762409,0,288,1996,10
1996-10-15,29.82999322973194,,32.949308725073934,0,289,1996,10
1996-10-16,29.649993233755254,,32.76314581744373,0,290,1996,10
1996-10-17,29.589993235096358,,32.64412363059819,0,291,1996,10
1996-10-18,29.43999323844912,,32.70363472402096,0,292,1996,10
1996-10-19,29.469993237778567,,32.76009396649897,0,293,1996,10
1996-10-20,29.459993238002085,,32.815027283504605,0,294,1996,10
1996-10-21,29.809993230178975,,32.766197668388486,0,295,1996,10
1996-10-22,29.859993229061388,,32.54646440036595,0,296,1996,10
1996-10-23,29.739993231743597,,32.477797754108906,0,297,1996,10
1996-10-24,29.689993232861184,,32.58003476075828,0,298,1996,10
1996-10-25,29.579993235319876,,32.78603469952941,0,299,1996,10
1996-10-26,29.459993238002085,,32.898953184485435,0,300,1996,10
1996-10-27,29.36999324001374,,32.82418283633888,0,301,1996,10
1996-10-28,29.279993242025398,,32.934049470350146,0,302,1996,10
1996-10-29,29.189993244037055,,33.14615311101079,0,303,1996,10
1996-10-30,29.12999324537816,,33.162938291206956,0,304,1996,10
1996-10-31,29.28999324180188,,33.231604937464,0,305,1996,10
1996-11-01,29.309993241354846,,33.31553083844483,0,306,1996,11
1996-11-02,29.279993242025398,,33.08969386853278,0,307,1996,11
1996-11-03,29.159993244707607,,33.007293893024325,0,308,1996,11
1996-11-04,29.079993246495746,,33.079012390226126,0,309,1996,11
1996-11-05,28.93999324962499,,33.32316046580672,0,310,1996,11
1996-11-06,28.829993252083682,,33.51542707532644,0,311,1996,11
1996-11-07,28.70999325476589,,33.54594558477402,0,312,1996,11
1996-11-08,28.679993255436443,,33.60240482725203,0,313,1996,11
1996-11-09,28.649993256106995,,33.4681233856827,0,314,1996,11
1996-11-10,28.62999325655403,,33.46201968379319,0,315,1996,11
1996-11-11,28.539993258565687,,33.48338264040649,0,316,1996,11
1996-11-12,28.46999326013031,,33.45439005643129,0,317,1996,11
1996-11-13,28.989993248507403,,33.29416788183153,0,318,1996,11
1996-11-14,28.999993248283886,,33.19498272612691,0,319,1996,11
1996-11-15,29.029993247613334,,33.27738270163536,0,320,1996,11
1996-11-16,28.519993259012722,,33.39487896300852,0,321,1996,11
1996-11-17,28.42999326102438,,33.38877526111901,0,322,1996,11
1996-11-18,28.409993261471413,,33.42081969603896,0,323,1996,11
1996-11-19,28.289993264153622,,33.50321967154741,0,324,1996,11
1996-11-20,28.229993265494727,,33.63597518764436,0,325,1996,11
1996-11-21,27.989993270859145,,33.73516034334898,0,326,1996,11
1996-11-22,27.949993271753215,,33.77178255468607,0,327,1996,11
1996-11-23,27.939993271976732,,33.78093810752034,0,328,1996,11
1996-11-24,27.92999327220025,,33.69853813201189,0,329,1996,11
1996-11-25,27.8999932728708,,33.646656665951014,0,330,1996,11
1996-11-26,27.8999932728708,,33.55357521213591,0,331,1996,11
1996-11-27,27.8999932728708,,33.43455302529037,0,332,1996,11
1996-11-28,27.799993275105976,,33.38267155922949,0,333,1996,11
1996-11-29,27.649993278458737,,33.31095306202769,0,334,1996,11
1996-11-30,27.53999328091743,,33.29111603088677,0,335,1996,11
1996-12-01,27.459993282705568,,33.35978267714381,0,336,1996,12
1996-12-02,27.419993283599638,,33.55357521213591,0,337,1996,12
1996-12-03,27.38999328427019,,33.68633072823286,0,338,1996,12
1996-12-04,27.369993284717225,,33.7336344178766,0,339,1996,12
1996-12-05,27.34999328516426,,33.790093660354614,0,340,1996,12
1996-12-06,27.359993284940742,,33.85876030661166,0,341,1996,12
1996-12-07,27.359993284940742,,33.90301214531064,0,342,1996,12
1996-12-08,27.249993287399434,,33.90301214531064,0,343,1996,12
1996-12-09,27.049993291869782,,33.90758992172778,0,344,1996,12
1996-12-10,26.96999329365792,,33.96252323873341,0,345,1996,12
1996-12-11,26.869993295893096,,34.029663959518075,0,346,1996,12
1996-12-12,26.869993295893096,,34.07391579821706,0,347,1996,12
1996-12-13,26.859993296116613,,34.06018246896565,0,348,1996,12
1996-12-14,26.87999329566958,,34.03729358687997,0,349,1996,12
1996-12-15,26.909993294999026,,34.00830100290477,0,350,1996,12
1996-12-16,26.96999329365792,,33.98541212081909,0,351,1996,12
1996-12-17,26.95999329388144,,33.93963435664773,0,352,1996,12
1996-12-18,27.029993292316817,,33.896908443421125,0,353,1996,12
1996-12-19,27.059993291646265,,33.87096771039069,0,354,1996,12
1996-12-20,27.019993292540335,,33.84350105188787,0,355,1996,12
1996-12-21,26.45999330505731,,33.83129364810884,0,356,1996,12
1996-12-22,26.479993304610275,,33.838923275470734,0,357,1996,12
1996-12-23,26.429993305727862,,33.8557084556669,0,358,1996,12
1996-12-24,26.37999330684545,,33.88317511416972,0,359,1996,12
1996-12-25,26.29999330863359,,33.89080474153161,0,360,1996,12
1996-12-26,25.929993316903733,,33.9060639962554,0,361,1996,12
1996-12-27,25.869993318244838,,33.93810843117535,0,362,1996,12
1996-12-28,25.859993318468355,,33.97320471704006,0,363,1996,12
1996-12-29,25.579993324726843,,33.99151582270861,0,364,1996,12
1996-12-30,25.589993324503325,,33.99761952459812,0,365,1996,12
1996-12-31,25.549993325397395,,33.993041748180985,0,366,1996,12
1997-01-01,25.699993322044634,,33.99609359912574,0,1,1997,1
1997-01-02,25.68999332226815,,33.993041748180985,0,2,1997,1
1997-01-03,25.68999332226815,,34.00067137554288,0,3,1997,1
1997-01-04,25.769993320480012,,33.99609359912574,0,4,1997,1
1997-01-05,25.809993319585942,,33.99151582270861,0,5,1997,1
1997-01-06,25.809993319585942,,34.00372322648764,0,6,1997,1
1997-01-07,25.769993320480012,,34.00982692837715,0,7,1997,1
1997-01-08,25.739993321150564,,34.00982692837715,0,8,1997,1
1997-01-09,25.749993320927047,,34.005249151960015,0,9,1997,1
1997-01-10,25.769993320480012,,34.01440470479429,0,10,1997,1
1997-01-11,25.83999331891539,,34.02661210857332,0,11,1997,1
1997-01-12,25.60999332405629,,34.041871363297105,0,12,1997,1
1997-01-13,25.479993326962017,,34.05102691613138,0,13,1997,1
1997-01-14,25.44999332763257,,34.06018246896565,0,14,1997,1
1997-01-15,25.4899933267385,,34.07238987274468,0,15,1997,1
1997-01-16,25.479993326962017,,34.0922269038856,0,16,1997,1
1997-01-17,25.509993326291465,,34.11206393502653,0,17,1997,1
1997-01-18,25.60999332405629,,34.124271338805556,0,18,1997,1
1997-01-19,25.639993323385738,,34.12884911522269,0,19,1997,1
1997-01-20,25.7199933215976,,34.136478742584586,0,20,1997,1
1997-01-21,25.769993320480012,,34.15326392278075,0,21,1997,1
1997-01-22,25.779993320256494,,34.173100953921676,0,22,1997,1
1997-01-23,25.72999332137408,,34.185308357700706,0,23,1997,1
1997-01-24,25.809993319585942,,34.19446391053498,0,24,1997,1
1997-01-25,25.629993323609256,,34.211249090731144,0,25,1997,1
1997-01-26,25.539993325620912,,34.22803427092731,0,26,1997,1
1997-01-27,25.559993325173878,,34.22956019639969,0,27,1997,1
1997-01-28,25.60999332405629,,34.234137972816825,0,28,1997,1
1997-01-29,25.64999332316222,,34.26007870584726,0,29,1997,1
1997-01-30,25.669993322715186,,34.2860194388777,0,30,1997,1
1997-01-31,25.64999332316222,,34.305856470018625,0,31,1997,1
1997-02-01,25.709993321821116,,34.319589799270034,0,32,1997,2
1997-02-02,25.79999331980946,,34.33484905399382,0,33,1997,2
1997-02-03,25.819993319362425,,34.34553053230047,0,34,1997,2
1997-02-04,25.849993318691872,,34.340952755883336,0,35,1997,2
1997-02-05,25.829993319138907,,34.3363749794662,0,36,1997,2
1997-02-06,25.79999331980946,,34.32721942663193,0,37,1997,2
1997-02-07,25.779993320256494,,34.293649066239595,0,38,1997,2
1997-02-08,25.79999331980946,,34.244819451123476,0,39,1997,2
1997-02-09,25.819993319362425,,34.21582686714828,0,40,1997,2
1997-02-10,26.219993310421728,,34.246345376595855,0,41,1997,2
1997-02-11,26.469993304833793,,34.29212314076722,0,42,1997,2
1997-02-12,26.56999330259862,,34.31196017190814,0,43,1997,2
1997-02-13,26.489993304386758,,34.32111572474241,0,44,1997,2
1997-02-14,26.369993307068967,,34.318063873797655,0,45,1997,2
1997-02-15,26.399993306398414,,34.316537948325276,0,46,1997,2
1997-02-16,26.389993306621932,,34.31196017190814,0,47,1997,2
1997-02-17,26.37999330684545,,34.307382395491004,0,48,1997,2
1997-02-18,26.30999330841007,,34.331797203049064,0,49,1997,2
1997-02-19,26.219993310421728,,34.32111572474241,0,50,1997,2
1997-02-20,26.129993312433385,,34.307382395491004,0,51,1997,2
1997-02-21,26.03999331444504,,34.31043424643576,0,52,1997,2
1997-02-22,25.969993316009663,,34.33484905399382,0,53,1997,2
1997-02-23,25.929993316903733,,34.38825644552708,0,54,1997,2
1997-02-24,25.9499933164567,,34.39283422194421,0,55,1997,2
1997-02-25,25.979993315786146,,34.3867305200547,0,56,1997,2
1997-02-26,26.019993314892076,,34.38520459458232,0,57,1997,2
1997-02-27,25.979993315786146,,34.354686085134745,0,58,1997,2
1997-02-28,25.979993315786146,,34.33332312852144,0,59,1997,2
1997-03-01,26.089993313327454,,34.316537948325276,0,60,1997,3
1997-03-02,26.06999331377449,,34.270760184153914,0,61,1997,3
1997-03-03,26.059993313998007,,34.26618240773678,0,62,1997,3
1997-03-04,25.269993331655883,,34.2646564822644,0,63,1997,3
1997-03-05,25.06999333612623,,34.26160463131964,0,64,1997,3
1997-03-06,25.10999333523216,,34.25397500395775,0,65,1997,3
1997-03-07,25.06999333612623,,34.270760184153914,0,66,1997,3
1997-03-08,25.06999333612623,,34.29670091718435,0,67,1997,3
1997-03-09,25.06999333612623,,34.30127869360149,0,68,1997,3
1997-03-10,25.229993332549952,,34.293649066239595,0,69,1997,3
1997-03-11,25.37999332919719,,34.28449351340532,0,70,1997,3
1997-03-12,25.519993326067947,,34.28754536435008,0,71,1997,3
1997-03-13,25.319993330538296,,34.28449351340532,0,72,1997,3
1997-03-14,25.169993333891057,,34.27228610962629,0,73,1997,3
1997-03-15,25.21999333277347,,34.269234258681536,0,74,1997,3
1997-03-16,25.629993323609256,,34.282967587932944,0,75,1997,3
1997-03-17,25.91999331712725,,34.31348609738052,0,76,1997,3
1997-03-18,25.79999331980946,,34.331797203049064,0,77,1997,3
1997-03-19,25.789993320032977,,34.3363749794662,0,78,1997,3
1997-03-20,26.479993304610275,,34.35621201060712,0,79,1997,3
1997-03-21,26.629993301257514,,34.365367563441396,0,80,1997,3
1997-03-22,26.61999330148103,,34.37604904174805,0,81,1997,3
1997-03-23,26.549993303045653,,34.37147126533091,0,82,1997,3
1997-03-24,26.56999330259862,,34.39436014741659,0,83,1997,3
1997-03-25,26.559993302822136,,34.401989774778485,0,84,1997,3
1997-03-26,26.509993303939723,,34.38520459458232,0,85,1997,3
1997-03-27,26.45999330505731,,34.35621201060712,0,86,1997,3
1997-03-28,26.469993304833793,,34.34705645777285,0,87,1997,3
1997-03-29,26.49999330416324,,34.340952755883336,0,88,1997,3
1997-03-30,26.53999330326917,,34.33790090493858,0,89,1997,3
1997-03-31,26.519993303716205,,34.35163423418999,0,90,1997,3
1997-04-01,26.33999330773952,,34.35621201060712,0,91,1997,4
1997-04-02,26.249993309751176,,34.353160159662366,0,92,1997,4
1997-04-03,26.329993307963036,,34.36078978702426,0,93,1997,4
1997-04-04,26.87999329566958,,34.36384163796902,0,94,1997,4
1997-04-05,27.18999328874054,,34.377574967220426,0,95,1997,4
1997-04-06,27.099993290752195,,34.38062681816518,0,96,1997,4
1997-04-07,27.019993292540335,,34.37147126533091,0,97,1997,4
1997-04-08,27.139993289858126,,34.36078978702426,0,98,1997,4
1997-04-09,27.11999329030516,,34.34858238324523,0,99,1997,4
1997-04-10,27.11999329030516,,34.33790090493858,0,100,1997,4
1997-04-11,27.88999327309432,,34.3363749794662,0,101,1997,4
1997-04-12,27.8999932728708,,34.3363749794662,0,102,1997,4
1997-04-13,27.909993272647284,,34.32721942663193,0,103,1997,4
1997-04-14,27.999993270635628,,34.31196017190814,0,104,1997,4
1997-04-15,27.949993271753215,,34.270760184153914,0,105,1997,4
1997-04-16,27.84999327398839,,34.281441662460566,0,106,1997,4
1997-04-17,27.80999327488246,,34.26770833320916,0,107,1997,4
1997-04-18,27.879993273317837,,34.209723165258765,0,108,1997,4
1997-04-19,27.769993275776528,,34.22498241998255,0,109,1997,4
1997-04-20,27.4999932818115,,34.258552780374885,0,110,1997,4
1997-04-21,27.81999327465894,,34.28449351340532,0,111,1997,4
1997-04-22,28.00999327041211,,34.31043424643576,0,112,1997,4
1997-04-23,27.999993270635628,,34.33790090493858,0,113,1997,4
1997-04-24,26.529993303492688,,34.35010830871761,0,114,1997,4
1997-04-25,26.639993301033996,,34.36231571249664,0,115,1997,4
1997-04-26,26.629993301257514,,34.36994533985853,0,116,1997,4
1997-04-27,27.42999328337612,,34.377574967220426,0,117,1997,4
1997-04-28,27.489993282035016,,34.39283422194421,0,118,1997,4
1997-04-29,27.519993281364464,,34.401989774778485,0,119,1997,4
1997-04-30,27.569993280246877,,34.391308296471834,0,120,1997,4
1997-05-01,27.669993278011702,,34.377574967220426,0,121,1997,5
1997-05-02,27.769993275776528,,34.3577379360795,0,122,1997,5
1997-05-03,27.879993273317837,,34.36078978702426,0,123,1997,5
1997-05-04,27.939993271976732,,34.36384163796902,0,124,1997,5
1997-05-05,27.979993271082662,,34.40046384930611,0,125,1997,5
1997-05-06,28.04999326951804,,34.43250828422606,0,126,1997,5
1997-05-07,27.92999327220025,,34.43556013517082,0,127,1997,5
1997-05-08,27.919993272423767,,34.412671253085136,0,128,1997,5
1997-05-09,27.84999327398839,,34.366893488913774,0,129,1997,5
1997-05-10,27.54999328069391,,34.35621201060712,0,130,1997,5
1997-05-11,27.569993280246877,,34.331797203049064,0,131,1997,5
1997-05-12,27.57999328002336,,34.30127869360149,0,132,1997,5
1997-05-13,27.58999327979984,,34.282967587932944,0,133,1997,5
1997-05-14,27.629993278905772,,34.28907128982246,0,134,1997,5
1997-05-15,27.61999327912929,,34.29975276812911,0,135,1997,5
1997-05-16,28.23999326527121,,34.30890832096338,0,136,1997,5
1997-05-17,28.249993265047692,,34.305856470018625,0,137,1997,5
1997-05-18,28.209993265941762,,34.29822684265673,0,138,1997,5
1997-05-19,28.15999326705935,,34.27228610962629,0,139,1997,5
1997-05-20,28.269993264600657,,34.27533796057105,0,140,1997,5
1997-05-21,28.38999326191845,,34.257026854902506,0,141,1997,5
1997-05-22,28.42999326102438,,34.24787130206823,0,142,1997,5
1997-05-23,28.499993259459757,,34.24939722754061,0,143,1997,5
1997-05-24,28.54999325834217,,34.22498241998255,0,144,1997,5
1997-05-25,28.66999325565996,,34.21277501620352,0,145,1997,5
1997-05-26,28.769993253424786,,34.20819723978639,0,146,1997,5
1997-05-27,28.77999325320127,,34.17920465581119,0,147,1997,5
1997-05-28,28.769993253424786,,34.139530593529344,0,148,1997,5
1997-05-29,28.839993251860164,,34.162419475615025,0,149,1997,5
1997-05-30,28.959993249177955,,34.18378243222833,0,150,1997,5
1997-05-31,29.01999324783685,,34.199041686952114,0,151,1997,5
1997-06-01,29.0499932471663,,34.18225650675595,0,152,1997,6
1997-06-02,29.05999324694278,,34.20056761242449,0,153,1997,6
1997-06-03,29.0499932471663,,34.186834283173084,0,154,1997,6
1997-06-04,29.119993245601677,,34.17004910297692,0,155,1997,6
1997-06-05,29.239993242919468,,34.1639454010874,0,156,1997,6
1997-06-06,29.43999323844912,,34.16699725203216,0,157,1997,6
1997-06-07,29.619993234425806,,34.18988613411784,0,158,1997,6
1997-06-08,29.55999323576691,,34.21887871809304,0,159,1997,6
1997-06-09,29.51999323666098,,34.25244907848537,0,160,1997,6
1997-06-10,29.509993236884497,,34.269234258681536,0,161,1997,6
1997-06-11,29.489993237331532,,34.270760184153914,0,162,1997,6
1997-06-12,29.40999323911967,,34.26618240773678,0,163,1997,6
1997-06-13,29.449993238225602,,34.25550092943013,0,164,1997,6
1997-06-14,29.579993235319876,,34.27228610962629,0,165,1997,6
1997-06-15,29.62999323420229,,34.2432935256511,0,166,1997,6
1997-06-16,29.66999323330822,,34.24787130206823,0,167,1997,6
1997-06-17,29.649993233755254,,34.23871574923396,0,168,1997,6
1997-06-18,29.66999323330822,,34.21735279262066,0,169,1997,6
1997-06-19,29.70999323241415,,34.18073058128357,0,170,1997,6
1997-06-20,29.63999323397877,,34.19446391053498,0,171,1997,6
1997-06-21,29.55999323576691,,34.20819723978639,0,172,1997,6
1997-06-22,29.459993238002085,,34.160893550142646,0,173,1997,6
1997-06-23,29.449993238225602,,34.20361946336925,0,174,1997,6
1997-06-24,29.47999323755505,,34.19446391053498,0,175,1997,6
1997-06-25,29.389993239566707,,34.173100953921676,0,176,1997,6
1997-06-26,29.279993242025398,,34.13037504069507,0,177,1997,6
1997-06-27,29.239993242919468,,34.078493574634194,0,178,1997,6
1997-06-28,29.159993244707607,,34.005249151960015,0,179,1997,6
1997-06-29,29.179993244260572,,34.00219730101526,0,180,1997,6
1997-06-30,29.139993245154642,,34.01135285384953,0,181,1997,6
1997-07-01,29.149993244931125,,34.049500990659,0,182,1997,7
1997-07-02,29.219993243366503,,34.07238987274468,0,183,1997,7
1997-07-03,29.24999324269595,,34.09833060577512,0,184,1997,7
1997-07-04,29.28999324180188,,34.13037504069507,0,185,1997,7
1997-07-05,29.299993241578363,,34.12274541333318,0,186,1997,7
1997-07-06,29.269993242248916,,34.0998565312475,0,187,1997,7
1997-07-07,29.229993243142985,,34.10901208408177,0,188,1997,7
1997-07-08,29.179993244260572,,34.066286170855165,0,189,1997,7
1997-07-09,29.149993244931125,,34.08307135105133,0,190,1997,7
1997-07-10,29.189993244037055,,34.11664171144366,0,191,1997,7
1997-07-11,29.12999324537816,,34.101382456719875,0,192,1997,7
1997-07-12,29.179993244260572,,34.04644913971424,0,193,1997,7
1997-07-13,29.179993244260572,,34.03271581046283,0,194,1997,7
1997-07-14,29.229993243142985,,34.041871363297105,0,195,1997,7
1997-07-15,29.229993243142985,,34.031189884990454,0,196,1997,7
1997-07-16,29.239993242919468,,34.02356025762856,0,197,1997,7
1997-07-17,29.189993244037055,,34.07238987274468,0,198,1997,7
1997-07-18,29.149993244931125,,34.08459727652371,0,199,1997,7
1997-07-19,29.139993245154642,,34.090700978413224,0,200,1997,7
1997-07-20,29.079993246495746,,34.07391579821706,0,201,1997,7
1997-07-21,29.00999324806037,,34.11816763691604,0,202,1997,7
1997-07-22,29.00999324806037,,34.13190096616745,0,203,1997,7
1997-07-23,29.01999324783685,,34.101382456719875,0,204,1997,7
1997-07-24,29.00999324806037,,34.064760245382786,0,205,1997,7
1997-07-25,28.929993249848508,,34.01440470479429,0,206,1997,7
1997-07-26,28.889993250742577,,33.97473064251244,0,207,1997,7
1997-07-27,28.799993252754234,,33.89385659247637,0,208,1997,7
1997-07-28,28.799993252754234,,33.88317511416972,0,209,1997,7
1997-07-29,28.799993252754234,,33.89233066700399,0,210,1997,7
1997-07-30,28.799993252754234,,33.89385659247637,0,211,1997,7
1997-07-31,28.799993252754234,,33.922849176451564,0,212,1997,7
1997-08-01,28.77999325320127,,33.93810843117535,0,213,1997,8
1997-08-02,28.809993252530717,,33.884701039642096,0,214,1997,8
1997-08-03,28.809993252530717,,33.78246403299272,0,215,1997,8
1997-08-04,28.839993251860164,,33.76873070374131,0,216,1997,8
1997-08-05,28.929993249848508,,33.84655290283263,0,217,1997,8
1997-08-06,28.93999324962499,,33.921323250979185,0,218,1997,8
1997-08-07,28.309993263706588,,33.97473064251244,0,219,1997,8
1997-08-08,28.31999326348307,,34.015930630266666,0,220,1997,8
1997-08-09,28.349993262812518,,34.05102691613138,0,221,1997,8
1997-08-10,28.539993258565687,,34.066286170855165,0,222,1997,8
1997-08-11,28.5899932574481,,34.07238987274468,0,223,1997,8
1997-08-12,28.62999325655403,,34.078493574634194,0,224,1997,8
1997-08-13,28.599993257224583,,34.09527875483036,0,225,1997,8
1997-08-14,28.599993257224583,,34.11969356238842,0,226,1997,8
1997-08-15,28.599993257224583,,34.13037504069507,0,227,1997,8
1997-08-16,28.639993256330513,,34.10901208408177,0,228,1997,8
1997-08-17,28.599993257224583,,34.066286170855165,0,229,1997,8
1997-08-18,28.5899932574481,,34.006775077432394,0,230,1997,8
1997-08-19,28.569993257895135,,33.95489361137152,0,231,1997,8
1997-08-20,28.539993258565687,,33.919797325506806,0,232,1997,8
1997-08-21,28.569993257895135,,33.89996029436588,0,233,1997,8
1997-08-22,28.619993256777548,,33.85265660472214,0,234,1997,8
1997-08-23,28.639993256330513,,33.79314551129937,0,235,1997,8
1997-08-24,28.729993254318856,,33.76720477826893,0,236,1997,8
1997-08-25,28.829993252083682,,33.75652329996228,0,237,1997,8
1997-08-26,28.879993250966095,,33.765678852796555,0,238,1997,8
1997-08-27,28.959993249177955,,33.78551588393748,0,239,1997,8
1997-08-28,28.989993248507403,,33.85113067924976,0,240,1997,8
1997-08-29,28.46999326013031,,33.93963435664773,0,241,1997,8
1997-08-30,28.19999326616528,,33.91827140003443,0,242,1997,8
1997-08-31,28.209993265941762,,33.93963435664773,0,243,1997,8
1997-09-01,28.259993264824175,,33.92895287834108,0,244,1997,9
1997-09-02,28.359993262589,,33.95184176042676,0,245,1997,9
1997-09-03,28.409993261471413,,33.95336768589914,0,246,1997,9
1997-09-04,28.499993259459757,0.12756431,33.94726398400962,0,247,1997,9
1997-09-05,28.529993258789204,,33.95489361137152,0,248,1997,9
1997-09-06,28.799993252754234,0.13540073,33.95031583495438,0,249,1997,9
1997-09-07,29.069993246719264,,34.028138034045696,0,250,1997,9
1997-09-08,29.279993242025398,,34.101382456719875,0,251,1997,9
1997-09-09,29.299993241578363,0.15165818,34.125797264277935,0,252,1997,9
1997-09-10,29.31999324113133,0.15165818,34.066286170855165,0,253,1997,9
1997-09-11,29.879993228614353,,33.94726398400962,0,254,1997,9
1997-09-12,29.94999322704973,,33.93810843117535,0,255,1997,9
1997-09-13,29.919993227720283,,34.031189884990454,0,256,1997,9
1997-09-14,29.859993229061388,,33.944212133064866,0,257,1997,9
1997-09-15,29.779993230849527,0.3141999,33.97167879156768,0,258,1997,9
1997-09-16,29.71999323219063,0.36325604,33.90301214531064,0,259,1997,9
1997-09-17,29.6799932330847,,33.72600479051471,0,260,1997,9
1997-09-18,29.589993235096358,0.34147495,33.65123444236815,0,261,1997,9
1997-09-19,29.509993236884497,0.37275925,33.54441965930164,0,262,1997,9
1997-09-20,29.459993238002085,0.50555146,33.55204928666353,0,263,1997,9
1997-09-21,29.499993237108015,0.47597298,33.60087890177965,0,264,1997,9
1997-09-22,29.36999324001374,0.5453239,33.72295293956995,0,265,1997,9
1997-09-23,29.299993241578363,0.5453239,33.7839899584651,0,266,1997,9
1997-09-24,29.24999324269595,0.596782,33.88775289058685,0,267,1997,9
1997-09-25,29.239993242919468,0.56413436,33.861812157556415,0,268,1997,9
1997-09-26,29.269993242248916,0.56413436,33.7839899584651,0,269,1997,9
1997-09-27,29.239993242919468,0.564134,33.7839899584651,0,270,1997,9
1997-09-28,29.389993239566707,0.564134,33.77178255468607,0,271,1997,9
1997-09-29,29.389993239566707,0.564134,33.73821219429374,0,272,1997,9
1997-09-30,30.089993223920487,0.26912463,33.76110107637942,0,273,1997,9
1997-10-01,29.66999323330822,0.2689948,33.5688344668597,0,274,1997,10
1997-10-02,29.739993231743597,0.26899752,33.54594558477402,0,275,1997,10
1997-10-03,29.459993238002085,0.19962025,33.60087890177965,0,276,1997,10
1997-10-04,29.97999322637918,0.18778822,33.60087890177965,0,277,1997,10
1997-10-05,29.66999323330822,0.25410014,33.70921961031854,0,278,1997,10
1997-10-06,29.659993233531736,0.16436137,33.77025662921369,0,279,1997,10
1997-10-07,29.6799932330847,0.17192465,33.75804922543466,0,280,1997,10
1997-10-08,29.589993235096358,0.2203224,33.7839899584651,0,281,1997,10
1997-10-09,29.529993236437463,0.22033657,33.823664020746946,0,282,1997,10
1997-10-10,29.389993239566707,0.13689487,33.79467143677175,0,283,1997,10
1997-10-11,29.339993240684294,0.1343566,33.8557084556669,0,284,1997,10
1997-10-12,29.229993243142985,0.196101,33.88927881605923,0,285,1997,10
1997-10-13,28.909993250295543,0.19609945,33.91827140003443,0,286,1997,10
1997-10-14,28.609993257001065,,33.909115847200155,0,287,1997,10
1997-10-15,28.609993257001065,,33.90301214531064,0,288,1997,10
1997-10-16,28.5899932574481,,33.884701039642096,0,289,1997,10
1997-10-17,28.649993256106995,,33.86638993397355,0,290,1997,10
1997-10-18,28.659993255883478,,33.81145661696792,0,291,1997,10
1997-10-19,28.599993257224583,0.21985674,33.742789970710874,0,292,1997,10
1997-10-20,28.649993256106995,0.25494057,33.788567734882236,0,293,1997,10
1997-10-21,28.679993255436443,0.25450656,33.79772328771651,0,294,1997,10
1997-10-22,28.729993254318856,0.25257444,33.739738119766116,0,295,1997,10
1997-10-23,28.8199932523072,0.25400895,33.704641833901405,0,296,1997,10
1997-10-24,28.999993248283886,0.22098239,33.776360331103206,0,297,1997,10
1997-10-25,29.259993242472433,0.23449345,33.80840476602316,0,298,1997,10
1997-10-26,29.199993243813537,0.22805329,33.80840476602316,0,299,1997,10
1997-10-27,29.179993244260572,0.18310963,33.81908624432981,0,300,1997,10
1997-10-28,29.09999324604871,0.18391888,33.826715871691704,0,301,1997,10
1997-10-29,29.00999324806037,0.18188554,33.8770714122802,0,302,1997,10
1997-10-30,28.969993248954438,0.18405314,33.970152866095304,0,303,1997,10
1997-10-31,28.869993251189612,0.19610415,34.01287877932191,0,304,1997,10
1997-11-01,28.969993248954438,0.18342179,34.02508618310094,0,305,1997,11
1997-11-02,28.679993255436443,0.17437567,34.028138034045696,0,306,1997,11
1997-11-03,28.529993258789204,0.20284213,33.980834344401956,0,307,1997,11
1997-11-04,28.189993266388797,0.21104118,33.97473064251244,0,308,1997,11
1997-11-05,28.00999327041211,0.25784317,33.96404916420579,0,309,1997,11
1997-11-06,27.939993271976732,0.26321325,33.98541212081909,0,310,1997,11
1997-11-07,27.8999932728708,0.29562196,34.052552841603756,0,311,1997,11
1997-11-08,27.939993271976732,0.34597835,34.125797264277935,0,312,1997,11
1997-11-09,27.959993271529697,0.3114049,34.150212071835995,0,313,1997,11
1997-11-10,27.979993271082662,0.33112743,34.18073058128357,0,314,1997,11
1997-11-11,27.8999932728708,0.33113247,34.199041686952114,0,315,1997,11
1997-11-12,27.829993274435424,0.34125534,34.20361946336925,0,316,1997,11
1997-11-13,27.769993275776528,0.34125534,34.221930569037795,0,317,1997,11
1997-11-14,27.769993275776528,0.34904438,34.2143009416759,0,318,1997,11
1997-11-15,27.729993276670598,0.3491154,34.17920465581119,0,319,1997,11
1997-11-16,27.58999327979984,0.37492839,34.22498241998255,0,320,1997,11
1997-11-17,27.57999328002336,1.027793,34.23871574923396,0,321,1997,11
1997-11-18,27.569993280246877,1.0952119,34.33332312852144,0,322,1997,11
1997-11-19,27.57999328002336,0.408518,34.39588607288897,0,323,1997,11
1997-11-20,26.91999329477551,0.4047177,34.426404582336545,0,324,1997,11
1997-11-21,26.859993296116613,0.4824576,34.47218234650791,0,325,1997,11
1997-11-22,26.899993295222544,0.48193172,34.51948603615165,0,326,1997,11
1997-11-23,27.019993292540335,0.5853264,34.56221194937825,0,327,1997,11
1997-11-24,27.07999329119923,0.58535373,34.58510083146393,0,328,1997,11
1997-11-25,27.07999329119923,0.2898424,34.57747120410204,0,329,1997,11
1997-11-26,27.129993290081643,0.3273929,34.54237491823733,0,330,1997,11
1997-11-27,27.15999328941109,0.2372909,34.5515304710716,0,331,1997,11
1997-11-28,27.089993290975713,0.3336436,34.559160098433495,0,332,1997,11
1997-11-29,27.009993292763852,0.32880655,34.52711566351354,0,333,1997,11
1997-11-30,26.979993293434404,0.31975147,34.47218234650791,0,334,1997,11
1997-12-01,26.96999329365792,0.31978652,34.39893792383373,0,335,1997,12
1997-12-02,26.979993293434404,0.5972422,34.328745352104306,0,336,1997,12
1997-12-03,26.989993293210887,0.59724325,34.29670091718435,0,337,1997,12
1997-12-04,27.009993292763852,0.5802206,34.27991573698819,0,338,1997,12
1997-12-05,27.0399932920933,0.63721365,34.26160463131964,0,339,1997,12
1997-12-06,26.709993299469375,0.7423533,34.26770833320916,0,340,1997,12
1997-12-07,26.759993298351787,1.4154466,34.28449351340532,0,341,1997,12
1997-12-08,26.469993304833793,0.64474577,34.29975276812911,0,342,1997,12
1997-12-09,26.009993315115594,2.7283368,34.31043424643576,0,343,1997,12
1997-12-10,26.139993312209867,2.727735,34.307382395491004,0,344,1997,12
1997-12-11,26.119993312656902,2.4173746,34.26313055679202,0,345,1997,12
1997-12-12,26.22999331019821,1.993373,34.1929379850626,0,346,1997,12
1997-12-13,26.30999330841007,2.036011,34.18073058128357,0,347,1997,12
1997-12-14,25.979993315786146,1.25954,34.21735279262066,0,348,1997,12
1997-12-15,26.03999331444504,1.4668928,34.25244907848537,0,349,1997,12
1997-12-16,26.02999331466856,1.4735869,34.27991573698819,0,350,1997,12
1997-12-17,25.669993322715186,1.5281628,34.293649066239595,0,351,1997,12
1997-12-18,25.579993324726843,2.0330768,34.30890832096338,0,352,1997,12
1997-12-19,25.67999332249167,2.8483443,34.32569350115955,0,353,1997,12
1997-12-20,25.769993320480012,2.8460007,34.30433054454625,0,354,1997,12
1997-12-21,25.859993318468355,0.36201474,34.28907128982246,0,355,1997,12
1997-12-22,26.169993311539315,0.3620817,34.26618240773678,0,356,1997,12
1997-12-23,26.209993310645245,0.36208084,34.24176760017872,0,357,1997,12
1997-12-24,26.25999330952766,1.1176729,34.23718982376158,0,358,1997,12
1997-12-25,26.509993303939723,1.1177652,34.29212314076722,0,359,1997,12
1997-12-26,26.56999330259862,0.6687233,34.34400460682809,0,360,1997,12
1997-12-27,26.489993304386758,0.66931045,34.342478681355715,0,361,1997,12
1997-12-28,26.439993305504345,0.72425294,34.34553053230047,0,362,1997,12
1997-12-29,26.399993306398414,0.551497,34.34858238324523,0,363,1997,12
1997-12-30,26.119993312656902,0.400963,34.35163423418999,0,364,1997,12
1997-12-31,25.99999331533911,0.49485472,34.36994533985853,0,365,1997,12
1998-01-01,25.939993316680216,0.6171467,34.377574967220426,0,1,1998,1
1998-01-02,25.91999331712725,0.7021497,34.37299719080329,0,2,1998,1
1998-01-03,25.9499933164567,0.74310195,34.401989774778485,0,3,1998,1
1998-01-04,25.939993316680216,1.2858181,34.424878656864166,0,4,1998,1
1998-01-05,25.869993318244838,1.2881341,34.43250828422606,0,5,1998,1
1998-01-06,25.79999331980946,1.256726,34.461500868201256,0,6,1998,1
1998-01-07,25.17999333366754,2.1499019,34.46913049556315,0,7,1998,1
1998-01-08,25.189993333444022,2.4806836,34.5011749304831,0,8,1998,1
1998-01-09,25.239993332326435,1.4701614,34.55000454559922,0,9,1998,1
1998-01-10,26.049993314221524,1.4658586,34.59273045882583,0,10,1998,1
1998-01-11,26.249993309751176,0.22287478,34.594256384298205,0,11,1998,1
1998-01-12,26.14999331198635,0.22288853,34.58815268240869,0,12,1998,1
1998-01-13,25.619993323832773,0.18855439,34.61104156449437,0,13,1998,1
1998-01-14,25.4899933267385,0.66578525,34.629352670162916,0,14,1998,1
1998-01-15,25.519993326067947,0.78877664,34.653767477720976,0,15,1998,1
1998-01-16,26.289993308857106,0.78877664,34.68276006169617,0,16,1998,1
1998-01-17,26.529993303492688,0.71202254,34.704123018309474,0,17,1998,1
1998-01-18,26.549993303045653,0.7120133,34.6949674654752,0,18,1998,1
1998-01-19,26.469993304833793,0.31075683,34.678182285279036,0,19,1998,1
1998-01-20,26.349993307516,0.27590224,34.68428598716855,0,20,1998,1
1998-01-21,26.179993311315798,0.4956237,34.68733783811331,0,21,1998,1
1998-01-22,26.14999331198635,0.38638672,34.71022672019899,0,22,1998,1
1998-01-23,26.10999331288042,0.38699305,34.74074522964656,0,23,1998,1
1998-01-24,26.169993311539315,0.37977105,34.75447855889797,0,24,1998,1
1998-01-25,26.06999331377449,0.29447263,34.73616745322943,0,25,1998,1
1998-01-26,26.099993313103937,0.500768,34.691915614530444,0,26,1998,1
1998-01-27,26.079993313550972,0.46481296,34.66902673244476,0,27,1998,1
1998-01-28,26.14999331198635,0.5514808,34.66444895602763,0,28,1998,1
1998-01-29,25.699993322044634,0.5514808,34.65681932866573,0,29,1998,1
1998-01-30,25.52999332584443,0.7617167,34.630878595635295,0,30,1998,1
1998-01-31,25.41999332830312,0.6551249,34.546952694654465,0,31,1998,1
1998-02-01,25.36999332942071,0.63356936,34.4584490172565,0,32,1998,2
1998-02-02,25.29999333098533,0.6276237,34.437086060643196,0,33,1998,2
1998-02-03,25.249993332102918,0.62801945,34.426404582336545,0,34,1998,2
1998-02-04,25.33999333009126,0.39705664,34.414197178557515,0,35,1998,2
1998-02-05,25.36999332942071,0.40005958,34.40046384930611,0,36,1998,2
1998-02-06,25.37999332919719,0.70800346,34.38520459458232,0,37,1998,2
1998-02-07,25.659993322938703,0.7080021,34.35621201060712,0,38,1998,2
1998-02-08,26.019993314892076,0.4642257,34.342478681355715,0,39,1998,2
1998-02-09,26.319993308186554,0.46419224,34.32416757568717,0,40,1998,2
1998-02-10,26.389993306621932,0.68243676,34.29975276812911,0,41,1998,2
1998-02-11,26.439993305504345,0.90236187,34.27381203509867,0,42,1998,2
1998-02-12,26.529993303492688,0.90266657,34.270760184153914,0,43,1998,2
1998-02-13,26.449993305280827,0.5795914,34.293649066239595,0,44,1998,2
1998-02-14,26.159993311762832,0.5794945,34.31043424643576,0,45,1998,2
1998-02-15,25.98999331556263,0.4974094,34.318063873797655,0,46,1998,2
1998-02-16,26.019993314892076,0.4974606,34.33790090493858,0,47,1998,2
1998-02-17,26.089993313327454,0.61517936,34.365367563441396,0,48,1998,2
1998-02-18,26.209993310645245,0.61524636,34.37604904174805,0,49,1998,2
1998-02-19,26.219993310421728,0.51010543,34.3867305200547,0,50,1998,2
1998-02-20,26.76999329812827,0.50894344,34.42030088044703,0,51,1998,2
1998-02-21,26.789993297681235,0.36939043,34.42335273139179,0,52,1998,2
1998-02-22,26.779993297904753,0.4084532,34.43098235875368,0,53,1998,2
1998-02-23,26.699993299692892,0.51618946,34.44624161347747,0,54,1998,2
1998-02-24,26.749993298575305,0.35824105,34.43250828422606,0,55,1998,2
1998-02-25,26.779993297904753,0.35478365,34.39588607288897,0,56,1998,2
1998-02-26,26.989993293210887,0.56232387,34.39436014741659,0,57,1998,2
1998-02-27,26.909993294999026,0.56232387,34.38215274363756,0,58,1998,2
1998-02-28,26.84999329634013,0.33981577,34.3363749794662,0,59,1998,2
1998-03-01,26.219993310421728,0.29991278,34.34400460682809,0,60,1998,3
1998-03-02,25.75999332070353,0.3303312,34.353160159662366,0,61,1998,3
1998-03-03,25.739993321150564,0.5854105,34.35010830871761,0,62,1998,3
1998-03-04,25.64999332316222,0.86041,34.34400460682809,0,63,1998,3
1998-03-05,25.639993323385738,0.7841806,34.35163423418999,0,64,1998,3
1998-03-06,25.579993324726843,0.60348713,34.36841941438615,0,65,1998,3
1998-03-07,25.579993324726843,0.9183606,34.37604904174805,0,66,1998,3
1998-03-08,26.279993309080623,0.85763526,34.36384163796902,0,67,1998,3
1998-03-09,26.359993307292484,1.1047996,34.34705645777285,0,68,1998,3
1998-03-10,26.469993304833793,1.1047897,34.34705645777285,0,69,1998,3
1998-03-11,26.509993303939723,0.9028857,34.33484905399382,0,70,1998,3
1998-03-12,26.559993302822136,0.90288645,34.31196017190814,0,71,1998,3
1998-03-13,26.56999330259862,0.8804496,34.30890832096338,0,72,1998,3
1998-03-14,26.95999329388144,0.5250712,34.30280461907387,0,73,1998,3
1998-03-15,27.149993289634608,0.630323,34.28754536435008,0,74,1998,3
1998-03-16,27.18999328874054,0.64720505,34.270760184153914,0,75,1998,3
1998-03-17,27.029993292316817,0.59015113,34.257026854902506,0,76,1998,3
1998-03-18,26.719993299245857,0.78421295,34.25397500395775,0,77,1998,3
1998-03-19,26.799993297457718,0.7776359,34.26007870584726,0,78,1998,3
1998-03-20,26.819993297010683,0.49054694,34.2860194388777,0,79,1998,3
1998-03-21,26.469993304833793,0.49705815,34.32111572474241,0,80,1998,3
1998-03-22,26.409993306174897,0.5142281,34.36841941438615,0,81,1998,3
1998-03-23,26.369993307068967,0.5144416,34.39893792383373,0,82,1998,3
1998-03-24,26.399993306398414,0.62143594,34.41724902950227,0,83,1998,3
1998-03-25,26.179993311315798,0.44160992,34.41877495497465,0,84,1998,3
1998-03-26,26.329993307963036,0.44246438,34.412671253085136,0,85,1998,3
1998-03-27,26.399993306398414,0.5033902,34.39436014741659,0,86,1998,3
1998-03-28,26.359993307292484,0.5036808,34.36231571249664,0,87,1998,3
1998-03-29,25.969993316009663,0.38132995,34.31348609738052,0,88,1998,3
1998-03-30,25.95999331623318,0.37893325,34.28754536435008,0,89,1998,3
1998-03-31,25.98999331556263,0.4008915,34.270760184153914,0,90,1998,3
1998-04-01,26.119993312656902,0.35614145,34.257026854902506,0,91,1998,4
1998-04-02,26.29999330863359,0.383646,34.26160463131964,0,92,1998,4
1998-04-03,26.29999330863359,0.3837981,34.28754536435008,0,93,1998,4
1998-04-04,26.249993309751176,1.4527416,34.31348609738052,0,94,1998,4
1998-04-05,26.369993307068967,1.4724811,34.32416757568717,0,95,1998,4
1998-04-06,26.509993303939723,1.4724646,34.33484905399382,0,96,1998,4
1998-04-07,26.509993303939723,1.1447284,34.34705645777285,0,97,1998,4
1998-04-08,26.559993302822136,1.144747,34.35926386155188,0,98,1998,4
1998-04-09,26.639993301033996,1.1447846,34.38367866910994,0,99,1998,4
1998-04-10,26.65999330058696,1.0611186,34.39588607288897,0,100,1998,4
1998-04-11,26.549993303045653,1.0550154,34.401989774778485,0,101,1998,4
1998-04-12,27.339993285387777,0.45734885,34.412671253085136,0,102,1998,4
1998-04-13,27.42999328337612,0.48588467,34.41724902950227,0,103,1998,4
1998-04-14,27.459993282705568,0.5603625,34.41724902950227,0,104,1998,4
1998-04-15,27.42999328337612,0.5603625,34.41877495497465,0,105,1998,4
1998-04-16,27.54999328069391,0.39771387,34.43250828422606,0,106,1998,4
1998-04-17,27.559993280470394,0.37114078,34.46607864461839,0,107,1998,4
1998-04-18,27.639993278682255,0.36775243,34.49354530312121,0,108,1998,4
1998-04-19,27.559993280470394,0.40555838,34.50422678142786,0,109,1998,4
1998-04-20,27.179993288964056,0.40482435,34.508804557845,0,110,1998,4
1998-04-21,26.939993294328474,0.39257717,34.511856408789754,0,111,1998,4
1998-04-22,27.2699932869524,0.39257374,34.51796011067927,0,112,1998,4
1998-04-23,27.399993284046673,0.62014014,34.52711566351354,0,113,1998,4
1998-04-24,27.53999328091743,0.6201377,34.5301675144583,0,114,1998,4
1998-04-25,27.54999328069391,0.53682417,34.533219365403056,0,115,1998,4
1998-04-26,27.689993277564668,0.34468842,34.54084899276495,0,116,1998,4
1998-04-27,27.689993277564668,0.3283186,34.54390084370971,0,117,1998,4
1998-04-28,27.799993275105976,0.3283236,34.54847862012684,0,118,1998,4
1998-04-29,27.909993272647284,0.31858766,34.54847862012684,0,119,1998,4
1998-04-30,27.789993275329493,0.31858805,34.54237491823733,0,120,1998,4
1998-05-01,27.709993277117633,0.31773615,34.5301675144583,0,121,1998,5
1998-05-02,27.769993275776528,0.3531029,34.511856408789754,0,122,1998,5
1998-05-03,27.88999327309432,0.37462956,34.49354530312121,0,123,1998,5
1998-05-04,27.959993271529697,0.71826494,34.48438975028694,0,124,1998,5
1998-05-05,27.999993270635628,0.7180764,34.4798119738698,0,125,1998,5
1998-05-06,28.059993269294523,0.5406973,34.48438975028694,0,126,1998,5
1998-05-07,28.16999326683583,0.5405171,34.49049345217645,0,127,1998,5
1998-05-08,28.099993268400453,0.46601388,34.49507122859359,0,128,1998,5
1998-05-09,27.88999327309432,0.46601388,34.49354530312121,0,129,1998,5
1998-05-10,27.8999932728708,0.41825557,34.49049345217645,0,130,1998,5
1998-05-11,27.959993271529697,0.45597473,34.48133789934218,0,131,1998,5
1998-05-12,28.039993269741558,0.46511313,34.46607864461839,0,132,1998,5
1998-05-13,28.019993270188593,0.3483714,34.450819389894605,0,133,1998,5
1998-05-14,27.869993273541354,0.37057906,34.44318976253271,0,134,1998,5
1998-05-15,27.77999327555301,0.32341254,34.450819389894605,0,135,1998,5
1998-05-16,27.789993275329493,0.32341254,34.461500868201256,0,136,1998,5
1998-05-17,27.749993276223563,0.32341254,34.4798119738698,0,137,1998,5
1998-05-18,27.719993276894115,0.2336869,34.49201937764883,0,138,1998,5
1998-05-19,27.839993274211906,0.5615638,34.49201937764883,0,139,1998,5
1998-05-20,28.039993269741558,0.5591078,34.49507122859359,0,140,1998,5
1998-05-21,28.189993266388797,0.41222745,34.463026793673635,0,141,1998,5
1998-05-22,28.259993264824175,0.4122277,34.427930507808924,0,142,1998,5
1998-05-23,28.359993262589,0.41266948,34.40504162572324,0,143,1998,5
1998-05-24,28.42999326102438,0.41258124,34.37604904174805,0,144,1998,5
1998-05-25,28.559993258118652,0.43102714,34.353160159662366,0,145,1998,5
1998-05-26,28.66999325565996,0.23569456,34.342478681355715,0,146,1998,5
1998-05-27,28.689993255212926,0.2420258,34.33484905399382,0,147,1998,5
1998-05-28,28.689993255212926,0.22665079,34.316537948325276,0,148,1998,5
1998-05-29,28.69999325498941,0.24130127,34.27991573698819,0,149,1998,5
1998-05-30,28.839993251860164,0.24222484,34.27686388604343,0,150,1998,5
1998-05-31,28.93999324962499,0.24200022,34.26618240773678,0,151,1998,5
1998-06-01,28.999993248283886,0.24735156,34.27533796057105,0,152,1998,6
1998-06-02,28.999993248283886,0.23197702,34.295174991711974,0,153,1998,6
1998-06-03,28.999993248283886,0.21659021,34.29822684265673,0,154,1998,6
1998-06-04,29.039993247389816,0.21659954,34.29822684265673,0,155,1998,6
1998-06-05,29.0499932471663,0.22694871,34.31196017190814,0,156,1998,6
1998-06-06,29.12999324537816,0.22694871,34.3363749794662,0,157,1998,6
1998-06-07,29.20999324359002,0.270577,34.34858238324523,0,158,1998,6
1998-06-08,29.229993243142985,0.2632298,34.377574967220426,0,159,1998,6
1998-06-09,29.259993242472433,0.30089247,34.37604904174805,0,160,1998,6
1998-06-10,29.339993240684294,0.28287846,34.34400460682809,0,161,1998,6
1998-06-11,29.379993239790224,0.2831904,34.293649066239595,0,162,1998,6
1998-06-12,29.36999324001374,0.3353787,34.32721942663193,0,163,1998,6
1998-06-13,29.379993239790224,0.33537707,34.33332312852144,0,164,1998,6
1998-06-14,29.499993237108015,0.2986974,34.281441662460566,0,165,1998,6
1998-06-15,29.889993228390836,0.29872566,34.244819451123476,0,166,1998,6
1998-06-16,29.98999322615566,0.34401467,34.25092315301299,0,167,1998,6
1998-06-17,30.039993225038074,0.3440314,34.22956019639969,0,168,1998,6
1998-06-18,30.229993220791243,0.20030452,34.24176760017872,0,169,1998,6
1998-06-19,30.239993220567726,0.2636732,34.24939722754061,0,170,1998,6
1998-06-20,30.229993220791243,0.20053867,34.27381203509867,0,171,1998,6
1998-06-21,30.09999322369697,0.2005401,34.25092315301299,0,172,1998,6
1998-06-22,29.959993226826214,0.20051624,34.17920465581119,0,173,1998,6
1998-06-23,29.9099932279438,0.1930051,34.15784169919789,0,174,1998,6
1998-06-24,29.9099932279438,0.20488651,34.139530593529344,0,175,1998,6
1998-06-25,29.779993230849527,0.28050673,34.160893550142646,0,176,1998,6
1998-06-26,29.649993233755254,0.28362444,34.211249090731144,0,177,1998,6
1998-06-27,29.579993235319876,0.28366548,34.21277501620352,0,178,1998,6
1998-06-28,29.469993237778567,0.27789485,34.18988613411784,0,179,1998,6
1998-06-29,29.469993237778567,0.30450624,34.20819723978639,0,180,1998,6
1998-06-30,29.40999323911967,0.30428624,34.21582686714828,0,181,1998,6
1998-07-01,29.39999323934319,0.3048951,34.209723165258765,0,182,1998,7
1998-07-02,29.449993238225602,0.30181044,34.22498241998255,0,183,1998,7
1998-07-03,29.459993238002085,0.26137397,34.246345376595855,0,184,1998,7
1998-07-04,29.489993237331532,0.2591437,34.220404643565416,0,185,1998,7
1998-07-05,29.47999323755505,0.25918806,34.186834283173084,0,186,1998,7
1998-07-06,29.43999323844912,0.24459557,34.14105651900172,0,187,1998,7
1998-07-07,29.379993239790224,0.25323474,34.11816763691604,0,188,1998,7
1998-07-08,29.31999324113133,0.25733444,34.049500990659,0,189,1998,7
1998-07-09,29.279993242025398,0.2575625,33.9991454500705,0,190,1998,7
1998-07-10,29.269993242248916,0.23750784,34.031189884990454,0,191,1998,7
1998-07-11,29.179993244260572,0.2570466,34.028138034045696,0,192,1998,7
1998-07-12,29.239993242919468,0.23951428,34.03271581046283,0,193,1998,7
1998-07-13,29.269993242248916,0.24096304,34.06781209632754,0,194,1998,7
1998-07-14,29.31999324113133,0.24147119,34.06933802179992,0,195,1998,7
1998-07-15,29.36999324001374,0.24351649,34.0708639472723,0,196,1998,7
1998-07-16,29.449993238225602,0.24319713,33.98998989723623,0,197,1998,7
1998-07-17,29.429993238672637,0.30562872,33.919797325506806,0,198,1998,7
1998-07-18,29.379993239790224,0.30563182,33.97473064251244,0,199,1998,7
1998-07-19,29.35999324023726,0.26205215,33.98541212081909,0,200,1998,7
1998-07-20,29.529993236437463,0.2627012,34.00219730101526,0,201,1998,7
1998-07-21,29.63999323397877,0.24482849,33.994567673653364,0,202,1998,7
1998-07-22,29.71999323219063,0.26339084,33.92437510192394,0,203,1998,7
1998-07-23,29.859993229061388,0.263388,33.86333808302879,0,204,1998,7
1998-07-24,29.739993231743597,0.29905793,33.80687884055078,0,205,1998,7
1998-07-25,29.759993231296562,0.29904538,33.788567734882236,0,206,1998,7
1998-07-26,30.21999322101476,0.28942287,33.88317511416972,0,207,1998,7
1998-07-27,30.48999321497979,0.2894272,33.9060639962554,0,208,1998,7
1998-07-28,30.469993215426825,0.2405213,33.91674547456205,0,209,1998,7
1998-07-29,30.29999321922662,0.21390608,33.956419536843896,0,210,1998,7
1998-07-30,30.159993222355865,0.20077445,33.86486400850117,0,211,1998,7
1998-07-31,30.02999322526159,0.2007624,33.874019561335444,0,212,1998,7
1998-08-01,29.899993228167318,0.20076632,33.76873070374131,0,213,1998,8
1998-08-02,29.82999322973194,0.1928393,33.74584182165563,0,214,1998,8
1998-08-03,29.739993231743597,0.19450639,33.777886256575584,0,215,1998,8
1998-08-04,29.699993232637667,0.21069789,33.77941218204796,0,216,1998,8
1998-08-05,29.729993231967114,0.21077807,33.79161958582699,0,217,1998,8
1998-08-06,29.699993232637667,0.1911333,33.838923275470734,0,218,1998,8
1998-08-07,29.66999323330822,0.20963185,33.77178255468607,0,219,1998,8
1998-08-08,29.739993231743597,0.22495615,33.79161958582699,0,220,1998,8
1998-08-09,29.859993229061388,0.21161386,33.81603439338505,0,221,1998,8
1998-08-10,29.86999322883787,0.22167195,33.9060639962554,0,222,1998,8
1998-08-11,29.809993230178975,0.2154401,34.018982481211424,0,223,1998,8
1998-08-12,29.759993231296562,0.21437018,34.05865654349327,0,224,1998,8
1998-08-13,29.63999323397877,0.21424149,34.054078767076135,0,225,1998,8
1998-08-14,29.55999323576691,0.21071672,34.1639454010874,0,226,1998,8
1998-08-15,29.489993237331532,0.21001047,34.2432935256511,0,227,1998,8
1998-08-16,29.449993238225602,0.20948657,34.066286170855165,0,228,1998,8
1998-08-17,29.339993240684294,0.21027856,34.031189884990454,0,229,1998,8
1998-08-18,29.269993242248916,0.21030013,34.05865654349327,0,230,1998,8
1998-08-19,29.199993243813537,0.21936448,34.1212194878608,0,231,1998,8
1998-08-20,29.119993245601677,0.23293152,33.90148621983826,0,232,1998,8
1998-08-21,29.109993245825194,0.29180792,33.83281957358122,0,233,1998,8
1998-08-22,29.119993245601677,0.29534665,33.71990108862519,0,234,1998,8
1998-08-23,29.09999324604871,0.2949627,33.62681963481009,0,235,1998,8
1998-08-24,30.309993219003104,0.2523114,33.64818259142339,0,236,1998,8
1998-08-25,30.439993216097378,0.2528348,33.634449262171984,0,237,1998,8
1998-08-26,30.549993213638686,0.2528466,33.73821219429374,0,238,1998,8
1998-08-27,30.619993212074064,0.25285318,33.96557508967817,0,239,1998,8
1998-08-28,30.55999321341517,0.25285903,34.031189884990454,0,240,1998,8
1998-08-29,30.509993214532756,0.20401156,34.05102691613138,0,241,1998,8
1998-08-30,31.509993192181014,0.20558468,33.968626940622926,0,242,1998,8
1998-08-31,31.4599931932986,0.20558582,33.87096771039069,0,243,1998,8
1998-09-01,31.429993193969153,0.23307344,33.765678852796555,0,244,1998,9
1998-09-02,31.25999319776895,0.23307344,33.765678852796555,0,245,1998,9
1998-09-03,31.089993201568745,0.2390018,33.85876030661166,0,246,1998,9
1998-09-04,30.999993203580402,0.23407163,33.89080474153161,0,247,1998,9
1998-09-05,30.83999320715668,0.2854116,33.982360269874334,0,248,1998,9
1998-09-06,30.749993209168338,0.32280564,34.03576766140759,0,249,1998,9
1998-09-07,30.56999321319165,0.32280564,33.994567673653364,0,250,1998,9
1998-09-08,30.379993217438482,0.21981676,33.982360269874334,0,251,1998,9
1998-09-09,30.229993220791243,0.21981661,34.14563429541886,0,252,1998,9
1998-09-10,30.119993223249935,0.21833399,34.257026854902506,0,253,1998,9
1998-09-11,29.959993226826214,0.18908109,34.24939722754061,0,254,1998,9
1998-09-12,29.779993230849527,0.18943952,34.186834283173084,0,255,1998,9
1998-09-13,29.59999323487284,0.18492152,34.0708639472723,0,256,1998,9
1998-09-14,29.59999323487284,0.18363853,34.076967649161816,0,257,1998,9
1998-09-15,29.569993235543393,0.19334896,34.08307135105133,0,258,1998,9
1998-09-16,29.549993235990428,0.17271273,34.00219730101526,0,259,1998,9
1998-09-17,29.529993236437463,0.17067054,33.74584182165563,0,260,1998,9
1998-09-18,29.43999323844912,0.17939343,33.79924921318889,0,261,1998,9
1998-09-19,29.36999324001374,0.17909287,33.848078828305006,0,262,1998,9
1998-09-20,29.32999324090781,0.2011614,33.814508467912674,0,263,1998,9
1998-09-21,29.389993239566707,0.20143165,33.81756031885743,0,264,1998,9
1998-09-22,29.269993242248916,0.20144047,33.71074553579092,0,265,1998,9
1998-09-23,29.20999324359002,0.2013257,33.727530715987086,0,266,1998,9
1998-09-24,29.159993244707607,0.20831493,33.73516034334898,0,267,1998,9
1998-09-25,29.16999324448409,0.18408796,33.6115603800863,0,268,1998,9
1998-09-26,29.229993243142985,0.18533811,33.622241858392954,0,269,1998,9
1998-09-27,29.279993242025398,0.18396407,33.78704180940986,0,270,1998,9
1998-09-28,29.279993242025398,0.17821811,33.78093810752034,0,271,1998,9
1998-09-29,29.179993244260572,0.18140964,33.77025662921369,0,272,1998,9
1998-09-30,29.08999324627223,0.1823308,33.751945523545146,0,273,1998,9
1998-10-01,29.039993247389816,0.19276433,33.692434430122375,0,274,1998,10
1998-10-02,29.08999324627223,0.24714905,33.69853813201189,0,275,1998,10
1998-10-03,29.119993245601677,0.24235533,33.71379738673568,0,276,1998,10
1998-10-04,29.149993244931125,0.23978576,33.753471449017525,0,277,1998,10
1998-10-05,29.139993245154642,0.23730084,33.82824179716408,0,278,1998,10
1998-10-06,29.16999324448409,0.22408746,33.814508467912674,0,279,1998,10
1998-10-07,29.229993243142985,0.20017096,33.800775138661265,0,280,1998,10
1998-10-08,29.159993244707607,0.18425746,33.764152927324176,0,281,1998,10
1998-10-09,29.139993245154642,0.20015907,33.812982542440295,0,282,1998,10
1998-10-10,29.039993247389816,0.20016605,33.98388619534671,0,283,1998,10
1998-10-11,29.029993247613334,0.2164245,34.064760245382786,0,284,1998,10
1998-10-12,28.949993249401473,0.21653742,34.21582686714828,0,285,1998,10
1998-10-13,28.959993249177955,0.2165453,34.06018246896565,0,286,1998,10
1998-10-14,28.869993251189612,0.2165453,33.80840476602316,0,287,1998,10
1998-10-15,28.839993251860164,0.21654542,33.72295293956995,0,288,1998,10
1998-10-16,28.74999325387182,0.21664001,33.65886406973004,0,289,1998,10
1998-10-17,28.769993253424786,0.21663436,33.657338144257665,0,290,1998,10
1998-10-18,28.74999325387182,0.21696752,33.584093721583486,0,291,1998,10
1998-10-19,28.759993253648304,0.27342087,33.55357521213591,0,292,1998,10
1998-10-20,28.769993253424786,0.4474023,33.54289373382926,0,293,1998,10
1998-10-21,28.78999325297775,0.4474023,33.104953123256564,0,294,1998,10
1998-10-22,28.74999325387182,0.4474023,33.330790093168616,0,295,1998,10
1998-10-23,28.729993254318856,0.4474023,33.34757527336478,0,296,1998,10
1998-10-24,28.73999325409534,0.43136874,33.297219732776284,0,297,1998,10
1998-10-25,28.689993255212926,0.43175212,33.21939753368497,0,298,1998,10
1998-10-26,28.639993256330513,0.4317478,33.04849388077855,0,299,1998,10
1998-10-27,28.619993256777548,0.44113573,32.984405010938644,0,300,1998,10
1998-10-28,28.5899932574481,0.44113573,32.97982723452151,0,301,1998,10
1998-10-29,28.54999325834217,0.4292315,33.0378124024719,0,302,1998,10
1998-10-30,29.179993244260572,0.2985235,33.129367930814624,0,303,1998,10
1998-10-31,29.40999323911967,0.2586487,33.31858268938959,0,304,1998,10
1998-11-01,29.40999323911967,0.25871363,33.62834556028247,0,305,1998,11
1998-11-02,29.309993241354846,0.27306437,33.75804922543466,0,306,1998,11
1998-11-03,29.16999324448409,0.34006685,33.64818259142339,0,307,1998,11
1998-11-04,29.069993246719264,0.34160292,33.367412304505706,0,308,1998,11
1998-11-05,29.139993245154642,0.25633842,33.2819604780525,0,309,1998,11
1998-11-06,28.97999324873092,0.25633842,33.332316018640995,0,310,1998,11
1998-11-07,28.97999324873092,0.24378106,33.43150117434561,0,311,1998,11
1998-11-08,28.949993249401473,0.25936735,33.51084929890931,0,312,1998,11
1998-11-09,28.909993250295543,0.22932412,33.47117523662746,0,313,1998,11
1998-11-10,28.889993250742577,0.24649228,33.48643449135125,0,314,1998,11
1998-11-11,28.78999325297775,0.25941047,33.64970851689577,0,315,1998,11
1998-11-12,28.719993254542374,0.27604273,33.76720477826893,0,316,1998,11
1998-11-13,28.70999325476589,0.24864532,33.739738119766116,0,317,1998,11
1998-11-14,28.769993253424786,0.24868174,33.67107147350907,0,318,1998,11
1998-11-15,28.729993254318856,0.2485841,33.7626270018518,0,319,1998,11
1998-11-16,28.54999325834217,0.24638185,33.6619159206748,0,320,1998,11
1998-11-17,28.799993252754234,,33.590197423473,0,321,1998,11
1998-11-18,28.999993248283886,,33.451338205486536,0,322,1998,11
1998-11-19,28.989993248507403,,33.44523450359702,0,323,1998,11
1998-11-20,28.85999325141313,,33.561204839497805,0,324,1998,11
1998-11-21,28.559993258118652,0.3223971,33.57799001969397,0,325,1998,11
1998-11-22,28.449993260577344,0.32089195,33.646656665951014,0,326,1998,11
1998-11-23,28.38999326191845,0.32039785,33.67107147350907,0,327,1998,11
1998-11-24,28.349993262812518,0.31965852,33.46201968379319,0,328,1998,11
1998-11-25,28.289993264153622,0.29987076,33.29111603088677,0,329,1998,11
1998-11-26,29.08999324627223,0.29865664,33.19498272612691,0,330,1998,11
1998-11-27,28.97999324873092,0.21626893,33.16904199309647,0,331,1998,11
1998-11-28,28.919993250072025,0.19908595,33.140049409121275,0,332,1998,11
1998-11-29,29.039993247389816,0.19900651,33.330790093168616,0,333,1998,11
1998-11-30,28.85999325141313,0.19900376,33.442182652652264,0,334,1998,11
1998-12-01,28.719993254542374,0.20746198,33.716849237680435,0,335,1998,12
1998-12-02,28.619993256777548,0.20748772,33.80840476602316,0,336,1998,12
1998-12-03,28.529993258789204,0.20306201,34.04644913971424,0,337,1998,12
1998-12-04,28.449993260577344,0.20863415,34.211249090731144,0,338,1998,12
1998-12-05,28.379993262141966,0.21294266,34.26618240773678,0,339,1998,12
1998-12-06,28.23999326527121,0.21427716,34.26618240773678,0,340,1998,12
1998-12-07,28.059993269294523,0.29086015,34.21887871809304,0,341,1998,12
1998-12-08,27.8999932728708,0.3414722,34.209723165258765,0,342,1998,12
1998-12-09,27.679993277788185,0.39308783,34.25550092943013,0,343,1998,12
1998-12-10,27.54999328069391,0.3925842,34.2143009416759,0,344,1998,12
1998-12-11,27.449993282929086,0.43315667,34.15631577372551,0,345,1998,12
1998-12-12,27.439993283152603,0.43401417,34.13037504069507,0,346,1998,12
1998-12-13,27.419993283599638,0.43665722,34.15784169919789,0,347,1998,12
1998-12-14,27.399993284046673,0.47106123,34.17920465581119,0,348,1998,12
1998-12-15,27.38999328427019,0.47106862,34.18988613411784,0,349,1998,12
1998-12-16,27.419993283599638,0.70848495,34.09527875483036,0,350,1998,12
1998-12-17,27.379993284493708,,34.00982692837715,0,351,1998,12
1998-12-18,27.419993283599638,0.70884717,33.92895287834108,0,352,1998,12
1998-12-19,27.50999328158798,0.70884717,33.861812157556415,0,353,1998,12
1998-12-20,28.179993266612314,0.70884717,33.802301064133644,0,354,1998,12
1998-12-21,28.489993259683274,0.46208337,33.693960355594754,0,355,1998,12
1998-12-22,28.599993257224583,0.4620837,33.597827050834894,0,356,1998,12
1998-12-23,28.569993257895135,0.32404113,33.49559004418552,0,357,1998,12
1998-12-24,28.47999325990679,0.30959246,33.49864189513028,0,358,1998,12
1998-12-25,28.269993264600657,0.1848062,33.596301125362515,0,359,1998,12
1998-12-26,27.96999327130618,0.18078288,33.85876030661166,0,360,1998,12
1998-12-27,27.759993276000046,0.1813392,34.115115785971284,0,361,1998,12
1998-12-28,27.679993277788185,0.1709869,34.25244907848537,0,362,1998,12
1998-12-29,27.54999328069391,0.19984601,34.3150120228529,0,363,1998,12
1998-12-30,27.50999328158798,0.91367185,34.37604904174805,0,364,1998,12
1998-12-31,27.399993284046673,1.0103279,34.43098235875368,0,365,1998,12
1999-01-01,27.329993285611295,0.90275925,34.45539716631174,0,1,1999,1
1999-01-02,27.19999328851702,0.9548869,34.461500868201256,0,2,1999,1
1999-01-03,27.139993289858126,0.98131967,34.45234531536698,0,3,1999,1
1999-01-04,27.089993290975713,0.9813222,34.41114532761276,0,4,1999,1
1999-01-05,26.99999329298737,1.1581001,34.34858238324523,0,5,1999,1
1999-01-06,26.869993295893096,0.64485484,34.33332312852144,0,6,1999,1
1999-01-07,26.749993298575305,0.64295524,34.342478681355715,0,7,1999,1
1999-01-08,26.639993301033996,0.6415977,34.307382395491004,0,8,1999,1
1999-01-09,26.5799933023751,0.64318156,34.269234258681536,0,9,1999,1
1999-01-10,26.53999330326917,0.62221444,34.24939722754061,0,10,1999,1
1999-01-11,26.549993303045653,0.7585854,34.26007870584726,0,11,1999,1
1999-01-12,26.439993305504345,0.7282707,34.295174991711974,0,12,1999,1
1999-01-13,26.329993307963036,0.59128934,34.33942683041096,0,13,1999,1
1999-01-14,26.289993308857106,0.5715071,34.401989774778485,0,14,1999,1
1999-01-15,26.26999330930414,0.56534827,34.4294564332813,0,15,1999,1
1999-01-16,26.199993310868763,0.5653519,34.43556013517082,0,16,1999,1
1999-01-17,26.179993311315798,0.4891697,34.424878656864166,0,17,1999,1
1999-01-18,26.239993309974693,0.49002317,34.42182680591941,0,18,1999,1
1999-01-19,26.22999331019821,0.4878864,34.3867305200547,0,19,1999,1
1999-01-20,26.239993309974693,0.5276005,34.38062681816518,0,20,1999,1
1999-01-21,26.239993309974693,0.47681403,34.40656755119562,0,21,1999,1
1999-01-22,26.239993309974693,0.50688434,34.437086060643196,0,22,1999,1
1999-01-23,26.159993311762832,0.66037244,34.43556013517082,0,23,1999,1
1999-01-24,26.199993310868763,0.583945,34.44624161347747,0,24,1999,1
1999-01-25,26.099993313103937,,34.48286382481456,0,25,1999,1
1999-01-26,26.119993312656902,2.2870326,34.52864158898592,0,26,1999,1
1999-01-27,26.059993313998007,3.1223333,34.55305639654398,0,27,1999,1
1999-01-28,26.059993313998007,2.405051,34.54237491823733,0,28,1999,1
1999-01-29,26.059993313998007,2.683638,34.55458232201636,0,29,1999,1
1999-01-30,26.02999331466856,2.658932,34.59273045882583,0,30,1999,1
1999-01-31,25.99999331533911,3.1346385,34.61256748996675,0,31,1999,1
1999-02-01,26.06999331377449,3.3665357,34.594256384298205,0,32,1999,2
1999-02-02,26.199993310868763,3.3893552,34.57899712957442,0,33,1999,2
1999-02-03,26.219993310421728,5.307428,34.56831565126777,0,34,1999,2
1999-02-04,26.219993310421728,5.3077536,34.53932306729257,0,35,1999,2
1999-02-05,26.169993311539315,0.97517914,34.49659715406597,0,36,1999,2
1999-02-06,26.10999331288042,0.97717094,34.48133789934218,0,37,1999,2
1999-02-07,26.06999331377449,0.9815084,34.50270085595548,0,38,1999,2
1999-02-08,26.03999331444504,0.5642384,34.536271216347814,0,39,1999,2
1999-02-09,26.02999331466856,0.34991407,34.53169343993068,0,40,1999,2
1999-02-10,26.049993314221524,0.41500196,34.50727863237262,0,41,1999,2
1999-02-11,26.26999330930414,0.41500452,34.46760457009077,0,42,1999,2
1999-02-12,26.679993300139927,0.43838882,34.43403420969844,0,43,1999,2
1999-02-13,26.819993297010683,0.43838802,34.41724902950227,0,44,1999,2
1999-02-14,26.759993298351787,0.5118923,34.35926386155188,0,45,1999,2
1999-02-15,26.789993297681235,0.5418147,34.34553053230047,0,46,1999,2
1999-02-16,26.779993297904753,0.54855233,34.37452311627567,0,47,1999,2
1999-02-17,26.76999329812827,0.55596006,34.377574967220426,0,48,1999,2
1999-02-18,26.61999330148103,0.77525175,34.342478681355715,0,49,1999,2
1999-02-19,26.60999330170455,0.7752397,34.32569350115955,0,50,1999,2
1999-02-20,26.56999330259862,0.77523917,34.32111572474241,0,51,1999,2
1999-02-21,26.199993310868763,0.7170337,34.319589799270034,0,52,1999,2
1999-02-22,25.909993317350768,0.7232747,34.31196017190814,0,53,1999,2
1999-02-23,25.859993318468355,0.88843656,34.32569350115955,0,54,1999,2
1999-02-24,25.909993317350768,0.89968795,34.35010830871761,0,55,1999,2
1999-02-25,25.969993316009663,0.8451522,34.37147126533091,0,56,1999,2
1999-02-26,26.019993314892076,0.4721243,34.379100892692804,0,57,1999,2
1999-02-27,26.009993315115594,0.4825414,34.377574967220426,0,58,1999,2
1999-02-28,26.03999331444504,0.44817603,34.37604904174805,0,59,1999,2
1999-03-01,26.14999331198635,0.45199007,34.3867305200547,0,60,1999,3
1999-03-02,26.129993312433385,0.45206118,34.38062681816518,0,61,1999,3
1999-03-03,26.129993312433385,0.520682,34.36078978702426,0,62,1999,3
1999-03-04,26.06999331377449,0.5267427,34.366893488913774,0,63,1999,3
1999-03-05,26.14999331198635,0.5259872,34.34705645777285,0,64,1999,3
1999-03-06,26.139993312209867,0.47250283,34.37452311627567,0,65,1999,3
1999-03-07,26.18999331109228,0.25621697,34.36231571249664,0,66,1999,3
1999-03-08,26.18999331109228,0.34863222,34.3150120228529,0,67,1999,3
1999-03-09,28.00999327041211,0.3250179,34.32721942663193,0,68,1999,3
1999-03-10,28.109993268176936,0.23998965,34.36231571249664,0,69,1999,3
1999-03-11,28.019993270188593,0.24621084,34.379100892692804,0,70,1999,3
1999-03-12,27.749993276223563,0.24627894,34.40504162572324,0,71,1999,3
1999-03-13,27.65999327823522,0.23103206,34.39283422194421,0,72,1999,3
1999-03-14,27.69999327734115,0.23204824,34.37604904174805,0,73,1999,3
1999-03-15,27.519993281364464,0.20979375,34.391308296471834,0,74,1999,3
1999-03-16,27.34999328516426,0.21059237,34.41877495497465,1,75,1999,3
1999-03-17,27.34999328516426,0.26970926,34.45234531536698,0,76,1999,3
1999-03-18,27.379993284493708,0.29231545,34.47218234650791,0,77,1999,3
1999-03-19,27.61999327912929,0.24272333,34.47218234650791,0,78,1999,3
1999-03-20,27.449993282929086,0.22240204,34.46913049556315,0,79,1999,3
1999-03-21,27.27999328672888,0.22240204,34.4798119738698,0,80,1999,3
1999-03-22,27.18999328874054,0.4658374,34.50270085595548,0,81,1999,3
1999-03-23,27.439993283152603,0.4658374,34.499649005010724,0,82,1999,3
1999-03-24,27.419993283599638,0.2900723,34.49354530312121,0,83,1999,3
1999-03-25,27.46999328248205,0.2130208,34.473708271980286,0,84,1999,3
1999-03-26,27.46999328248205,0.20398535,34.46760457009077,0,85,1999,3
1999-03-27,27.459993282705568,0.21043652,34.50270085595548,0,86,1999,3
1999-03-28,27.409993283823155,0.21046732,34.51490825973451,0,87,1999,3
1999-03-29,27.379993284493708,0.21040487,34.50575270690024,0,88,1999,3
1999-03-30,27.359993284940742,0.18428649,34.473708271980286,0,89,1999,3
1999-03-31,27.399993284046673,0.2019566,34.438611986115575,0,90,1999,3
1999-04-01,27.42999328337612,0.24966177,34.44776753894985,0,91,1999,4
1999-04-02,27.409993283823155,0.25038865,34.473708271980286,0,92,1999,4
1999-04-03,27.42999328337612,0.23422112,34.498123079538345,0,93,1999,4
1999-04-04,27.479993282258533,0.23482385,34.498123079538345,0,94,1999,4
1999-04-05,27.57999328002336,0.25407776,34.50575270690024,0,95,1999,4
1999-04-06,27.559993280470394,0.2544703,34.50270085595548,0,96,1999,4
1999-04-07,27.909993272647284,0.2544289,34.50270085595548,0,97,1999,4
1999-04-08,27.909993272647284,0.21719317,34.49507122859359,0,98,1999,4
1999-04-09,27.909993272647284,0.21719305,34.47218234650791,0,99,1999,4
1999-04-10,27.959993271529697,0.21643159,34.424878656864166,0,100,1999,4
1999-04-11,27.919993272423767,0.21642208,34.354686085134745,0,101,1999,4
1999-04-12,27.92999327220025,0.22905354,34.31196017190814,0,102,1999,4
1999-04-13,27.989993270859145,0.22905366,34.2860194388777,0,103,1999,4
1999-04-14,28.019993270188593,0.2289765,34.328745352104306,0,104,1999,4
1999-04-15,27.989993270859145,0.22897565,34.379100892692804,0,105,1999,4
1999-04-16,28.04999326951804,0.24195214,34.42030088044703,0,106,1999,4
1999-04-17,28.04999326951804,0.24191043,34.426404582336545,0,107,1999,4
1999-04-18,28.07999326884749,0.24182901,34.42182680591941,0,108,1999,4
1999-04-19,28.059993269294523,0.3508794,34.440137911587954,0,109,1999,4
1999-04-20,27.879993273317837,0.35782278,34.463026793673635,0,110,1999,4
1999-04-21,27.869993273541354,0.36849463,34.44776753894985,0,111,1999,4
1999-04-22,27.85999327376487,0.38349265,34.32111572474241,0,112,1999,4
1999-04-23,27.909993272647284,0.38448164,34.2646564822644,0,113,1999,4
1999-04-24,27.939993271976732,0.38441363,34.342478681355715,0,114,1999,4
1999-04-25,27.84999327398839,0.39461103,34.26007870584726,0,115,1999,4
1999-04-26,27.879993273317837,0.32241106,34.10443430766463,0,116,1999,4
1999-04-27,27.88999327309432,0.31361464,34.11816763691604,0,117,1999,4
1999-04-28,27.959993271529697,0.2884237,34.08764912746847,0,118,1999,4
1999-04-29,28.39999326169493,0.29888535,34.125797264277935,0,119,1999,4
1999-04-30,28.499993259459757,0.28437412,34.13342689163983,0,120,1999,4
1999-05-01,28.519993259012722,0.28465015,34.15784169919789,0,121,1999,5
1999-05-02,28.54999325834217,0.29916084,34.17615280486643,0,122,1999,5
1999-05-03,28.849993251636647,0.30565953,34.18378243222833,0,123,1999,5
1999-05-04,28.66999325565996,0.29798672,34.14563429541886,0,124,1999,5
1999-05-05,28.69999325498941,0.29800585,34.07391579821706,0,125,1999,5
1999-05-06,28.719993254542374,0.29802966,34.005249151960015,0,126,1999,5
1999-05-07,28.78999325297775,0.29803646,33.993041748180985,0,127,1999,5
1999-05-08,28.74999325387182,0.24256665,33.97930841892958,0,128,1999,5
1999-05-09,28.619993256777548,0.24255505,33.96557508967817,0,129,1999,5
1999-05-10,28.599993257224583,0.2420717,33.98388619534671,0,130,1999,5
1999-05-11,28.619993256777548,0.24306428,34.02661210857332,0,131,1999,5
1999-05-12,28.69999325498941,0.24046806,34.03729358687997,0,132,1999,5
1999-05-13,28.689993255212926,0.22666164,34.04644913971424,0,133,1999,5
1999-05-14,28.769993253424786,0.26865482,34.07391579821706,0,134,1999,5
1999-05-15,28.799993252754234,0.2654438,34.09527875483036,0,135,1999,5
1999-05-16,28.799993252754234,0.27066374,34.1212194878608,0,136,1999,5
1999-05-17,28.77999325320127,0.40229368,34.15326392278075,0,137,1999,5
1999-05-18,28.679993255436443,0.40472022,34.18988613411784,0,138,1999,5
1999-05-19,28.62999325655403,0.4087779,34.21582686714828,0,139,1999,5
1999-05-20,28.659993255883478,0.50437564,34.22498241998255,0,140,1999,5
1999-05-21,28.73999325409534,0.5045534,34.21277501620352,0,141,1999,5
1999-05-22,28.769993253424786,0.5047873,34.22650834545493,0,142,1999,5
1999-05-23,28.849993251636647,0.5047847,34.25397500395775,0,143,1999,5
1999-05-24,28.869993251189612,0.4631172,34.27838981151581,0,144,1999,5
1999-05-25,28.969993248954438,0.46311805,34.30890832096338,0,145,1999,5
1999-05-26,29.039993247389816,0.46051025,34.30127869360149,0,146,1999,5
1999-05-27,29.029993247613334,0.36091277,34.24024167470634,0,147,1999,5
1999-05-28,28.999993248283886,0.31887078,34.148686146363616,0,148,1999,5
1999-05-29,28.989993248507403,0.27155536,34.11969356238842,0,149,1999,5
1999-05-30,29.069993246719264,0.26550284,34.11664171144366,0,150,1999,5
1999-05-31,29.119993245601677,0.26581132,34.07238987274468,0,151,1999,5
1999-06-01,29.16999324448409,0.2659835,34.00372322648764,0,152,1999,6
1999-06-02,29.16999324448409,0.25139064,33.93963435664773,0,153,1999,6
1999-06-03,29.149993244931125,0.27616763,33.81603439338505,0,154,1999,6
1999-06-04,29.179993244260572,0.43810952,33.739738119766116,0,155,1999,6
1999-06-05,29.179993244260572,0.4422634,33.74584182165563,0,156,1999,6
1999-06-06,29.309993241354846,0.4422634,33.739738119766116,0,157,1999,6
1999-06-07,29.619993234425806,0.44226086,33.73210849240422,0,158,1999,6
1999-06-08,29.699993232637667,0.4422149,33.73210849240422,0,159,1999,6
1999-06-09,29.689993232861184,0.4422149,33.680227026343346,0,160,1999,6
1999-06-10,29.729993231967114,0.4422143,33.61461223103106,0,161,1999,6
1999-06-11,29.729993231967114,0.4422143,33.58256779611111,0,162,1999,6
1999-06-12,29.6799932330847,0.4380786,33.61613815650344,0,163,1999,6
1999-06-13,29.619993234425806,0.39940578,33.669545548036695,0,164,1999,6
1999-06-14,29.51999323666098,0.636004,33.8343454990536,0,165,1999,6
1999-06-15,29.489993237331532,0.6747134,33.91521954908967,0,166,1999,6
1999-06-16,29.509993236884497,0.6186235,33.8557084556669,0,167,1999,6
1999-06-17,29.489993237331532,0.6203175,33.82213809527457,0,168,1999,6
1999-06-18,29.499993237108015,0.63830066,33.823664020746946,0,169,1999,6
1999-06-19,29.549993235990428,0.6638832,33.825189946219325,0,170,1999,6
1999-06-20,29.47999323755505,0.6638832,33.76110107637942,0,171,1999,6
1999-06-21,29.40999323911967,0.39204338,33.69853813201189,0,172,1999,6
1999-06-22,29.309993241354846,0.39121193,33.74889367260039,0,173,1999,6
1999-06-23,29.31999324113133,0.46779373,33.64970851689577,0,174,1999,6
1999-06-24,29.379993239790224,0.32755053,33.61308630555868,0,175,1999,6
1999-06-25,29.549993235990428,0.42443764,33.69701220653951,0,176,1999,6
1999-06-26,29.51999323666098,0.40936086,33.78093810752034,0,177,1999,6
1999-06-27,29.509993236884497,0.40940008,33.727530715987086,0,178,1999,6
1999-06-28,29.40999323911967,0.40897623,33.59172334894538,0,179,1999,6
1999-06-29,29.40999323911967,0.3127221,33.56273076497018,0,180,1999,6
1999-06-30,29.349993240460776,0.33461908,33.59477519989014,0,181,1999,6
1999-07-01,29.349993240460776,0.32975635,33.62681963481009,0,182,1999,7
1999-07-02,29.379993239790224,0.3297557,33.596301125362515,0,183,1999,7
1999-07-03,29.32999324090781,0.32975695,33.547471510246396,0,184,1999,7
1999-07-04,29.379993239790224,0.36531717,33.38267155922949,0,185,1999,7
1999-07-05,29.609993234649323,0.28776953,33.40861229225993,0,186,1999,7
1999-07-06,29.619993234425806,0.27330744,33.37046415545046,0,187,1999,7
1999-07-07,29.59999323487284,0.28330153,33.38572341017425,0,188,1999,7
1999-07-08,29.529993236437463,0.23176228,33.38877526111901,0,189,1999,7
1999-07-09,29.47999323755505,0.31920698,33.44828635454178,0,190,1999,7
1999-07-10,29.489993237331532,0.30885103,33.50321967154741,0,191,1999,7
1999-07-11,29.419993238896154,0.26514354,33.56578261591494,0,192,1999,7
1999-07-12,29.449993238225602,0.28730974,33.58867149800062,0,193,1999,7
1999-07-13,29.429993238672637,0.2692593,33.57951594516635,0,194,1999,7
1999-07-14,29.459993238002085,0.27167374,33.56273076497018,0,195,1999,7
1999-07-15,29.43999323844912,0.27591044,33.55357521213591,0,196,1999,7
1999-07-16,29.43999323844912,0.25841212,33.51542707532644,0,197,1999,7
1999-07-17,29.36999324001374,0.25797677,33.49559004418552,0,198,1999,7
1999-07-18,29.31999324113133,0.21878552,33.55357521213591,0,199,1999,7
1999-07-19,29.28999324180188,0.21878552,33.64818259142339,0,200,1999,7
1999-07-20,29.219993243366503,0.21842468,33.704641833901405,0,201,1999,7
1999-07-21,29.149993244931125,0.21849151,33.73210849240422,0,202,1999,7
1999-07-22,29.139993245154642,0.21809979,33.73210849240422,0,203,1999,7
1999-07-23,29.12999324537816,0.22855742,33.69090850465,0,204,1999,7
1999-07-24,29.109993245825194,0.22856504,33.60545667819679,0,205,1999,7
1999-07-25,29.029993247613334,0.2271694,33.55510113760829,0,206,1999,7
1999-07-26,28.989993248507403,0.21980141,33.53221225552261,0,207,1999,7
1999-07-27,28.89999325051906,0.2073663,33.524582628160715,0,208,1999,7
1999-07-28,28.889993250742577,0.276582,33.50321967154741,0,209,1999,7
1999-07-29,28.879993250966095,0.2859002,33.48338264040649,0,210,1999,7
1999-07-30,28.879993250966095,0.26983622,33.50321967154741,0,211,1999,7
1999-07-31,28.869993251189612,0.2720163,33.54289373382926,0,212,1999,7
1999-08-01,28.849993251636647,0.27166697,33.59324927441776,0,213,1999,8
1999-08-02,28.879993250966095,0.2598962,33.63902703858912,0,214,1999,8
1999-08-03,28.869993251189612,0.25989518,33.57646409422159,0,215,1999,8
1999-08-04,28.89999325051906,0.25989518,33.5398418828845,0,216,1999,8
1999-08-05,28.97999324873092,0.25989518,33.54441965930164,0,217,1999,8
1999-08-06,28.929993249848508,0.2598929,33.54289373382926,0,218,1999,8
1999-08-07,28.85999325141313,0.2598929,33.536790031939745,0,219,1999,8
1999-08-08,28.639993256330513,0.25991276,33.547471510246396,0,220,1999,8
1999-08-09,28.46999326013031,0.25991276,33.559678914025426,0,221,1999,8
1999-08-10,28.489993259683274,0.34427774,33.584093721583486,0,222,1999,8
1999-08-11,28.559993258118652,0.32360765,33.6405529640615,0,223,1999,8
1999-08-12,28.609993257001065,0.32360765,33.72142701409757,0,224,1999,8
1999-08-13,28.599993257224583,0.34427774,33.71990108862519,0,225,1999,8
1999-08-14,28.62999325655403,0.34589273,33.70158998295665,0,226,1999,8
1999-08-15,28.62999325655403,0.34589273,33.730582566931844,0,227,1999,8
1999-08-16,28.679993255436443,0.34589273,33.86944178491831,0,228,1999,8
1999-08-17,28.62999325655403,0.34589213,33.88012326322496,0,229,1999,8
1999-08-18,28.619993256777548,0.34589213,33.80993069149554,0,230,1999,8
1999-08-19,28.599993257224583,0.3458482,33.81603439338505,0,231,1999,8
1999-08-20,28.569993257895135,0.3458482,33.646656665951014,0,232,1999,8
1999-08-21,28.599993257224583,0.28369537,33.56730854138732,0,233,1999,8
1999-08-22,28.639993256330513,0.28369537,33.559678914025426,0,234,1999,8
1999-08-23,28.659993255883478,0.22273609,33.61308630555868,0,235,1999,8
1999-08-24,28.74999325387182,0.22273609,33.67717517539859,0,236,1999,8
1999-08-25,28.849993251636647,0.20260537,33.61308630555868,0,237,1999,8
1999-08-26,28.89999325051906,0.20108625,33.561204839497805,0,238,1999,8
1999-08-27,28.959993249177955,0.16855085,33.67870110087097,0,239,1999,8
1999-08-28,28.97999324873092,0.1704255,33.788567734882236,0,240,1999,8
1999-08-29,28.879993250966095,0.17071804,33.64970851689577,0,241,1999,8
1999-08-30,28.869993251189612,0.18095592,33.58104187063873,0,242,1999,8
1999-08-31,28.869993251189612,0.15980093,33.71074553579092,0,243,1999,8
1999-09-01,28.849993251636647,0.16805641,33.379619708284736,0,244,1999,9
1999-09-02,28.89999325051906,0.15917213,33.573412243276834,0,245,1999,9
1999-09-03,28.809993252530717,0.16873099,33.55815298855305,0,246,1999,9
1999-09-04,28.77999325320127,0.15779833,33.40708636678755,0,247,1999,9
1999-09-05,28.78999325297775,0.15581769,33.26975307427347,0,248,1999,9
1999-09-06,28.869993251189612,0.16053948,33.21939753368497,0,249,1999,9
1999-09-07,28.839993251860164,0.1618892,33.152256812900305,0,250,1999,9
1999-09-08,28.78999325297775,0.1618892,33.04086425341666,0,251,1999,9
1999-09-09,28.759993253648304,0.16107292,33.05154573172331,0,252,1999,9
1999-09-10,28.769993253424786,0.1558526,33.222449384629726,0,253,1999,9
1999-09-11,28.70999325476589,0.22779185,33.33841972053051,0,254,1999,9
1999-09-12,28.619993256777548,0.24158104,33.391827112063766,0,255,1999,9
1999-09-13,28.569993257895135,0.23945741,33.39945673942566,0,256,1999,9
1999-09-14,28.599993257224583,0.21409485,33.40250859037042,0,257,1999,9
1999-09-15,28.729993254318856,0.21409161,33.38877526111901,0,258,1999,9
1999-09-16,28.759993253648304,0.20040074,33.38572341017425,0,259,1999,9
1999-09-17,28.839993251860164,0.20036711,33.38877526111901,0,260,1999,9
1999-09-18,28.78999325297775,0.19230798,33.40098266489804,0,261,1999,9
1999-09-19,29.069993246719264,0.17177264,33.39793081395328,0,262,1999,9
1999-09-20,29.119993245601677,0.1726613,33.41929377056658,0,263,1999,9
1999-09-21,29.119993245601677,0.17266712,33.48643449135125,0,264,1999,9
1999-09-22,28.999993248283886,0.17157346,33.50321967154741,0,265,1999,9
1999-09-23,28.93999324962499,0.17213622,33.44828635454178,0,266,1999,9
1999-09-24,28.89999325051906,0.16423154,33.35978267714381,0,267,1999,9
1999-09-25,28.919993250072025,0.17999792,33.487960416823626,0,268,1999,9
1999-09-26,28.989993248507403,0.18370394,33.54594558477402,0,269,1999,9
1999-09-27,29.039993247389816,0.17541358,33.75041959807277,0,270,1999,9
1999-09-28,29.0499932471663,0.19333285,33.79314551129937,0,271,1999,9
1999-09-29,29.229993243142985,0.19889511,33.610034454613924,0,272,1999,9
1999-09-30,29.379993239790224,0.20127656,33.465071534737945,0,273,1999,9
1999-10-01,29.36999324001374,0.18706787,33.46201968379319,0,274,1999,10
1999-10-02,29.389993239566707,0.19323489,33.487960416823626,0,275,1999,10
1999-10-03,29.389993239566707,0.19321883,33.49253819324076,0,276,1999,10
1999-10-04,29.32999324090781,0.22403733,33.45896783284843,0,277,1999,10
1999-10-05,29.229993243142985,0.22400856,33.41319006867707,0,278,1999,10
1999-10-06,29.199993243813537,0.2333652,33.367412304505706,0,279,1999,10
1999-10-07,29.24999324269595,0.19207402,33.2102419808507,0,280,1999,10
1999-10-08,29.6799932330847,0.19561946,33.10190127231181,0,281,1999,10
1999-10-09,29.809993230178975,0.18670192,33.2102419808507,0,282,1999,10
1999-10-10,29.759993231296562,0.18835743,33.36130860261619,0,283,1999,10
1999-10-11,29.699993232637667,0.22084668,33.426923397928476,0,284,1999,10
1999-10-12,29.529993236437463,0.23567587,33.46659746021032,0,285,1999,10
1999-10-13,29.449993238225602,0.22528978,33.523056702688336,0,286,1999,10
1999-10-14,29.309993241354846,0.22453514,33.59477519989014,0,287,1999,10
1999-10-15,29.24999324269595,0.22454898,33.55510113760829,0,288,1999,10
1999-10-16,29.119993245601677,0.20071235,33.26822714880109,0,289,1999,10
1999-10-17,29.109993245825194,0.22057422,33.2026123534888,0,290,1999,10
1999-10-18,28.999993248283886,0.22054972,33.16599014215171,0,291,1999,10
1999-10-19,28.93999324962499,0.22535592,33.330790093168616,0,292,1999,10
1999-10-20,28.909993250295543,0.22519098,33.61766408197582,0,293,1999,10
1999-10-21,28.959993249177955,0.22506788,33.7626270018518,0,294,1999,10
1999-10-22,28.93999324962499,0.24420433,33.49101226776838,0,295,1999,10
1999-10-23,28.919993250072025,0.27817553,33.61308630555868,0,296,1999,10
1999-10-24,28.909993250295543,0.24374758,33.85265660472214,0,297,1999,10
1999-10-25,28.839993251860164,0.2713469,33.95947138778865,0,298,1999,10
1999-10-26,28.77999325320127,0.304464,33.80382698960602,0,299,1999,10
1999-10-27,28.73999325409534,0.27097028,33.85876030661166,0,300,1999,10
1999-10-28,28.689993255212926,0.37341303,33.896908443421125,0,301,1999,10
1999-10-29,28.639993256330513,0.37309,33.89538251794875,0,302,1999,10
1999-10-30,28.62999325655403,0.37226585,33.919797325506806,0,303,1999,10
1999-10-31,28.559993258118652,0.41204938,33.81603439338505,0,304,1999,10
1999-11-01,28.579993257671617,0.51454943,34.017456555739045,0,305,1999,11
1999-11-02,28.54999325834217,0.5094334,34.20361946336925,0,306,1999,11
1999-11-03,28.46999326013031,0.3579349,34.22803427092731,0,307,1999,11
1999-11-04,28.409993261471413,0.35600242,34.14410836994648,0,308,1999,11
1999-11-05,28.309993263706588,0.35600218,34.08307135105133,0,309,1999,11
1999-11-06,28.23999326527121,0.35600153,34.11206393502653,0,310,1999,11
1999-11-07,28.15999326705935,0.33440578,34.05102691613138,0,311,1999,11
1999-11-08,28.16999326683583,0.37676898,33.874019561335444,0,312,1999,11
1999-11-09,28.16999326683583,0.7652808,33.62834556028247,0,313,1999,11
1999-11-10,28.149993267282866,0.9569064,33.753471449017525,0,314,1999,11
1999-11-11,28.039993269741558,0.9569474,33.788567734882236,0,315,1999,11
1999-11-12,27.96999327130618,0.8530451,33.90148621983826,0,316,1999,11
1999-11-13,27.92999327220025,0.85303223,34.066286170855165,0,317,1999,11
1999-11-14,27.909993272647284,0.85303164,34.14563429541886,0,318,1999,11
1999-11-15,27.869993273541354,0.36577615,34.24024167470634,0,319,1999,11
1999-11-16,27.759993276000046,0.3657759,34.34553053230047,0,320,1999,11
1999-11-17,27.649993278458737,,34.40656755119562,0,321,1999,11
1999-11-18,27.69999327734115,,34.401989774778485,0,322,1999,11
1999-11-19,27.639993278682255,0.3255391,34.38520459458232,0,323,1999,11
1999-11-20,27.649993278458737,0.3221814,34.38825644552708,0,324,1999,11
1999-11-21,27.459993282705568,0.2992181,34.4294564332813,0,325,1999,11
1999-11-22,27.65999327823522,0.30283317,34.43556013517082,0,326,1999,11
1999-11-23,27.81999327465894,0.3223284,34.44318976253271,0,327,1999,11
1999-11-24,27.839993274211906,0.29917958,34.42030088044703,0,328,1999,11
1999-11-25,28.099993268400453,0.31215495,34.44776753894985,0,329,1999,11
1999-11-26,28.309993263706588,0.31237355,34.45234531536698,0,330,1999,11
1999-11-27,28.38999326191845,0.31343916,34.46760457009077,0,331,1999,11
1999-11-28,28.23999326527121,0.3133743,34.46760457009077,0,332,1999,11
1999-11-29,28.04999326951804,0.3116125,34.45997494272888,0,333,1999,11
1999-11-30,27.869993273541354,0.32631236,34.475234197452664,0,334,1999,11
1999-12-01,27.789993275329493,0.3295063,34.48896752670407,0,335,1999,12
1999-12-02,27.73999327644708,0.3324835,34.50727863237262,0,336,1999,12
1999-12-03,27.689993277564668,0.28351945,34.52711566351354,0,337,1999,12
1999-12-04,27.65999327823522,0.28325042,34.522537887096405,0,338,1999,12
1999-12-05,27.629993278905772,0.2669995,34.48438975028694,0,339,1999,12
1999-12-06,27.529993281140946,0.26102772,34.47065642103553,0,340,1999,12
1999-12-07,27.409993283823155,0.35068345,34.45997494272888,0,341,1999,12
1999-12-08,27.299993286281847,0.35435018,34.41877495497465,0,342,1999,12
1999-12-09,27.099993290752195,0.36075315,34.3867305200547,0,343,1999,12
1999-12-10,27.009993292763852,0.51933265,34.36078978702426,0,344,1999,12
1999-12-11,26.899993295222544,0.5333195,34.38367866910994,0,345,1999,12
1999-12-12,26.899993295222544,0.52665764,34.391308296471834,0,346,1999,12
1999-12-13,26.88999329544606,0.5253735,34.38215274363756,0,347,1999,12
1999-12-14,26.909993294999026,0.4657222,34.38062681816518,0,348,1999,12
1999-12-15,27.009993292763852,0.49565458,34.37452311627567,0,349,1999,12
1999-12-16,27.179993288964056,0.49669802,34.39436014741659,0,350,1999,12
1999-12-17,27.729993276670598,0.49658734,34.38825644552708,0,351,1999,12
1999-12-18,27.749993276223563,0.3243479,34.35163423418999,0,352,1999,12
1999-12-19,27.749993276223563,0.33104503,34.319589799270034,0,353,1999,12
1999-12-20,27.669993278011702,0.33104566,34.24024167470634,0,354,1999,12
1999-12-21,27.599993279576324,0.33096686,34.282967587932944,0,355,1999,12
1999-12-22,27.419993283599638,0.478345,34.30280461907387,0,356,1999,12
1999-12-23,27.299993286281847,0.49145058,34.318063873797655,0,357,1999,12
1999-12-24,27.19999328851702,0.59782666,34.33942683041096,0,358,1999,12
1999-12-25,27.069993291422747,0.60863435,34.37147126533091,0,359,1999,12
1999-12-26,26.869993295893096,0.6107948,34.37299719080329,0,360,1999,12
1999-12-27,26.559993302822136,1.1869657,34.35010830871761,0,361,1999,12
1999-12-28,26.529993303492688,1.2137117,34.32569350115955,0,362,1999,12
1999-12-29,26.639993301033996,1.2137113,34.307382395491004,0,363,1999,12
1999-12-30,26.949993294104956,0.31308562,34.29670091718435,0,364,1999,12
1999-12-31,27.009993292763852,0.313094,34.29059721529484,0,365,1999,12
2000-01-01,26.95999329388144,0.31310108,34.29212314076722,0,1,2000,1
2000-01-02,26.859993296116613,0.26747158,34.30127869360149,0,2,2000,1
2000-01-03,26.819993297010683,0.5282012,34.32264165021479,0,3,2000,1
2000-01-04,26.8099932972342,0.526049,34.34705645777285,0,4,2000,1
2000-01-05,26.72999329902234,0.5931695,34.365367563441396,0,5,2000,1
2000-01-06,26.629993301257514,0.58528197,34.38825644552708,0,6,2000,1
2000-01-07,26.519993303716205,0.87493545,34.415723104029894,0,7,2000,1
2000-01-08,26.429993305727862,0.83922374,34.42182680591941,0,8,2000,1
2000-01-09,26.37999330684545,0.7705478,34.42182680591941,0,9,2000,1
2000-01-10,26.359993307292484,0.87475324,34.42030088044703,0,10,2000,1
2000-01-11,26.37999330684545,0.59063274,34.42182680591941,0,11,2000,1
2000-01-12,26.349993307516,0.5326045,34.415723104029894,0,12,2000,1
2000-01-13,26.369993307068967,0.49422762,34.389782370999455,0,13,2000,1
2000-01-14,26.359993307292484,0.49237555,34.38367866910994,0,14,2000,1
2000-01-15,27.34999328516426,0.69705313,34.39741199836135,0,15,2000,1
2000-01-16,27.489993282035016,0.2932121,34.414197178557515,0,16,2000,1
2000-01-17,27.50999328158798,0.4762963,34.4294564332813,0,17,2000,1
2000-01-18,28.099993268400453,0.47605112,34.438611986115575,0,18,2000,1
2000-01-19,28.189993266388797,0.27428114,34.44318976253271,0,19,2000,1
2000-01-20,28.16999326683583,0.27392113,34.46607864461839,0,20,2000,1
2000-01-21,27.839993274211906,0.2605286,34.49659715406597,0,21,2000,1
2000-01-22,27.479993282258533,0.51655674,34.53932306729257,0,22,2000,1
2000-01-23,26.41999330595138,0.5166097,34.56221194937825,0,23,2000,1
2000-01-24,26.349993307516,0.6871596,34.63393044658005,0,24,2000,1
2000-01-25,26.319993308186554,0.68851155,34.74684893153608,0,25,2000,1
2000-01-26,25.859993318468355,0.5732709,34.82009335421026,0,26,2000,1
2000-01-27,25.699993322044634,0.57326865,34.833826683461666,0,27,2000,1
2000-01-28,25.669993322715186,0.40759197,34.80483409948647,0,28,2000,1
2000-01-29,25.739993321150564,0.40611428,34.78194521740079,0,29,2000,1
2000-01-30,25.75999332070353,0.38887075,34.774315590038896,0,30,2000,1
2000-01-31,25.769993320480012,0.31891188,34.728537825867534,0,31,2000,1
2000-02-01,25.83999331891539,0.32906744,34.678182285279036,0,32,2000,2
2000-02-02,25.9499933164567,0.374128,34.63393044658005,0,33,2000,2
2000-02-03,25.95999331623318,0.49422067,34.620197117328644,0,34,2000,2
2000-02-04,25.98999331556263,0.49302626,34.6232489682734,0,35,2000,2
2000-02-05,25.95999331623318,0.4922424,34.61561934091151,0,36,2000,2
2000-02-06,27.089993290975713,0.46331614,34.6018860116601,0,37,2000,2
2000-02-07,27.19999328851702,0.46639225,34.45692309178412,0,38,2000,2
2000-02-08,27.18999328874054,0.26610735,34.39436014741659,0,39,2000,2
2000-02-09,27.059993291646265,0.2658303,34.41877495497465,0,40,2000,2
2000-02-10,26.989993293210887,0.2971754,34.39893792383373,0,41,2000,2
2000-02-11,26.92999329455199,1.2158506,34.41877495497465,0,42,2000,2
2000-02-12,26.759993298351787,1.1337115,34.42030088044703,0,43,2000,2
2000-02-13,26.53999330326917,1.4328192,34.43250828422606,0,44,2000,2
2000-02-14,26.439993305504345,1.4328183,34.43556013517082,0,45,2000,2
2000-02-15,26.469993304833793,1.4318628,34.440137911587954,0,46,2000,2
2000-02-16,26.449993305280827,1.4314795,34.4294564332813,0,47,2000,2
2000-02-17,26.439993305504345,1.4298171,34.44318976253271,0,48,2000,2
2000-02-18,26.369993307068967,1.2119849,34.47828604839742,0,49,2000,2
2000-02-19,26.26999330930414,0.63879013,34.524063812568784,0,50,2000,2
2000-02-20,26.169993311539315,0.68387944,34.54390084370971,0,51,2000,2
2000-02-21,26.129993312433385,0.75296986,34.57899712957442,0,52,2000,2
2000-02-22,26.129993312433385,0.7077006,34.582048980519176,0,53,2000,2
2000-02-23,26.089993313327454,0.6557757,34.53779714182019,0,54,2000,2
2000-02-24,26.079993313550972,0.65673786,34.47828604839742,0,55,2000,2
2000-02-25,26.179993311315798,0.6564942,34.45387124083936,0,56,2000,2
2000-02-26,26.239993309974693,0.46553224,34.48133789934218,0,57,2000,2
2000-02-27,26.22999331019821,0.44270208,34.498123079538345,0,58,2000,2
2000-02-28,26.209993310645245,0.41496992,34.508804557845,0,59,2000,2
2000-02-29,26.30999330841007,0.4142091,34.51948603615165,0,60,2000,2
2000-03-01,26.26999330930414,0.58052963,34.510330483317375,0,61,2000,3
2000-03-02,26.249993309751176,0.44411647,34.521011961624026,0,62,2000,3
2000-03-03,26.22999331019821,0.422924,34.511856408789754,0,63,2000,3
2000-03-04,26.159993311762832,0.41551915,34.52558973804116,0,64,2000,3
2000-03-05,26.239993309974693,0.41211966,34.54390084370971,0,65,2000,3
2000-03-06,28.16999326683583,0.3845116,34.49354530312121,0,66,2000,3
2000-03-07,28.099993268400453,0.37023515,34.35926386155188,0,67,2000,3
2000-03-08,28.1299932677299,0.41920865,34.09680468030274,0,68,2000,3
2000-03-09,27.729993276670598,0.3883639,34.08612320199609,0,69,2000,3
2000-03-10,27.709993277117633,0.24988657,34.13037504069507,0,70,2000,3
2000-03-11,27.65999327823522,0.31718287,34.17615280486643,0,71,2000,3
2000-03-12,28.1299932677299,0.28081766,34.21277501620352,0,72,2000,3
2000-03-13,28.019993270188593,0.243243,34.30890832096338,0,73,2000,3
2000-03-14,27.999993270635628,0.24095824,34.45234531536698,0,74,2000,3
2000-03-15,27.879993273317837,0.21763228,34.56068602390587,0,75,2000,3
2000-03-16,27.769993275776528,0.21764958,34.62630081921816,0,76,2000,3
2000-03-17,27.769993275776528,0.2829817,34.66444895602763,0,77,2000,3
2000-03-18,27.77999327555301,0.38678655,34.6522415522486,0,78,2000,3
2000-03-19,27.80999327488246,0.39794222,34.47218234650791,0,79,2000,3
2000-03-20,27.73999327644708,0.40266064,34.44776753894985,0,80,2000,3
2000-03-21,27.679993277788185,0.38743412,34.44624161347747,0,81,2000,3
2000-03-22,28.019993270188593,0.5145609,34.307382395491004,0,82,2000,3
2000-03-23,28.019993270188593,0.59562993,34.244819451123476,0,83,2000,3
2000-03-24,28.019993270188593,0.4345848,34.246345376595855,0,84,2000,3
2000-03-25,27.829993274435424,0.4339604,34.28449351340532,0,85,2000,3
2000-03-26,27.65999327823522,0.36310336,34.366893488913774,0,86,2000,3
2000-03-27,27.569993280246877,0.8436991,34.48133789934218,0,87,2000,3
2000-03-28,27.4999932818115,1.0213255,34.55610824748874,0,88,2000,3
2000-03-29,27.439993283152603,0.60629904,34.606463788077235,0,89,2000,3
2000-03-30,27.409993283823155,0.49392572,34.630878595635295,0,90,2000,3
2000-03-31,27.359993284940742,0.36218962,34.60493786260486,0,91,2000,3
2000-04-01,27.23999328762295,0.3275759,34.59273045882583,0,92,2000,4
2000-04-02,27.259993287175917,0.31848985,34.56831565126777,0,93,2000,4
2000-04-03,27.399993284046673,0.3143503,34.56068602390587,0,94,2000,4
2000-04-04,27.46999328248205,0.31000587,34.534745290875435,0,95,2000,4
2000-04-05,27.569993280246877,0.32891127,34.487441601231694,0,96,2000,4
2000-04-06,27.559993280470394,0.35070986,34.48133789934218,0,97,2000,4
2000-04-07,27.479993282258533,0.4130755,34.463026793673635,0,98,2000,4
2000-04-08,27.519993281364464,0.43908867,34.4798119738698,0,99,2000,4
2000-04-09,27.4999932818115,0.42922562,34.510330483317375,0,100,2000,4
2000-04-10,27.799993275105976,0.42415205,34.571367502212524,0,101,2000,4
2000-04-11,27.759993276000046,0.39739585,34.61561934091151,0,102,2000,4
2000-04-12,27.749993276223563,0.2925156,34.632404521107674,0,103,2000,4
2000-04-13,27.829993274435424,0.27655157,34.63698229752481,0,104,2000,4
2000-04-14,27.879993273317837,0.27233267,34.61104156449437,0,105,2000,4
2000-04-15,27.879993273317837,0.27453014,34.546952694654465,0,106,2000,4
2000-04-16,28.00999327041211,0.22878943,34.51338233426213,0,107,2000,4
2000-04-17,28.069993269071006,0.22696711,34.48286382481456,0,108,2000,4
2000-04-18,28.08999326862397,0.21418943,34.44166383706033,0,109,2000,4
2000-04-19,28.069993269071006,0.21064165,34.36384163796902,0,110,2000,4
2000-04-20,27.909993272647284,0.22702733,34.27228610962629,0,111,2000,4
2000-04-21,27.8999932728708,0.22295572,34.21887871809304,0,112,2000,4
2000-04-22,27.88999327309432,0.23776297,34.220404643565416,0,113,2000,4
2000-04-23,27.949993271753215,0.2639812,34.19446391053498,0,114,2000,4
2000-04-24,28.309993263706588,0.28847963,34.15326392278075,0,115,2000,4
2000-04-25,28.5899932574481,0.25382188,34.15936762467027,0,116,2000,4
2000-04-26,29.539993236213945,0.2538645,34.18073058128357,0,117,2000,4
2000-04-27,29.429993238672637,0.303479,34.19141205959022,0,118,2000,4
2000-04-28,29.419993238896154,0.3034804,34.221930569037795,0,119,2000,4
2000-04-29,29.269993242248916,0.30347922,34.23871574923396,0,120,2000,4
2000-04-30,29.159993244707607,0.30317858,34.25244907848537,0,121,2000,4
2000-05-01,29.119993245601677,0.3031791,34.25550092943013,0,122,2000,5
2000-05-02,29.509993236884497,0.30317605,34.25550092943013,0,123,2000,5
2000-05-03,29.63999323397877,0.25896177,34.2432935256511,0,124,2000,5
2000-05-04,29.689993232861184,0.25744423,34.22803427092731,0,125,2000,5
2000-05-05,29.70999323241415,0.29202044,34.23108612187207,0,126,2000,5
2000-05-06,29.6799932330847,0.28901976,34.257026854902506,0,127,2000,5
2000-05-07,29.699993232637667,0.28211766,34.257026854902506,0,128,2000,5
2000-05-08,29.59999323487284,0.28237504,34.220404643565416,0,129,2000,5
2000-05-09,29.39999323934319,0.31237957,34.150212071835995,0,130,2000,5
2000-05-10,29.32999324090781,0.285708,34.127323189750314,0,131,2000,5
2000-05-11,29.28999324180188,0.30395398,34.115115785971284,0,132,2000,5
2000-05-12,29.31999324113133,0.30396828,34.06781209632754,0,133,2000,5
2000-05-13,29.269993242248916,0.34922382,34.09375282935798,0,134,2000,5
2000-05-14,29.299993241578363,0.34901068,34.07391579821706,0,135,2000,5
2000-05-15,29.28999324180188,0.34898096,34.05560469254851,0,136,2000,5
2000-05-16,29.259993242472433,0.34380448,34.0205084066838,0,137,2000,5
2000-05-17,29.199993243813537,0.36785597,33.96099731326103,0,138,2000,5
2000-05-18,29.12999324537816,0.34561616,33.944212133064866,0,139,2000,5
2000-05-19,29.09999324604871,0.23035818,33.88164918869734,0,140,2000,5
2000-05-20,29.12999324537816,0.21664488,33.84350105188787,0,141,2000,5
2000-05-21,29.179993244260572,0.20619836,33.85418253019452,0,142,2000,5
2000-05-22,29.149993244931125,0.20481619,33.89538251794875,0,143,2000,5
2000-05-23,29.16999324448409,0.20402576,34.00067137554288,0,144,2000,5
2000-05-24,29.159993244707607,0.20256783,34.08307135105133,0,145,2000,5
2000-05-25,29.229993243142985,0.20256624,34.12884911522269,0,146,2000,5
2000-05-26,29.279993242025398,0.1875033,34.174626879394054,0,147,2000,5
2000-05-27,29.24999324269595,0.18695952,34.22803427092731,0,148,2000,5
2000-05-28,29.20999324359002,0.18471149,34.258552780374885,0,149,2000,5
2000-05-29,29.179993244260572,0.22654144,34.26007870584726,0,150,2000,5
2000-05-30,29.269993242248916,0.2653683,34.244819451123476,0,151,2000,5
2000-05-31,29.219993243366503,0.26716793,34.20667131431401,0,152,2000,5
2000-06-01,29.219993243366503,0.26704264,34.20056761242449,0,153,2000,6
2000-06-02,29.219993243366503,0.26648602,34.22803427092731,0,154,2000,6
2000-06-03,29.199993243813537,0.2106616,34.235663898289204,0,155,2000,6
2000-06-04,29.219993243366503,0.21336542,34.16547132655978,0,156,2000,6
2000-06-05,29.219993243366503,0.20817775,34.136478742584586,0,157,2000,6
2000-06-06,29.809993230178975,0.23573022,34.06781209632754,0,158,2000,6
2000-06-07,29.799993230402492,0.21612751,33.948789909482,0,159,2000,6
2000-06-08,29.809993230178975,0.21630922,33.874019561335444,0,160,2000,6
2000-06-09,29.78999323062601,0.18097886,33.80840476602316,0,161,2000,6
2000-06-10,29.839993229508423,0.20190756,33.88164918869734,0,162,2000,6
2000-06-11,29.839993229508423,0.38957375,33.89233066700399,0,163,2000,6
2000-06-12,29.799993230402492,0.38957375,33.86638993397355,0,164,2000,6
2000-06-13,29.739993231743597,0.25609183,33.921323250979185,0,165,2000,6
2000-06-14,29.63999323397877,0.2534077,33.94726398400962,0,166,2000,6
2000-06-15,29.609993234649323,0.25199425,33.945738058537245,0,167,2000,6
2000-06-16,29.619993234425806,0.23885901,33.910641772672534,0,168,2000,6
2000-06-17,29.59999323487284,0.20706645,33.80840476602316,0,169,2000,6
2000-06-18,29.609993234649323,0.2036648,33.81908624432981,0,170,2000,6
2000-06-19,29.649993233755254,0.197697,33.82824179716408,0,171,2000,6
2000-06-20,29.579993235319876,0.19945812,33.80687884055078,0,172,2000,6
2000-06-21,29.499993237108015,0.19863325,33.85723438113928,0,173,2000,6
2000-06-22,29.39999323934319,0.19401252,33.835871424525976,0,174,2000,6
2000-06-23,29.389993239566707,0.18328749,33.70769368484616,0,175,2000,6
2000-06-24,29.419993238896154,0.18233365,33.69853813201189,0,176,2000,6
2000-06-25,29.31999324113133,0.1823596,33.71990108862519,0,177,2000,6
2000-06-26,29.219993243366503,0.17909156,33.81145661696792,0,178,2000,6
2000-06-27,29.179993244260572,0.16949748,33.8053529150784,0,179,2000,6
2000-06-28,29.09999324604871,0.17977002,33.74736774712801,0,180,2000,6
2000-06-29,29.12999324537816,0.18734229,33.69090850465,0,181,2000,6
2000-06-30,29.08999324627223,0.16656172,33.54136780835688,0,182,2000,6
2000-07-01,29.09999324604871,0.17249915,33.44981228001416,0,183,2000,7
2000-07-02,29.179993244260572,0.17229645,33.43455302529037,0,184,2000,7
2000-07-03,29.20999324359002,0.2775753,33.5688344668597,0,185,2000,7
2000-07-04,29.259993242472433,0.2775944,33.643604815006256,0,186,2000,7
2000-07-05,29.269993242248916,0.27772012,33.632923336699605,0,187,2000,7
2000-07-06,29.239993242919468,0.2776428,33.61766408197582,0,188,2000,7
2000-07-07,29.189993244037055,0.27764252,33.60087890177965,0,189,2000,7
2000-07-08,29.149993244931125,0.27751112,33.57493816874921,0,190,2000,7
2000-07-09,29.119993245601677,0.27701008,33.535264106467366,0,191,2000,7
2000-07-10,29.159993244707607,0.26021168,33.48185671493411,0,192,2000,7
2000-07-11,29.109993245825194,0.2906853,33.34910119883716,0,193,2000,7
2000-07-12,29.159993244707607,0.34117025,33.4467604290694,0,194,2000,7
2000-07-13,29.159993244707607,0.34116295,33.50474559701979,0,195,2000,7
2000-07-14,29.20999324359002,0.33965856,33.50932337343693,0,196,2000,7
2000-07-15,29.20999324359002,0.3394184,33.4971159696579,0,197,2000,7
2000-07-16,29.229993243142985,0.33925676,33.44523450359702,0,198,2000,7
2000-07-17,29.16999324448409,0.33922493,33.35825675167143,0,199,2000,7
2000-07-18,29.12999324537816,0.33884665,33.30637528561056,0,200,2000,7
2000-07-19,29.119993245601677,0.3323366,33.29111603088677,0,201,2000,7
2000-07-20,29.069993246719264,0.33762237,33.295693807303905,0,202,2000,7
2000-07-21,28.999993248283886,0.3645681,33.41319006867707,0,203,2000,7
2000-07-22,28.999993248283886,0.3209615,33.39945673942566,0,204,2000,7
2000-07-23,29.00999324806037,0.29565018,33.379619708284736,0,205,2000,7
2000-07-24,28.999993248283886,0.25724372,33.487960416823626,0,206,2000,7
2000-07-25,28.93999324962499,0.25310692,33.47880486398935,0,207,2000,7
2000-07-26,28.919993250072025,0.2295738,33.47270116209984,0,208,2000,7
2000-07-27,28.829993252083682,0.23052432,33.512375224381685,0,209,2000,7
2000-07-28,28.829993252083682,0.22572781,33.50474559701979,0,210,2000,7
2000-07-29,28.8199932523072,0.22348398,33.487960416823626,0,211,2000,7
2000-07-30,28.829993252083682,0.22162864,33.49101226776838,0,212,2000,7
2000-07-31,28.829993252083682,0.22693114,33.5184789262712,0,213,2000,7
2000-08-01,28.809993252530717,0.22679737,33.45744190737605,0,214,2000,8
2000-08-02,28.839993251860164,0.22679737,33.35062712430954,0,215,2000,8
2000-08-03,28.829993252083682,0.22680163,33.30027158372104,0,216,2000,8
2000-08-04,28.869993251189612,0.22680046,33.29874565824866,0,217,2000,8
2000-08-05,28.959993249177955,0.19019373,33.295693807303905,0,218,2000,8
2000-08-06,28.969993248954438,0.2020602,33.31705676391721,0,219,2000,8
2000-08-07,28.97999324873092,0.19022751,33.28806417994201,0,220,2000,8
2000-08-08,28.93999324962499,0.19022751,33.29874565824866,0,221,2000,8
2000-08-09,28.93999324962499,0.19022681,33.47422708757222,0,222,2000,8
2000-08-10,29.01999324783685,0.19022691,33.680227026343346,0,223,2000,8
2000-08-11,29.01999324783685,0.19022681,33.64207888953388,0,224,2000,8
2000-08-12,29.01999324783685,0.19022681,33.62987148575485,0,225,2000,8
2000-08-13,28.949993249401473,0.19633304,33.66496777161956,0,226,2000,8
2000-08-14,28.929993249848508,0.18314865,33.58867149800062,0,227,2000,8
2000-08-15,29.609993234649323,0.19435757,33.416241919621825,0,228,2000,8
2000-08-16,29.899993228167318,0.19434397,33.18582717329264,0,229,2000,8
2000-08-17,29.849993229284905,0.2069117,33.043916104361415,0,230,2000,8
2000-08-18,29.70999323241415,0.20810801,32.92641984298825,0,231,2000,8
2000-08-19,29.569993235543393,0.20841625,33.12326422892511,0,232,2000,8
2000-08-20,29.43999323844912,0.22427878,33.28043455258012,0,233,2000,8
2000-08-21,29.379993239790224,0.23805045,33.271278999745846,0,234,2000,8
2000-08-22,29.339993240684294,0.2531712,33.20871605537832,0,235,2000,8
2000-08-23,29.28999324180188,0.25531992,33.17972347140312,0,236,2000,8
2000-08-24,29.31999324113133,0.24888308,33.05307165719569,0,237,2000,8
2000-08-25,29.35999324023726,0.24721272,33.091219794005156,0,238,2000,8
2000-08-26,29.36999324001374,0.2629009,33.32773824222386,0,239,2000,8
2000-08-27,29.39999323934319,0.28067124,33.28806417994201,0,240,2000,8
2000-08-28,29.389993239566707,0.2582297,33.333841944113374,0,241,2000,8
2000-08-29,29.24999324269595,0.25899127,33.3750419318676,0,242,2000,8
2000-08-30,29.20999324359002,0.25894257,33.38724933564663,0,243,2000,8
2000-08-31,29.179993244260572,0.28233543,33.37046415545046,0,244,2000,8
2000-09-01,29.12999324537816,0.2822166,33.342997496947646,0,245,2000,9
2000-09-02,29.149993244931125,0.28513598,33.344523422420025,0,246,2000,9
2000-09-03,29.12999324537816,0.26921368,33.356730826199055,0,247,2000,9
2000-09-04,29.149993244931125,0.23205204,33.320108614861965,0,248,2000,9
2000-09-05,29.119993245601677,0.23204732,33.29264195635915,0,249,2000,9
2000-09-06,29.149993244931125,0.2320474,33.295693807303905,0,250,2000,9
2000-09-07,29.08999324627223,0.23205675,33.29264195635915,0,251,2000,9
2000-09-08,29.00999324806037,0.23938125,33.285012328997254,0,252,2000,9
2000-09-09,28.959993249177955,0.2377562,33.30637528561056,0,253,2000,9
2000-09-10,28.949993249401473,0.23828167,33.32926416769624,0,254,2000,9
2000-09-11,28.869993251189612,0.23828153,33.33689379505813,0,255,2000,9
2000-09-12,28.769993253424786,0.24837482,33.35215304978192,0,256,2000,9
2000-09-13,28.659993255883478,0.2404079,33.35825675167143,0,257,2000,9
2000-09-14,28.729993254318856,0.25361004,33.355204900726676,0,258,2000,9
2000-09-15,28.769993253424786,0.2536047,33.33994564600289,0,259,2000,9
2000-09-16,30.05999322459104,0.24827087,33.29874565824866,0,260,2000,9
2000-09-17,30.309993219003104,0.24827377,33.23007901199162,0,261,2000,9
2000-09-18,30.309993219003104,0.21013121,33.297219732776284,0,262,2000,9
2000-09-19,30.109993223473452,0.1894818,33.391827112063766,0,263,2000,9
2000-09-20,29.969993226602696,0.18896747,33.429975248873234,0,264,2000,9
2000-09-21,29.93999322727325,0.20068713,33.368938229978085,0,265,2000,9
2000-09-22,29.739993231743597,0.20162487,33.3536789752543,0,266,2000,9
2000-09-23,29.62999323420229,0.29131493,33.24228641577065,0,267,2000,9
2000-09-24,29.529993236437463,0.2972856,33.104953123256564,0,268,2000,9
2000-09-25,29.489993237331532,0.29215512,32.90353096090257,0,269,2000,9
2000-09-26,29.509993236884497,0.28998715,32.86843467503786,0,270,2000,9
2000-09-27,29.51999323666098,0.23107481,32.8943754080683,0,271,2000,9
2000-09-28,29.499993237108015,0.20929255,32.85622727125883,0,272,2000,9
2000-09-29,29.379993239790224,0.21148486,32.90505688637495,0,273,2000,9
2000-09-30,29.259993242472433,0.20172572,33.0881679430604,0,274,2000,9
2000-10-01,29.189993244037055,0.23328242,33.19498272612691,0,275,2000,10
2000-10-02,29.229993243142985,0.23120154,33.22702716104686,0,276,2000,10
2000-10-03,29.239993242919468,0.21793216,33.29111603088677,0,277,2000,10
2000-10-04,29.199993243813537,0.19640838,33.40708636678755,0,278,2000,10
2000-10-05,29.549993235990428,0.196323,33.48185671493411,0,279,2000,10
2000-10-06,29.74999323152008,0.18482772,33.50474559701979,0,280,2000,10
2000-10-07,29.839993229508423,0.1847143,33.40708636678755,0,281,2000,10
2000-10-08,29.699993232637667,0.22331801,33.08359016664326,0,282,2000,10
2000-10-09,29.609993234649323,0.22637877,33.12173830345273,0,283,2000,10
2000-10-10,29.43999323844912,0.27218738,33.115634601563215,0,284,2000,10
2000-10-11,29.36999324001374,0.27123296,33.031708700582385,0,285,2000,10
2000-10-12,29.239993242919468,0.2708917,32.64412363059819,0,286,2000,10
2000-10-13,29.20999324359002,0.2635269,32.345042238011956,0,287,2000,10
2000-10-14,29.08999324627223,0.2326149,32.11310156621039,0,288,2000,10
2000-10-15,29.01999324783685,0.18971115,32.465590350329876,0,289,2000,10
2000-10-16,28.89999325051906,0.20792958,32.69142732024193,0,290,2000,10
2000-10-17,28.89999325051906,0.19395371,32.89284948259592,0,291,2000,10
2000-10-18,28.869993251189612,0.21548077,33.03476055152714,0,292,2000,10
2000-10-19,28.85999325141313,0.21567155,32.839442091062665,0,293,2000,10
2000-10-20,28.849993251636647,0.21191785,32.8653828240931,0,294,2000,10
2000-10-21,28.85999325141313,0.23132809,33.0881679430604,0,295,2000,10
2000-10-22,28.809993252530717,0.21717851,33.31095306202769,0,296,2000,10
2000-10-23,28.769993253424786,0.24227288,33.391827112063766,0,297,2000,10
2000-10-24,28.77999325320127,0.24189015,33.37199008092284,0,298,2000,10
2000-10-25,28.719993254542374,0.23700452,33.129367930814624,0,299,2000,10
2000-10-26,28.66999325565996,0.25163865,33.00271611660719,0,300,2000,10
2000-10-27,28.639993256330513,0.26188117,33.09579757042229,0,301,2000,10
2000-10-28,28.599993257224583,0.614506,33.19803457707167,0,302,2000,10
2000-10-29,28.559993258118652,0.8131075,33.17209384404123,0,303,2000,10
2000-10-30,28.559993258118652,0.7934275,32.996612414717674,0,304,2000,10
2000-10-31,28.489993259683274,0.76796067,32.934049470350146,0,305,2000,10
2000-11-01,28.519993259012722,0.76895726,32.77535322122276,0,306,2000,11
2000-11-02,28.489993259683274,0.75436425,32.647175481542945,0,307,2000,11
2000-11-03,28.42999326102438,0.7648243,32.85622727125883,0,308,2000,11
2000-11-04,28.38999326191845,0.5045973,32.863856898620725,0,309,2000,11
2000-11-05,28.299993263930105,0.39724004,32.78450877405703,0,310,2000,11
2000-11-06,29.489993237331532,0.3171164,32.648701407015324,0,311,2000,11
2000-11-07,29.459993238002085,0.25800577,32.50984218902886,0,312,2000,11
2000-11-08,29.51999323666098,0.23163101,32.62123474851251,0,313,2000,11
2000-11-09,29.189993244037055,0.26045057,33.0164494458586,0,314,2000,11
2000-11-10,29.139993245154642,0.23551588,33.31400491297245,0,315,2000,11
2000-11-11,29.079993246495746,0.23552321,33.41471599414945,0,316,2000,11
2000-11-12,28.969993248954438,0.23148291,33.69548628106713,0,317,2000,11
2000-11-13,28.849993251636647,0.2316305,33.77483440563083,0,318,2000,11
2000-11-14,28.769993253424786,0.2280468,33.874019561335444,0,319,2000,11
2000-11-15,28.659993255883478,0.41721663,33.91827140003443,0,320,2000,11
2000-11-16,28.489993259683274,0.4094314,33.948789909482,0,321,2000,11
2000-11-17,28.329993263259553,,33.970152866095304,0,322,2000,11
2000-11-18,28.329993263259553,0.4333754,33.97473064251244,0,323,2000,11
2000-11-19,28.219993265718244,0.56379807,33.97625656798482,0,324,2000,11
2000-11-20,28.179993266612314,0.5784326,33.9274269528687,0,325,2000,11
2000-11-21,27.949993271753215,0.57219076,33.89538251794875,0,326,2000,11
2000-11-22,28.069993269071006,0.45981142,33.87096771039069,0,327,2000,11
2000-11-23,28.059993269294523,0.55018705,33.79772328771651,0,328,2000,11
2000-11-24,28.059993269294523,0.47904202,33.65276036784053,0,329,2000,11
2000-11-25,28.08999326862397,0.4806712,33.608508529141545,0,330,2000,11
2000-11-26,28.1299932677299,0.43073547,33.60698260366917,0,331,2000,11
2000-11-27,28.1299932677299,0.43428695,33.6405529640615,0,332,2000,11
2000-11-28,28.019993270188593,0.36374882,33.74431589618325,0,333,2000,11
2000-11-29,27.85999327376487,0.36279708,33.837397349998355,0,334,2000,11
2000-11-30,27.73999327644708,0.3835361,33.922849176451564,0,335,2000,11
2000-12-01,27.649993278458737,0.64419645,33.96710101515055,0,336,2000,12
2000-12-02,27.58999327979984,0.6829419,33.970152866095304,0,337,2000,12
2000-12-03,27.559993280470394,0.7672396,33.99609359912574,0,338,2000,12
2000-12-04,27.53999328091743,0.8412724,34.03424173593521,0,339,2000,12
2000-12-05,27.519993281364464,0.8432003,33.993041748180985,0,340,2000,12
2000-12-06,27.42999328337612,0.84325004,33.933530654758215,0,341,2000,12
2000-12-07,27.319993285834812,1.0648667,33.860286232084036,0,342,2000,12
2000-12-08,27.219993288069986,1.0474553,33.825189946219325,0,343,2000,12
2000-12-09,27.019993292540335,1.0485276,33.79619736224413,0,344,2000,12
2000-12-10,26.939993294328474,1.0027593,33.77330848015845,0,345,2000,12
2000-12-11,27.30999328605833,1.0028191,33.79161958582699,0,346,2000,12
2000-12-12,27.50999328158798,0.55053407,33.77483440563083,0,347,2000,12
2000-12-13,27.529993281140946,0.48640054,33.7549973744899,0,348,2000,12
2000-12-14,27.50999328158798,0.34361997,33.72142701409757,0,349,2000,12
2000-12-15,27.489993282035016,0.33708462,33.75652329996228,0,350,2000,12
2000-12-16,27.50999328158798,0.4193545,33.83281957358122,0,351,2000,12
2000-12-17,27.569993280246877,0.5318883,33.86944178491831,0,352,2000,12
2000-12-18,27.609993279352807,0.5216986,33.89996029436588,0,353,2000,12
2000-12-19,27.629993278905772,0.47724465,33.97320471704006,0,354,2000,12
2000-12-20,27.54999328069391,0.55119103,34.02203433215618,0,355,2000,12
2000-12-21,27.479993282258533,0.52918917,34.03576766140759,0,356,2000,12
2000-12-22,27.299993286281847,0.3674233,34.05102691613138,0,357,2000,12
2000-12-23,27.18999328874054,0.36844894,34.064760245382786,0,358,2000,12
2000-12-24,27.089993290975713,0.45915645,34.066286170855165,0,359,2000,12
2000-12-25,26.96999329365792,0.44812623,34.078493574634194,0,360,2000,12
2000-12-26,26.76999329812827,0.4573553,34.089175052940845,0,361,2000,12
2000-12-27,26.65999330058696,0.54857093,34.10596023313701,0,362,2000,12
2000-12-28,26.68999329991641,0.48153758,34.14105651900172,0,363,2000,12
2000-12-29,26.64999330081048,0.6447303,34.197515761479735,0,364,2000,12
2000-12-30,26.679993300139927,0.5918993,34.16852317750454,0,365,2000,12
2000-12-31,26.60999330170455,0.6232352,34.17920465581119,0,366,2000,12
2001-01-01,26.599993301928066,0.6972656,34.199041686952114,0,1,2001,1
2001-01-02,26.519993303716205,0.6991148,34.22803427092731,0,2,2001,1
2001-01-03,26.509993303939723,0.52455664,34.14105651900172,0,3,2001,1
2001-01-04,26.509993303939723,0.35495624,34.11053800955415,0,4,2001,1
2001-01-05,26.45999330505731,0.24756274,34.13342689163983,0,5,2001,1
2001-01-06,26.37999330684545,0.32940766,34.13190096616745,0,6,2001,1
2001-01-07,26.289993308857106,0.3067758,34.14105651900172,0,7,2001,1
2001-01-08,26.209993310645245,0.28643864,34.16699725203216,0,8,2001,1
2001-01-09,26.179993311315798,0.2948679,34.22650834545493,0,9,2001,1
2001-01-10,26.169993311539315,0.28647694,34.27838981151581,0,10,2001,1
2001-01-11,26.209993310645245,0.31343055,34.25244907848537,0,11,2001,1
2001-01-12,26.119993312656902,0.3092393,34.22650834545493,0,12,2001,1
2001-01-13,26.03999331444504,0.41276762,34.16852317750454,0,13,2001,1
2001-01-14,25.99999331533911,0.4127699,34.162419475615025,0,14,2001,1
2001-01-15,25.99999331533911,0.4127694,34.16699725203216,0,15,2001,1
2001-01-16,25.939993316680216,0.43907344,34.186834283173084,0,16,2001,1
2001-01-17,25.939993316680216,0.41255358,34.16699725203216,0,17,2001,1
2001-01-18,26.009993315115594,0.6780349,34.26313055679202,0,18,2001,1
2001-01-19,26.009993315115594,0.68542707,34.340952755883336,0,19,2001,1
2001-01-20,26.03999331444504,0.698437,34.38215274363756,0,20,2001,1
2001-01-21,26.059993313998007,0.696874,34.39283422194421,0,21,2001,1
2001-01-22,26.059993313998007,0.62288797,34.38367866910994,0,22,2001,1
2001-01-23,25.99999331533911,0.28215724,34.38215274363756,0,23,2001,1
2001-01-24,26.03999331444504,0.27367264,34.366893488913774,0,24,2001,1
2001-01-25,25.9499933164567,0.27632773,34.34858238324523,0,25,2001,1
2001-01-26,25.979993315786146,0.49030006,34.35010830871761,0,26,2001,1
2001-01-27,25.929993316903733,0.42989677,34.342478681355715,0,27,2001,1
2001-01-28,25.929993316903733,0.305957,34.34858238324523,0,28,2001,1
2001-01-29,25.9499933164567,0.27641124,34.34553053230047,0,29,2001,1
2001-01-30,25.929993316903733,0.3097285,34.342478681355715,0,30,2001,1
2001-01-31,25.889993317797803,0.39139733,34.33790090493858,0,31,2001,1
2001-02-01,25.939993316680216,0.34905604,34.33332312852144,0,32,2001,2
2001-02-02,26.02999331466856,0.23943491,34.328745352104306,0,33,2001,2
2001-02-03,26.02999331466856,0.23116246,34.34705645777285,0,34,2001,2
2001-02-04,26.03999331444504,0.23116365,34.34553053230047,0,35,2001,2
2001-02-05,26.009993315115594,0.23113018,34.331797203049064,0,36,2001,2
2001-02-06,25.9499933164567,0.2158215,34.318063873797655,0,37,2001,2
2001-02-07,25.909993317350768,0.22449759,34.32111572474241,0,38,2001,2
2001-02-08,25.889993317797803,0.28773177,34.318063873797655,0,39,2001,2
2001-02-09,25.87999331802132,0.31166038,34.30433054454625,0,40,2001,2
2001-02-10,25.91999331712725,0.31261858,34.269234258681536,0,41,2001,2
2001-02-11,25.9499933164567,0.32484767,34.23718982376158,0,42,2001,2
2001-02-12,26.079993313550972,0.3123018,34.246345376595855,0,43,2001,2
2001-02-13,26.02999331466856,0.3236633,34.244819451123476,0,44,2001,2
2001-02-14,25.9499933164567,0.30698568,34.26160463131964,0,45,2001,2
2001-02-15,26.009993315115594,0.32681003,34.27228610962629,0,46,2001,2
2001-02-16,26.03999331444504,0.3120179,34.2860194388777,0,47,2001,2
2001-02-17,26.049993314221524,0.31589139,34.307382395491004,0,48,2001,2
2001-02-18,26.009993315115594,0.4615474,34.35163423418999,0,49,2001,2
2001-02-19,25.939993316680216,0.482003,34.36231571249664,0,50,2001,2
2001-02-20,25.87999331802132,0.48200208,34.340952755883336,0,51,2001,2
2001-02-21,25.87999331802132,0.48200208,34.319589799270034,0,52,2001,2
2001-02-22,25.829993319138907,0.54712176,34.33484905399382,0,53,2001,2
2001-02-23,25.829993319138907,0.6225152,34.33332312852144,0,54,2001,2
2001-02-24,26.14999331198635,0.45742607,34.28754536435008,0,55,2001,2
2001-02-25,26.489993304386758,0.2449786,34.31043424643576,0,56,2001,2
2001-02-26,26.589993302151584,0.24557659,34.331797203049064,0,57,2001,2
2001-02-27,26.509993303939723,0.15396091,34.33332312852144,0,58,2001,2
2001-02-28,26.469993304833793,0.1931344,34.318063873797655,0,59,2001,2
2001-03-01,26.549993303045653,0.24684857,34.30280461907387,0,60,2001,3
2001-03-02,26.49999330416324,0.23607573,34.32721942663193,0,61,2001,3
2001-03-03,26.469993304833793,0.23259096,34.33484905399382,0,62,2001,3
2001-03-04,26.37999330684545,0.24842797,34.319589799270034,0,63,2001,3
2001-03-05,26.449993305280827,0.3290785,34.29212314076722,0,64,2001,3
2001-03-06,26.359993307292484,0.39541975,34.244819451123476,0,65,2001,3
2001-03-07,26.329993307963036,0.42905766,34.160893550142646,0,66,2001,3
2001-03-08,26.289993308857106,0.4618179,34.15631577372551,0,67,2001,3
2001-03-09,26.289993308857106,0.46630993,34.18378243222833,0,68,2001,3
2001-03-10,26.33999330773952,0.4799238,34.209723165258765,0,69,2001,3
2001-03-11,26.389993306621932,0.4991084,34.173100953921676,0,70,2001,3
2001-03-12,26.449993305280827,0.5461194,34.13495281711221,0,71,2001,3
2001-03-13,26.469993304833793,0.57672375,34.18225650675595,0,72,2001,3
2001-03-14,26.469993304833793,0.63136923,34.20361946336925,0,73,2001,3
2001-03-15,26.439993305504345,0.51437736,34.160893550142646,0,74,2001,3
2001-03-16,26.439993305504345,0.5108419,34.15936762467027,0,75,2001,3
2001-03-17,26.559993302822136,0.5240994,34.21735279262066,0,76,2001,3
2001-03-18,26.669993300363444,0.3399213,34.246345376595855,0,77,2001,3
2001-03-19,26.789993297681235,0.33982205,34.257026854902506,0,78,2001,3
2001-03-20,26.789993297681235,0.26276624,34.246345376595855,0,79,2001,3
2001-03-21,26.8099932972342,0.24323657,34.246345376595855,0,80,2001,3
2001-03-22,26.859993296116613,0.24725561,34.25397500395775,0,81,2001,3
2001-03-23,27.0399932920933,0.30729565,34.257026854902506,0,82,2001,3
2001-03-24,27.18999328874054,0.34357226,34.257026854902506,0,83,2001,3
2001-03-25,27.209993288293504,0.34357226,34.24787130206823,0,84,2001,3
2001-03-26,27.149993289634608,0.360717,34.24787130206823,0,85,2001,3
2001-03-27,27.18999328874054,0.2977518,34.257026854902506,0,86,2001,3
2001-03-28,27.23999328762295,0.29645154,34.20361946336925,0,87,2001,3
2001-03-29,27.259993287175917,0.3718805,34.13037504069507,0,88,2001,3
2001-03-30,27.22999328784647,0.41557363,34.14105651900172,0,89,2001,3
2001-03-31,27.2699932869524,0.4155309,34.185308357700706,0,90,2001,3
2001-04-01,27.289993286505364,0.34128073,34.186834283173084,0,91,2001,4
2001-04-02,27.2699932869524,0.31253183,34.21887871809304,0,92,2001,4
2001-04-03,27.30999328605833,0.45828515,34.25550092943013,0,93,2001,4
2001-04-04,27.489993282035016,0.42263794,34.26007870584726,0,94,2001,4
2001-04-05,27.669993278011702,0.30560228,34.29212314076722,0,95,2001,4
2001-04-06,27.719993276894115,0.3460718,34.30433054454625,0,96,2001,4
2001-04-07,27.69999327734115,0.34270987,34.281441662460566,0,97,2001,4
2001-04-08,27.749993276223563,0.34645844,34.2432935256511,0,98,2001,4
2001-04-09,27.8999932728708,0.32410437,34.197515761479735,0,99,2001,4
2001-04-10,28.029993269965075,0.33033988,34.174626879394054,0,100,2001,4
2001-04-11,28.00999327041211,0.3996844,34.150212071835995,0,101,2001,4
2001-04-12,28.019993270188593,0.40052554,34.174626879394054,0,102,2001,4
2001-04-13,28.059993269294523,0.39725915,34.17920465581119,0,103,2001,4
2001-04-14,28.08999326862397,0.41122216,34.1929379850626,0,104,2001,4
2001-04-15,28.04999326951804,0.554731,34.22498241998255,0,105,2001,4
2001-04-16,28.099993268400453,0.86231726,34.27381203509867,0,106,2001,4
2001-04-17,28.099993268400453,0.8623642,34.30890832096338,0,107,2001,4
2001-04-18,28.00999327041211,0.87785095,34.316537948325276,0,108,2001,4
2001-04-19,27.909993272647284,0.38482392,34.316537948325276,0,109,2001,4
2001-04-20,27.829993274435424,0.38017422,34.293649066239595,0,110,2001,4
2001-04-21,27.829993274435424,0.3316137,34.20514538884163,0,111,2001,4
2001-04-22,27.81999327465894,0.3316137,34.18073058128357,0,112,2001,4
2001-04-23,27.869993273541354,0.34315005,34.209723165258765,0,113,2001,4
2001-04-24,27.909993272647284,0.36480168,34.17920465581119,0,114,2001,4
2001-04-25,27.829993274435424,0.2968233,34.160893550142646,0,115,2001,4
2001-04-26,27.85999327376487,0.29704854,34.18836020864546,0,116,2001,4
2001-04-27,27.88999327309432,0.29569563,34.235663898289204,0,117,2001,4
2001-04-28,27.96999327130618,0.27903178,34.27381203509867,0,118,2001,4
2001-04-29,28.1299932677299,0.35509965,34.307382395491004,0,119,2001,4
2001-04-30,28.08999326862397,0.31662464,34.33942683041096,0,120,2001,4
2001-05-01,28.309993263706588,0.54886734,34.3577379360795,0,121,2001,5
2001-05-02,28.54999325834217,0.5468603,34.353160159662366,0,122,2001,5
2001-05-03,28.649993256106995,0.54697526,34.3363749794662,0,123,2001,5
2001-05-04,28.649993256106995,0.5144848,34.3150120228529,0,124,2001,5
2001-05-05,28.62999325655403,0.5458688,34.2860194388777,0,125,2001,5
2001-05-06,28.639993256330513,0.5405982,34.26618240773678,0,126,2001,5
2001-05-07,28.69999325498941,0.5406023,34.27686388604343,0,127,2001,5
2001-05-08,28.66999325565996,0.339378,34.258552780374885,0,128,2001,5
2001-05-09,28.529993258789204,0.3399844,34.246345376595855,0,129,2001,5
2001-05-10,28.519993259012722,0.33997375,34.232612047344446,0,130,2001,5
2001-05-11,28.539993258565687,0.32102832,34.1929379850626,0,131,2001,5
2001-05-12,28.619993256777548,0.34153178,34.11816763691604,0,132,2001,5
2001-05-13,28.609993257001065,0.34153178,34.04797506518662,0,133,2001,5
2001-05-14,28.69999325498941,0.34151796,34.05713061802089,0,134,2001,5
2001-05-15,28.729993254318856,0.3310539,34.07238987274468,0,135,2001,5
2001-05-16,28.73999325409534,0.31677234,34.09375282935798,0,136,2001,5
2001-05-17,28.719993254542374,0.4402238,34.102908382192254,0,137,2001,5
2001-05-18,28.689993255212926,0.42505914,34.0922269038856,0,138,2001,5
2001-05-19,28.799993252754234,0.496265,34.041871363297105,0,139,2001,5
2001-05-20,28.969993248954438,0.4795383,34.00067137554288,0,140,2001,5
2001-05-21,29.079993246495746,0.38207263,34.00982692837715,0,141,2001,5
2001-05-22,29.05999324694278,0.3677068,34.01135285384953,0,142,2001,5
2001-05-23,29.079993246495746,0.36719754,34.01440470479429,0,143,2001,5
2001-05-24,29.079993246495746,0.34940013,34.01287877932191,0,144,2001,5
2001-05-25,29.149993244931125,0.35091794,33.96710101515055,0,145,2001,5
2001-05-26,29.199993243813537,0.26539177,33.849604753777385,0,146,2001,5
2001-05-27,29.16999324448409,0.28120717,33.75957515090704,0,147,2001,5
2001-05-28,29.219993243366503,0.2836119,33.72600479051471,0,148,2001,5
2001-05-29,29.279993242025398,0.49092785,33.692434430122375,0,149,2001,5
2001-05-30,29.39999323934319,0.42755866,33.622241858392954,0,150,2001,5
2001-05-31,29.43999323844912,0.33253518,33.61461223103106,0,151,2001,5
2001-06-01,29.47999323755505,0.32230642,33.76720477826893,0,152,2001,6
2001-06-02,29.489993237331532,0.3224393,33.77941218204796,0,153,2001,6
2001-06-03,29.469993237778567,0.26477647,33.88012326322496,0,154,2001,6
2001-06-04,29.469993237778567,0.26281828,33.79772328771651,0,155,2001,6
2001-06-05,29.449993238225602,0.29693618,33.739738119766116,0,156,2001,6
2001-06-06,29.499993237108015,0.29298025,33.668019622564316,0,157,2001,6
2001-06-07,29.549993235990428,0.32979405,33.76720477826893,0,158,2001,6
2001-06-08,29.539993236213945,0.34029427,33.88927881605923,0,159,2001,6
2001-06-09,29.539993236213945,0.26235762,33.72447886504233,0,160,2001,6
2001-06-10,29.699993232637667,0.26260194,33.60545667819679,0,161,2001,6
2001-06-11,29.809993230178975,0.30443025,33.55815298855305,0,162,2001,6
2001-06-12,29.809993230178975,0.38796464,33.56730854138732,0,163,2001,6
2001-06-13,29.739993231743597,0.355665,33.54136780835688,0,164,2001,6
2001-06-14,29.63999323397877,0.24109279,33.489486342296004,0,165,2001,6
2001-06-15,29.59999323487284,0.23997167,33.452864130958915,0,166,2001,6
2001-06-16,29.609993234649323,0.23997147,33.47422708757222,0,167,2001,6
2001-06-17,29.579993235319876,0.23997167,33.37351600639522,0,168,2001,6
2001-06-18,29.589993235096358,0.24102856,33.43150117434561,0,169,2001,6
2001-06-19,29.62999323420229,0.24102856,33.45896783284843,0,170,2001,6
2001-06-20,29.55999323576691,0.26617455,33.48490856587887,0,171,2001,6
2001-06-21,29.47999323755505,0.27630797,33.5398418828845,0,172,2001,6
2001-06-22,29.379993239790224,0.23664273,33.60698260366917,0,173,2001,6
2001-06-23,29.32999324090781,0.24795103,33.58104187063873,0,174,2001,6
2001-06-24,29.309993241354846,0.24538665,33.47880486398935,0,175,2001,6
2001-06-25,29.229993243142985,0.24538825,33.42081969603896,0,176,2001,6
2001-06-26,29.119993245601677,0.23979175,33.45896783284843,0,177,2001,6
2001-06-27,29.08999324627223,0.2593414,33.45591598190367,0,178,2001,6
2001-06-28,29.01999324783685,0.19871135,33.53373818099499,0,179,2001,6
2001-06-29,29.039993247389816,0.22122546,33.66038999520242,0,180,2001,6
2001-06-30,29.00999324806037,0.20470351,33.77025662921369,0,181,2001,6
2001-07-01,29.029993247613334,0.2101682,33.741264045238495,0,182,2001,7
2001-07-02,29.09999324604871,0.21257484,33.77941218204796,0,183,2001,7
2001-07-03,29.139993245154642,0.2539325,33.9777824934572,0,184,2001,7
2001-07-04,29.189993244037055,0.30320874,33.96404916420579,0,185,2001,7
2001-07-05,29.20999324359002,0.34553662,33.64818259142339,0,186,2001,7
2001-07-06,29.179993244260572,0.34581295,33.631397411227226,0,187,2001,7
2001-07-07,29.139993245154642,0.3457508,33.5398418828845,0,188,2001,7
2001-07-08,29.09999324604871,0.34627634,33.440656727179885,0,189,2001,7
2001-07-09,29.0499932471663,0.3441336,33.632923336699605,0,190,2001,7
2001-07-10,29.079993246495746,0.33220544,33.76873070374131,0,191,2001,7
2001-07-11,29.01999324783685,0.33475524,33.80687884055078,0,192,2001,7
2001-07-12,29.069993246719264,0.41654935,33.848078828305006,0,193,2001,7
2001-07-13,29.069993246719264,0.4435714,33.89233066700399,0,194,2001,7
2001-07-14,29.119993245601677,0.41015607,33.91369362361729,0,195,2001,7
2001-07-15,29.12999324537816,0.44293433,33.83281957358122,0,196,2001,7
2001-07-16,29.159993244707607,0.4443369,33.79467143677175,0,197,2001,7
2001-07-17,29.109993245825194,0.43189666,33.79772328771651,0,198,2001,7
2001-07-18,29.079993246495746,0.43190786,33.872493635863066,0,199,2001,7
2001-07-19,29.069993246719264,0.351978,33.96404916420579,0,200,2001,7
2001-07-20,29.00999324806037,0.35183907,34.00219730101526,0,201,2001,7
2001-07-21,28.949993249401473,0.6749481,33.86791585944593,0,202,2001,7
2001-07-22,28.949993249401473,0.6749481,33.9777824934572,0,203,2001,7
2001-07-23,28.959993249177955,0.6746008,34.005249151960015,0,204,2001,7
2001-07-24,28.949993249401473,0.3708485,33.82824179716408,0,205,2001,7
2001-07-25,28.919993250072025,0.37162983,33.80840476602316,0,206,2001,7
2001-07-26,28.93999324962499,0.310094,33.91369362361729,0,207,2001,7
2001-07-27,28.869993251189612,0.30578884,33.88012326322496,0,208,2001,7
2001-07-28,28.47999325990679,0.22726154,33.84197512641549,0,209,2001,7
2001-07-29,28.419993261247896,0.22691391,33.74736774712801,0,210,2001,7
2001-07-30,28.459993260353826,0.22690055,33.66649369709194,0,211,2001,7
2001-07-31,28.489993259683274,0.24877895,33.67870110087097,0,212,2001,7
2001-08-01,28.499993259459757,0.24877943,33.74584182165563,0,213,2001,8
2001-08-02,28.559993258118652,0.24877797,33.7549973744899,0,214,2001,8
2001-08-03,28.579993257671617,0.24822073,33.561204839497805,0,215,2001,8
2001-08-04,28.639993256330513,0.24783973,33.48033078946173,0,216,2001,8
2001-08-05,28.769993253424786,0.24798329,33.43760487623513,0,217,2001,8
2001-08-06,28.799993252754234,0.2849218,33.47422708757222,0,218,2001,8
2001-08-07,28.829993252083682,0.2849215,33.49864189513028,0,219,2001,8
2001-08-08,28.799993252754234,0.28038847,33.44828635454178,0,220,2001,8
2001-08-09,28.8199932523072,0.2651701,33.33994564600289,0,221,2001,8
2001-08-10,28.909993250295543,0.27628183,33.30637528561056,0,222,2001,8
2001-08-11,28.919993250072025,0.27628183,33.32621231675148,0,223,2001,8
2001-08-12,28.929993249848508,0.27710134,33.451338205486536,0,224,2001,8
2001-08-13,28.869993251189612,0.27716753,33.426923397928476,0,225,2001,8
2001-08-14,28.85999325141313,0.2724949,33.44828635454178,0,226,2001,8
2001-08-15,28.829993252083682,0.27071527,33.60393075272441,0,227,2001,8
2001-08-16,28.85999325141313,0.27100557,33.65428629331291,0,228,2001,8
2001-08-17,28.78999325297775,0.26130587,33.64818259142339,0,229,2001,8
2001-08-18,28.769993253424786,0.26637095,33.62987148575485,0,230,2001,8
2001-08-19,28.73999325409534,0.26882854,33.584093721583486,0,231,2001,8
2001-08-20,28.689993255212926,0.38037708,33.500167820602655,0,232,2001,8
2001-08-21,28.70999325476589,0.4311362,33.439130801707506,0,233,2001,8
2001-08-22,28.73999325409534,0.4052812,33.43760487623513,0,234,2001,8
2001-08-23,28.74999325387182,0.38206956,33.45744190737605,0,235,2001,8
2001-08-24,28.829993252083682,0.44156626,33.47422708757222,0,236,2001,8
2001-08-25,28.929993249848508,0.9960102,33.512375224381685,0,237,2001,8
2001-08-26,28.969993248954438,0.9538875,33.56273076497018,0,238,2001,8
2001-08-27,28.929993249848508,0.95388865,33.585619647055864,0,239,2001,8
2001-08-28,28.839993251860164,1.015995,33.61308630555868,0,240,2001,8
2001-08-29,28.70999325476589,0.9526407,33.68785665370524,0,241,2001,8
2001-08-30,28.679993255436443,0.89122766,33.70006405748427,0,242,2001,8
2001-08-31,28.679993255436443,0.9426554,33.70311590842903,0,243,2001,8
2001-09-01,28.679993255436443,1.0482242,33.77330848015845,0,244,2001,9
2001-09-02,28.73999325409534,1.0596888,33.79314551129937,0,245,2001,9
2001-09-03,28.74999325387182,1.0596888,33.742789970710874,0,246,2001,9
2001-09-04,28.809993252530717,1.0596888,33.73516034334898,0,247,2001,9
2001-09-05,28.809993252530717,1.0356117,33.802301064133644,0,248,2001,9
2001-09-06,28.909993250295543,0.22429845,33.82976772263646,0,249,2001,9
2001-09-07,29.029993247613334,0.22253437,33.81603439338505,0,250,2001,9
2001-09-08,28.869993251189612,0.22252914,33.84655290283263,0,251,2001,9
2001-09-09,28.829993252083682,0.18964243,33.87096771039069,0,252,2001,9
2001-09-10,28.849993251636647,0.18983297,33.884701039642096,0,253,2001,9
2001-09-11,28.809993252530717,0.1945821,33.86333808302879,0,254,2001,9
2001-09-12,28.729993254318856,0.18486398,33.90758992172778,0,255,2001,9
2001-09-13,28.639993256330513,0.18404019,33.94116028212011,0,256,2001,9
2001-09-14,28.719993254542374,0.18402594,33.92590102739632,0,257,2001,9
2001-09-15,28.769993253424786,0.18422788,33.89233066700399,0,258,2001,9
2001-09-16,28.8199932523072,0.18446463,33.87096771039069,0,259,2001,9
2001-09-17,28.949993249401473,0.18446553,33.884701039642096,0,260,2001,9
2001-09-18,28.959993249177955,0.18378197,33.86486400850117,0,261,2001,9
2001-09-19,28.959993249177955,0.24440652,33.83129364810884,0,262,2001,9
2001-09-20,28.969993248954438,0.24462105,33.75804922543466,0,263,2001,9
2001-09-21,29.069993246719264,0.24508752,33.79772328771651,0,264,2001,9
2001-09-22,28.989993248507403,0.24482025,33.802301064133644,0,265,2001,9
2001-09-23,28.969993248954438,0.20590647,33.78093810752034,0,266,2001,9
2001-09-24,28.949993249401473,0.19648376,33.751945523545146,0,267,2001,9
2001-09-25,28.97999324873092,0.18577231,33.72142701409757,0,268,2001,9
2001-09-26,29.069993246719264,0.18543547,33.680227026343346,0,269,2001,9
2001-09-27,29.139993245154642,0.1813974,33.62987148575485,0,270,2001,9
2001-09-28,29.159993244707607,0.18938491,33.52153077721596,0,271,2001,9
2001-09-29,29.079993246495746,0.18683207,33.47270116209984,0,272,2001,9
2001-09-30,28.999993248283886,0.18738484,33.3964048884809,0,273,2001,9
2001-10-01,28.959993249177955,0.17652841,33.330790093168616,0,274,2001,10
2001-10-02,29.00999324806037,0.18980916,33.44981228001416,0,275,2001,10
2001-10-03,29.039993247389816,0.19667704,33.48338264040649,0,276,2001,10
2001-10-04,29.05999324694278,0.23506269,33.52916040457785,0,277,2001,10
2001-10-05,29.029993247613334,0.2950571,33.535264106467366,0,278,2001,10
2001-10-06,30.67999321073296,0.29408473,33.56273076497018,0,279,2001,10
2001-10-07,30.659993211179994,0.21526565,33.573412243276834,0,280,2001,10
2001-10-08,30.649993211403512,0.21526565,33.29874565824866,0,281,2001,10
2001-10-09,30.509993214532756,0.21526565,32.78145692311227,0,282,2001,10
2001-10-10,30.28999321945014,0.22887914,32.587664388120174,0,283,2001,10
2001-10-11,30.169993222132348,0.21527705,32.60292364284396,0,284,2001,10
2001-10-12,29.98999322615566,0.31300712,32.755516190081835,0,285,2001,10
2001-10-13,29.9099932279438,0.3130069,32.99966426566243,0,286,2001,10
2001-10-14,29.739993231743597,0.3130069,33.16751606762409,0,287,2001,10
2001-10-15,29.529993236437463,0.31332698,33.24076049029827,0,288,2001,10
2001-10-16,29.279993242025398,0.31333464,33.28959010541439,0,289,2001,10
2001-10-17,29.269993242248916,0.3128504,33.25449381954968,0,290,2001,10
2001-10-18,29.20999324359002,0.31040123,33.43455302529037,0,291,2001,10
2001-10-19,29.189993244037055,0.31027424,33.65123444236815,0,292,2001,10
2001-10-20,29.16999324448409,0.5370295,33.826715871691704,0,293,2001,10
2001-10-21,29.16999324448409,0.5775973,33.91216769814491,0,294,2001,10
2001-10-22,29.199993243813537,0.5769116,34.00219730101526,0,295,2001,10
2001-10-23,29.159993244707607,0.5467393,34.102908382192254,0,296,2001,10
2001-10-24,29.16999324448409,0.5270901,34.10748615860939,0,297,2001,10
2001-10-25,29.079993246495746,0.44903073,34.05713061802089,0,298,2001,10
2001-10-26,29.01999324783685,0.44361085,34.15631577372551,0,299,2001,10
2001-10-27,28.959993249177955,0.40153143,34.14563429541886,0,300,2001,10
2001-10-28,28.42999326102438,0.3694626,34.160893550142646,0,301,2001,10
2001-10-29,28.19999326616528,0.4487354,34.20209353789687,0,302,2001,10
2001-10-30,28.19999326616528,0.4608623,34.25092315301299,0,303,2001,10
2001-10-31,28.19999326616528,0.4592098,34.2860194388777,0,304,2001,10
2001-11-01,28.289993264153622,0.36988422,34.295174991711974,0,305,2001,11
2001-11-02,28.31999326348307,0.53609645,34.307382395491004,0,306,2001,11
2001-11-03,28.289993264153622,0.58572775,34.305856470018625,0,307,2001,11
2001-11-04,28.289993264153622,0.37321267,34.32416757568717,0,308,2001,11
2001-11-05,28.219993265718244,0.38011745,34.331797203049064,0,309,2001,11
2001-11-06,28.189993266388797,0.37666756,34.30890832096338,0,310,2001,11
2001-11-07,28.1299932677299,0.3617081,34.27381203509867,0,311,2001,11
2001-11-08,28.149993267282866,1.5414525,34.18225650675595,0,312,2001,11
2001-11-09,28.16999326683583,1.5417744,34.10748615860939,0,313,2001,11
2001-11-10,28.099993268400453,1.5351479,34.150212071835995,0,314,2001,11
2001-11-11,27.999993270635628,1.4752574,33.89996029436588,0,315,2001,11
2001-11-12,27.949993271753215,1.2376008,33.99609359912574,0,316,2001,11
2001-11-13,27.8999932728708,1.2374158,33.95336768589914,0,317,2001,11
2001-11-14,27.88999327309432,1.2195852,33.93963435664773,0,318,2001,11
2001-11-15,27.839993274211906,0.841992,33.96557508967817,0,319,2001,11
2001-11-16,27.789993275329493,0.84886825,34.015930630266666,0,320,2001,11
2001-11-17,27.769993275776528,0.74369293,34.04797506518662,0,321,2001,11
2001-11-18,27.81999327465894,,34.06170839443803,0,322,2001,11
2001-11-19,27.759993276000046,0.74343824,34.04644913971424,0,323,2001,11
2001-11-20,27.749993276223563,0.7012052,34.05865654349327,0,324,2001,11
2001-11-21,27.54999328069391,0.7047002,34.13190096616745,0,325,2001,11
2001-11-22,27.53999328091743,0.47953802,34.16547132655978,0,326,2001,11
2001-11-23,27.569993280246877,0.3799654,34.2143009416759,0,327,2001,11
2001-11-24,27.58999327979984,0.36297992,34.2432935256511,0,328,2001,11
2001-11-25,27.57999328002336,0.36284018,34.26007870584726,0,329,2001,11
2001-11-26,27.599993279576324,0.33179998,34.257026854902506,0,330,2001,11
2001-11-27,27.61999327912929,0.37475413,34.25550092943013,0,331,2001,11
2001-11-28,27.53999328091743,0.3462676,34.25092315301299,0,332,2001,11
2001-11-29,27.409993283823155,0.52894455,34.25397500395775,0,333,2001,11
2001-11-30,27.319993285834812,0.5530031,34.27228610962629,0,334,2001,11
2001-12-01,27.259993287175917,0.5561426,34.29975276812911,0,335,2001,12
2001-12-02,26.739993298798822,0.7548211,34.331797203049064,0,336,2001,12
2001-12-03,26.529993303492688,0.8048036,34.354686085134745,0,337,2001,12
2001-12-04,26.519993303716205,0.8009412,34.365367563441396,0,338,2001,12
2001-12-05,26.5799933023751,0.7733501,34.39893792383373,0,339,2001,12
2001-12-06,26.56999330259862,0.783136,34.39893792383373,0,340,2001,12
2001-12-07,26.529993303492688,0.5070095,34.379100892692804,0,341,2001,12
2001-12-08,26.489993304386758,0.47854993,34.37604904174805,0,342,2001,12
2001-12-09,26.349993307516,0.41434792,34.38215274363756,0,343,2001,12
2001-12-10,26.329993307963036,0.4139088,34.35163423418999,0,344,2001,12
2001-12-11,26.279993309080623,0.40846938,34.331797203049064,0,345,2001,12
2001-12-12,26.329993307963036,0.39288047,34.32111572474241,0,346,2001,12
2001-12-13,26.359993307292484,0.39303213,34.30890832096338,0,347,2001,12
2001-12-14,26.409993306174897,0.49092346,34.31348609738052,0,348,2001,12
2001-12-15,26.599993301928066,0.47995514,34.30890832096338,0,349,2001,12
2001-12-16,26.53999330326917,0.3970303,34.32569350115955,0,350,2001,12
2001-12-17,26.559993302822136,0.40944943,34.281441662460566,0,351,2001,12
2001-12-18,26.53999330326917,0.37467682,34.27533796057105,0,352,2001,12
2001-12-19,26.589993302151584,0.40280005,34.32264165021479,0,353,2001,12
2001-12-20,26.599993301928066,0.5576783,34.37299719080329,0,354,2001,12
2001-12-21,26.599993301928066,1.1684161,34.40504162572324,0,355,2001,12
2001-12-22,26.489993304386758,1.1841078,34.40656755119562,0,356,2001,12
2001-12-23,26.439993305504345,0.7119056,34.42182680591941,0,357,2001,12
2001-12-24,26.389993306621932,0.7066014,34.44166383706033,0,358,2001,12
2001-12-25,26.329993307963036,0.53126705,34.45387124083936,0,359,2001,12
2001-12-26,25.99999331533911,0.5633286,34.47065642103553,0,360,2001,12
2001-12-27,25.95999331623318,0.5820888,34.487441601231694,0,361,2001,12
2001-12-28,25.969993316009663,0.8091566,34.498123079538345,0,362,2001,12
2001-12-29,25.969993316009663,0.821183,34.5011749304831,0,363,2001,12
2001-12-30,26.03999331444504,0.5092143,34.5011749304831,0,364,2001,12
2001-12-31,26.10999331288042,0.4931674,34.48286382481456,0,365,2001,12
2002-01-01,26.209993310645245,0.44247445,34.44776753894985,0,1,2002,1
2002-01-02,26.18999331109228,0.48234755,34.4294564332813,0,2,2002,1
2002-01-03,26.199993310868763,0.7074268,34.43098235875368,0,3,2002,1
2002-01-04,26.219993310421728,0.9189251,34.43556013517082,0,4,2002,1
2002-01-05,26.18999331109228,0.9718675,34.44624161347747,0,5,2002,1
2002-01-06,26.119993312656902,1.5111576,34.48438975028694,0,6,2002,1
2002-01-07,26.049993314221524,1.5109801,34.545426769182086,0,7,2002,1
2002-01-08,25.979993315786146,1.5108083,34.559160098433495,0,8,2002,1
2002-01-09,25.95999331623318,0.4338907,34.58815268240869,0,9,2002,1
2002-01-10,25.95999331623318,0.43840656,34.61409341543913,0,10,2002,1
2002-01-11,25.99999331533911,0.49196473,34.632404521107674,0,11,2002,1
2002-01-12,25.929993316903733,0.58020157,34.63698229752481,0,12,2002,1
2002-01-13,25.859993318468355,0.36060095,34.632404521107674,0,13,2002,1
2002-01-14,25.829993319138907,0.3883292,34.59883416071534,0,14,2002,1
2002-01-15,25.83999331891539,0.76740676,34.595782309770584,0,15,2002,1
2002-01-16,25.789993320032977,0.7674283,34.632404521107674,0,16,2002,1
2002-01-17,25.79999331980946,0.6307934,34.61409341543913,0,17,2002,1
2002-01-18,25.869993318244838,0.7111014,34.62630081921816,0,18,2002,1
2002-01-19,25.72999332137408,0.6290841,34.620197117328644,0,19,2002,1
2002-01-20,25.72999332137408,0.26221278,34.607989713549614,0,20,2002,1
2002-01-21,25.739993321150564,0.26208144,34.60036008618772,0,21,2002,1
2002-01-22,25.749993320927047,0.265982,34.57594527862966,0,22,2002,1
2002-01-23,25.709993321821116,0.22260875,34.56373787485063,0,23,2002,1
2002-01-24,25.789993320032977,0.43713105,34.56068602390587,0,24,2002,1
2002-01-25,25.72999332137408,0.44036224,34.57441935315728,0,25,2002,1
2002-01-26,25.789993320032977,0.47392246,34.61561934091151,0,26,2002,1
2002-01-27,25.769993320480012,0.48652214,34.66902673244476,0,27,2002,1
2002-01-28,25.819993319362425,0.52542776,34.69954524189234,0,28,2002,1
2002-01-29,25.83999331891539,0.4116117,34.68123413622379,0,29,2002,1
2002-01-30,25.829993319138907,0.41217655,34.65071562677622,0,30,2002,1
2002-01-31,25.809993319585942,0.44259465,34.64613785035908,0,31,2002,1
2002-02-01,25.40999332852664,0.6414675,34.62630081921816,0,32,2002,2
2002-02-02,25.249993332102918,0.6439303,34.6232489682734,0,33,2002,2
2002-02-03,25.269993331655883,0.3980084,34.63545637205243,0,34,2002,2
2002-02-04,25.399993328750156,0.46692654,34.65681932866573,0,35,2002,2
2002-02-05,25.41999332830312,0.5449675,34.667500806972384,0,36,2002,2
2002-02-06,25.41999332830312,0.54496324,34.643085999414325,0,37,2002,2
2002-02-07,25.45999332740905,0.49016535,34.630878595635295,0,38,2002,2
2002-02-08,25.519993326067947,0.31335077,34.59273045882583,0,39,2002,2
2002-02-09,25.579993324726843,0.34040716,34.56221194937825,0,40,2002,2
2002-02-10,25.67999332249167,0.34909153,34.54084899276495,0,41,2002,2
2002-02-11,25.709993321821116,0.33202806,34.5301675144583,0,42,2002,2
2002-02-12,25.819993319362425,0.28044355,34.54390084370971,0,43,2002,2
2002-02-13,25.789993320032977,0.29262212,34.52711566351354,0,44,2002,2
2002-02-14,25.72999332137408,0.39951423,34.51490825973451,0,45,2002,2
2002-02-15,25.809993319585942,0.39798927,34.55610824748874,0,46,2002,2
2002-02-16,25.859993318468355,0.44442013,34.62782674469054,0,47,2002,2
2002-02-17,25.889993317797803,0.35733342,34.6949674654752,0,48,2002,2
2002-02-18,25.849993318691872,0.30064023,34.74379708059132,0,49,2002,2
2002-02-19,25.769993320480012,0.35546166,34.76973781362176,0,50,2002,2
2002-02-20,25.699993322044634,0.35443687,34.77126373909414,0,51,2002,2
2002-02-21,25.699993322044634,0.35519966,34.75753040984273,0,52,2002,2
2002-02-22,25.659993322938703,0.34404877,34.73006375133991,0,53,2002,2
2002-02-23,26.61999330148103,0.22646108,34.70717486925423,0,54,2002,2
2002-02-24,26.489993304386758,0.22641553,34.69801931641996,0,55,2002,2
2002-02-25,26.509993303939723,0.36527985,34.68581191264093,0,56,2002,2
2002-02-26,25.789993320032977,0.45284027,34.65071562677622,0,57,2002,2
2002-02-27,25.519993326067947,1.0944887,34.60951563902199,0,58,2002,2
2002-02-28,25.539993325620912,0.9598101,34.595782309770584,0,59,2002,2
2002-03-01,25.68999332226815,1.3515116,34.59120453335345,0,60,2002,3
2002-03-02,25.709993321821116,1.3515116,34.55610824748874,0,61,2002,3
2002-03-03,25.709993321821116,2.6956515,34.53169343993068,0,62,2002,3
2002-03-04,25.659993322938703,3.2775638,34.511856408789754,0,63,2002,3
2002-03-05,25.769993320480012,3.2569413,34.49201937764883,0,64,2002,3
2002-03-06,25.72999332137408,2.375134,34.485915675759315,0,65,2002,3
2002-03-07,25.739993321150564,2.3689091,34.48896752670407,0,66,2002,3
2002-03-08,25.72999332137408,0.36974102,34.49201937764883,0,67,2002,3
2002-03-09,25.779993320256494,0.36950806,34.475234197452664,0,68,2002,3
2002-03-10,25.859993318468355,0.3435832,34.50270085595548,0,69,2002,3
2002-03-11,25.9499933164567,0.3433883,34.55458232201636,0,70,2002,3
2002-03-12,25.83999331891539,0.5179504,34.595782309770584,0,71,2002,3
2002-03-13,25.869993318244838,0.6666895,34.63698229752481,0,72,2002,3
2002-03-14,25.91999331712725,0.6416531,34.68123413622379,0,73,2002,3
2002-03-15,25.98999331556263,1.0543008,34.70107116736472,0,74,2002,3
2002-03-16,26.009993315115594,1.0504951,34.70107116736472,0,75,2002,3
2002-03-17,26.129993312433385,0.45831177,34.70107116736472,0,76,2002,3
2002-03-18,26.249993309751176,0.4587107,34.68581191264093,0,77,2002,3
2002-03-19,26.389993306621932,1.0391153,34.67055265791714,0,78,2002,3
2002-03-20,26.41999330595138,0.8545711,34.65681932866573,0,79,2002,3
2002-03-21,26.45999330505731,0.8555329,34.65071562677622,0,80,2002,3
2002-03-22,26.529993303492688,0.85911137,34.65987117961049,0,81,2002,3
2002-03-23,26.53999330326917,0.28777266,34.67055265791714,0,82,2002,3
2002-03-24,26.559993302822136,0.28823406,34.69954524189234,0,83,2002,3
2002-03-25,26.519993303716205,0.27232975,34.704123018309474,0,84,2002,3
2002-03-26,26.45999330505731,0.85120404,34.70870079472661,0,85,2002,3
2002-03-27,26.469993304833793,0.8117353,34.71938227303326,0,86,2002,3
2002-03-28,26.449993305280827,0.8117401,34.7239600494504,0,87,2002,3
2002-03-29,26.449993305280827,0.266272,34.713278571143746,0,88,2002,3
2002-03-30,26.589993302151584,0.27971965,34.70717486925423,0,89,2002,3
2002-03-31,26.639993301033996,0.36332536,34.69649339094758,0,90,2002,3
2002-04-01,26.669993300363444,0.4067,34.69801931641996,0,91,2002,4
2002-04-02,27.339993285387777,0.39502442,34.67665635980666,0,92,2002,4
2002-04-03,27.46999328248205,0.4618063,34.66139710508287,0,93,2002,4
2002-04-04,27.4999932818115,0.4617826,34.65834525413811,0,94,2002,4
2002-04-05,28.559993258118652,0.37781852,34.66139710508287,0,95,2002,4
2002-04-06,28.50999325923624,0.37776023,34.655293403193355,0,96,2002,4
2002-04-07,28.43999326080086,0.3446519,34.65071562677622,0,97,2002,4
2002-04-08,27.599993279576324,0.29855484,34.66902673244476,0,98,2002,4
2002-04-09,27.449993282929086,0.32770014,34.68733783811331,0,99,2002,4
2002-04-10,27.54999328069391,0.32781625,34.71785634756088,0,100,2002,4
2002-04-11,27.489993282035016,0.29772872,34.7239600494504,0,101,2002,4
2002-04-12,27.479993282258533,0.29772556,34.725485974922776,0,102,2002,4
2002-04-13,27.53999328091743,0.26975957,34.72243412397802,0,103,2002,4
2002-04-14,27.61999327912929,0.27348626,34.725485974922776,0,104,2002,4
2002-04-15,27.459993282705568,0.27866068,34.69649339094758,0,105,2002,4
2002-04-16,27.369993284717225,0.2948405,34.665974881500006,0,106,2002,4
2002-04-17,27.359993284940742,0.26745754,34.65987117961049,0,107,2002,4
2002-04-18,27.459993282705568,0.2558583,34.6736045088619,0,108,2002,4
2002-04-19,27.489993282035016,0.28760248,34.67665635980666,0,109,2002,4
2002-04-20,27.369993284717225,0.37382174,34.690389689058065,0,110,2002,4
2002-04-21,27.359993284940742,0.4283841,34.73006375133991,0,111,2002,4
2002-04-22,27.34999328516426,0.43243378,34.76058226078749,0,112,2002,4
2002-04-23,27.409993283823155,0.56750506,34.766685962677,0,113,2002,4
2002-04-24,27.479993282258533,0.675032,34.75753040984273,0,114,2002,4
2002-04-25,27.439993283152603,0.6836906,34.75447855889797,0,115,2002,4
2002-04-26,27.489993282035016,0.4134475,34.70870079472661,0,116,2002,4
2002-04-27,27.53999328091743,0.31337622,34.67055265791714,0,117,2002,4
2002-04-28,27.629993278905772,0.3105424,34.66444895602763,0,118,2002,4
2002-04-29,27.799993275105976,0.3578042,34.65681932866573,0,119,2002,4
2002-04-30,27.759993276000046,0.2892681,34.63850822299719,0,120,2002,4
2002-05-01,27.789993275329493,0.30296773,34.60341193713248,0,121,2002,5
2002-05-02,27.84999327398839,0.32456747,34.582048980519176,0,122,2002,5
2002-05-03,27.799993275105976,0.36434412,34.57899712957442,0,123,2002,5
2002-05-04,27.22999328784647,0.39034024,34.58967860788107,0,124,2002,5
2002-05-05,26.92999329455199,0.39034048,34.61561934091151,0,125,2002,5
2002-05-06,26.99999329298737,0.4024548,34.641560073941946,0,126,2002,5
2002-05-07,27.23999328762295,0.44457,34.66139710508287,0,127,2002,5
2002-05-08,27.339993285387777,0.44737747,34.67513043433428,0,128,2002,5
2002-05-09,27.339993285387777,0.44686618,34.678182285279036,0,129,2002,5
2002-05-10,27.42999328337612,0.4525776,34.67513043433428,0,130,2002,5
2002-05-11,27.54999328069391,0.46116185,34.655293403193355,0,131,2002,5
2002-05-12,27.69999327734115,0.47091118,34.632404521107674,0,132,2002,5
2002-05-13,27.729993276670598,0.5188465,34.58510083146393,0,133,2002,5
2002-05-14,27.839993274211906,0.5387643,34.571367502212524,0,134,2002,5
2002-05-15,27.949993271753215,0.537681,34.54847862012684,0,135,2002,5
2002-05-16,28.039993269741558,0.54969794,34.51796011067927,0,136,2002,5
2002-05-17,28.08999326862397,0.46888515,34.47218234650791,0,137,2002,5
2002-05-18,28.11999326795342,0.4904687,34.426404582336545,0,138,2002,5
2002-05-19,28.179993266612314,0.38450345,34.39283422194421,0,139,2002,5
2002-05-20,28.209993265941762,0.29197666,34.39588607288897,0,140,2002,5
2002-05-21,28.569993257895135,0.69125515,34.39741199836135,0,141,2002,5
2002-05-22,28.619993256777548,0.55532193,34.40046384930611,0,142,2002,5
2002-05-23,28.70999325476589,0.31215212,34.40046384930611,0,143,2002,5
2002-05-24,28.769993253424786,0.30192897,34.39741199836135,0,144,2002,5
2002-05-25,28.889993250742577,0.29457787,34.391308296471834,0,145,2002,5
2002-05-26,28.97999324873092,0.2863707,34.39436014741659,0,146,2002,5
2002-05-27,28.989993248507403,0.2883794,34.36078978702426,0,147,2002,5
2002-05-28,28.969993248954438,0.2967504,34.35926386155188,0,148,2002,5
2002-05-29,28.969993248954438,0.3040142,34.36384163796902,0,149,2002,5
2002-05-30,29.08999324627223,0.29077592,34.3577379360795,0,150,2002,5
2002-05-31,29.16999324448409,0.3081572,34.36384163796902,0,151,2002,5
2002-06-01,29.219993243366503,0.3120475,34.35926386155188,0,152,2002,6
2002-06-02,29.20999324359002,0.31239825,34.32264165021479,0,153,2002,6
2002-06-03,29.189993244037055,0.2941632,34.281441662460566,0,154,2002,6
2002-06-04,29.219993243366503,0.27558482,34.25244907848537,0,155,2002,6
2002-06-05,29.16999324448409,0.22174294,34.25550092943013,0,156,2002,6
2002-06-06,29.109993245825194,0.214213,34.25550092943013,0,157,2002,6
2002-06-07,29.119993245601677,0.21586579,34.27228610962629,0,158,2002,6
2002-06-08,29.16999324448409,0.24789886,34.27228610962629,0,159,2002,6
2002-06-09,29.219993243366503,0.2366272,34.24939722754061,0,160,2002,6
2002-06-10,29.31999324113133,0.22562993,34.25397500395775,0,161,2002,6
2002-06-11,29.36999324001374,0.19597848,34.27381203509867,0,162,2002,6
2002-06-12,29.36999324001374,0.19575346,34.28754536435008,0,163,2002,6
2002-06-13,29.339993240684294,0.19798905,34.31196017190814,0,164,2002,6
2002-06-14,28.999993248283886,0.2961996,34.32416757568717,0,165,2002,6
2002-06-15,28.799993252754234,0.30196005,34.33942683041096,0,166,2002,6
2002-06-16,28.70999325476589,0.3024319,34.354686085134745,0,167,2002,6
2002-06-17,28.70999325476589,0.33771288,34.331797203049064,0,168,2002,6
2002-06-18,28.8199932523072,0.3377039,34.28449351340532,0,169,2002,6
2002-06-19,28.93999324962499,0.33791822,34.30433054454625,0,170,2002,6
2002-06-20,28.93999324962499,0.33597404,34.27991573698819,0,171,2002,6
2002-06-21,28.919993250072025,0.33579022,34.26160463131964,0,172,2002,6
2002-06-22,28.869993251189612,0.3357904,34.24024167470634,0,173,2002,6
2002-06-23,28.909993250295543,0.23441863,34.232612047344446,0,174,2002,6
2002-06-24,28.989993248507403,0.30153927,34.2432935256511,0,175,2002,6
2002-06-25,28.959993249177955,0.2991234,34.257026854902506,0,176,2002,6
2002-06-26,28.889993250742577,0.29863906,34.221930569037795,0,177,2002,6
2002-06-27,28.959993249177955,0.31095326,34.26007870584726,0,178,2002,6
2002-06-28,28.999993248283886,0.3730416,34.22956019639969,0,179,2002,6
2002-06-29,29.05999324694278,0.41279998,34.21277501620352,0,180,2002,6
2002-06-30,29.029993247613334,0.37112787,34.244819451123476,0,181,2002,6
2002-07-01,29.0499932471663,0.34686387,34.257026854902506,0,182,2002,7
2002-07-02,29.12999324537816,0.3390948,34.258552780374885,0,183,2002,7
2002-07-03,29.16999324448409,0.3392041,34.29059721529484,0,184,2002,7
2002-07-04,29.219993243366503,0.32589942,34.2860194388777,0,185,2002,7
2002-07-05,29.239993242919468,0.32645097,34.27686388604343,0,186,2002,7
2002-07-06,29.20999324359002,0.34650576,34.27838981151581,0,187,2002,7
2002-07-07,29.16999324448409,0.38091114,34.26007870584726,0,188,2002,7
2002-07-08,29.12999324537816,0.38086608,34.23871574923396,0,189,2002,7
2002-07-09,29.08999324627223,0.38676846,34.209723165258765,0,190,2002,7
2002-07-10,29.12999324537816,0.37366128,34.18378243222833,0,191,2002,7
2002-07-11,29.069993246719264,0.37213242,34.148686146363616,0,192,2002,7
2002-07-12,29.119993245601677,0.38876888,34.09833060577512,0,193,2002,7
2002-07-13,29.119993245601677,0.3723935,34.10443430766463,0,194,2002,7
2002-07-14,29.16999324448409,0.37217665,34.1425824444741,0,195,2002,7
2002-07-15,29.31999324113133,0.36123544,34.19598983600736,0,196,2002,7
2002-07-16,29.63999323397877,0.3509956,34.223456494510174,0,197,2002,7
2002-07-17,29.649993233755254,0.4272821,34.21887871809304,0,198,2002,7
2002-07-18,29.59999323487284,0.42728242,34.18378243222833,0,199,2002,7
2002-07-19,29.549993235990428,0.42732513,34.24787130206823,0,200,2002,7
2002-07-20,29.36999324001374,0.4453576,34.26160463131964,0,201,2002,7
2002-07-21,28.409993261471413,0.4954135,34.35163423418999,0,202,2002,7
2002-07-22,28.409993261471413,0.510068,34.37452311627567,0,203,2002,7
2002-07-23,28.409993261471413,0.49711624,34.401989774778485,0,204,2002,7
2002-07-24,28.42999326102438,0.4969856,34.39741199836135,0,205,2002,7
2002-07-25,28.39999326169493,0.49787357,34.37299719080329,0,206,2002,7
2002-07-26,28.419993261247896,0.47668743,34.33942683041096,0,207,2002,7
2002-07-27,28.369993262365483,0.47981742,34.305856470018625,0,208,2002,7
2002-07-28,28.409993261471413,0.48560244,34.282967587932944,0,209,2002,7
2002-07-29,28.43999326080086,0.48787647,34.258552780374885,0,210,2002,7
2002-07-30,28.46999326013031,0.48359966,34.2432935256511,0,211,2002,7
2002-07-31,28.499993259459757,0.42417234,34.270760184153914,0,212,2002,7
2002-08-01,28.489993259683274,0.41789997,34.307382395491004,0,213,2002,8
2002-08-02,28.50999325923624,0.42388502,34.330271277576685,0,214,2002,8
2002-08-03,28.519993259012722,0.42045492,34.32721942663193,0,215,2002,8
2002-08-04,28.54999325834217,0.45087123,34.29822684265673,0,216,2002,8
2002-08-05,28.649993256106995,0.47921416,34.24787130206823,0,217,2002,8
2002-08-06,28.66999325565996,0.5108454,34.18225650675595,0,218,2002,8
2002-08-07,28.689993255212926,0.47567064,34.160893550142646,0,219,2002,8
2002-08-08,28.659993255883478,0.47101828,34.15173799730837,0,220,2002,8
2002-08-09,28.679993255436443,0.47174147,34.115115785971284,0,221,2002,8
2002-08-10,28.769993253424786,0.45333716,34.102908382192254,0,222,2002,8
2002-08-11,28.78999325297775,0.4407125,33.96252323873341,0,223,2002,8
2002-08-12,28.799993252754234,0.44068,33.78093810752034,0,224,2002,8
2002-08-13,28.73999325409534,0.41456658,34.09375282935798,0,225,2002,8
2002-08-14,28.729993254318856,0.36974382,34.16547132655978,0,226,2002,8
2002-08-15,28.70999325476589,0.30753878,34.10901208408177,0,227,2002,8
2002-08-16,28.73999325409534,0.32799265,34.0708639472723,0,228,2002,8
2002-08-17,28.73999325409534,0.30734465,34.03576766140759,0,229,2002,8
2002-08-18,28.769993253424786,0.30732912,34.01287877932191,0,230,2002,8
2002-08-19,28.769993253424786,0.31006402,34.00219730101526,0,231,2002,8
2002-08-20,28.70999325476589,0.29413956,33.93963435664773,0,232,2002,8
2002-08-21,28.719993254542374,0.43455738,33.90301214531064,0,233,2002,8
2002-08-22,28.74999325387182,0.3433655,33.8557084556669,0,234,2002,8
2002-08-23,29.389993239566707,0.28495207,34.10596023313701,0,235,2002,8
2002-08-24,29.63999323397877,0.28346884,34.23718982376158,0,236,2002,8
2002-08-25,29.66999323330822,0.27208152,34.220404643565416,0,237,2002,8
2002-08-26,29.659993233531736,0.26883894,34.221930569037795,0,238,2002,8
2002-08-27,29.66999323330822,0.260015,34.10901208408177,0,239,2002,8
2002-08-28,29.62999323420229,0.2648346,34.04797506518662,0,240,2002,8
2002-08-29,29.47999323755505,0.2629755,34.05102691613138,0,241,2002,8
2002-08-30,29.419993238896154,0.34144577,34.11053800955415,0,242,2002,8
2002-08-31,29.36999324001374,0.40780857,34.16547132655978,0,243,2002,8
2002-09-01,29.309993241354846,0.4269542,34.150212071835995,0,244,2002,9
2002-09-02,29.109993245825194,0.41285306,34.124271338805556,0,245,2002,9
2002-09-03,28.909993250295543,0.2867045,34.113589860498905,0,246,2002,9
2002-09-04,28.919993250072025,0.31758067,34.089175052940845,0,247,2002,9
2002-09-05,28.919993250072025,0.31697947,34.052552841603756,0,248,2002,9
2002-09-06,28.97999324873092,0.31683815,33.9777824934572,0,249,2002,9
2002-09-07,28.93999324962499,0.3135861,33.9060639962554,0,250,2002,9
2002-09-08,28.5899932574481,0.25363612,33.861812157556415,0,251,2002,9
2002-09-09,28.559993258118652,0.25696453,33.84350105188787,0,252,2002,9
2002-09-10,28.579993257671617,0.25696474,33.87859733775258,0,253,2002,9
2002-09-11,28.529993258789204,0.25180697,33.85113067924976,0,254,2002,9
2002-09-12,28.449993260577344,0.25052968,33.76110107637942,0,255,2002,9
2002-09-13,28.369993262365483,0.23286127,33.88775289058685,0,256,2002,9
2002-09-14,28.46999326013031,0.30030096,33.86486400850117,0,257,2002,9
2002-09-15,28.519993259012722,0.329021,33.81908624432981,0,258,2002,9
2002-09-16,28.579993257671617,0.29090732,33.790093660354614,0,259,2002,9
2002-09-17,28.62999325655403,0.26909438,33.73821219429374,0,260,2002,9
2002-09-18,28.609993257001065,0.26894906,33.70921961031854,0,261,2002,9
2002-09-19,28.599993257224583,0.28625712,33.631397411227226,0,262,2002,9
2002-09-20,28.619993256777548,0.26882878,33.727530715987086,0,263,2002,9
2002-09-21,29.029993247613334,0.25758743,33.83129364810884,0,264,2002,9
2002-09-22,29.0499932471663,0.21394904,33.860286232084036,0,265,2002,9
2002-09-23,29.0499932471663,0.21498348,33.75652329996228,0,266,2002,9
2002-09-24,29.00999324806037,0.22575867,33.753471449017525,0,267,2002,9
2002-09-25,29.039993247389816,0.2116622,34.018982481211424,0,268,2002,9
2002-09-26,29.09999324604871,0.2298597,34.15936762467027,0,269,2002,9
2002-09-27,30.109993223473452,0.2202729,34.15326392278075,0,270,2002,9
2002-09-28,30.48999321497979,0.23353851,34.24939722754061,0,271,2002,9
2002-09-29,30.44999321587386,0.26261365,34.14105651900172,0,272,2002,9
2002-09-30,30.24999322034421,0.3795043,34.124271338805556,0,273,2002,9
2002-10-01,30.109993223473452,0.38098013,34.005249151960015,0,274,2002,10
2002-10-02,30.079993224144005,0.28645217,34.09833060577512,0,275,2002,10
2002-10-03,30.02999322526159,0.28438458,34.199041686952114,0,276,2002,10
2002-10-04,29.929993227496766,0.2631749,34.38825644552708,0,277,2002,10
2002-10-05,29.739993231743597,0.2989984,34.47676012292504,0,278,2002,10
2002-10-06,29.609993234649323,0.28885388,34.34400460682809,0,279,2002,10
2002-10-07,29.47999323755505,0.38491988,34.22498241998255,0,280,2002,10
2002-10-08,29.529993236437463,0.3849964,34.139530593529344,0,281,2002,10
2002-10-09,29.59999323487284,0.3258054,34.0998565312475,0,282,2002,10
2002-10-10,29.499993237108015,0.29305157,34.11053800955415,0,283,2002,10
2002-10-11,29.449993238225602,0.3552554,33.97625656798482,0,284,2002,10
2002-10-12,29.43999323844912,0.22591855,34.07544172368944,0,285,2002,10
2002-10-13,29.419993238896154,0.22589861,34.246345376595855,0,286,2002,10
2002-10-14,29.28999324180188,0.20968284,33.86791585944593,0,287,2002,10
2002-10-15,29.219993243366503,0.20152824,33.874019561335444,0,288,2002,10
2002-10-16,29.12999324537816,0.2300746,34.00372322648764,0,289,2002,10
2002-10-17,29.179993244260572,0.33763582,33.884701039642096,0,290,2002,10
2002-10-18,29.239993242919468,0.22317474,33.957945462316275,0,291,2002,10
2002-10-19,29.31999324113133,0.25834662,34.00372322648764,0,292,2002,10
2002-10-20,29.32999324090781,0.20317806,34.13495281711221,0,293,2002,10
2002-10-21,29.309993241354846,0.20306435,34.09375282935798,0,294,2002,10
2002-10-22,29.20999324359002,0.37559593,34.19598983600736,0,295,2002,10
2002-10-23,29.119993245601677,0.4511376,34.27533796057105,0,296,2002,10
2002-10-24,28.989993248507403,0.37684163,34.33942683041096,0,297,2002,10
2002-10-25,28.97999324873092,0.3660224,34.40961940214038,0,298,2002,10
2002-10-26,28.949993249401473,0.30832124,34.45234531536698,0,299,2002,10
2002-10-27,28.919993250072025,0.30744576,34.487441601231694,0,300,2002,10
2002-10-28,28.879993250966095,0.2662649,34.49507122859359,0,301,2002,10
2002-10-29,28.829993252083682,0.26595628,34.56221194937825,0,302,2002,10
2002-10-30,28.8199932523072,0.37314725,34.46455271914601,0,303,2002,10
2002-10-31,28.74999325387182,0.34288168,34.330271277576685,0,304,2002,10
2002-11-01,28.769993253424786,0.3331339,34.38825644552708,0,305,2002,11
2002-11-02,28.73999325409534,0.33309945,34.463026793673635,0,306,2002,11
2002-11-03,28.659993255883478,0.30347744,34.48133789934218,0,307,2002,11
2002-11-04,28.619993256777548,0.3034772,34.49659715406597,0,308,2002,11
2002-11-05,28.50999325923624,0.5039627,34.49201937764883,0,309,2002,11
2002-11-06,28.43999326080086,0.7563926,34.52711566351354,0,310,2002,11
2002-11-07,28.349993262812518,0.7673612,34.5301675144583,0,311,2002,11
2002-11-08,28.349993262812518,1.0289202,34.53169343993068,0,312,2002,11
2002-11-09,28.329993263259553,1.064789,34.5728934276849,0,313,2002,11
2002-11-10,28.329993263259553,0.8181921,34.57441935315728,0,314,2002,11
2002-11-11,28.269993264600657,0.4522837,34.545426769182086,0,315,2002,11
2002-11-12,28.219993265718244,0.47974107,34.524063812568784,0,316,2002,11
2002-11-13,28.15999326705935,0.9504312,34.53779714182019,0,317,2002,11
2002-11-14,29.159993244707607,0.5123072,34.53779714182019,0,318,2002,11
2002-11-15,29.279993242025398,0.46727145,34.533219365403056,0,319,2002,11
2002-11-16,29.279993242025398,0.46727145,34.582048980519176,0,320,2002,11
2002-11-17,28.969993248954438,0.4488005,34.58662675693631,0,321,2002,11
2002-11-18,28.849993251636647,0.4488005,34.59120453335345,0,322,2002,11
2002-11-19,28.649993256106995,0.44360888,34.59273045882583,0,323,2002,11
2002-11-20,28.539993258565687,0.68082476,34.60036008618772,0,324,2002,11
2002-11-21,28.259993264824175,0.70291114,34.61561934091151,0,325,2002,11
2002-11-22,28.179993266612314,0.83893716,34.66139710508287,0,326,2002,11
2002-11-23,28.149993267282866,0.83893716,34.66444895602763,0,327,2002,11
2002-11-24,28.109993268176936,0.8173983,34.66292303055525,0,328,2002,11
2002-11-25,28.04999326951804,0.9183194,34.6522415522486,0,329,2002,11
2002-11-26,28.029993269965075,0.86800605,34.641560073941946,0,330,2002,11
2002-11-27,26.979993293434404,0.8679638,34.62782674469054,0,331,2002,11
2002-11-28,27.149993289634608,0.8308697,34.607989713549614,0,332,2002,11
2002-11-29,27.15999328941109,0.5101181,34.583574905991554,0,333,2002,11
2002-11-30,27.089993290975713,0.49247912,34.559160098433495,0,334,2002,11
2002-12-01,27.049993291869782,0.40158013,34.53779714182019,0,335,2002,12
2002-12-02,27.069993291422747,0.41800463,34.50727863237262,0,336,2002,12
2002-12-03,27.149993289634608,0.7112215,34.48286382481456,0,337,2002,12
2002-12-04,27.209993288293504,0.57482773,34.485915675759315,0,338,2002,12
2002-12-05,27.139993289858126,0.5668191,34.49049345217645,0,339,2002,12
2002-12-06,27.289993286505364,0.87726223,34.50270085595548,0,340,2002,12
2002-12-07,27.38999328427019,0.70124394,34.50270085595548,0,341,2002,12
2002-12-08,27.46999328248205,1.100461,34.50422678142786,0,342,2002,12
2002-12-09,27.249993287399434,0.5658769,34.50422678142786,0,343,2002,12
2002-12-10,27.149993289634608,0.57235146,34.5301675144583,0,344,2002,12
2002-12-11,26.87999329566958,0.6942638,34.53932306729257,0,345,2002,12
2002-12-12,26.589993302151584,0.6069149,34.571367502212524,0,346,2002,12
2002-12-13,26.5799933023751,0.37936524,34.63393044658005,0,347,2002,12
2002-12-14,26.72999329902234,0.64804965,34.70717486925423,0,348,2002,12
2002-12-15,26.76999329812827,0.6842948,34.704123018309474,0,349,2002,12
2002-12-16,26.799993297457718,0.5380592,34.71022672019899,0,350,2002,12
2002-12-17,26.779993297904753,0.4275358,34.766685962677,0,351,2002,12
2002-12-18,26.84999329634013,0.5710854,34.786522993817925,0,352,2002,12
2002-12-19,27.50999328158798,0.86549264,34.775841515511274,0,353,2002,12
2002-12-20,27.46999328248205,0.821489,34.76973781362176,0,354,2002,12
2002-12-21,27.459993282705568,0.51598084,34.77126373909414,0,355,2002,12
2002-12-22,27.169993289187573,0.5997482,34.75447855889797,0,356,2002,12
2002-12-23,27.009993292763852,0.56980574,34.73311560228467,0,357,2002,12
2002-12-24,26.939993294328474,0.41499856,34.71022672019899,0,358,2002,12
2002-12-25,26.829993296787165,0.3975419,34.68123413622379,0,359,2002,12
2002-12-26,26.64999330081048,0.39246583,34.67513043433428,0,360,2002,12
2002-12-27,26.53999330326917,0.42471275,34.665974881500006,0,361,2002,12
2002-12-28,26.559993302822136,0.34487587,34.66292303055525,0,362,2002,12
2002-12-29,26.519993303716205,0.49354678,34.66902673244476,0,363,2002,12
2002-12-30,26.56999330259862,0.33367118,34.65834525413811,0,364,2002,12
2002-12-31,26.53999330326917,,34.64003414846957,0,365,2002,12
2003-01-01,26.53999330326917,0.5386124,34.65681932866573,0,1,2003,1
2003-01-02,26.469993304833793,0.5863279,34.6736045088619,0,2,2003,1
2003-01-03,26.469993304833793,0.479402,34.64918970130384,0,3,2003,1
2003-01-04,26.479993304610275,0.45699763,34.6446119248867,0,4,2003,1
2003-01-05,26.429993305727862,0.49292994,34.679708210751414,0,5,2003,1
2003-01-06,26.349993307516,0.6411321,34.713278571143746,0,6,2003,1
2003-01-07,26.219993310421728,0.66294533,34.73006375133991,0,7,2003,1
2003-01-08,26.169993311539315,0.5899166,34.76058226078749,0,8,2003,1
2003-01-09,26.14999331198635,0.7620258,34.788048919290304,0,9,2003,1
2003-01-10,26.14999331198635,0.8238408,34.786522993817925,0,10,2003,1
2003-01-11,26.18999331109228,0.70560104,34.76821188814938,0,11,2003,1
2003-01-12,26.10999331288042,0.40893614,34.76973781362176,0,12,2003,1
2003-01-13,26.02999331466856,0.40390158,34.77889336645603,0,13,2003,1
2003-01-14,26.009993315115594,0.4218569,34.78957484476268,0,14,2003,1
2003-01-15,26.179993311315798,0.5735892,34.80330817401409,0,15,2003,1
2003-01-16,26.239993309974693,0.56587577,34.82619705609977,0,16,2003,1
2003-01-17,26.22999331019821,0.49326548,34.84908593818545,0,17,2003,1
2003-01-18,26.14999331198635,0.5514993,34.871974820271134,0,18,2003,1
2003-01-19,26.06999331377449,0.5947621,34.896389627829194,0,19,2003,1
2003-01-20,26.049993314221524,0.71426517,34.91470073349774,0,20,2003,1
2003-01-21,26.06999331377449,0.7982456,34.92538221180439,0,21,2003,1
2003-01-22,26.079993313550972,1.1267575,34.91470073349774,0,22,2003,1
2003-01-23,25.95999331623318,0.79532784,34.91164888255298,0,23,2003,1
2003-01-24,25.889993317797803,0.88808274,34.91317480802536,0,24,2003,1
2003-01-25,25.809993319585942,0.83830553,34.908597031608224,0,25,2003,1
2003-01-26,25.859993318468355,1.4219444,34.894863702356815,0,26,2003,1
2003-01-27,25.819993319362425,0.759324,34.87655259668827,0,27,2003,1
2003-01-28,25.40999332852664,0.38279206,34.84450816176832,0,28,2003,1
2003-01-29,25.349993329867743,0.38205728,34.78499706834555,0,29,2003,1
2003-01-30,25.349993329867743,0.2607506,34.70870079472661,0,30,2003,1
2003-01-31,25.37999332919719,0.38603923,34.66902673244476,0,31,2003,1
2003-02-01,25.469993327185534,0.37836826,34.66292303055525,0,32,2003,2
2003-02-02,25.599993324279808,0.40159196,34.665974881500006,0,33,2003,2
2003-02-03,25.4899933267385,0.37369183,34.6736045088619,0,34,2003,2
2003-02-04,25.469993327185534,0.4175129,34.66444895602763,0,35,2003,2
2003-02-05,24.74999334327879,0.5569927,34.66292303055525,0,36,2003,2
2003-02-06,24.709993344172858,0.6635579,34.66292303055525,0,37,2003,2
2003-02-07,24.669993345066928,0.66351074,34.65987117961049,0,38,2003,2
2003-02-08,25.279993331432365,0.8580803,34.641560073941946,0,39,2003,2
2003-02-09,25.269993331655883,0.36163563,34.61256748996675,0,40,2003,2
2003-02-10,25.309993330761813,0.35010758,34.59730823524296,0,41,2003,2
2003-02-11,25.83999331891539,0.3980892,34.58662675693631,0,42,2003,2
2003-02-12,25.889993317797803,0.58379835,34.571367502212524,0,43,2003,2
2003-02-13,25.769993320480012,0.60068595,34.57441935315728,0,44,2003,2
2003-02-14,25.779993320256494,0.64372134,34.583574905991554,0,45,2003,2
2003-02-15,25.769993320480012,0.63729376,34.60036008618772,0,46,2003,2
2003-02-16,25.779993320256494,1.1109395,34.617145266383886,0,47,2003,2
2003-02-17,25.79999331980946,1.3431858,34.643085999414325,0,48,2003,2
2003-02-18,25.75999332070353,0.5232564,34.66292303055525,0,49,2003,2
2003-02-19,25.64999332316222,0.69965947,34.66292303055525,0,50,2003,2
2003-02-20,25.56999332495036,0.69965947,34.65681932866573,0,51,2003,2
2003-02-21,25.56999332495036,0.62495303,34.65834525413811,0,52,2003,2
2003-02-22,25.52999332584443,0.6231007,34.6522415522486,0,53,2003,2
2003-02-23,25.549993325397395,1.9989431,34.64613785035908,0,54,2003,2
2003-02-24,25.13999333456161,2.0089839,34.6522415522486,0,55,2003,2
2003-02-25,25.169993333891057,1.0809939,34.65834525413811,0,56,2003,2
2003-02-26,25.129993334785127,0.7753887,34.64766377583146,0,57,2003,2
2003-02-27,25.209993332996987,0.3871553,34.629352670162916,0,58,2003,2
2003-02-28,25.29999333098533,0.4540276,34.620197117328644,0,59,2003,2
2003-03-01,25.479993326962017,0.3979615,34.620197117328644,0,60,2003,3
2003-03-02,26.56999330259862,0.56866944,34.62782674469054,0,61,2003,3
2003-03-03,27.019993292540335,0.37746826,34.61409341543913,0,62,2003,3
2003-03-04,26.979993293434404,0.6138734,34.60341193713248,0,63,2003,3
2003-03-05,26.87999329566958,0.51771563,34.61104156449437,0,64,2003,3
2003-03-06,26.68999329991641,0.36945042,34.61409341543913,0,65,2003,3
2003-03-07,26.589993302151584,0.5626319,34.61561934091151,0,66,2003,3
2003-03-08,26.45999330505731,0.5496076,34.65071562677622,0,67,2003,3
2003-03-09,26.37999330684545,0.51843214,34.68886376358569,0,68,2003,3
2003-03-10,25.889993317797803,0.81715196,34.71785634756088,0,69,2003,3
2003-03-11,25.4899933267385,0.8821295,34.75753040984273,0,70,2003,3
2003-03-12,25.469993327185534,0.40492406,34.80178224854171,0,71,2003,3
2003-03-13,25.549993325397395,0.39900818,34.810937801375985,0,72,2003,3
2003-03-14,25.579993324726843,0.5071609,34.80330817401409,0,73,2003,3
2003-03-15,25.739993321150564,0.5214946,34.79720447212458,1,74,2003,3
2003-03-16,25.829993319138907,0.40373403,34.788048919290304,1,75,2003,3
2003-03-17,25.99999331533911,0.3124085,34.79415262117982,1,76,2003,3
2003-03-18,26.18999331109228,0.47952202,34.79720447212458,0,77,2003,3
2003-03-19,26.349993307516,0.60098267,34.788048919290304,0,78,2003,3
2003-03-20,26.369993307068967,1.041815,34.78041929192841,0,79,2003,3
2003-03-21,26.14999331198635,0.5708062,34.78347114287317,0,80,2003,3
2003-03-22,26.249993309751176,0.6277865,34.78194521740079,0,81,2003,3
2003-03-23,26.019993314892076,0.52180904,34.774315590038896,0,82,2003,3
2003-03-24,25.869993318244838,0.73896646,34.76058226078749,0,83,2003,3
2003-03-25,25.819993319362425,0.71822506,34.749900782480836,0,84,2003,3
2003-03-26,25.87999331802132,0.63797224,34.74837485700846,0,85,2003,3
2003-03-27,25.9499933164567,0.4812638,34.74379708059132,0,86,2003,3
2003-03-28,26.009993315115594,0.536362,34.74227115511894,0,87,2003,3
2003-03-29,26.089993313327454,0.65478915,34.75600448437035,0,88,2003,3
2003-03-30,26.14999331198635,0.41115734,34.77126373909414,0,89,2003,3
2003-03-31,26.26999330930414,0.5501771,34.762108186259866,0,90,2003,3
2003-04-01,26.369993307068967,0.5977432,34.751426707953215,0,91,2003,4
2003-04-02,26.429993305727862,0.55685663,34.74684893153608,0,92,2003,4
2003-04-03,26.96999329365792,0.513655,34.76058226078749,0,93,2003,4
2003-04-04,27.0399932920933,0.3950098,34.75753040984273,0,94,2003,4
2003-04-05,27.029993292316817,0.42767635,34.763634111732244,0,95,2003,4
2003-04-06,27.299993286281847,0.66825926,34.78194521740079,0,96,2003,4
2003-04-07,27.2699932869524,0.6971591,34.78957484476268,0,97,2003,4
2003-04-08,27.27999328672888,0.6486307,34.79110077023506,0,98,2003,4
2003-04-09,27.259993287175917,0.6486307,34.80483409948647,0,99,2003,4
2003-04-10,27.34999328516426,0.6902746,34.812463726848364,0,100,2003,4
2003-04-11,27.34999328516426,0.8140863,34.809411875903606,0,101,2003,4
2003-04-12,27.419993283599638,0.6843976,34.798730397596955,0,102,2003,4
2003-04-13,27.50999328158798,0.9782829,34.78347114287317,0,103,2003,4
2003-04-14,27.519993281364464,0.58296156,34.762108186259866,0,104,2003,4
2003-04-15,27.519993281364464,0.4845977,34.74074522964656,0,105,2003,4
2003-04-16,27.109993290528678,0.43971378,34.714804496616125,0,106,2003,4
2003-04-17,27.019993292540335,0.46236187,34.67665635980666,0,107,2003,4
2003-04-18,26.989993293210887,0.46193045,34.64613785035908,0,108,2003,4
2003-04-19,27.069993291422747,0.45279178,34.606463788077235,0,109,2003,4
2003-04-20,26.989993293210887,0.529045,34.56068602390587,0,110,2003,4
2003-04-21,27.059993291646265,0.4822704,34.5728934276849,0,111,2003,4
2003-04-22,27.11999329030516,0.48634663,34.594256384298205,0,112,2003,4
2003-04-23,27.22999328784647,0.42178157,34.60036008618772,0,113,2003,4
2003-04-24,27.30999328605833,0.66385293,34.59883416071534,0,114,2003,4
2003-04-25,27.289993286505364,1.0207585,34.606463788077235,0,115,2003,4
2003-04-26,27.369993284717225,0.94477975,34.62172304280102,0,116,2003,4
2003-04-27,27.11999329030516,0.7176407,34.62172304280102,0,117,2003,4
2003-04-28,27.109993290528678,0.43630314,34.620197117328644,0,118,2003,4
2003-04-29,27.19999328851702,0.3651649,34.62477489374578,0,119,2003,4
2003-04-30,27.259993287175917,0.45590588,34.618671191856265,0,120,2003,4
2003-05-01,27.42999328337612,0.4939491,34.61256748996675,0,121,2003,5
2003-05-02,27.61999327912929,0.3233397,34.607989713549614,0,122,2003,5
2003-05-03,27.789993275329493,0.37598503,34.620197117328644,0,123,2003,5
2003-05-04,27.88999327309432,0.33463988,34.630878595635295,0,124,2003,5
2003-05-05,28.27999326437714,0.35384828,34.6446119248867,0,125,2003,5
2003-05-06,28.249993265047692,0.4016501,34.64766377583146,0,126,2003,5
2003-05-07,28.249993265047692,0.40524068,34.66292303055525,0,127,2003,5
2003-05-08,27.419993283599638,0.45134702,34.678182285279036,0,128,2003,5
2003-05-09,27.42999328337612,0.30626884,34.69649339094758,0,129,2003,5
2003-05-10,27.449993282929086,0.30634522,34.70870079472661,0,130,2003,5
2003-05-11,27.679993277788185,0.41301918,34.70564894378185,0,131,2003,5
2003-05-12,27.719993276894115,0.3688523,34.704123018309474,0,132,2003,5
2003-05-13,27.749993276223563,0.3735427,34.71022672019899,0,133,2003,5
2003-05-14,27.939993271976732,0.38051376,34.70564894378185,0,134,2003,5
2003-05-15,28.059993269294523,0.3800679,34.702597092837095,0,135,2003,5
2003-05-16,28.139993267506384,0.3837825,34.678182285279036,1,136,2003,5
2003-05-17,28.189993266388797,0.40172115,34.665974881500006,0,137,2003,5
2003-05-18,28.209993265941762,0.35861704,34.64766377583146,0,138,2003,5
2003-05-19,28.269993264600657,0.358834,34.6446119248867,0,139,2003,5
2003-05-20,28.369993262365483,0.35884297,34.61104156449437,0,140,2003,5
2003-05-21,28.489993259683274,0.5398792,34.6232489682734,0,141,2003,5
2003-05-22,28.529993258789204,0.62877107,34.653767477720976,0,142,2003,5
2003-05-23,28.599993257224583,0.5966964,34.62630081921816,0,143,2003,5
2003-05-24,28.649993256106995,0.63358134,34.5805230550468,0,144,2003,5
2003-05-25,28.759993253648304,0.6725935,34.5515304710716,0,145,2003,5
2003-05-26,28.849993251636647,0.54952335,34.54084899276495,0,146,2003,5
2003-05-27,28.85999325141313,0.4503952,34.533219365403056,0,147,2003,5
2003-05-28,28.849993251636647,0.6033999,34.53169343993068,0,148,2003,5
2003-05-29,28.809993252530717,0.61076635,34.52864158898592,0,149,2003,5
2003-05-30,28.139993267506384,0.60501266,34.52558973804116,0,150,2003,5
2003-05-31,28.16999326683583,0.6143052,34.522537887096405,0,151,2003,5
2003-06-01,28.19999326616528,0.6200247,34.52864158898592,0,152,2003,6
2003-06-02,28.289993264153622,0.66725326,34.5301675144583,0,153,2003,6
2003-06-03,28.359993262589,0.65698606,34.51796011067927,0,154,2003,6
2003-06-04,28.46999326013031,0.6211629,34.51643418520689,0,155,2003,6
2003-06-05,28.559993258118652,0.6832435,34.53169343993068,0,156,2003,6
2003-06-06,28.719993254542374,0.71254337,34.557634172961116,0,157,2003,6
2003-06-07,28.85999325141313,0.82641006,34.58510083146393,0,158,2003,6
2003-06-08,28.909993250295543,0.75017184,34.61561934091151,0,159,2003,6
2003-06-09,29.70999323241415,0.5135615,34.643085999414325,0,160,2003,6
2003-06-10,29.539993236213945,0.4244628,34.65071562677622,0,161,2003,6
2003-06-11,29.55999323576691,0.41426095,34.64613785035908,0,162,2003,6
2003-06-12,29.55999323576691,0.5191357,34.653767477720976,0,163,2003,6
2003-06-13,29.529993236437463,0.51913476,34.65681932866573,0,164,2003,6
2003-06-14,29.459993238002085,0.51913476,34.63698229752481,0,165,2003,6
2003-06-15,29.449993238225602,0.55236274,34.557634172961116,0,166,2003,6
2003-06-16,29.47999323755505,0.56212366,34.51796011067927,0,167,2003,6
2003-06-17,29.469993237778567,0.7581001,34.48133789934218,0,168,2003,6
2003-06-18,29.499993237108015,0.7580996,34.42030088044703,0,169,2003,6
2003-06-19,29.549993235990428,0.7599632,34.41114532761276,0,170,2003,6
2003-06-20,29.489993237331532,0.83158195,34.42030088044703,0,171,2003,6
2003-06-21,29.419993238896154,0.6535139,34.44471568800509,0,172,2003,6
2003-06-22,29.32999324090781,0.6524221,34.4584490172565,0,173,2003,6
2003-06-23,29.31999324113133,0.50741184,34.49354530312121,0,174,2003,6
2003-06-24,29.35999324023726,0.5575553,34.508804557845,0,175,2003,6
2003-06-25,29.08999324627223,0.5408985,34.53169343993068,0,176,2003,6
2003-06-26,28.839993251860164,0.55704004,34.557634172961116,0,177,2003,6
2003-06-27,28.809993252530717,0.5030202,34.55610824748874,0,178,2003,6
2003-06-28,28.799993252754234,0.35478386,34.545426769182086,0,179,2003,6
2003-06-29,28.869993251189612,0.3768277,34.534745290875435,0,180,2003,6
2003-06-30,28.849993251636647,0.37421295,34.52558973804116,0,181,2003,6
2003-07-01,28.719993254542374,0.39261928,34.53169343993068,0,182,2003,7
2003-07-02,28.499993259459757,0.43005887,34.50727863237262,0,183,2003,7
2003-07-03,28.489993259683274,0.43009746,34.51338233426213,0,184,2003,7
2003-07-04,29.299993241578363,0.62049747,34.51338233426213,0,185,2003,7
2003-07-05,29.339993240684294,0.46089038,34.50270085595548,0,186,2003,7
2003-07-06,29.35999324023726,0.5661152,34.48286382481456,0,187,2003,7
2003-07-07,29.309993241354846,0.5661152,34.437086060643196,0,188,2003,7
2003-07-08,29.269993242248916,0.46843973,34.43098235875368,0,189,2003,7
2003-07-09,29.239993242919468,0.53593564,34.42182680591941,0,190,2003,7
2003-07-10,29.35999324023726,0.4550789,34.389782370999455,0,191,2003,7
2003-07-11,29.429993238672637,0.49489987,34.38520459458232,0,192,2003,7
2003-07-12,29.51999323666098,0.4686056,34.39283422194421,0,193,2003,7
2003-07-13,29.499993237108015,0.31606385,34.37452311627567,0,194,2003,7
2003-07-14,28.959993249177955,0.31606367,34.35163423418999,0,195,2003,7
2003-07-15,28.85999325141313,0.5058694,34.34858238324523,0,196,2003,7
2003-07-16,28.889993250742577,0.51124614,34.30433054454625,0,197,2003,7
2003-07-17,28.89999325051906,0.4508041,34.34858238324523,0,198,2003,7
2003-07-18,28.919993250072025,0.48134845,34.270760184153914,0,199,2003,7
2003-07-19,28.949993249401473,0.45353508,34.24939722754061,0,200,2003,7
2003-07-20,28.919993250072025,0.4251141,34.20209353789687,0,201,2003,7
2003-07-21,28.889993250742577,0.40510824,34.136478742584586,0,202,2003,7
2003-07-22,28.909993250295543,0.45158896,34.08001950010657,0,203,2003,7
2003-07-23,28.919993250072025,0.4518399,34.11206393502653,0,204,2003,7
2003-07-24,28.929993249848508,0.45206207,33.98846397176385,0,205,2003,7
2003-07-25,28.889993250742577,0.45191774,33.94268620759249,0,206,2003,7
2003-07-26,28.879993250966095,0.4906758,33.956419536843896,0,207,2003,7
2003-07-27,28.799993252754234,0.5125115,34.08764912746847,0,208,2003,7
2003-07-28,28.809993252530717,0.5956956,34.124271338805556,0,209,2003,7
2003-07-29,28.8199932523072,0.4480833,34.20514538884163,0,210,2003,7
2003-07-30,28.829993252083682,0.4480436,34.199041686952114,0,211,2003,7
2003-07-31,28.829993252083682,0.48461217,34.1715750284493,0,212,2003,7
2003-08-01,28.809993252530717,0.49774542,34.20819723978639,0,213,2003,8
2003-08-02,28.839993251860164,0.5241121,34.328745352104306,0,214,2003,8
2003-08-03,28.829993252083682,0.43597856,34.38367866910994,0,215,2003,8
2003-08-04,28.869993251189612,0.4603334,34.377574967220426,0,216,2003,8
2003-08-05,28.959993249177955,0.46094412,34.36994533985853,0,217,2003,8
2003-08-06,28.969993248954438,0.43123046,34.35163423418999,0,218,2003,8
2003-08-07,28.97999324873092,0.43211737,34.31043424643576,0,219,2003,8
2003-08-08,28.919993250072025,0.43280214,34.305856470018625,0,220,2003,8
2003-08-09,28.919993250072025,0.36142227,34.32264165021479,0,221,2003,8
2003-08-10,28.969993248954438,0.58998823,34.340952755883336,0,222,2003,8
2003-08-11,28.93999324962499,0.5419419,34.3577379360795,0,223,2003,8
2003-08-12,28.919993250072025,0.66293514,34.35926386155188,0,224,2003,8
2003-08-13,28.85999325141313,0.66685075,34.319589799270034,0,225,2003,8
2003-08-14,28.839993251860164,0.46105555,34.270760184153914,0,226,2003,8
2003-08-15,28.8199932523072,0.46102688,34.22498241998255,0,227,2003,8
2003-08-16,28.839993251860164,0.45655644,34.223456494510174,0,228,2003,8
2003-08-17,28.769993253424786,0.49400812,34.246345376595855,0,229,2003,8
2003-08-18,28.74999325387182,0.42069516,34.2860194388777,0,230,2003,8
2003-08-19,28.70999325476589,0.4190608,34.328745352104306,0,231,2003,8
2003-08-20,28.659993255883478,0.39480248,34.33942683041096,0,232,2003,8
2003-08-21,28.679993255436443,0.39190355,34.29212314076722,0,233,2003,8
2003-08-22,28.719993254542374,0.3755385,34.27991573698819,0,234,2003,8
2003-08-23,28.729993254318856,0.34120357,34.26160463131964,0,235,2003,8
2003-08-24,28.809993252530717,0.33836094,34.26770833320916,0,236,2003,8
2003-08-25,28.89999325051906,0.33837986,34.20361946336925,0,237,2003,8
2003-08-26,28.949993249401473,0.33837986,34.257026854902506,0,238,2003,8
2003-08-27,29.01999324783685,0.38956013,34.25244907848537,0,239,2003,8
2003-08-28,29.039993247389816,0.39081618,34.24024167470634,0,240,2003,8
2003-08-29,28.929993249848508,0.36059275,34.28449351340532,0,241,2003,8
2003-08-30,28.919993250072025,0.42256585,34.24787130206823,0,242,2003,8
2003-08-31,28.919993250072025,0.42256585,34.22803427092731,0,243,2003,8
2003-09-01,28.889993250742577,0.42256558,34.211249090731144,0,244,2003,9
2003-09-02,28.929993249848508,0.40254894,34.160893550142646,0,245,2003,9
2003-09-03,28.929993249848508,0.45259047,34.10596023313701,0,246,2003,9
2003-09-04,28.969993248954438,0.42610377,34.01440470479429,0,247,2003,9
2003-09-05,28.949993249401473,0.43826085,34.01440470479429,0,248,2003,9
2003-09-06,28.999993248283886,0.43032366,34.040345437824726,0,249,2003,9
2003-09-07,28.959993249177955,0.39739835,34.064760245382786,0,250,2003,9
2003-09-08,28.889993250742577,0.3788852,34.101382456719875,0,251,2003,9
2003-09-09,28.839993251860164,0.3636057,34.17004910297692,0,252,2003,9
2003-09-10,28.849993251636647,0.36549953,34.19141205959022,0,253,2003,9
2003-09-11,28.77999325320127,0.38521576,34.19446391053498,0,254,2003,9
2003-09-12,28.419993261247896,0.34994254,34.12884911522269,0,255,2003,9
2003-09-13,28.139993267506384,0.32848158,34.09680468030274,0,256,2003,9
2003-09-14,28.179993266612314,0.3303566,34.09375282935798,0,257,2003,9
2003-09-15,28.27999326437714,0.4165616,34.10596023313701,0,258,2003,9
2003-09-16,28.379993262141966,0.42941996,34.00830100290477,0,259,2003,9
2003-09-17,28.449993260577344,0.43920195,33.98693804629147,0,260,2003,9
2003-09-18,28.449993260577344,0.40671563,34.11664171144366,0,261,2003,9
2003-09-19,28.459993260353826,0.40446916,34.10748615860939,0,262,2003,9
2003-09-20,28.499993259459757,0.34496188,34.03271581046283,0,263,2003,9
2003-09-21,28.619993256777548,0.37002593,33.96557508967817,0,264,2003,9
2003-09-22,28.569993257895135,0.35614434,33.96557508967817,0,265,2003,9
2003-09-23,28.579993257671617,0.35008898,33.94726398400962,0,266,2003,9
2003-09-24,28.599993257224583,0.35453013,33.91369362361729,0,267,2003,9
2003-09-25,28.66999325565996,0.41577855,33.94268620759249,0,268,2003,9
2003-09-26,28.769993253424786,0.38595226,33.97320471704006,0,269,2003,9
2003-09-27,28.85999325141313,0.3857155,33.98541212081909,0,270,2003,9
2003-09-28,28.839993251860164,0.38503417,33.944212133064866,0,271,2003,9
2003-09-29,28.719993254542374,0.4384389,33.98541212081909,0,272,2003,9
2003-09-30,28.639993256330513,0.40202245,34.18073058128357,0,273,2003,9
2003-10-01,28.619993256777548,0.3492325,34.23718982376158,0,274,2003,10
2003-10-02,28.70999325476589,0.3799201,34.28449351340532,0,275,2003,10
2003-10-03,28.759993253648304,0.5961079,34.29975276812911,0,276,2003,10
2003-10-04,28.759993253648304,0.5961133,34.257026854902506,0,277,2003,10
2003-10-05,28.70999325476589,0.70645344,34.211249090731144,0,278,2003,10
2003-10-06,28.719993254542374,0.59348065,34.2432935256511,0,279,2003,10
2003-10-07,28.8199932523072,0.53363204,34.269234258681536,0,280,2003,10
2003-10-08,28.78999325297775,0.5506373,34.281441662460566,0,281,2003,10
2003-10-09,28.73999325409534,0.6875229,34.25244907848537,0,282,2003,10
2003-10-10,28.639993256330513,0.56908554,34.30280461907387,0,283,2003,10
2003-10-11,28.639993256330513,0.38155416,34.257026854902506,0,284,2003,10
2003-10-12,28.579993257671617,0.580376,34.295174991711974,0,285,2003,10
2003-10-13,28.609993257001065,0.5275619,34.30890832096338,0,286,2003,10
2003-10-14,28.5899932574481,0.56067795,34.24176760017872,0,287,2003,10
2003-10-15,28.599993257224583,0.55548066,34.150212071835995,0,288,2003,10
2003-10-16,28.529993258789204,0.47029564,34.21582686714828,0,289,2003,10
2003-10-17,28.569993257895135,0.46993852,34.24024167470634,0,290,2003,10
2003-10-18,28.569993257895135,0.4089913,34.26313055679202,0,291,2003,10
2003-10-19,28.599993257224583,0.43904862,34.26007870584726,0,292,2003,10
2003-10-20,28.609993257001065,0.47790635,34.25397500395775,0,293,2003,10
2003-10-21,28.649993256106995,0.75993603,34.24176760017872,0,294,2003,10
2003-10-22,28.619993256777548,0.7756655,34.24787130206823,0,295,2003,10
2003-10-23,28.609993257001065,0.7757456,34.26313055679202,0,296,2003,10
2003-10-24,28.38999326191845,0.96876305,34.27838981151581,0,297,2003,10
2003-10-25,27.649993278458737,0.97372276,34.307382395491004,0,298,2003,10
2003-10-26,27.61999327912929,0.9370016,34.319589799270034,0,299,2003,10
2003-10-27,27.869993273541354,0.8148418,34.331797203049064,0,300,2003,10
2003-10-28,28.059993269294523,0.87954867,34.34705645777285,0,301,2003,10
2003-10-29,28.1299932677299,0.7168914,34.353160159662366,0,302,2003,10
2003-10-30,28.15999326705935,0.7202342,34.34705645777285,0,303,2003,10
2003-10-31,28.1299932677299,0.89706904,34.27991573698819,0,304,2003,10
2003-11-01,28.189993266388797,0.8835522,34.32721942663193,0,305,2003,11
2003-11-02,28.219993265718244,0.7212093,34.32569350115955,0,306,2003,11
2003-11-03,28.189993266388797,0.6971591,34.35010830871761,0,307,2003,11
2003-11-04,28.189993266388797,0.65036595,34.34858238324523,0,308,2003,11
2003-11-05,28.11999326795342,0.7590608,34.33790090493858,0,309,2003,11
2003-11-06,28.07999326884749,0.9750589,34.318063873797655,0,310,2003,11
2003-11-07,28.00999327041211,0.969763,34.32569350115955,0,311,2003,11
2003-11-08,28.039993269741558,0.9678817,34.340952755883336,0,312,2003,11
2003-11-09,28.059993269294523,0.8055336,34.366893488913774,0,313,2003,11
2003-11-10,28.07999326884749,0.84132504,34.38367866910994,0,314,2003,11
2003-11-11,28.039993269741558,0.9357445,34.39283422194421,0,315,2003,11
2003-11-12,27.789993275329493,0.93639135,34.40961940214038,0,316,2003,11
2003-11-13,27.559993280470394,0.95212495,34.39893792383373,0,317,2003,11
2003-11-14,27.529993281140946,0.96636313,34.340952755883336,0,318,2003,11
2003-11-15,28.189993266388797,0.889848,34.30433054454625,0,319,2003,11
2003-11-16,28.16999326683583,0.6571982,34.27686388604343,0,320,2003,11
2003-11-17,28.16999326683583,0.94534934,34.31196017190814,0,321,2003,11
2003-11-18,28.16999326683583,0.8571402,34.331797203049064,0,322,2003,11
2003-11-19,28.07999326884749,0.7596886,34.28449351340532,0,323,2003,11
2003-11-20,28.109993268176936,0.83484906,34.270760184153914,0,324,2003,11
2003-11-21,28.149993267282866,0.7703802,34.24787130206823,0,325,2003,11
2003-11-22,28.16999326683583,0.34809753,34.26007870584726,0,326,2003,11
2003-11-23,28.16999326683583,0.37882057,34.28449351340532,0,327,2003,11
2003-11-24,28.149993267282866,0.48168465,34.31196017190814,0,328,2003,11
2003-11-25,28.109993268176936,0.4292051,34.33942683041096,0,329,2003,11
2003-11-26,28.109993268176936,0.39410555,34.36231571249664,0,330,2003,11
2003-11-27,28.08999326862397,0.45798787,34.38520459458232,0,331,2003,11
2003-11-28,27.989993270859145,0.53550273,34.401989774778485,0,332,2003,11
2003-11-29,27.799993275105976,0.8965784,34.42030088044703,0,333,2003,11
2003-11-30,27.61999327912929,1.6265038,34.44776753894985,0,334,2003,11
2003-12-01,25.499993326514982,1.7071801,34.47065642103553,0,335,2003,12
2003-12-02,25.64999332316222,1.7071801,34.463026793673635,0,336,2003,12
2003-12-03,25.669993322715186,0.7756819,34.45387124083936,0,337,2003,12
2003-12-04,25.79999331980946,1.3125213,34.450819389894605,0,338,2003,12
2003-12-05,25.929993316903733,1.6937711,34.45387124083936,0,339,2003,12
2003-12-06,25.95999331623318,1.6770878,34.44776753894985,0,340,2003,12
2003-12-07,26.019993314892076,1.2713563,34.426404582336545,0,341,2003,12
2003-12-08,26.10999331288042,0.7565344,34.41114532761276,0,342,2003,12
2003-12-09,26.059993313998007,0.84971493,34.39283422194421,0,343,2003,12
2003-12-10,26.049993314221524,0.99272394,34.37604904174805,0,344,2003,12
2003-12-11,26.019993314892076,0.9585486,34.35926386155188,0,345,2003,12
2003-12-12,26.089993313327454,0.89605707,34.330271277576685,0,346,2003,12
2003-12-13,26.139993312209867,0.71363324,34.3150120228529,0,347,2003,12
2003-12-14,26.209993310645245,0.85852104,34.30280461907387,0,348,2003,12
2003-12-15,26.289993308857106,0.8502843,34.29975276812911,0,349,2003,12
2003-12-16,26.399993306398414,0.8502729,34.305856470018625,0,350,2003,12
2003-12-17,26.439993305504345,0.88292027,34.29975276812911,0,351,2003,12
2003-12-18,26.549993303045653,0.4885478,34.28907128982246,0,352,2003,12
2003-12-19,26.629993301257514,0.48680216,34.29822684265673,0,353,2003,12
2003-12-20,25.75999332070353,0.4799907,34.316537948325276,0,354,2003,12
2003-12-21,25.859993318468355,0.480005,34.330271277576685,0,355,2003,12
2003-12-22,25.829993319138907,0.6917978,34.318063873797655,0,356,2003,12
2003-12-23,25.7199933215976,0.7383998,34.32416757568717,0,357,2003,12
2003-12-24,25.669993322715186,0.89183176,34.331797203049064,0,358,2003,12
2003-12-25,25.669993322715186,0.85071015,34.3363749794662,0,359,2003,12
2003-12-26,25.589993324503325,0.78435236,34.328745352104306,0,360,2003,12
2003-12-27,25.45999332740905,0.79040897,34.32264165021479,0,361,2003,12
2003-12-28,25.40999332852664,0.5910585,34.32264165021479,0,362,2003,12
2003-12-29,25.399993328750156,0.51335514,34.318063873797655,0,363,2003,12
2003-12-30,25.519993326067947,0.48794204,34.32111572474241,0,364,2003,12
2003-12-31,25.539993325620912,0.6090335,34.33332312852144,0,365,2003,12
2004-01-01,25.549993325397395,0.5331284,34.3363749794662,0,1,2004,1
2004-01-02,25.56999332495036,0.3948601,34.33484905399382,0,2,2004,1
2004-01-03,25.67999332249167,0.37904015,34.330271277576685,0,3,2004,1
2004-01-04,25.739993321150564,0.5435422,34.32111572474241,0,4,2004,1
2004-01-05,25.849993318691872,0.5435194,34.31348609738052,0,5,2004,1
2004-01-06,25.849993318691872,0.39025834,34.29975276812911,0,6,2004,1
2004-01-07,25.829993319138907,0.5547192,34.293649066239595,0,7,2004,1
2004-01-08,25.64999332316222,0.65227205,34.29212314076722,0,8,2004,1
2004-01-09,25.539993325620912,0.88398033,34.29059721529484,0,9,2004,1
2004-01-10,25.519993326067947,1.2967433,34.27686388604343,0,10,2004,1
2004-01-11,25.599993324279808,0.39850166,34.27686388604343,0,11,2004,1
2004-01-12,25.559993325173878,0.43547875,34.29212314076722,0,12,2004,1
2004-01-13,25.539993325620912,2.2109373,34.31043424643576,0,13,2004,1
2004-01-14,25.579993324726843,2.683346,34.32264165021479,0,14,2004,1
2004-01-15,25.619993323832773,3.6024232,34.318063873797655,0,15,2004,1
2004-01-16,25.599993324279808,0.7901006,34.31348609738052,0,16,2004,1
2004-01-17,25.619993323832773,0.83118737,34.305856470018625,0,17,2004,1
2004-01-18,25.7199933215976,0.601241,34.31043424643576,0,18,2004,1
2004-01-19,25.739993321150564,0.74770844,34.316537948325276,0,19,2004,1
2004-01-20,25.809993319585942,0.35101214,34.32111572474241,0,20,2004,1
2004-01-21,25.889993317797803,0.760274,34.319589799270034,0,21,2004,1
2004-01-22,25.91999331712725,0.7117433,34.33484905399382,0,22,2004,1
2004-01-23,25.869993318244838,0.6720956,34.340952755883336,0,23,2004,1
2004-01-24,25.91999331712725,0.6332128,34.3363749794662,0,24,2004,1
2004-01-25,25.83999331891539,0.5482959,34.353160159662366,0,25,2004,1
2004-01-26,24.83999334126713,0.5631664,34.40504162572324,0,26,2004,1
2004-01-27,24.779993342608236,0.5631959,34.42030088044703,0,27,2004,1
2004-01-28,24.78999334238472,0.6095839,34.42030088044703,0,28,2004,1
2004-01-29,24.94999333880844,0.5413389,34.424878656864166,0,29,2004,1
2004-01-30,25.129993334785127,0.44391593,34.42030088044703,0,30,2004,1
2004-01-31,25.209993332996987,0.44290116,34.408093476668,0,31,2004,1
2004-02-01,25.319993330538296,0.4351889,34.40504162572324,0,32,2004,2
2004-02-02,25.4899933267385,0.42447618,34.38520459458232,0,33,2004,2
2004-02-03,25.589993324503325,0.37218696,34.35621201060712,0,34,2004,2
2004-02-04,25.67999332249167,0.5683727,34.354686085134745,0,35,2004,2
2004-02-05,25.67999332249167,0.5647111,34.34553053230047,0,36,2004,2
2004-02-06,25.659993322938703,0.76445144,34.32569350115955,0,37,2004,2
2004-02-07,25.64999332316222,1.004278,34.30127869360149,0,38,2004,2
2004-02-08,25.67999332249167,1.009725,34.295174991711974,0,39,2004,2
2004-02-09,25.629993323609256,1.0097411,34.295174991711974,0,40,2004,2
2004-02-10,25.619993323832773,0.9898042,34.316537948325276,0,41,2004,2
2004-02-11,25.64999332316222,1.4378318,34.34705645777285,0,42,2004,2
2004-02-12,25.60999332405629,1.4019973,34.342478681355715,0,43,2004,2
2004-02-13,25.509993326291465,0.95480335,34.34553053230047,0,44,2004,2
2004-02-14,25.469993327185534,0.95321774,34.365367563441396,0,45,2004,2
2004-02-15,25.579993324726843,1.997572,34.39588607288897,0,46,2004,2
2004-02-16,25.639993323385738,2.0475335,34.41724902950227,0,47,2004,2
2004-02-17,25.68999332226815,1.7781643,34.408093476668,0,48,2004,2
2004-02-18,25.67999332249167,1.7498685,34.379100892692804,0,49,2004,2
2004-02-19,25.64999332316222,0.8769197,34.35163423418999,0,50,2004,2
2004-02-20,25.599993324279808,0.89174896,34.331797203049064,0,51,2004,2
2004-02-21,25.599993324279808,0.7266552,34.331797203049064,0,52,2004,2
2004-02-22,25.579993324726843,1.0213075,34.31348609738052,0,53,2004,2
2004-02-23,25.589993324503325,1.1457208,34.316537948325276,0,54,2004,2
2004-02-24,25.639993323385738,0.9074392,34.340952755883336,0,55,2004,2
2004-02-25,25.709993321821116,0.79154176,34.27533796057105,0,56,2004,2
2004-02-26,25.769993320480012,0.79747874,34.305856470018625,0,57,2004,2
2004-02-27,25.769993320480012,0.63527536,34.354686085134745,0,58,2004,2
2004-02-28,26.349993307516,0.48928094,34.35163423418999,0,59,2004,2
2004-02-29,26.549993303045653,0.4682412,34.3363749794662,0,60,2004,2
2004-03-01,26.839993296563648,1.1766142,34.318063873797655,0,61,2004,3
2004-03-02,27.789993275329493,1.0667908,34.3150120228529,0,62,2004,3
2004-03-03,27.919993272423767,0.7359473,34.3363749794662,0,63,2004,3
2004-03-04,27.96999327130618,0.68652934,34.377574967220426,0,64,2004,3
2004-03-05,27.85999327376487,0.5336001,34.39588607288897,0,65,2004,3
2004-03-06,27.61999327912929,0.5405449,34.40046384930611,0,66,2004,3
2004-03-07,27.459993282705568,0.46534052,34.412671253085136,0,67,2004,3
2004-03-08,27.299993286281847,0.48992774,34.440137911587954,0,68,2004,3
2004-03-09,27.19999328851702,0.48850808,34.450819389894605,0,69,2004,3
2004-03-10,27.15999328941109,0.60770535,34.44318976253271,0,70,2004,3
2004-03-11,27.129993290081643,0.60440654,34.44776753894985,0,71,2004,3
2004-03-12,27.109993290528678,0.9373215,34.44166383706033,0,72,2004,3
2004-03-13,26.84999329634013,1.4715394,34.44471568800509,0,73,2004,3
2004-03-14,26.599993301928066,1.083157,34.45692309178412,0,74,2004,3
2004-03-15,26.519993303716205,0.86801636,34.46760457009077,0,75,2004,3
2004-03-16,26.509993303939723,0.6477893,34.463026793673635,7,76,2004,3
2004-03-17,26.589993302151584,0.7054283,34.44776753894985,0,77,2004,3
2004-03-18,26.669993300363444,0.6933741,34.43098235875368,0,78,2004,3
2004-03-19,26.779993297904753,0.6916754,34.415723104029894,0,79,2004,3
2004-03-20,26.779993297904753,0.9174968,34.342478681355715,0,80,2004,3
2004-03-21,27.169993289187573,0.86681587,34.30280461907387,0,81,2004,3
2004-03-22,27.069993291422747,0.88026166,34.30280461907387,0,82,2004,3
2004-03-23,27.11999329030516,1.6589364,34.30127869360149,0,83,2004,3
2004-03-24,27.15999328941109,0.41120008,34.27686388604343,0,84,2004,3
2004-03-25,27.129993290081643,1.5222509,34.24939722754061,0,85,2004,3
2004-03-26,27.149993289634608,1.4911702,34.235663898289204,0,86,2004,3
2004-03-27,27.339993285387777,1.0596086,34.232612047344446,0,87,2004,3
2004-03-28,27.53999328091743,0.7353009,34.232612047344446,0,88,2004,3
2004-03-29,27.569993280246877,2.6039076,34.24024167470634,0,89,2004,3
2004-03-30,27.50999328158798,1.0414027,34.24176760017872,0,90,2004,3
2004-03-31,27.50999328158798,1.0412467,34.257026854902506,0,91,2004,3
2004-04-01,27.439993283152603,0.8420894,34.26007870584726,0,92,2004,4
2004-04-02,27.409993283823155,0.7026924,34.246345376595855,0,93,2004,4
2004-04-03,28.23999326527121,0.7850437,34.22803427092731,0,94,2004,4
2004-04-04,28.069993269071006,0.47766423,34.18836020864546,0,95,2004,4
2004-04-05,28.099993268400453,0.60448694,34.17920465581119,0,96,2004,4
2004-04-06,28.5899932574481,0.45567364,34.17615280486643,0,97,2004,4
2004-04-07,28.829993252083682,0.41691753,34.1639454010874,0,98,2004,4
2004-04-08,28.889993250742577,0.55147654,34.15631577372551,0,99,2004,4
2004-04-09,28.54999325834217,0.4828713,34.15478984825313,0,100,2004,4
2004-04-10,28.47999325990679,0.43351707,34.125797264277935,0,101,2004,4
2004-04-11,28.419993261247896,0.43628463,34.08307135105133,0,102,2004,4
2004-04-12,28.349993262812518,0.44654742,34.05102691613138,0,103,2004,4
2004-04-13,28.31999326348307,0.45706198,34.028138034045696,1,104,2004,4
2004-04-14,28.259993264824175,0.49385864,34.02356025762856,1,105,2004,4
2004-04-15,28.16999326683583,0.47671545,34.00982692837715,1,106,2004,4
2004-04-16,28.189993266388797,0.48939794,34.018982481211424,0,107,2004,4
2004-04-17,28.15999326705935,0.5601726,34.0205084066838,0,108,2004,4
2004-04-18,28.27999326437714,0.5719535,34.054078767076135,0,109,2004,4
2004-04-19,28.339993263036035,0.59693086,34.090700978413224,0,110,2004,4
2004-04-20,28.189993266388797,0.80973774,34.139530593529344,0,111,2004,4
2004-04-21,28.099993268400453,0.78500855,34.18225650675595,0,112,2004,4
2004-04-22,28.1299932677299,0.62749654,34.22803427092731,0,113,2004,4
2004-04-23,28.259993264824175,0.9151146,34.26007870584726,0,114,2004,4
2004-04-24,28.299993263930105,0.7173197,34.29212314076722,0,115,2004,4
2004-04-25,28.219993265718244,0.8855114,34.32111572474241,0,116,2004,4
2004-04-26,28.249993265047692,0.60139096,34.35163423418999,0,117,2004,4
2004-04-27,28.23999326527121,0.62093794,34.37604904174805,0,118,2004,4
2004-04-28,28.27999326437714,0.5835782,34.40656755119562,0,119,2004,4
2004-04-29,28.39999326169493,0.59635264,34.44471568800509,0,120,2004,4
2004-04-30,28.339993263036035,0.4533024,34.4584490172565,0,121,2004,4
2004-05-01,28.329993263259553,0.42530662,34.44318976253271,0,122,2004,5
2004-05-02,28.359993262589,0.42525905,34.461500868201256,0,123,2004,5
2004-05-03,28.419993261247896,0.42750752,34.4798119738698,0,124,2004,5
2004-05-04,28.489993259683274,0.4093283,34.47065642103553,0,125,2004,5
2004-05-05,28.189993266388797,0.59402007,34.44624161347747,0,126,2004,5
2004-05-06,28.00999327041211,0.6031475,34.42335273139179,0,127,2004,5
2004-05-07,27.999993270635628,0.6100669,34.424878656864166,0,128,2004,5
2004-05-08,28.019993270188593,0.9624005,34.41114532761276,0,129,2004,5
2004-05-09,27.949993271753215,0.96007174,34.38520459458232,0,130,2004,5
2004-05-10,27.979993271082662,0.8352919,34.3867305200547,0,131,2004,5
2004-05-11,28.39999326169493,0.44768006,34.39741199836135,0,132,2004,5
2004-05-12,28.419993261247896,0.46381238,34.403515700250864,0,133,2004,5
2004-05-13,28.39999326169493,0.4955109,34.415723104029894,0,134,2004,5
2004-05-14,28.07999326884749,0.7488988,34.438611986115575,0,135,2004,5
2004-05-15,27.989993270859145,0.73377657,34.44166383706033,0,136,2004,5
2004-05-16,27.989993270859145,0.7435462,34.330271277576685,0,137,2004,5
2004-05-17,28.069993269071006,0.5332657,34.258552780374885,0,138,2004,5
2004-05-18,28.11999326795342,0.59740657,34.27838981151581,0,139,2004,5
2004-05-19,28.189993266388797,0.59739053,34.246345376595855,0,140,2004,5
2004-05-20,28.309993263706588,0.5977238,34.221930569037795,0,141,2004,5
2004-05-21,28.449993260577344,1.0961587,34.2143009416759,0,142,2004,5
2004-05-22,28.489993259683274,1.1490557,34.25550092943013,0,143,2004,5
2004-05-23,28.539993258565687,1.1490579,34.22650834545493,0,144,2004,5
2004-05-24,28.19999326616528,0.8530989,34.223456494510174,0,145,2004,5
2004-05-25,28.329993263259553,0.8271075,34.24176760017872,0,146,2004,5
2004-05-26,28.489993259683274,0.8264815,34.26618240773678,0,147,2004,5
2004-05-27,28.69999325498941,1.0894554,34.28907128982246,0,148,2004,5
2004-05-28,28.559993258118652,0.69754833,34.281441662460566,0,149,2004,5
2004-05-29,28.489993259683274,0.6026956,34.29670091718435,0,150,2004,5
2004-05-30,28.649993256106995,0.57523596,34.29822684265673,0,151,2004,5
2004-05-31,28.769993253424786,0.47270706,34.26618240773678,0,152,2004,5
2004-06-01,28.849993251636647,0.41930044,34.199041686952114,0,153,2004,6
2004-06-02,28.869993251189612,0.3823751,34.10748615860939,0,154,2004,6
2004-06-03,28.879993250966095,0.4287359,34.0708639472723,0,155,2004,6
2004-06-04,28.929993249848508,0.46929654,34.06170839443803,0,156,2004,6
2004-06-05,28.949993249401473,0.45007318,34.06323431991041,0,157,2004,6
2004-06-06,29.039993247389816,0.4095187,34.06323431991041,0,158,2004,6
2004-06-07,29.12999324537816,0.5243917,34.052552841603756,0,159,2004,6
2004-06-08,29.149993244931125,0.6473054,33.97473064251244,0,160,2004,6
2004-06-09,29.189993244037055,0.5964733,33.9060639962554,0,161,2004,6
2004-06-10,29.269993242248916,0.5920044,33.933530654758215,0,162,2004,6
2004-06-11,29.31999324113133,0.602274,33.97625656798482,0,163,2004,6
2004-06-12,29.28999324180188,0.7942701,33.970152866095304,0,164,2004,6
2004-06-13,29.229993243142985,0.5314149,34.028138034045696,0,165,2004,6
2004-06-14,29.149993244931125,0.53170466,34.14563429541886,0,166,2004,6
2004-06-15,29.159993244707607,0.4110021,34.16852317750454,0,167,2004,6
2004-06-16,29.189993244037055,0.35313457,34.22803427092731,0,168,2004,6
2004-06-17,29.199993243813537,0.44184187,34.28754536435008,0,169,2004,6
2004-06-18,29.239993242919468,0.4417924,34.232612047344446,0,170,2004,6
2004-06-19,29.309993241354846,0.44173846,34.221930569037795,0,171,2004,6
2004-06-20,29.24999324269595,0.47111532,34.197515761479735,0,172,2004,6
2004-06-21,29.199993243813537,0.41927528,34.13342689163983,0,173,2004,6
2004-06-22,29.12999324537816,0.39201638,34.11969356238842,0,174,2004,6
2004-06-23,29.12999324537816,0.38834745,34.1425824444741,0,175,2004,6
2004-06-24,29.16999324448409,0.4570121,34.15936762467027,0,176,2004,6
2004-06-25,29.09999324604871,0.45496154,34.16547132655978,0,177,2004,6
2004-06-26,29.00999324806037,0.45462695,34.17767873033881,0,178,2004,6
2004-06-27,28.97999324873092,0.44742644,34.18378243222833,0,179,2004,6
2004-06-28,28.909993250295543,0.5064735,34.18836020864546,0,180,2004,6
2004-06-29,28.949993249401473,0.4757762,34.199041686952114,0,181,2004,6
2004-06-30,28.919993250072025,0.48558873,34.1929379850626,0,182,2004,6
2004-07-01,28.949993249401473,0.45601073,34.21887871809304,0,183,2004,7
2004-07-02,29.029993247613334,0.45604137,34.26618240773678,0,184,2004,7
2004-07-03,29.069993246719264,0.452885,34.26618240773678,0,185,2004,7
2004-07-04,28.909993250295543,0.42999285,34.24024167470634,0,186,2004,7
2004-07-05,28.959993249177955,0.46097073,34.234137972816825,0,187,2004,7
2004-07-06,28.949993249401473,0.40331736,34.22650834545493,0,188,2004,7
2004-07-07,28.929993249848508,0.3548975,34.24024167470634,0,189,2004,7
2004-07-08,28.909993250295543,0.3556155,34.26313055679202,0,190,2004,7
2004-07-09,28.89999325051906,0.41045457,34.26770833320916,0,191,2004,7
2004-07-10,29.00999324806037,0.46386886,34.22650834545493,0,192,2004,7
2004-07-11,29.05999324694278,0.34919113,34.24939722754061,0,193,2004,7
2004-07-12,29.139993245154642,0.4008497,34.232612047344446,0,194,2004,7
2004-07-13,29.139993245154642,0.3806575,34.21277501620352,0,195,2004,7
2004-07-14,29.00999324806037,0.24691805,34.16852317750454,0,196,2004,7
2004-07-15,28.809993252530717,0.2884672,34.162419475615025,0,197,2004,7
2004-07-16,28.759993253648304,0.318841,34.11816763691604,0,198,2004,7
2004-07-17,28.74999325387182,0.333693,34.078493574634194,0,199,2004,7
2004-07-18,28.74999325387182,0.32727298,34.006775077432394,0,200,2004,7
2004-07-19,28.769993253424786,0.31236032,33.932004729285836,0,201,2004,7
2004-07-20,28.73999325409534,0.3034006,33.98693804629147,0,202,2004,7
2004-07-21,28.70999325476589,0.36874747,33.97167879156768,0,203,2004,7
2004-07-22,28.729993254318856,0.37902448,33.89233066700399,0,204,2004,7
2004-07-23,28.759993253648304,0.37728018,33.93047880381346,0,205,2004,7
2004-07-24,28.769993253424786,0.37592426,33.932004729285836,0,206,2004,7
2004-07-25,28.729993254318856,0.35837898,33.96252323873341,0,207,2004,7
2004-07-26,28.729993254318856,0.36214197,33.89538251794875,0,208,2004,7
2004-07-27,28.659993255883478,0.36499798,33.7839899584651,0,209,2004,7
2004-07-28,28.66999325565996,0.34336936,33.751945523545146,0,210,2004,7
2004-07-29,28.679993255436443,0.35156348,33.7626270018518,0,211,2004,7
2004-07-30,28.69999325498941,0.34893388,33.77025662921369,0,212,2004,7
2004-07-31,28.69999325498941,0.41599625,33.90148621983826,0,213,2004,7
2004-08-01,28.689993255212926,0.4160015,33.87859733775258,0,214,2004,8
2004-08-02,28.729993254318856,0.41886672,33.81145661696792,0,215,2004,8
2004-08-03,28.729993254318856,0.36193985,33.800775138661265,0,216,2004,8
2004-08-04,28.77999325320127,0.41198573,33.80993069149554,0,217,2004,8
2004-08-05,28.869993251189612,0.3862924,33.79619736224413,0,218,2004,8
2004-08-06,28.889993250742577,0.3862924,33.72295293956995,0,219,2004,8
2004-08-07,28.909993250295543,0.48693857,33.70769368484616,0,220,2004,8
2004-08-08,28.869993251189612,0.48702803,33.72447886504233,0,221,2004,8
2004-08-09,28.879993250966095,0.48689434,33.72295293956995,0,222,2004,8
2004-08-10,28.959993249177955,0.5243677,33.727530715987086,0,223,2004,8
2004-08-11,28.959993249177955,0.49272844,33.77025662921369,0,224,2004,8
2004-08-12,28.969993248954438,0.49272943,33.802301064133644,0,225,2004,8
2004-08-13,28.89999325051906,0.49273285,33.82061216980219,0,226,2004,8
2004-08-14,28.879993250966095,0.49236768,33.81145661696792,0,227,2004,8
2004-08-15,28.85999325141313,0.491391,33.80382698960602,0,228,2004,8
2004-08-16,28.879993250966095,0.4844579,33.85418253019452,0,229,2004,8
2004-08-17,28.809993252530717,0.4878912,33.884701039642096,0,230,2004,8
2004-08-18,28.77999325320127,0.4860611,33.91521954908967,0,231,2004,8
2004-08-19,28.73999325409534,0.52055454,33.90453807078302,0,232,2004,8
2004-08-20,28.689993255212926,0.45953912,33.89538251794875,0,233,2004,8
2004-08-21,28.70999325476589,0.52074,33.93810843117535,0,234,2004,8
2004-08-22,28.74999325387182,0.39944932,33.96557508967817,0,235,2004,8
2004-08-23,28.759993253648304,0.35767734,33.99761952459812,0,236,2004,8
2004-08-24,28.829993252083682,0.40001452,34.00067137554288,0,237,2004,8
2004-08-25,28.929993249848508,0.37407276,34.00067137554288,0,238,2004,8
2004-08-26,28.969993248954438,0.37408143,33.99761952459812,0,239,2004,8
2004-08-27,28.77999325320127,0.3750476,33.99609359912574,0,240,2004,8
2004-08-28,28.609993257001065,0.37381312,33.994567673653364,0,241,2004,8
2004-08-29,28.50999325923624,0.33154848,33.98998989723623,0,242,2004,8
2004-08-30,28.499993259459757,0.3315328,33.98998989723623,0,243,2004,8
2004-08-31,28.539993258565687,0.33162612,33.99609359912574,0,244,2004,8
2004-09-01,28.5899932574481,0.26065925,34.08307135105133,0,245,2004,9
2004-09-02,28.729993254318856,0.26056808,34.11816763691604,0,246,2004,9
2004-09-03,28.769993253424786,0.24824451,34.15173799730837,0,247,2004,9
2004-09-04,28.839993251860164,0.284172,34.173100953921676,0,248,2004,9
2004-09-05,28.839993251860164,0.2909573,34.18073058128357,0,249,2004,9
2004-09-06,28.89999325051906,0.28226367,34.064760245382786,0,250,2004,9
2004-09-07,28.85999325141313,0.29000926,34.040345437824726,0,251,2004,9
2004-09-08,28.809993252530717,0.27896076,33.99151582270861,0,252,2004,9
2004-09-09,28.769993253424786,0.26961455,33.9777824934572,1,253,2004,9
2004-09-10,28.77999325320127,0.2792821,33.96099731326103,0,254,2004,9
2004-09-11,28.719993254542374,0.27552643,33.909115847200155,0,255,2004,9
2004-09-12,28.62999325655403,0.264525,33.84044920094311,0,256,2004,9
2004-09-13,28.539993258565687,0.27140072,33.80993069149554,0,257,2004,9
2004-09-14,28.619993256777548,0.23494196,33.835871424525976,0,258,2004,9
2004-09-15,28.659993255883478,0.27435476,34.04492321424186,0,259,2004,9
2004-09-16,28.70999325476589,0.2600256,34.076967649161816,0,260,2004,9
2004-09-17,28.74999325387182,0.26074874,33.97167879156768,0,261,2004,9
2004-09-18,28.729993254318856,0.23478705,33.898434368893504,0,262,2004,9
2004-09-19,28.729993254318856,0.4060588,33.83129364810884,0,263,2004,9
2004-09-20,28.759993253648304,0.22975376,33.88012326322496,0,264,2004,9
2004-09-21,28.869993251189612,0.3286647,33.94116028212011,0,265,2004,9
2004-09-22,29.239993242919468,0.28943372,33.94726398400962,0,266,2004,9
2004-09-23,29.279993242025398,0.1836437,33.935056580230594,0,267,2004,9
2004-09-24,29.349993240460776,0.21363612,33.96557508967817,0,268,2004,9
2004-09-25,29.419993238896154,0.28629404,33.97320471704006,0,269,2004,9
2004-09-26,29.39999323934319,0.3120943,34.06781209632754,0,270,2004,9
2004-09-27,29.539993236213945,0.26690224,34.162419475615025,0,271,2004,9
2004-09-28,29.769993231073045,0.23062988,34.19446391053498,0,272,2004,9
2004-09-29,29.699993232637667,0.21605636,34.174626879394054,0,273,2004,9
2004-09-30,29.55999323576691,0.21605636,34.076967649161816,0,274,2004,9
2004-10-01,29.47999323755505,0.21530043,33.94116028212011,0,275,2004,10
2004-10-02,29.499993237108015,0.21403122,33.800775138661265,0,276,2004,10
2004-10-03,29.489993237331532,0.23207952,33.66344184614718,0,277,2004,10
2004-10-04,29.43999323844912,0.23105983,33.7122714612633,0,278,2004,10
2004-10-05,29.339993240684294,0.22814122,33.74736774712801,0,279,2004,10
2004-10-06,29.309993241354846,0.2859573,33.77941218204796,0,280,2004,10
2004-10-07,29.349993240460776,0.3015353,33.74431589618325,0,281,2004,10
2004-10-08,29.279993242025398,0.28460792,33.82061216980219,0,282,2004,10
2004-10-09,29.239993242919468,0.30425447,33.823664020746946,0,283,2004,10
2004-10-10,29.119993245601677,0.2800057,33.88012326322496,0,284,2004,10
2004-10-11,28.909993250295543,0.28017786,33.92895287834108,0,285,2004,10
2004-10-12,28.619993256777548,0.28944367,33.98998989723623,0,286,2004,10
2004-10-13,28.569993257895135,0.28944245,34.03271581046283,0,287,2004,10
2004-10-14,28.529993258789204,0.28461054,34.08001950010657,0,288,2004,10
2004-10-15,28.539993258565687,0.4754582,34.12884911522269,0,289,2004,10
2004-10-16,28.47999325990679,0.47556806,34.15936762467027,0,290,2004,10
2004-10-17,28.50999325923624,0.5191853,34.16547132655978,0,291,2004,10
2004-10-18,28.489993259683274,0.52042353,34.150212071835995,0,292,2004,10
2004-10-19,28.369993262365483,0.5590225,34.13342689163983,0,293,2004,10
2004-10-20,27.869993273541354,0.6192467,34.10748615860939,0,294,2004,10
2004-10-21,27.649993278458737,0.6042028,34.138004668056965,0,295,2004,10
2004-10-22,27.599993279576324,0.8179706,34.173100953921676,0,296,2004,10
2004-10-23,27.61999327912929,1.0644084,34.19446391053498,0,297,2004,10
2004-10-24,27.719993276894115,0.93701476,34.15936762467027,0,298,2004,10
2004-10-25,27.73999327644708,0.9926194,34.21735279262066,0,299,2004,10
2004-10-26,27.769993275776528,0.52008015,34.2143009416759,0,300,2004,10
2004-10-27,27.80999327488246,0.462735,34.22803427092731,0,301,2004,10
2004-10-28,27.81999327465894,0.4351124,34.21582686714828,0,302,2004,10
2004-10-29,27.759993276000046,0.58609265,34.1929379850626,0,303,2004,10
2004-10-30,27.50999328158798,0.5848688,34.15784169919789,0,304,2004,10
2004-10-31,27.27999328672888,0.60589063,34.148686146363616,0,305,2004,10
2004-11-01,27.259993287175917,0.54021263,34.15173799730837,0,306,2004,11
2004-11-02,27.61999327912929,0.8150074,34.148686146363616,0,307,2004,11
2004-11-03,27.609993279352807,0.5649066,34.15173799730837,0,308,2004,11
2004-11-04,27.609993279352807,0.972119,34.15173799730837,0,309,2004,11
2004-11-05,27.80999327488246,0.49420297,34.150212071835995,0,310,2004,11
2004-11-06,27.769993275776528,0.4903275,34.15173799730837,0,311,2004,11
2004-11-07,27.46999328248205,0.43066588,34.160893550142646,0,312,2004,11
2004-11-08,27.22999328784647,0.48785737,34.21277501620352,0,313,2004,11
2004-11-09,27.179993288964056,0.42499465,34.27991573698819,0,314,2004,11
2004-11-10,27.249993287399434,0.42138398,34.29975276812911,0,315,2004,11
2004-11-11,27.299993286281847,0.42344984,34.31043424643576,0,316,2004,11
2004-11-12,27.34999328516426,1.3265998,34.29059721529484,0,317,2004,11
2004-11-13,27.369993284717225,0.9888423,34.27381203509867,0,318,2004,11
2004-11-14,27.409993283823155,0.98877543,34.24939722754061,0,319,2004,11
2004-11-15,27.409993283823155,0.9353002,34.23718982376158,0,320,2004,11
2004-11-16,27.34999328516426,0.9877703,34.078493574634194,0,321,2004,11
2004-11-17,27.27999328672888,1.1009879,34.0708639472723,0,322,2004,11
2004-11-18,27.359993284940742,1.0879925,33.95336768589914,0,323,2004,11
2004-11-19,27.329993285611295,1.2036833,33.95031583495438,0,324,2004,11
2004-11-20,27.359993284940742,1.27997,33.933530654758215,0,325,2004,11
2004-11-21,27.19999328851702,1.2500042,33.91674547456205,0,326,2004,11
2004-11-22,27.219993288069986,0.96028274,33.88927881605923,0,327,2004,11
2004-11-23,27.249993287399434,0.9470523,33.89385659247637,0,328,2004,11
2004-11-24,27.2699932869524,0.7421917,33.896908443421125,0,329,2004,11
2004-11-25,27.2699932869524,0.69513303,33.91216769814491,0,330,2004,11
2004-11-26,26.899993295222544,0.7566784,33.93810843117535,0,331,2004,11
2004-11-27,26.679993300139927,0.6204157,33.96099731326103,0,332,2004,11
2004-11-28,26.64999330081048,0.617141,33.97473064251244,0,333,2004,11
2004-11-29,26.60999330170455,0.64826125,33.98388619534671,0,334,2004,11
2004-11-30,26.60999330170455,0.724569,33.9991454500705,0,335,2004,11
2004-12-01,26.61999330148103,1.4019026,34.015930630266666,0,336,2004,12
2004-12-02,26.5799933023751,1.5734142,33.99609359912574,0,337,2004,12
2004-12-03,26.53999330326917,2.498699,34.017456555739045,0,338,2004,12
2004-12-04,26.61999330148103,2.5050452,33.97320471704006,0,339,2004,12
2004-12-05,26.64999330081048,0.5233138,33.9777824934572,0,340,2004,12
2004-12-06,26.629993301257514,0.9201205,33.98541212081909,0,341,2004,12
2004-12-07,26.589993302151584,0.9201175,34.00372322648764,0,342,2004,12
2004-12-08,26.549993303045653,0.9393868,34.03424173593521,0,343,2004,12
2004-12-09,26.41999330595138,0.43430465,34.07391579821706,0,344,2004,12
2004-12-10,26.329993307963036,0.37657356,34.09833060577512,0,345,2004,12
2004-12-11,26.289993308857106,0.569484,34.12884911522269,0,346,2004,12
2004-12-12,25.779993320256494,0.63628924,34.15326392278075,0,347,2004,12
2004-12-13,25.739993321150564,1.200713,34.173100953921676,0,348,2004,12
2004-12-14,25.7199933215976,0.85980165,34.19598983600736,0,349,2004,12
2004-12-15,25.869993318244838,0.58803767,34.197515761479735,0,350,2004,12
2004-12-16,26.02999331466856,0.7632707,34.20361946336925,0,351,2004,12
2004-12-17,26.119993312656902,1.3657246,34.21887871809304,0,352,2004,12
2004-12-18,26.26999330930414,1.0981498,34.220404643565416,0,353,2004,12
2004-12-19,26.30999330841007,2.732547,34.22498241998255,0,354,2004,12
2004-12-20,26.25999330952766,1.6972711,34.22650834545493,0,355,2004,12
2004-12-21,25.95999331623318,1.4548146,34.24939722754061,0,356,2004,12
2004-12-22,25.75999332070353,2.2782607,34.27838981151581,0,357,2004,12
2004-12-23,25.75999332070353,1.531034,34.30890832096338,0,358,2004,12
2004-12-24,25.779993320256494,1.8819609,34.33484905399382,0,359,2004,12
2004-12-25,25.75999332070353,1.8823617,34.34400460682809,0,360,2004,12
2004-12-26,25.669993322715186,0.5450397,34.353160159662366,0,361,2004,12
2004-12-27,25.629993323609256,0.525416,34.3577379360795,0,362,2004,12
2004-12-28,25.7199933215976,0.7366736,34.36994533985853,0,363,2004,12
2004-12-29,25.739993321150564,0.83764595,34.38062681816518,0,364,2004,12
2004-12-30,25.83999331891539,0.78411263,34.39436014741659,0,365,2004,12
2004-12-31,25.869993318244838,0.68330216,34.40046384930611,0,366,2004,12
2005-01-01,25.91999331712725,0.60181534,34.41724902950227,0,1,2005,1
2005-01-02,25.889993317797803,0.44387516,34.44776753894985,0,2,2005,1
2005-01-03,25.929993316903733,0.45429435,34.47676012292504,0,3,2005,1
2005-01-04,25.979993315786146,0.4561209,34.473708271980286,0,4,2005,1
2005-01-05,25.91999331712725,0.6237602,34.48896752670407,0,5,2005,1
2005-01-06,25.79999331980946,0.83198154,34.499649005010724,0,6,2005,1
2005-01-07,25.709993321821116,0.975751,34.498123079538345,0,7,2005,1
2005-01-08,25.479993326962017,0.976148,34.49201937764883,0,8,2005,1
2005-01-09,25.4899933267385,1.0293689,34.48286382481456,0,9,2005,1
2005-01-10,25.469993327185534,0.9619272,34.47676012292504,0,10,2005,1
2005-01-11,25.559993325173878,0.9619266,34.46913049556315,0,11,2005,1
2005-01-12,25.519993326067947,0.8766346,34.440137911587954,0,12,2005,1
2005-01-13,25.4899933267385,1.1791207,34.403515700250864,0,13,2005,1
2005-01-14,25.52999332584443,1.4451333,34.38062681816518,0,14,2005,1
2005-01-15,25.589993324503325,0.86588806,34.365367563441396,0,15,2005,1
2005-01-16,25.589993324503325,1.2786646,34.331797203049064,0,16,2005,1
2005-01-17,25.60999332405629,1.2786621,34.31348609738052,0,17,2005,1
2005-01-18,25.7199933215976,1.0207025,34.30280461907387,0,18,2005,1
2005-01-19,25.239993332326435,0.5473402,34.30127869360149,0,19,2005,1
2005-01-20,25.129993334785127,0.81709224,34.305856470018625,0,20,2005,1
2005-01-21,25.13999333456161,0.8821261,34.32264165021479,0,21,2005,1
2005-01-22,25.279993331432365,0.63983256,34.34553053230047,0,22,2005,1
2005-01-23,25.209993332996987,1.9243312,34.36231571249664,0,23,2005,1
2005-01-24,25.249993332102918,1.0522991,34.37604904174805,0,24,2005,1
2005-01-25,25.209993332996987,1.0026661,34.3867305200547,0,25,2005,1
2005-01-26,25.29999333098533,0.6681574,34.39741199836135,0,26,2005,1
2005-01-27,25.29999333098533,1.2617882,34.38825644552708,0,27,2005,1
2005-01-28,25.41999332830312,2.9617472,34.36841941438615,0,28,2005,1
2005-01-29,25.539993325620912,0.50163585,34.35163423418999,0,29,2005,1
2005-01-30,25.579993324726843,0.39425746,34.328745352104306,0,30,2005,1
2005-01-31,25.589993324503325,0.3816411,34.32569350115955,0,31,2005,1
2005-02-01,25.639993323385738,1.0099685,34.316537948325276,0,32,2005,2
2005-02-02,25.699993322044634,0.9273635,34.319589799270034,0,33,2005,2
2005-02-03,25.709993321821116,0.4421789,34.34705645777285,0,34,2005,2
2005-02-04,25.72999332137408,0.5008739,34.40046384930611,0,35,2005,2
2005-02-05,25.7199933215976,0.5794465,34.44624161347747,0,36,2005,2
2005-02-06,25.659993322938703,0.94716185,34.48133789934218,0,37,2005,2
2005-02-07,25.619993323832773,0.50718063,34.508804557845,0,38,2005,2
2005-02-08,25.60999332405629,1.2987262,34.51796011067927,0,39,2005,2
2005-02-09,25.579993324726843,1.2987267,34.51643418520689,0,40,2005,2
2005-02-10,25.559993325173878,0.62106514,34.510330483317375,0,41,2005,2
2005-02-11,25.539993325620912,0.6743261,34.498123079538345,0,42,2005,2
2005-02-12,25.499993326514982,0.5377471,34.48438975028694,0,43,2005,2
2005-02-13,25.499993326514982,0.61110795,34.463026793673635,0,44,2005,2
2005-02-14,25.469993327185534,0.61186653,34.427930507808924,0,45,2005,2
2005-02-15,25.899993317574285,0.47125018,34.389782370999455,0,46,2005,2
2005-02-16,25.619993323832773,0.9908892,34.342478681355715,0,47,2005,2
2005-02-17,25.599993324279808,0.54307395,34.29670091718435,0,48,2005,2
2005-02-18,25.709993321821116,0.46630296,34.270760184153914,0,49,2005,2
2005-02-19,25.79999331980946,0.6319453,34.257026854902506,0,50,2005,2
2005-02-20,25.79999331980946,0.64195156,34.26618240773678,0,51,2005,2
2005-02-21,25.79999331980946,0.48034108,34.270760184153914,0,52,2005,2
2005-02-22,25.75999332070353,1.0146561,34.26313055679202,0,53,2005,2
2005-02-23,25.869993318244838,0.8084538,34.2432935256511,0,54,2005,2
2005-02-24,26.14999331198635,0.89076686,34.23718982376158,0,55,2005,2
2005-02-25,26.529993303492688,0.8775738,34.25244907848537,0,56,2005,2
2005-02-26,26.72999329902234,0.7719107,34.27228610962629,0,57,2005,2
2005-02-27,26.669993300363444,0.8214057,34.2860194388777,0,58,2005,2
2005-02-28,26.389993306621932,0.6479507,34.295174991711974,0,59,2005,2
2005-03-01,26.33999330773952,0.6049243,34.30890832096338,0,60,2005,3
2005-03-02,26.329993307963036,0.5167717,34.318063873797655,0,61,2005,3
2005-03-03,27.179993288964056,0.6876811,34.29975276812911,0,62,2005,3
2005-03-04,27.18999328874054,0.6124344,34.27991573698819,0,63,2005,3
2005-03-05,27.169993289187573,0.47707522,34.27228610962629,0,64,2005,3
2005-03-06,26.99999329298737,0.47731915,34.27838981151581,0,65,2005,3
2005-03-07,26.819993297010683,0.438582,34.30127869360149,0,66,2005,3
2005-03-08,26.629993301257514,0.6813826,34.331797203049064,0,67,2005,3
2005-03-09,26.49999330416324,0.68412054,34.354686085134745,0,68,2005,3
2005-03-10,26.41999330595138,1.1337988,34.36384163796902,0,69,2005,3
2005-03-11,26.399993306398414,0.69041836,34.330271277576685,0,70,2005,3
2005-03-12,26.33999330773952,1.4211341,34.307382395491004,0,71,2005,3
2005-03-13,26.209993310645245,1.4211341,34.29670091718435,0,72,2005,3
2005-03-14,26.119993312656902,1.0070677,34.29822684265673,0,73,2005,3
2005-03-15,26.079993313550972,0.52357864,34.305856470018625,0,74,2005,3
2005-03-16,26.059993313998007,0.42755288,34.33332312852144,0,75,2005,3
2005-03-17,26.179993311315798,0.4363854,34.38062681816518,0,76,2005,3
2005-03-18,26.29999330863359,0.3232285,34.41724902950227,0,77,2005,3
2005-03-19,26.129993312433385,0.44170994,34.437086060643196,0,78,2005,3
2005-03-20,26.049993314221524,0.28517675,34.449293464422226,0,79,2005,3
2005-03-21,26.049993314221524,0.45840615,34.45387124083936,0,80,2005,3
2005-03-22,26.589993302151584,0.4580805,34.45539716631174,0,81,2005,3
2005-03-23,26.559993302822136,0.7255579,34.44318976253271,0,82,2005,3
2005-03-24,26.249993309751176,0.604386,34.437086060643196,0,83,2005,3
2005-03-25,25.769993320480012,0.60440344,34.44776753894985,1,84,2005,3
2005-03-26,25.739993321150564,0.56000984,34.450819389894605,0,85,2005,3
2005-03-27,25.849993318691872,0.62663525,34.45997494272888,0,86,2005,3
2005-03-28,25.939993316680216,0.6731672,34.48286382481456,0,87,2005,3
2005-03-29,26.03999331444504,0.72937393,34.52711566351354,0,88,2005,3
2005-03-30,26.139993312209867,1.0894651,34.54847862012684,0,89,2005,3
2005-03-31,26.279993309080623,1.0473465,34.557634172961116,0,90,2005,3
2005-04-01,26.399993306398414,0.77893275,34.571367502212524,0,91,2005,4
2005-04-02,26.529993303492688,0.79034466,34.58510083146393,0,92,2005,4
2005-04-03,26.68999329991641,0.8072106,34.58510083146393,0,93,2005,4
2005-04-04,26.279993309080623,0.599601,34.61256748996675,0,94,2005,4
2005-04-05,26.129993312433385,0.5680827,34.61561934091151,0,95,2005,4
2005-04-06,26.10999331288042,0.6499674,34.60951563902199,0,96,2005,4
2005-04-07,26.179993311315798,0.52518207,34.617145266383886,0,97,2005,4
2005-04-08,26.33999330773952,0.5334286,34.63698229752481,0,98,2005,4
2005-04-09,26.41999330595138,0.55667704,34.630878595635295,1,99,2005,4
2005-04-10,26.60999330170455,0.56916183,34.620197117328644,0,100,2005,4
2005-04-11,26.839993296563648,0.70988846,34.618671191856265,2,101,2005,4
2005-04-12,26.64999330081048,0.7227849,34.61561934091151,0,102,2005,4
2005-04-13,26.759993298351787,0.5686204,34.62477489374578,0,103,2005,4
2005-04-14,26.819993297010683,0.56862074,34.630878595635295,0,104,2005,4
2005-04-15,26.87999329566958,0.53585875,34.63698229752481,1,105,2005,4
2005-04-16,27.019993292540335,0.67278004,34.641560073941946,0,106,2005,4
2005-04-17,27.109993290528678,0.74154365,34.64918970130384,0,107,2005,4
2005-04-18,27.219993288069986,0.5744301,34.65834525413811,2,108,2005,4
2005-04-19,27.19999328851702,0.60301673,34.66444895602763,0,109,2005,4
2005-04-20,27.139993289858126,0.87057126,34.6522415522486,0,110,2005,4
2005-04-21,26.87999329566958,0.42463115,34.643085999414325,0,111,2005,4
2005-04-22,27.059993291646265,0.4712876,34.63545637205243,1,112,2005,4
2005-04-23,26.92999329455199,0.47141322,34.630878595635295,1,113,2005,4
2005-04-24,26.799993297457718,0.500944,34.63545637205243,1,114,2005,4
2005-04-25,26.84999329634013,0.54378057,34.63850822299719,1,115,2005,4
2005-04-26,26.989993293210887,0.46984515,34.632404521107674,0,116,2005,4
2005-04-27,27.149993289634608,0.45166874,34.65071562677622,0,117,2005,4
2005-04-28,27.359993284940742,0.5143991,34.66444895602763,0,118,2005,4
2005-04-29,28.219993265718244,0.383345,34.68581191264093,0,119,2005,4
2005-04-30,28.16999326683583,0.3833323,34.691915614530444,0,120,2005,4
2005-05-01,28.209993265941762,0.4649068,34.67055265791714,0,121,2005,5
2005-05-02,28.259993264824175,0.4647733,34.65681932866573,0,122,2005,5
2005-05-03,28.329993263259553,0.6221229,34.6232489682734,0,123,2005,5
2005-05-04,28.38999326191845,0.62214756,34.58510083146393,0,124,2005,5
2005-05-05,28.449993260577344,0.65113693,34.54847862012684,0,125,2005,5
2005-05-06,28.499993259459757,0.54748863,34.51338233426213,0,126,2005,5
2005-05-07,28.579993257671617,0.51280457,34.485915675759315,0,127,2005,5
2005-05-08,27.96999327130618,0.40759593,34.45997494272888,0,128,2005,5
2005-05-09,28.1299932677299,0.39875394,34.44471568800509,0,129,2005,5
2005-05-10,28.299993263930105,0.43038887,34.426404582336545,0,130,2005,5
2005-05-11,28.419993261247896,0.50380534,34.412671253085136,0,131,2005,5
2005-05-12,28.519993259012722,0.5038692,34.40504162572324,0,132,2005,5
2005-05-13,28.529993258789204,0.87493604,34.412671253085136,0,133,2005,5
2005-05-14,28.619993256777548,0.8913531,34.41724902950227,0,134,2005,5
2005-05-15,28.879993250966095,0.7430474,34.42335273139179,0,135,2005,5
2005-05-16,28.93999324962499,0.48938394,34.41877495497465,0,136,2005,5
2005-05-17,28.93999324962499,0.5641667,34.40656755119562,0,137,2005,5
2005-05-18,28.949993249401473,0.33819258,34.36841941438615,0,138,2005,5
2005-05-19,28.949993249401473,0.38462514,34.31348609738052,0,139,2005,5
2005-05-20,28.999993248283886,0.3850373,34.27228610962629,0,140,2005,5
2005-05-21,29.069993246719264,0.3811206,34.234137972816825,0,141,2005,5
2005-05-22,29.0499932471663,0.41123486,34.221930569037795,0,142,2005,5
2005-05-23,29.08999324627223,0.44783086,34.24176760017872,0,143,2005,5
2005-05-24,29.109993245825194,0.454341,34.27228610962629,2,144,2005,5
2005-05-25,28.1299932677299,0.45275995,34.30433054454625,1,145,2005,5
2005-05-26,28.359993262589,0.30001378,34.305856470018625,0,146,2005,5
2005-05-27,28.409993261471413,0.417129,34.30127869360149,0,147,2005,5
2005-05-28,28.559993258118652,0.41455287,34.29670091718435,0,148,2005,5
2005-05-29,28.5899932574481,0.40179878,34.316537948325276,0,149,2005,5
2005-05-30,28.73999325409534,0.36846486,34.3150120228529,0,150,2005,5
2005-05-31,28.849993251636647,0.36555648,34.30127869360149,0,151,2005,5
2005-06-01,28.919993250072025,0.38133946,34.30127869360149,0,152,2005,6
2005-06-02,28.93999324962499,0.3994169,34.29822684265673,0,153,2005,6
2005-06-03,28.949993249401473,0.39968237,34.29975276812911,0,154,2005,6
2005-06-04,28.999993248283886,0.40006617,34.27686388604343,0,155,2005,6
2005-06-05,29.01999324783685,0.4001251,34.28754536435008,0,156,2005,6
2005-06-06,29.109993245825194,0.47193295,34.29670091718435,0,157,2005,6
2005-06-07,29.199993243813537,0.7708271,34.295174991711974,0,158,2005,6
2005-06-08,29.219993243366503,0.7268238,34.28907128982246,0,159,2005,6
2005-06-09,29.24999324269595,0.74892855,34.295174991711974,0,160,2005,6
2005-06-10,29.36999324001374,0.74392706,34.30890832096338,0,161,2005,6
2005-06-11,29.449993238225602,0.76657176,34.316537948325276,1,162,2005,6
2005-06-12,29.459993238002085,0.45631027,34.319589799270034,0,163,2005,6
2005-06-13,29.43999323844912,0.46146086,34.30890832096338,0,164,2005,6
2005-06-14,29.35999324023726,0.43700925,34.32721942663193,0,165,2005,6
2005-06-15,29.349993240460776,0.4203538,34.35163423418999,0,166,2005,6
2005-06-16,29.379993239790224,0.3676721,34.36841941438615,0,167,2005,6
2005-06-17,29.39999323934319,0.37593767,34.379100892692804,0,168,2005,6
2005-06-18,29.47999323755505,0.4038624,34.365367563441396,0,169,2005,6
2005-06-19,29.08999324627223,0.51237243,34.340952755883336,0,170,2005,6
2005-06-20,29.16999324448409,0.3711531,34.318063873797655,0,171,2005,6
2005-06-21,29.16999324448409,0.36123118,34.307382395491004,0,172,2005,6
2005-06-22,29.179993244260572,0.3436194,34.3150120228529,0,173,2005,6
2005-06-23,29.31999324113133,0.5018092,34.29822684265673,0,174,2005,6
2005-06-24,29.40999323911967,0.5018092,34.305856470018625,0,175,2005,6
2005-06-25,29.309993241354846,0.50178456,34.331797203049064,0,176,2005,6
2005-06-26,29.199993243813537,0.52918637,34.35621201060712,0,177,2005,6
2005-06-27,29.159993244707607,0.53025585,34.3150120228529,0,178,2005,6
2005-06-28,29.079993246495746,0.52899915,34.27838981151581,0,179,2005,6
2005-06-29,29.09999324604871,0.5298132,34.21277501620352,0,180,2005,6
2005-06-30,29.05999324694278,0.39149737,34.2143009416759,0,181,2005,6
2005-07-01,29.069993246719264,0.41019106,34.18988613411784,0,182,2005,7
2005-07-02,29.459993238002085,0.4104486,34.18988613411784,0,183,2005,7
2005-07-03,29.39999323934319,0.41512868,34.15784169919789,0,184,2005,7
2005-07-04,29.419993238896154,0.41512868,34.15631577372551,0,185,2005,7
2005-07-05,29.43999323844912,0.40788624,34.1715750284493,0,186,2005,7
2005-07-06,29.40999323911967,0.39749083,34.16852317750454,0,187,2005,7
2005-07-07,29.35999324023726,0.3774316,34.11969356238842,0,188,2005,7
2005-07-08,29.309993241354846,0.34748808,34.11053800955415,0,189,2005,7
2005-07-09,29.24999324269595,0.47671604,34.02661210857332,0,190,2005,7
2005-07-10,29.239993242919468,0.5844506,33.980834344401956,0,191,2005,7
2005-07-11,29.159993244707607,0.75301665,33.97930841892958,0,192,2005,7
2005-07-12,29.20999324359002,0.7530022,33.98693804629147,0,193,2005,7
2005-07-13,29.279993242025398,0.3758458,33.98693804629147,0,194,2005,7
2005-07-14,29.419993238896154,0.3760923,33.944212133064866,0,195,2005,7
2005-07-15,29.459993238002085,0.37509412,33.896908443421125,0,196,2005,7
2005-07-16,29.459993238002085,0.3785484,33.87554548680782,0,197,2005,7
2005-07-17,29.379993239790224,0.38169304,33.85876030661166,0,198,2005,7
2005-07-18,29.32999324090781,0.36957815,33.814508467912674,0,199,2005,7
2005-07-19,29.309993241354846,0.3670311,33.776360331103206,0,200,2005,7
2005-07-20,29.239993242919468,0.43194976,33.76720477826893,0,201,2005,7
2005-07-21,29.159993244707607,0.422155,33.76873070374131,0,202,2005,7
2005-07-22,29.149993244931125,0.42183235,33.7626270018518,0,203,2005,7
2005-07-23,29.149993244931125,0.4578184,33.76110107637942,0,204,2005,7
2005-07-24,29.12999324537816,0.53882414,33.79161958582699,0,205,2005,7
2005-07-25,29.05999324694278,0.5094817,33.8053529150784,0,206,2005,7
2005-07-26,29.029993247613334,0.44436848,33.79161958582699,0,207,2005,7
2005-07-27,28.93999324962499,0.51925975,33.814508467912674,0,208,2005,7
2005-07-28,28.929993249848508,0.591564,33.84655290283263,0,209,2005,7
2005-07-29,28.909993250295543,0.55464137,33.83281957358122,0,210,2005,7
2005-07-30,28.909993250295543,0.45187566,33.802301064133644,0,211,2005,7
2005-07-31,28.89999325051906,0.45188025,33.87096771039069,0,212,2005,7
2005-08-01,28.869993251189612,0.45188025,33.945738058537245,0,213,2005,8
2005-08-02,28.89999325051906,0.45189023,33.98388619534671,0,214,2005,8
2005-08-03,28.889993250742577,0.42849982,34.017456555739045,0,215,2005,8
2005-08-04,28.919993250072025,0.45649162,34.03729358687997,0,216,2005,8
2005-08-05,28.999993248283886,0.42849982,34.03729358687997,0,217,2005,8
2005-08-06,29.00999324806037,0.4285009,34.015930630266666,0,218,2005,8
2005-08-07,29.01999324783685,0.4285009,33.98541212081909,0,219,2005,8
2005-08-08,28.969993248954438,0.4285924,33.957945462316275,0,220,2005,8
2005-08-09,28.969993248954438,0.50047445,33.933530654758215,0,221,2005,8
2005-08-10,29.039993247389816,0.4952576,33.884701039642096,0,222,2005,8
2005-08-11,29.039993247389816,0.49256152,33.93047880381346,0,223,2005,8
2005-08-12,29.039993247389816,0.4949235,33.95184176042676,0,224,2005,8
2005-08-13,28.969993248954438,0.4643407,33.93810843117535,0,225,2005,8
2005-08-14,28.949993249401473,0.49227625,33.86333808302879,0,226,2005,8
2005-08-15,28.909993250295543,0.49227625,33.82213809527457,0,227,2005,8
2005-08-16,28.929993249848508,0.49227625,33.922849176451564,0,228,2005,8
2005-08-17,28.85999325141313,0.4929776,33.93810843117535,0,229,2005,8
2005-08-18,28.829993252083682,0.4924491,33.95336768589914,0,230,2005,8
2005-08-19,28.78999325297775,0.46325967,33.93047880381346,0,231,2005,8
2005-08-20,28.74999325387182,0.5033865,33.944212133064866,0,232,2005,8
2005-08-21,28.659993255883478,0.51099133,33.970152866095304,0,233,2005,8
2005-08-22,28.649993256106995,0.5023379,33.96710101515055,0,234,2005,8
2005-08-23,28.649993256106995,0.5400366,33.93963435664773,0,235,2005,8
2005-08-24,28.77999325320127,0.5240693,33.838923275470734,0,236,2005,8
2005-08-25,28.89999325051906,0.5213936,33.77941218204796,0,237,2005,8
2005-08-26,28.959993249177955,0.46877992,33.88012326322496,0,238,2005,8
2005-08-27,29.0499932471663,0.49403957,34.03576766140759,0,239,2005,8
2005-08-28,28.849993251636647,0.49411753,34.03881951235235,0,240,2005,8
2005-08-29,28.609993257001065,0.420837,34.08154542557895,0,241,2005,8
2005-08-30,28.599993257224583,0.420837,34.09527875483036,0,242,2005,8
2005-08-31,28.619993256777548,0.42080745,34.10901208408177,0,243,2005,8
2005-09-01,28.619993256777548,0.41861388,34.10596023313701,0,244,2005,9
2005-09-02,28.689993255212926,0.44865516,34.0998565312475,0,245,2005,9
2005-09-03,28.70999325476589,0.40270153,34.115115785971284,0,246,2005,9
2005-09-04,28.77999325320127,0.38727176,34.12274541333318,0,247,2005,9
2005-09-05,28.77999325320127,0.43448782,34.089175052940845,0,248,2005,9
2005-09-06,28.849993251636647,0.3444077,34.03729358687997,0,249,2005,9
2005-09-07,29.40999323911967,0.32388908,33.92895287834108,0,250,2005,9
2005-09-08,29.32999324090781,0.3560412,34.00067137554288,0,251,2005,9
2005-09-09,29.36999324001374,0.35485363,34.076967649161816,0,252,2005,9
2005-09-10,29.32999324090781,0.3576458,34.06170839443803,0,253,2005,9
2005-09-11,29.239993242919468,0.32660046,34.015930630266666,0,254,2005,9
2005-09-12,29.109993245825194,0.32033074,34.017456555739045,0,255,2005,9
2005-09-13,28.97999324873092,0.32030097,34.00372322648764,0,256,2005,9
2005-09-14,29.029993247613334,0.32030097,33.81908624432981,0,257,2005,9
2005-09-15,29.0499932471663,0.5026717,33.88927881605923,0,258,2005,9
2005-09-16,29.069993246719264,0.50989354,33.96404916420579,0,259,2005,9
2005-09-17,29.079993246495746,0.5111534,33.9060639962554,0,260,2005,9
2005-09-18,29.029993247613334,0.5226437,33.77330848015845,0,261,2005,9
2005-09-19,28.989993248507403,0.59814477,33.68480480276048,0,262,2005,9
2005-09-20,28.97999324873092,0.54602265,33.680227026343346,0,263,2005,9
2005-09-21,29.05999324694278,0.5113891,33.75652329996228,0,264,2005,9
2005-09-22,28.969993248954438,0.48118183,33.78093810752034,0,265,2005,9
2005-09-23,28.929993249848508,0.2683359,33.838923275470734,0,266,2005,9
2005-09-24,28.89999325051906,0.3013135,33.89080474153161,0,267,2005,9
2005-09-25,28.929993249848508,0.30114114,33.93047880381346,0,268,2005,9
2005-09-26,28.97999324873092,0.29936555,33.97473064251244,0,269,2005,9
2005-09-27,29.029993247613334,0.28650486,34.03729358687997,0,270,2005,9
2005-09-28,29.01999324783685,0.28504658,34.09527875483036,0,271,2005,9
2005-09-29,29.119993245601677,0.3593431,34.11664171144366,0,272,2005,9
2005-09-30,29.16999324448409,0.3821196,34.10443430766463,0,273,2005,9
2005-10-01,29.159993244707607,0.3287369,34.06781209632754,0,274,2005,10
2005-10-02,29.269993242248916,0.29754096,33.92895287834108,0,275,2005,10
2005-10-03,29.199993243813537,0.35468,33.93047880381346,0,276,2005,10
2005-10-04,29.199993243813537,0.3727724,33.764152927324176,0,277,2005,10
2005-10-05,29.139993245154642,0.41529524,33.75804922543466,0,278,2005,10
2005-10-06,29.139993245154642,0.37347695,33.75041959807277,0,279,2005,10
2005-10-07,29.219993243366503,0.37058407,33.729056641459465,0,280,2005,10
2005-10-08,29.16999324448409,0.354454,33.66038999520242,0,281,2005,10
2005-10-09,29.159993244707607,0.3840811,33.608508529141545,0,282,2005,10
2005-10-10,29.079993246495746,0.5123235,33.58256779611111,0,283,2005,10
2005-10-11,29.079993246495746,0.511897,33.51084929890931,0,284,2005,10
2005-10-12,29.859993229061388,0.4019521,33.58256779611111,0,285,2005,10
2005-10-13,29.689993232861184,0.496218,33.61308630555868,0,286,2005,10
2005-10-14,29.579993235319876,0.35550094,33.513901149854064,0,287,2005,10
2005-10-15,29.269993242248916,0.64665544,33.32621231675148,0,288,2005,10
2005-10-16,29.219993243366503,0.65040797,33.16751606762409,0,289,2005,10
2005-10-17,29.20999324359002,0.6487532,33.140049409121275,0,290,2005,10
2005-10-18,29.159993244707607,0.65156233,33.2529678940773,0,291,2005,10
2005-10-19,29.05999324694278,0.403998,33.237708639353514,0,292,2005,10
2005-10-20,28.97999324873092,0.41306505,33.07596053928137,0,293,2005,10
2005-10-21,28.969993248954438,0.40297976,32.94015317223966,0,294,2005,10
2005-10-22,28.889993250742577,0.40315384,32.924893917515874,0,295,2005,10
2005-10-23,28.78999325297775,0.5564334,32.863856898620725,0,296,2005,10
2005-10-24,28.77999325320127,0.6758879,32.92641984298825,0,297,2005,10
2005-10-25,28.73999325409534,0.6660716,33.04696795530617,0,298,2005,10
2005-10-26,28.70999325476589,0.66606945,33.26517529785633,0,299,2005,10
2005-10-27,28.679993255436443,0.6658878,33.44523450359702,0,300,2005,10
2005-10-28,28.649993256106995,0.70676315,33.50321967154741,0,301,2005,10
2005-10-29,28.619993256777548,0.49672318,33.50779744796455,0,302,2005,10
2005-10-30,28.619993256777548,0.49489585,33.55815298855305,0,303,2005,10
2005-10-31,28.19999326616528,0.49567258,33.56578261591494,0,304,2005,10
2005-11-01,27.8999932728708,0.49583432,33.5688344668597,0,305,2005,11
2005-11-02,27.80999327488246,0.56084293,33.59935297630727,0,306,2005,11
2005-11-03,27.81999327465894,0.57556385,33.66649369709194,0,307,2005,11
2005-11-04,27.85999327376487,0.57119465,33.753471449017525,0,308,2005,11
2005-11-05,27.829993274435424,0.47295523,33.82061216980219,0,309,2005,11
2005-11-06,28.109993268176936,0.4975004,33.86638993397355,0,310,2005,11
2005-11-07,27.85999327376487,0.9052951,33.861812157556415,0,311,2005,11
2005-11-08,27.77999327555301,1.0063931,33.85113067924976,0,312,2005,11
2005-11-09,27.769993275776528,0.68576175,33.814508467912674,0,313,2005,11
2005-11-10,27.839993274211906,0.71534663,33.80687884055078,0,314,2005,11
2005-11-11,27.839993274211906,0.7612116,33.81603439338505,0,315,2005,11
2005-11-12,27.84999327398839,0.7522193,33.823664020746946,0,316,2005,11
2005-11-13,27.829993274435424,0.7522193,33.83281957358122,0,317,2005,11
2005-11-14,27.839993274211906,0.7974803,33.835871424525976,0,318,2005,11
2005-11-15,27.80999327488246,0.7522228,33.8770714122802,0,319,2005,11
2005-11-16,27.709993277117633,0.928048,33.92895287834108,0,320,2005,11
2005-11-17,27.61999327912929,0.93958795,33.92590102739632,0,321,2005,11
2005-11-18,27.669993278011702,0.88814247,33.90301214531064,0,322,2005,11
2005-11-19,27.54999328069391,0.88920134,33.87859733775258,0,323,2005,11
2005-11-20,27.529993281140946,0.9112858,33.91521954908967,0,324,2005,11
2005-11-21,27.449993282929086,1.0697539,33.96710101515055,0,325,2005,11
2005-11-22,27.30999328605833,1.070066,34.02356025762856,0,326,2005,11
2005-11-23,27.34999328516426,0.9371604,33.993041748180985,0,327,2005,11
2005-11-24,27.299993286281847,0.8712904,33.993041748180985,0,328,2005,11
2005-11-25,27.339993285387777,1.1768465,34.018982481211424,0,329,2005,11
2005-11-26,27.38999328427019,1.1762589,34.02356025762856,0,330,2005,11
2005-11-27,27.42999328337612,0.67255384,33.98541212081909,0,331,2005,11
2005-11-28,27.369993284717225,0.33413953,33.909115847200155,0,332,2005,11
2005-11-29,27.259993287175917,0.3570102,33.88012326322496,0,333,2005,11
2005-11-30,27.419993283599638,0.41170245,33.82213809527457,0,334,2005,11
2005-12-01,27.379993284493708,0.35250157,33.764152927324176,0,335,2005,12
2005-12-02,27.409993283823155,0.48484996,33.7122714612633,0,336,2005,12
2005-12-03,27.409993283823155,0.48694816,33.742789970710874,0,337,2005,12
2005-12-04,27.419993283599638,0.4329203,33.79772328771651,0,338,2005,12
2005-12-05,27.42999328337612,0.4704828,33.90453807078302,0,339,2005,12
2005-12-06,27.34999328516426,0.5230858,33.97473064251244,0,340,2005,12
2005-12-07,27.249993287399434,0.4943444,34.015930630266666,0,341,2005,12
2005-12-08,27.15999328941109,0.68155545,34.031189884990454,0,342,2005,12
2005-12-09,26.979993293434404,0.99277085,34.05560469254851,0,343,2005,12
2005-12-10,26.909993294999026,1.0215824,34.10748615860939,0,344,2005,12
2005-12-11,26.819993297010683,1.0002668,34.124271338805556,0,345,2005,12
2005-12-12,26.819993297010683,1.0091479,34.14105651900172,0,346,2005,12
2005-12-13,26.819993297010683,0.7453965,34.150212071835995,0,347,2005,12
2005-12-14,26.84999329634013,0.7580059,34.14563429541886,0,348,2005,12
2005-12-15,26.87999329566958,0.7550541,34.160893550142646,0,349,2005,12
2005-12-16,26.939993294328474,0.7546864,34.16699725203216,0,350,2005,12
2005-12-17,26.939993294328474,0.74133164,34.160893550142646,0,351,2005,12
2005-12-18,27.019993292540335,0.8286501,34.11816763691604,0,352,2005,12
2005-12-19,27.059993291646265,0.90826094,34.08612320199609,0,353,2005,12
2005-12-20,26.949993294104956,0.8889658,34.07544172368944,0,354,2005,12
2005-12-21,26.819993297010683,0.91110635,34.031189884990454,0,355,2005,12
2005-12-22,26.64999330081048,0.7669084,34.006775077432394,0,356,2005,12
2005-12-23,26.589993302151584,0.77681214,33.968626940622926,0,357,2005,12
2005-12-24,26.529993303492688,0.91959685,33.944212133064866,0,358,2005,12
2005-12-25,26.45999330505731,0.7403199,33.933530654758215,0,359,2005,12
2005-12-26,26.30999330841007,0.7281111,33.94726398400962,0,360,2005,12
2005-12-27,26.219993310421728,0.7223829,33.98693804629147,0,361,2005,12
2005-12-28,26.249993309751176,0.7756566,34.03576766140759,0,362,2005,12
2005-12-29,26.219993310421728,0.8003613,34.064760245382786,0,363,2005,12
2005-12-30,26.279993309080623,0.75164205,34.09833060577512,0,364,2005,12
2005-12-31,26.29999330863359,1.2289488,34.12884911522269,0,365,2005,12
2006-01-01,26.209993310645245,1.2376527,34.162419475615025,0,1,2006,1
2006-01-02,26.079993313550972,1.2929429,34.19446391053498,0,2,2006,1
2006-01-03,26.06999331377449,1.1061246,34.211249090731144,0,3,2006,1
2006-01-04,26.10999331288042,1.1211059,34.22956019639969,0,4,2006,1
2006-01-05,26.06999331377449,2.7534862,34.24939722754061,0,5,2006,1
2006-01-06,25.99999331533911,2.7473626,34.26618240773678,0,6,2006,1
2006-01-07,25.939993316680216,1.8483685,34.27991573698819,0,7,2006,1
2006-01-08,25.889993317797803,1.6986856,34.27991573698819,0,8,2006,1
2006-01-09,25.889993317797803,1.3306711,34.28907128982246,0,9,2006,1
2006-01-10,25.909993317350768,1.3859404,34.30127869360149,0,10,2006,1
2006-01-11,25.95999331623318,1.3859404,34.29975276812911,0,11,2006,1
2006-01-12,25.939993316680216,0.8384779,34.29212314076722,0,12,2006,1
2006-01-13,25.929993316903733,0.6005039,34.26007870584726,0,13,2006,1
2006-01-14,25.979993315786146,0.9047265,34.20819723978639,0,14,2006,1
2006-01-15,25.969993316009663,0.8871887,34.162419475615025,0,15,2006,1
2006-01-16,25.91999331712725,0.85364753,34.15173799730837,0,16,2006,1
2006-01-17,25.91999331712725,0.739608,34.12884911522269,0,17,2006,1
2006-01-18,25.99999331533911,0.6629529,34.0922269038856,0,18,2006,1
2006-01-19,25.99999331533911,0.701492,34.08154542557895,0,19,2006,1
2006-01-20,26.02999331466856,0.6979695,34.08154542557895,0,20,2006,1
2006-01-21,26.049993314221524,0.5222541,34.08764912746847,0,21,2006,1
2006-01-22,26.059993313998007,0.505113,34.09527875483036,0,22,2006,1
2006-01-23,25.98999331556263,0.4403412,34.0998565312475,0,23,2006,1
2006-01-24,26.03999331444504,0.44053125,34.125797264277935,0,24,2006,1
2006-01-25,25.9499933164567,0.46968448,34.18073058128357,0,25,2006,1
2006-01-26,25.98999331556263,0.6249598,34.20667131431401,0,26,2006,1
2006-01-27,25.9499933164567,0.5238807,34.22803427092731,0,27,2006,1
2006-01-28,26.02999331466856,0.64277416,34.23108612187207,0,28,2006,1
2006-01-29,26.02999331466856,0.567968,34.220404643565416,0,29,2006,1
2006-01-30,26.009993315115594,0.38200858,34.20514538884163,0,30,2006,1
2006-01-31,26.549993303045653,0.3612924,34.20056761242449,0,31,2006,1
2006-02-01,26.829993296787165,0.6400997,34.199041686952114,0,32,2006,2
2006-02-02,26.87999329566958,1.2218289,34.197515761479735,0,33,2006,2
2006-02-03,25.969993316009663,0.78169346,34.20056761242449,0,34,2006,2
2006-02-04,25.899993317574285,1.3921012,34.18836020864546,0,35,2006,2
2006-02-05,25.899993317574285,1.3918145,34.15784169919789,0,36,2006,2
2006-02-06,25.819993319362425,1.1115148,34.13037504069507,0,37,2006,2
2006-02-07,25.779993320256494,0.9937822,34.15173799730837,0,38,2006,2
2006-02-08,25.789993320032977,1.1678246,34.20667131431401,0,39,2006,2
2006-02-09,25.79999331980946,1.1673489,34.220404643565416,0,40,2006,2
2006-02-10,25.849993318691872,1.1526948,34.234137972816825,0,41,2006,2
2006-02-11,25.889993317797803,1.1035621,34.2646564822644,0,42,2006,2
2006-02-12,26.02999331466856,0.5280697,34.31196017190814,0,43,2006,2
2006-02-13,25.869993318244838,0.5282356,34.316537948325276,0,44,2006,2
2006-02-14,25.709993321821116,0.5681259,34.27838981151581,0,45,2006,2
2006-02-15,25.769993320480012,0.9194193,34.25397500395775,0,46,2006,2
2006-02-16,25.809993319585942,0.99866194,34.257026854902506,0,47,2006,2
2006-02-17,25.819993319362425,1.0519218,34.246345376595855,0,48,2006,2
2006-02-18,25.849993318691872,1.0405122,34.223456494510174,0,49,2006,2
2006-02-19,25.859993318468355,0.644666,34.17920465581119,0,50,2006,2
2006-02-20,25.83999331891539,0.705163,34.17004910297692,0,51,2006,2
2006-02-21,25.83999331891539,0.74993485,34.18378243222833,0,52,2006,2
2006-02-22,25.789993320032977,0.7018796,34.17767873033881,0,53,2006,2
2006-02-23,25.869993318244838,0.7845358,34.185308357700706,0,54,2006,2
2006-02-24,26.139993312209867,0.7978759,34.211249090731144,0,55,2006,2
2006-02-25,26.469993304833793,0.6456368,34.21735279262066,0,56,2006,2
2006-02-26,26.559993302822136,1.0380874,34.23108612187207,0,57,2006,2
2006-02-27,26.489993304386758,1.34514,34.25397500395775,0,58,2006,2
2006-02-28,26.449993305280827,0.84327346,34.269234258681536,0,59,2006,2
2006-03-01,26.129993312433385,0.7382919,34.23108612187207,0,60,2006,3
2006-03-02,26.099993313103937,0.9212056,34.22498241998255,0,61,2006,3
2006-03-03,26.169993311539315,0.89364946,34.185308357700706,0,62,2006,3
2006-03-04,26.179993311315798,0.6797427,34.11969356238842,0,63,2006,3
2006-03-05,26.249993309751176,0.5679811,34.08001950010657,0,64,2006,3
2006-03-06,26.239993309974693,0.5112501,34.090700978413224,0,65,2006,3
2006-03-07,26.29999330863359,0.5102436,34.1212194878608,0,66,2006,3
2006-03-08,26.30999330841007,0.49232605,34.15784169919789,0,67,2006,3
2006-03-09,26.30999330841007,0.49228787,34.16547132655978,0,68,2006,3
2006-03-10,27.149993289634608,1.1309103,34.14563429541886,0,69,2006,3
2006-03-11,27.249993287399434,1.1320709,34.148686146363616,0,70,2006,3
2006-03-12,27.23999328762295,0.87375456,34.150212071835995,0,71,2006,3
2006-03-13,26.909993294999026,0.9493842,34.13495281711221,0,72,2006,3
2006-03-14,26.84999329634013,0.5091552,34.115115785971284,0,73,2006,3
2006-03-15,26.859993296116613,0.45715234,34.08307135105133,0,74,2006,3
2006-03-16,26.76999329812827,0.45580015,34.0708639472723,9,75,2006,3
2006-03-17,26.84999329634013,0.39583093,34.078493574634194,0,76,2006,3
2006-03-18,26.709993299469375,0.4016382,34.102908382192254,0,77,2006,3
2006-03-19,26.669993300363444,0.4830505,34.124271338805556,0,78,2006,3
2006-03-20,26.709993299469375,0.77338576,34.13495281711221,0,79,2006,3
2006-03-21,26.709993299469375,1.2437441,34.14563429541886,0,80,2006,3
2006-03-22,26.72999329902234,0.6322152,34.12884911522269,0,81,2006,3
2006-03-23,26.859993296116613,0.53581804,34.15173799730837,0,82,2006,3
2006-03-24,26.739993298798822,0.549896,34.15631577372551,1,83,2006,3
2006-03-25,26.72999329902234,0.549896,34.14105651900172,2,84,2006,3
2006-03-26,27.54999328069391,0.4204337,34.10901208408177,2,85,2006,3
2006-03-27,27.679993277788185,0.5737772,34.06323431991041,3,86,2006,3
2006-03-28,27.729993276670598,0.49415988,34.031189884990454,1,87,2006,3
2006-03-29,27.799993275105976,0.36050937,34.00372322648764,1,88,2006,3
2006-03-30,27.73999327644708,0.31247362,33.95336768589914,1,89,2006,3
2006-03-31,27.73999327644708,0.3252844,33.94268620759249,0,90,2006,3
2006-04-01,27.73999327644708,0.32654783,33.968626940622926,6,91,2006,4
2006-04-02,27.679993277788185,0.34846446,34.006775077432394,12,92,2006,4
2006-04-03,27.679993277788185,0.43723428,34.03424173593521,9,93,2006,4
2006-04-04,27.709993277117633,0.55262625,34.040345437824726,7,94,2006,4
2006-04-05,27.77999327555301,0.6578732,34.03271581046283,5,95,2006,4
2006-04-06,27.749993276223563,0.70365083,34.02508618310094,2,96,2006,4
2006-04-07,27.649993278458737,0.5179607,34.03881951235235,3,97,2006,4
2006-04-08,27.519993281364464,0.40233183,34.04492321424186,0,98,2006,4
2006-04-09,27.439993283152603,0.50699824,34.03881951235235,0,99,2006,4
2006-04-10,27.559993280470394,0.5721222,34.031189884990454,2,100,2006,4
2006-04-11,27.81999327465894,0.5126443,34.040345437824726,4,101,2006,4
2006-04-12,27.919993272423767,0.4741481,34.07544172368944,10,102,2006,4
2006-04-13,27.989993270859145,0.4469123,34.08307135105133,0,103,2006,4
2006-04-14,27.46999328248205,0.44696036,34.08154542557895,2,104,2006,4
2006-04-15,27.50999328158798,0.4377927,34.07238987274468,0,105,2006,4
2006-04-16,27.489993282035016,0.44008973,34.07391579821706,1,106,2006,4
2006-04-17,27.53999328091743,0.47159487,34.10443430766463,7,107,2006,4
2006-04-18,27.609993279352807,0.47564328,34.127323189750314,6,108,2006,4
2006-04-19,27.65999327823522,0.47281384,34.13495281711221,8,109,2006,4
2006-04-20,27.61999327912929,0.47340044,34.14563429541886,0,110,2006,4
2006-04-21,27.599993279576324,0.36198667,34.14716022089124,3,111,2006,4
2006-04-22,27.599993279576324,0.5382059,34.14563429541886,6,112,2006,4
2006-04-23,27.669993278011702,0.51530933,34.138004668056965,0,113,2006,4
2006-04-24,27.709993277117633,0.37480065,34.15173799730837,4,114,2006,4
2006-04-25,27.649993278458737,0.32299465,34.16699725203216,0,115,2006,4
2006-04-26,28.00999327041211,0.2905338,34.16852317750454,2,116,2006,4
2006-04-27,28.11999326795342,0.2970286,34.18836020864546,2,117,2006,4
2006-04-28,28.059993269294523,0.31198242,34.223456494510174,8,118,2006,4
2006-04-29,28.019993270188593,0.43132228,34.25550092943013,0,119,2006,4
2006-04-30,28.00999327041211,0.25992632,34.26618240773678,0,120,2006,4
2006-05-01,28.029993269965075,0.26660028,34.27686388604343,0,121,2006,5
2006-05-02,28.23999326527121,0.51742053,34.295174991711974,0,122,2006,5
2006-05-03,28.459993260353826,0.5174321,34.319589799270034,7,123,2006,5
2006-05-04,28.539993258565687,0.5877209,34.354686085134745,0,124,2006,5
2006-05-05,28.209993265941762,0.52090883,34.35621201060712,0,125,2006,5
2006-05-06,28.149993267282866,0.42799172,34.33484905399382,10,126,2006,5
2006-05-07,28.349993262812518,0.72073895,34.31348609738052,4,127,2006,5
2006-05-08,28.31999326348307,0.38373166,34.295174991711974,0,128,2006,5
2006-05-09,28.359993262589,0.36048123,34.27991573698819,2,129,2006,5
2006-05-10,28.359993262589,0.3604774,34.258552780374885,0,130,2006,5
2006-05-11,28.39999326169493,0.36014524,34.2432935256511,1,131,2006,5
2006-05-12,28.499993259459757,0.3506132,34.25244907848537,0,132,2006,5
2006-05-13,28.499993259459757,0.36987188,34.20819723978639,0,133,2006,5
2006-05-14,28.599993257224583,0.44247815,34.24787130206823,0,134,2006,5
2006-05-15,28.639993256330513,0.49455288,34.269234258681536,0,135,2006,5
2006-05-16,28.659993255883478,0.4649747,34.25397500395775,0,136,2006,5
2006-05-17,28.649993256106995,0.46447915,34.185308357700706,0,137,2006,5
2006-05-18,28.619993256777548,0.46193603,34.19598983600736,0,138,2006,5
2006-05-19,29.779993230849527,0.46212474,34.185308357700706,0,139,2006,5
2006-05-20,29.849993229284905,0.44363195,34.2432935256511,1,140,2006,5
2006-05-21,29.799993230402492,0.43985897,34.2860194388777,0,141,2006,5
2006-05-22,29.429993238672637,0.44968656,34.29670091718435,0,142,2006,5
2006-05-23,29.269993242248916,0.3823791,34.26770833320916,0,143,2006,5
2006-05-24,29.16999324448409,0.3407956,34.258552780374885,0,144,2006,5
2006-05-25,29.239993242919468,0.34140155,34.25397500395775,0,145,2006,5
2006-05-26,29.309993241354846,0.3467618,34.26007870584726,0,146,2006,5
2006-05-27,29.279993242025398,0.3298813,34.26313055679202,0,147,2006,5
2006-05-28,29.239993242919468,0.49016327,34.2860194388777,1,148,2006,5
2006-05-29,29.219993243366503,0.58942574,34.2860194388777,0,149,2006,5
2006-05-30,29.039993247389816,0.4796673,34.331797203049064,0,150,2006,5
2006-05-31,28.77999325320127,0.46014288,34.36384163796902,0,151,2006,5
2006-06-01,29.239993242919468,0.3632128,34.366893488913774,0,152,2006,6
2006-06-02,29.379993239790224,0.45681635,34.35926386155188,0,153,2006,6
2006-06-03,29.419993238896154,0.39783055,34.21277501620352,0,154,2006,6
2006-06-04,28.909993250295543,0.39859867,34.090700978413224,0,155,2006,6
2006-06-05,28.949993249401473,0.46639562,34.0708639472723,0,156,2006,6
2006-06-06,29.01999324783685,0.41876605,34.09527875483036,0,157,2006,6
2006-06-07,29.40999323911967,0.2489602,34.0205084066838,0,158,2006,6
2006-06-08,29.62999323420229,0.23958693,33.94726398400962,0,159,2006,6
2006-06-09,29.70999323241415,0.23818731,33.93658250570297,0,160,2006,6
2006-06-10,29.779993230849527,0.23385745,33.968626940622926,0,161,2006,6
2006-06-11,29.82999322973194,0.23185009,33.96404916420579,0,162,2006,6
2006-06-12,29.809993230178975,0.28148356,33.97930841892958,0,163,2006,6
2006-06-13,29.779993230849527,0.28591874,33.90453807078302,0,164,2006,6
2006-06-14,29.71999323219063,0.40537983,33.87859733775258,0,165,2006,6
2006-06-15,29.70999323241415,0.4080559,33.85418253019452,0,166,2006,6
2006-06-16,29.70999323241415,0.28608066,33.935056580230594,0,167,2006,6
2006-06-17,29.959993226826214,0.29820743,34.01135285384953,0,168,2006,6
2006-06-18,30.079993224144005,0.28955477,34.14563429541886,0,169,2006,6
2006-06-19,30.089993223920487,0.28592232,34.185308357700706,0,170,2006,6
2006-06-20,29.97999322637918,0.26452523,34.15478984825313,0,171,2006,6
2006-06-21,29.86999322883787,0.2686465,34.11053800955415,0,172,2006,6
2006-06-22,29.729993231967114,0.26860803,34.14105651900172,0,173,2006,6
2006-06-23,29.689993232861184,0.26181868,34.16547132655978,0,174,2006,6
2006-06-24,29.699993232637667,0.27580178,34.13495281711221,0,175,2006,6
2006-06-25,29.579993235319876,0.23152101,34.040345437824726,0,176,2006,6
2006-06-26,29.459993238002085,0.2263098,33.85418253019452,0,177,2006,6
2006-06-27,29.39999323934319,0.20769009,33.72447886504233,0,178,2006,6
2006-06-28,29.299993241578363,0.23847407,33.65123444236815,0,179,2006,6
2006-06-29,29.309993241354846,0.22922584,33.55662706308067,0,180,2006,6
2006-06-30,29.259993242472433,0.2364777,33.52916040457785,0,181,2006,6
2006-07-01,29.259993242472433,0.22061947,33.49101226776838,0,182,2006,7
2006-07-02,29.31999324113133,0.19456534,33.465071534737945,0,183,2006,7
2006-07-03,29.339993240684294,0.19506884,33.48490856587887,0,184,2006,7
2006-07-04,29.379993239790224,0.20521377,33.57036039233208,0,185,2006,7
2006-07-05,29.389993239566707,0.1914673,33.62376778386533,0,186,2006,7
2006-07-06,29.349993240460776,0.2017422,33.68785665370524,0,187,2006,7
2006-07-07,29.299993241578363,0.20441215,33.81908624432981,0,188,2006,7
2006-07-08,29.239993242919468,0.20441215,33.91827140003443,0,189,2006,7
2006-07-09,29.20999324359002,0.20441227,34.03271581046283,0,190,2006,7
2006-07-10,29.24999324269595,0.29268807,34.049500990659,0,191,2006,7
2006-07-11,29.189993244037055,0.31841817,34.028138034045696,0,192,2006,7
2006-07-12,29.229993243142985,0.3282385,34.02356025762856,0,193,2006,7
2006-07-13,29.229993243142985,0.33308092,33.99151582270861,0,194,2006,7
2006-07-14,29.269993242248916,0.33324277,33.945738058537245,0,195,2006,7
2006-07-15,29.269993242248916,0.33324713,33.909115847200155,0,196,2006,7
2006-07-16,29.279993242025398,0.33319306,33.91216769814491,0,197,2006,7
2006-07-17,29.229993243142985,0.33317196,33.85723438113928,0,198,2006,7
2006-07-18,29.189993244037055,0.33695206,33.93810843117535,0,199,2006,7
2006-07-19,29.16999324448409,0.29154155,33.8557084556669,0,200,2006,7
2006-07-20,29.09999324604871,0.29846138,33.9274269528687,0,201,2006,7
2006-07-21,29.029993247613334,0.32503963,33.9777824934572,0,202,2006,7
2006-07-22,29.029993247613334,0.32504,33.980834344401956,0,203,2006,7
2006-07-23,29.029993247613334,0.32505068,33.95489361137152,0,204,2006,7
2006-07-24,29.01999324783685,0.32722852,33.93658250570297,0,205,2006,7
2006-07-25,28.959993249177955,0.3504228,33.922849176451564,0,206,2006,7
2006-07-26,28.929993249848508,0.35042477,33.89538251794875,0,207,2006,7
2006-07-27,28.849993251636647,0.47705096,33.80382698960602,0,208,2006,7
2006-07-28,28.849993251636647,0.5972339,33.753471449017525,0,209,2006,7
2006-07-29,28.839993251860164,0.59831464,33.79161958582699,0,210,2006,7
2006-07-30,28.839993251860164,0.5974601,33.861812157556415,0,211,2006,7
2006-07-31,28.839993251860164,0.59712815,33.932004729285836,0,212,2006,7
2006-08-01,28.809993252530717,0.5971239,33.945738058537245,0,213,2006,8
2006-08-02,28.839993251860164,0.5971239,33.9060639962554,0,214,2006,8
2006-08-03,28.8199932523072,0.5970106,33.88775289058685,0,215,2006,8
2006-08-04,28.85999325141313,0.33781734,33.89385659247637,0,216,2006,8
2006-08-05,28.93999324962499,0.33153012,33.919797325506806,0,217,2006,8
2006-08-06,28.949993249401473,0.27234873,33.948789909482,0,218,2006,8
2006-08-07,28.969993248954438,0.32438475,33.98693804629147,0,219,2006,8
2006-08-08,28.919993250072025,0.324466,33.98541212081909,0,220,2006,8
2006-08-09,28.929993249848508,0.32433993,33.970152866095304,0,221,2006,8
2006-08-10,28.999993248283886,0.32435158,33.94726398400962,0,222,2006,8
2006-08-11,28.999993248283886,0.3230679,33.919797325506806,0,223,2006,8
2006-08-12,28.999993248283886,0.31438938,33.89385659247637,0,224,2006,8
2006-08-13,28.93999324962499,0.31450987,33.85418253019452,0,225,2006,8
2006-08-14,28.909993250295543,0.33025792,33.80687884055078,0,226,2006,8
2006-08-15,28.879993250966095,0.3297642,33.78704180940986,0,227,2006,8
2006-08-16,28.89999325051906,0.2992185,33.776360331103206,0,228,2006,8
2006-08-17,28.829993252083682,0.33590388,33.78246403299272,0,229,2006,8
2006-08-18,28.799993252754234,0.29770136,33.81603439338505,0,230,2006,8
2006-08-19,28.759993253648304,0.29032013,33.84350105188787,0,231,2006,8
2006-08-20,28.70999325476589,0.2844639,33.88775289058685,0,232,2006,8
2006-08-21,28.729993254318856,0.26176676,33.910641772672534,0,233,2006,8
2006-08-22,28.759993253648304,0.2796674,33.92895287834108,0,234,2006,8
2006-08-23,28.769993253424786,0.2996733,33.92437510192394,0,235,2006,8
2006-08-24,28.849993251636647,0.3066708,33.89385659247637,0,236,2006,8
2006-08-25,28.93999324962499,0.32643157,33.79161958582699,0,237,2006,8
2006-08-26,28.959993249177955,0.29897326,33.704641833901405,0,238,2006,8
2006-08-27,28.999993248283886,0.23693658,33.668019622564316,0,239,2006,8
2006-08-28,28.989993248507403,0.23986149,33.838923275470734,0,240,2006,8
2006-08-29,29.62999323420229,0.20630214,33.89080474153161,0,241,2006,8
2006-08-30,29.63999323397877,0.22502495,33.85113067924976,1,242,2006,8
2006-08-31,29.66999323330822,0.1802082,33.945738058537245,0,243,2006,8
2006-09-01,29.489993237331532,0.18887995,34.005249151960015,0,244,2006,9
2006-09-02,29.419993238896154,0.20517282,33.97167879156768,1,245,2006,9
2006-09-03,29.389993239566707,0.19184093,33.886226965114474,0,246,2006,9
2006-09-04,29.309993241354846,0.18676828,33.88775289058685,0,247,2006,9
2006-09-05,29.28999324180188,0.21316685,33.935056580230594,0,248,2006,9
2006-09-06,29.31999324113133,0.25661358,33.96252323873341,0,249,2006,9
2006-09-07,29.259993242472433,0.2460742,33.90453807078302,0,250,2006,9
2006-09-08,29.16999324448409,0.2599975,33.8053529150784,0,251,2006,9
2006-09-09,29.109993245825194,0.25058275,33.776360331103206,0,252,2006,9
2006-09-10,29.299993241578363,0.25106975,33.89996029436588,0,253,2006,9
2006-09-11,29.32999324090781,0.19920066,33.93810843117535,0,254,2006,9
2006-09-12,29.259993242472433,0.19928373,33.87859733775258,0,255,2006,9
2006-09-13,29.119993245601677,0.18827794,33.75957515090704,0,256,2006,9
2006-09-14,29.159993244707607,0.19812858,33.80993069149554,0,257,2006,9
2006-09-15,29.16999324448409,0.20018794,33.92590102739632,0,258,2006,9
2006-09-16,29.189993244037055,0.20398378,33.9274269528687,0,259,2006,9
2006-09-17,29.189993244037055,0.21857978,33.87859733775258,0,260,2006,9
2006-09-18,29.179993244260572,0.1973146,33.70311590842903,0,261,2006,9
2006-09-19,29.24999324269595,0.20326678,33.64207888953388,0,262,2006,9
2006-09-20,29.31999324113133,0.20338558,33.64207888953388,0,263,2006,9
2006-09-21,29.39999323934319,0.19936068,33.475753013044596,0,264,2006,9
2006-09-22,29.269993242248916,0.2862174,33.115634601563215,0,265,2006,9
2006-09-23,29.20999324359002,0.39240834,32.75704211555421,0,266,2006,9
2006-09-24,29.149993244931125,0.39456522,32.573931058868766,0,267,2006,9
2006-09-25,29.159993244707607,0.40888026,32.633442152291536,0,268,2006,9
2006-09-26,29.219993243366503,0.54608154,32.56630143150687,0,269,2006,9
2006-09-27,29.259993242472433,0.5815567,32.90963466279209,0,270,2006,9
2006-09-28,29.24999324269595,0.555195,33.2026123534888,0,271,2006,9
2006-09-29,29.159993244707607,0.6145957,33.34757527336478,0,272,2006,9
2006-09-30,29.069993246719264,0.62285745,33.28806417994201,0,273,2006,9
2006-10-01,29.01999324783685,0.66500205,33.42081969603896,0,274,2006,10
2006-10-02,29.069993246719264,0.66500205,33.56730854138732,0,275,2006,10
2006-10-03,29.08999324627223,0.6569242,33.812982542440295,0,276,2006,10
2006-10-04,29.069993246719264,0.6568556,33.848078828305006,0,277,2006,10
2006-10-05,28.989993248507403,1.2267112,33.71379738673568,0,278,2006,10
2006-10-06,28.97999324873092,1.2267112,33.8053529150784,0,279,2006,10
2006-10-07,28.109993268176936,1.2932454,33.86486400850117,0,280,2006,10
2006-10-08,27.829993274435424,1.2807083,33.91827140003443,0,281,2006,10
2006-10-09,27.989993270859145,1.2807083,33.85723438113928,0,282,2006,10
2006-10-10,28.15999326705935,1.2166203,33.68938257917762,0,283,2006,10
2006-10-11,28.19999326616528,0.7166392,33.67564924992621,0,284,2006,10
2006-10-12,28.189993266388797,0.71169865,33.668019622564316,0,285,2006,10
2006-10-13,28.269993264600657,0.75186753,33.58867149800062,0,286,2006,10
2006-10-14,28.209993265941762,0.7520603,33.59324927441776,0,287,2006,10
2006-10-15,28.189993266388797,0.66143996,33.8770714122802,0,288,2006,10
2006-10-16,28.07999326884749,0.5571543,34.02203433215618,0,289,2006,10
2006-10-17,27.92999327220025,0.5606016,34.049500990659,0,290,2006,10
2006-10-18,27.989993270859145,0.6407771,34.08001950010657,0,291,2006,10
2006-10-19,28.43999326080086,0.5511165,34.11816763691604,0,292,2006,10
2006-10-20,28.569993257895135,0.40390593,34.17767873033881,0,293,2006,10
2006-10-21,28.659993255883478,0.30542755,34.22803427092731,0,294,2006,10
2006-10-22,28.959993249177955,0.37757477,34.269234258681536,0,295,2006,10
2006-10-23,28.989993248507403,0.33787996,34.28449351340532,0,296,2006,10
2006-10-24,28.929993249848508,0.22765774,34.282967587932944,0,297,2006,10
2006-10-25,28.73999325409534,0.21849462,34.24939722754061,0,298,2006,10
2006-10-26,28.679993255436443,0.23888154,34.18836020864546,0,299,2006,10
2006-10-27,28.649993256106995,0.3356154,34.18225650675595,0,300,2006,10
2006-10-28,28.609993257001065,0.33889177,34.113589860498905,0,301,2006,10
2006-10-29,28.569993257895135,0.3394516,34.01440470479429,0,302,2006,10
2006-10-30,28.559993258118652,0.29445574,34.052552841603756,0,303,2006,10
2006-10-31,28.47999325990679,0.29081023,34.04797506518662,0,304,2006,10
2006-11-01,28.889993250742577,0.273808,34.0922269038856,0,305,2006,11
2006-11-02,29.01999324783685,0.2843893,34.03881951235235,0,306,2006,11
2006-11-03,28.93999324962499,0.29900745,34.04797506518662,0,307,2006,11
2006-11-04,28.929993249848508,0.29900175,34.03729358687997,0,308,2006,11
2006-11-05,29.0499932471663,0.3804522,34.049500990659,0,309,2006,11
2006-11-06,29.119993245601677,0.3262235,34.08307135105133,0,310,2006,11
2006-11-07,28.74999325387182,0.49371737,34.11664171144366,0,311,2006,11
2006-11-08,28.519993259012722,0.3180231,34.160893550142646,0,312,2006,11
2006-11-09,28.449993260577344,0.2535383,34.21277501620352,0,313,2006,11
2006-11-10,28.419993261247896,0.27760944,34.22498241998255,0,314,2006,11
2006-11-11,28.299993263930105,0.35534957,34.209723165258765,0,315,2006,11
2006-11-12,28.229993265494727,0.57985103,34.24939722754061,0,316,2006,11
2006-11-13,28.16999326683583,0.47544283,34.25244907848537,0,317,2006,11
2006-11-14,28.149993267282866,0.34793568,34.25244907848537,0,318,2006,11
2006-11-15,28.08999326862397,0.32268435,34.258552780374885,0,319,2006,11
2006-11-16,27.96999327130618,0.36174232,34.282967587932944,1,320,2006,11
2006-11-17,27.85999327376487,0.3366247,34.30127869360149,0,321,2006,11
2006-11-18,28.11999326795342,0.2905026,34.32416757568717,0,322,2006,11
2006-11-19,28.229993265494727,0.27196598,34.365367563441396,0,323,2006,11
2006-11-20,28.46999326013031,0.21266054,34.39283422194421,0,324,2006,11
2006-11-21,28.499993259459757,0.40706727,34.412671253085136,0,325,2006,11
2006-11-22,28.46999326013031,0.55025965,34.40046384930611,0,326,2006,11
2006-11-23,28.27999326437714,0.29075935,34.37604904174805,0,327,2006,11
2006-11-24,28.349993262812518,0.81366247,34.36078978702426,0,328,2006,11
2006-11-25,28.359993262589,0.3004455,34.354686085134745,0,329,2006,11
2006-11-26,28.209993265941762,0.69161075,34.34858238324523,0,330,2006,11
2006-11-27,28.249993265047692,0.6746511,34.354686085134745,0,331,2006,11
2006-11-28,28.23999326527121,0.50006545,34.354686085134745,0,332,2006,11
2006-11-29,28.07999326884749,0.49642977,34.328745352104306,0,333,2006,11
2006-11-30,27.949993271753215,0.3358974,34.26618240773678,0,334,2006,11
2006-12-01,27.879993273317837,0.44488296,34.18073058128357,0,335,2006,12
2006-12-02,27.869993273541354,0.42360035,34.08459727652371,0,336,2006,12
2006-12-03,27.84999327398839,1.7275199,34.031189884990454,0,337,2006,12
2006-12-04,27.81999327465894,1.6164694,34.03424173593521,0,338,2006,12
2006-12-05,27.789993275329493,1.5354793,34.06933802179992,0,339,2006,12
2006-12-06,27.679993277788185,1.3322057,34.12274541333318,0,340,2006,12
2006-12-07,27.559993280470394,0.5805099,34.15478984825313,0,341,2006,12
2006-12-08,27.439993283152603,0.59279567,34.17004910297692,0,342,2006,12
2006-12-09,27.23999328762295,0.37033886,34.150212071835995,0,343,2006,12
2006-12-10,27.139993289858126,1.3263059,34.15326392278075,0,344,2006,12
2006-12-11,27.0399932920933,1.5607024,34.08764912746847,0,345,2006,12
2006-12-12,27.029993292316817,1.5607024,34.03881951235235,0,346,2006,12
2006-12-13,27.069993291422747,1.2443075,34.00067137554288,0,347,2006,12
2006-12-14,27.179993288964056,1.7237123,33.9991454500705,0,348,2006,12
2006-12-15,27.209993288293504,1.6038584,34.04644913971424,0,349,2006,12
2006-12-16,27.249993287399434,0.9744911,34.11816763691604,0,350,2006,12
2006-12-17,27.22999328784647,0.9737875,34.199041686952114,0,351,2006,12
2006-12-18,27.27999328672888,0.5327943,34.29212314076722,0,352,2006,12
2006-12-19,27.299993286281847,0.5996281,34.34705645777285,0,353,2006,12
2006-12-20,27.23999328762295,0.6398338,34.35926386155188,0,354,2006,12
2006-12-21,27.129993290081643,0.647672,34.39588607288897,0,355,2006,12
2006-12-22,26.87999329566958,0.8724278,34.427930507808924,0,356,2006,12
2006-12-23,26.719993299245857,0.64938337,34.450819389894605,0,357,2006,12
2006-12-24,26.549993303045653,0.5664091,34.449293464422226,0,358,2006,12
2006-12-25,26.479993304610275,0.3555158,34.44471568800509,0,359,2006,12
2006-12-26,26.439993305504345,0.4537662,34.45234531536698,0,360,2006,12
2006-12-27,26.369993307068967,0.44857928,34.47065642103553,0,361,2006,12
2006-12-28,26.409993306174897,0.4449376,34.4798119738698,0,362,2006,12
2006-12-29,26.389993306621932,0.43230808,34.47218234650791,0,363,2006,12
2006-12-30,26.449993305280827,0.46554127,34.47218234650791,0,364,2006,12
2006-12-31,26.429993305727862,0.5143198,34.46913049556315,0,365,2006,12
2007-01-01,26.439993305504345,0.68784934,34.48286382481456,0,1,2007,1
2007-01-02,26.37999330684545,0.6319105,34.48286382481456,0,2,2007,1
2007-01-03,26.37999330684545,0.60678965,34.44776753894985,0,3,2007,1
2007-01-04,26.399993306398414,0.6070738,34.437086060643196,0,4,2007,1
2007-01-05,26.359993307292484,0.5660822,34.4294564332813,0,5,2007,1
2007-01-06,26.279993309080623,0.582877,34.424878656864166,0,6,2007,1
2007-01-07,26.199993310868763,0.5988904,34.41724902950227,0,7,2007,1
2007-01-08,26.139993312209867,0.63639474,34.40961940214038,0,8,2007,1
2007-01-09,26.10999331288042,0.6925757,34.401989774778485,0,9,2007,1
2007-01-10,26.10999331288042,0.72494996,34.40046384930611,0,10,2007,1
2007-01-11,26.14999331198635,0.80480623,34.38520459458232,0,11,2007,1
2007-01-12,26.06999331377449,1.6734002,34.37452311627567,0,12,2007,1
2007-01-13,25.98999331556263,1.671515,34.34553053230047,0,13,2007,1
2007-01-14,25.95999331623318,1.5703075,34.32569350115955,0,14,2007,1
2007-01-15,25.95999331623318,1.5727599,34.31348609738052,0,15,2007,1
2007-01-16,26.129993312433385,1.6169326,34.328745352104306,0,16,2007,1
2007-01-17,26.159993311762832,2.2164478,34.35163423418999,0,17,2007,1
2007-01-18,26.209993310645245,0.79944795,34.389782370999455,0,18,2007,1
2007-01-19,26.10999331288042,0.51396036,34.414197178557515,0,19,2007,1
2007-01-20,26.06999331377449,1.3304713,34.4294564332813,0,20,2007,1
2007-01-21,26.129993312433385,2.561625,34.44318976253271,0,21,2007,1
2007-01-22,26.289993308857106,0.96840113,34.473708271980286,0,22,2007,1
2007-01-23,26.399993306398414,1.3029529,34.50422678142786,0,23,2007,1
2007-01-24,26.29999330863359,0.7218845,34.521011961624026,0,24,2007,1
2007-01-25,26.239993309974693,1.0216241,34.536271216347814,0,25,2007,1
2007-01-26,26.25999330952766,0.54746944,34.51796011067927,0,26,2007,1
2007-01-27,26.179993311315798,0.59853965,34.450819389894605,0,27,2007,1
2007-01-28,26.169993311539315,0.4378871,34.39741199836135,0,28,2007,1
2007-01-29,26.099993313103937,0.40569347,34.38825644552708,0,29,2007,1
2007-01-30,26.059993313998007,0.582734,34.35926386155188,0,30,2007,1
2007-01-31,26.019993314892076,0.56862545,34.34400460682809,0,31,2007,1
2007-02-01,25.509993326291465,0.5724345,34.3577379360795,0,32,2007,2
2007-02-02,25.44999332763257,0.6265995,34.36841941438615,0,33,2007,2
2007-02-03,25.44999332763257,0.4945343,34.3363749794662,0,34,2007,2
2007-02-04,25.52999332584443,0.46251404,34.31196017190814,0,35,2007,2
2007-02-05,25.539993325620912,0.46326235,34.307382395491004,0,36,2007,2
2007-02-06,25.519993326067947,0.5242805,34.319589799270034,0,37,2007,2
2007-02-07,25.669993322715186,0.54158944,34.32264165021479,0,38,2007,2
2007-02-08,25.669993322715186,0.54172516,34.328745352104306,0,39,2007,2
2007-02-09,25.75999332070353,0.654891,34.35621201060712,0,40,2007,2
2007-02-10,25.899993317574285,0.66167945,34.389782370999455,0,41,2007,2
2007-02-11,25.95999331623318,0.6532754,34.42030088044703,0,42,2007,2
2007-02-12,26.089993313327454,0.4803372,34.43250828422606,0,43,2007,2
2007-02-13,26.079993313550972,0.51509184,34.424878656864166,0,44,2007,2
2007-02-14,26.019993314892076,0.48367578,34.412671253085136,0,45,2007,2
2007-02-15,26.02999331466856,0.5855963,34.403515700250864,0,46,2007,2
2007-02-16,26.009993315115594,0.6272516,34.38520459458232,2,47,2007,2
2007-02-17,26.899993295222544,0.748702,34.35621201060712,0,48,2007,2
2007-02-18,26.779993297904753,1.0197915,34.32264165021479,0,49,2007,2
2007-02-19,26.799993297457718,0.6297833,34.33942683041096,3,50,2007,2
2007-02-20,26.8099932972342,0.9801145,34.330271277576685,0,51,2007,2
2007-02-21,26.72999329902234,0.5406981,34.318063873797655,0,52,2007,2
2007-02-22,26.669993300363444,0.551087,34.31348609738052,0,53,2007,2
2007-02-23,26.489993304386758,0.9472164,34.30433054454625,1,54,2007,2
2007-02-24,26.549993303045653,0.69555765,34.305856470018625,0,55,2007,2
2007-02-25,26.8099932972342,0.78936327,34.30890832096338,1,56,2007,2
2007-02-26,26.84999329634013,0.38901496,34.282967587932944,0,57,2007,2
2007-02-27,26.589993302151584,0.38896316,34.282967587932944,0,58,2007,2
2007-02-28,26.439993305504345,0.6696481,34.28907128982246,0,59,2007,2
2007-03-01,26.49999330416324,0.42733228,34.27838981151581,0,60,2007,3
2007-03-02,26.469993304833793,0.43305278,34.27991573698819,0,61,2007,3
2007-03-03,26.439993305504345,0.4497786,34.28449351340532,0,62,2007,3
2007-03-04,26.45999330505731,0.59237665,34.2860194388777,1,63,2007,3
2007-03-05,26.739993298798822,0.8498407,34.2860194388777,0,64,2007,3
2007-03-06,26.679993300139927,0.48967645,34.293649066239595,3,65,2007,3
2007-03-07,26.5799933023751,0.45235854,34.3150120228529,3,66,2007,3
2007-03-08,26.489993304386758,0.37793505,34.32264165021479,0,67,2007,3
2007-03-09,26.45999330505731,0.708732,34.32721942663193,0,68,2007,3
2007-03-10,26.41999330595138,0.7736302,34.34705645777285,0,69,2007,3
2007-03-11,26.279993309080623,0.60216737,34.36384163796902,0,70,2007,3
2007-03-12,26.37999330684545,0.9772158,34.365367563441396,0,71,2007,3
2007-03-13,26.389993306621932,0.5002465,34.354686085134745,0,72,2007,3
2007-03-14,26.399993306398414,0.5004696,34.34553053230047,1,73,2007,3
2007-03-15,26.409993306174897,0.377195,34.33942683041096,0,74,2007,3
2007-03-16,26.45999330505731,0.44263384,34.3363749794662,0,75,2007,3
2007-03-17,26.61999330148103,0.5420283,34.33332312852144,0,76,2007,3
2007-03-18,26.72999329902234,0.6251506,34.3363749794662,0,77,2007,3
2007-03-19,26.829993296787165,0.54081637,34.3363749794662,0,78,2007,3
2007-03-20,26.819993297010683,0.3867145,34.33942683041096,0,79,2007,3
2007-03-21,26.799993297457718,0.3872297,34.3577379360795,0,80,2007,3
2007-03-22,26.84999329634013,0.46036175,34.36841941438615,0,81,2007,3
2007-03-23,26.819993297010683,0.52109474,34.36994533985853,0,82,2007,3
2007-03-24,27.8999932728708,0.5469858,34.37147126533091,0,83,2007,3
2007-03-25,27.949993271753215,0.62574035,34.38062681816518,0,84,2007,3
2007-03-26,27.979993271082662,0.60909194,34.40504162572324,0,85,2007,3
2007-03-27,27.8999932728708,0.7927996,34.40504162572324,1,86,2007,3
2007-03-28,27.80999327488246,0.81418073,34.408093476668,0,87,2007,3
2007-03-29,27.629993278905772,0.9554271,34.42182680591941,0,88,2007,3
2007-03-30,27.519993281364464,0.62342256,34.438611986115575,1,89,2007,3
2007-03-31,27.50999328158798,0.5140464,34.44624161347747,8,90,2007,3
2007-04-01,27.53999328091743,0.5862203,34.46913049556315,9,91,2007,4
2007-04-02,27.719993276894115,0.30775568,34.48286382481456,5,92,2007,4
2007-04-03,27.869993273541354,0.46793178,34.49507122859359,2,93,2007,4
2007-04-04,26.739993298798822,0.40402573,34.50422678142786,11,94,2007,4
2007-04-05,26.61999330148103,0.5556573,34.508804557845,0,95,2007,4
2007-04-06,26.629993301257514,0.37431473,34.51948603615165,0,96,2007,4
2007-04-07,26.639993301033996,0.31867984,34.534745290875435,3,97,2007,4
2007-04-08,26.759993298351787,0.37017518,34.53779714182019,0,98,2007,4
2007-04-09,26.84999329634013,0.3768773,34.51796011067927,0,99,2007,4
2007-04-10,26.99999329298737,0.5526802,34.48438975028694,0,100,2007,4
2007-04-11,27.07999329119923,0.37140304,34.43403420969844,0,101,2007,4
2007-04-12,27.209993288293504,0.3813493,34.40656755119562,1,102,2007,4
2007-04-13,27.439993283152603,0.5071095,34.39436014741659,9,103,2007,4
2007-04-14,27.669993278011702,0.6857596,34.38825644552708,0,104,2007,4
2007-04-15,27.729993276670598,0.69610876,34.391308296471834,0,105,2007,4
2007-04-16,27.80999327488246,0.36151943,34.39588607288897,0,106,2007,4
2007-04-17,27.829993274435424,0.32031843,34.42030088044703,5,107,2007,4
2007-04-18,27.909993272647284,0.34581038,34.424878656864166,4,108,2007,4
2007-04-19,27.8999932728708,0.29673806,34.426404582336545,7,109,2007,4
2007-04-20,27.759993276000046,0.27811822,34.449293464422226,14,110,2007,4
2007-04-21,27.759993276000046,0.254122,34.485915675759315,17,111,2007,4
2007-04-22,27.759993276000046,0.52461934,34.50727863237262,25,112,2007,4
2007-04-23,27.919993272423767,0.84842634,34.53779714182019,3,113,2007,4
2007-04-24,28.04999326951804,1.0069995,34.557634172961116,7,114,2007,4
2007-04-25,27.989993270859145,0.77650654,34.55000454559922,8,115,2007,4
2007-04-26,27.92999327220025,0.67539316,34.52711566351354,1,116,2007,4
2007-04-27,27.919993272423767,0.37139586,34.499649005010724,0,117,2007,4
2007-04-28,27.54999328069391,0.37748152,34.48438975028694,0,118,2007,4
2007-04-29,27.609993279352807,0.43167794,34.48438975028694,0,119,2007,4
2007-04-30,27.609993279352807,0.38838014,34.48133789934218,1,120,2007,4
2007-05-01,27.65999327823522,0.35163894,34.47828604839742,0,121,2007,5
2007-05-02,27.84999327398839,0.3488775,34.49354530312121,1,122,2007,5
2007-05-03,28.069993269071006,0.37682158,34.51643418520689,6,123,2007,5
2007-05-04,28.15999326705935,0.29518697,34.52864158898592,11,124,2007,5
2007-05-05,28.179993266612314,0.2542522,34.51338233426213,8,125,2007,5
2007-05-06,28.229993265494727,0.3183969,34.46607864461839,4,126,2007,5
2007-05-07,28.329993263259553,0.31836498,34.41724902950227,0,127,2007,5
2007-05-08,28.329993263259553,0.35254514,34.426404582336545,0,128,2007,5
2007-05-09,28.229993265494727,0.39933875,34.39741199836135,11,129,2007,5
2007-05-10,28.23999326527121,0.43672907,34.37604904174805,0,130,2007,5
2007-05-11,28.38999326191845,0.43548864,34.38825644552708,2,131,2007,5
2007-05-12,28.639993256330513,0.51984596,34.41724902950227,0,132,2007,5
2007-05-13,28.719993254542374,0.39551142,34.45539716631174,1,133,2007,5
2007-05-14,28.849993251636647,0.43653965,34.45387124083936,0,134,2007,5
2007-05-15,28.74999325387182,0.4223341,34.42182680591941,0,135,2007,5
2007-05-16,28.69999325498941,0.32901222,34.389782370999455,4,136,2007,5
2007-05-17,29.389993239566707,0.3378024,34.38367866910994,1,137,2007,5
2007-05-18,29.429993238672637,0.35986802,34.40046384930611,0,138,2007,5
2007-05-19,29.43999323844912,0.40653047,34.4294564332813,0,139,2007,5
2007-05-20,29.419993238896154,0.40695885,34.46607864461839,0,140,2007,5
2007-05-21,29.419993238896154,0.34688652,34.48438975028694,0,141,2007,5
2007-05-22,29.379993239790224,0.35678905,34.50422678142786,2,142,2007,5
2007-05-23,29.39999323934319,0.36627832,34.499649005010724,5,143,2007,5
2007-05-24,29.389993239566707,0.32211444,34.48133789934218,3,144,2007,5
2007-05-25,29.449993238225602,0.33427677,34.46455271914601,0,145,2007,5
2007-05-26,29.499993237108015,0.49342516,34.40656755119562,0,146,2007,5
2007-05-27,29.459993238002085,0.49340695,34.39436014741659,0,147,2007,5
2007-05-28,29.419993238896154,0.25530154,34.37299719080329,0,148,2007,5
2007-05-29,29.40999323911967,0.2172509,34.36078978702426,1,149,2007,5
2007-05-30,29.499993237108015,0.2244627,34.316537948325276,1,150,2007,5
2007-05-31,29.549993235990428,0.23939942,34.32721942663193,0,151,2007,5
2007-06-01,29.55999323576691,0.26046756,34.316537948325276,0,152,2007,6
2007-06-02,29.539993236213945,0.31935206,34.35163423418999,2,153,2007,6
2007-06-03,29.569993235543393,0.3666787,34.39741199836135,0,154,2007,6
2007-06-04,29.609993234649323,0.36192602,34.42030088044703,0,155,2007,6
2007-06-05,30.579993212968134,0.29641315,34.43556013517082,3,156,2007,6
2007-06-06,30.29999321922662,0.32895243,34.437086060643196,0,157,2007,6
2007-06-07,30.28999321945014,0.32717675,34.438611986115575,2,158,2007,6
2007-06-08,30.109993223473452,0.29723626,34.440137911587954,0,159,2007,6
2007-06-09,30.17999322190883,0.2803355,34.41724902950227,1,160,2007,6
2007-06-10,30.17999322190883,0.31868377,34.34858238324523,0,161,2007,6
2007-06-11,30.189993221685313,0.2722975,34.342478681355715,0,162,2007,6
2007-06-12,30.129993223026418,0.272268,34.316537948325276,0,163,2007,6
2007-06-13,30.069993224367522,0.25621435,34.307382395491004,0,164,2007,6
2007-06-14,29.969993226602696,0.2987635,34.30890832096338,0,165,2007,6
2007-06-15,29.93999322727325,0.35946146,34.223456494510174,0,166,2007,6
2007-06-16,29.929993227496766,0.28791314,34.2143009416759,0,167,2007,6
2007-06-17,29.889993228390836,0.27774066,34.25397500395775,0,168,2007,6
2007-06-18,29.889993228390836,0.4095298,34.270760184153914,0,169,2007,6
2007-06-19,29.9099932279438,0.44086695,34.25092315301299,1,170,2007,6
2007-06-20,29.82999322973194,0.317221,34.25397500395775,1,171,2007,6
2007-06-21,29.71999323219063,0.3374125,34.269234258681536,0,172,2007,6
2007-06-22,29.609993234649323,0.26877013,34.331797203049064,0,173,2007,6
2007-06-23,29.589993235096358,0.3074142,34.33942683041096,0,174,2007,6
2007-06-24,29.59999323487284,0.36107698,34.33942683041096,0,175,2007,6
2007-06-25,29.499993237108015,0.3630209,34.3150120228529,0,176,2007,6
2007-06-26,29.379993239790224,0.38050637,34.307382395491004,0,177,2007,6
2007-06-27,29.339993240684294,0.33822164,34.328745352104306,0,178,2007,6
2007-06-28,29.28999324180188,0.31493518,34.37299719080329,0,179,2007,6
2007-06-29,29.36999324001374,0.29107973,34.365367563441396,0,180,2007,6
2007-06-30,29.349993240460776,0.28599438,34.32721942663193,0,181,2007,6
2007-07-01,29.349993240460776,0.25723338,34.295174991711974,0,182,2007,7
2007-07-02,29.459993238002085,0.28798395,34.32416757568717,0,183,2007,7
2007-07-03,29.659993233531736,0.31129554,34.33484905399382,0,184,2007,7
2007-07-04,29.86999322883787,0.27635214,34.318063873797655,0,185,2007,7
2007-07-05,29.9099932279438,0.27636215,34.35163423418999,0,186,2007,7
2007-07-06,29.82999322973194,0.2748279,34.30890832096338,0,187,2007,7
2007-07-07,29.739993231743597,0.27302802,34.26313055679202,0,188,2007,7
2007-07-08,29.649993233755254,0.32340583,34.31043424643576,0,189,2007,7
2007-07-09,29.579993235319876,0.31031895,34.295174991711974,0,190,2007,7
2007-07-10,29.579993235319876,0.29383913,34.26160463131964,0,191,2007,7
2007-07-11,29.499993237108015,0.28302282,34.22956019639969,0,192,2007,7
2007-07-12,29.51999323666098,0.30716282,34.17767873033881,0,193,2007,7
2007-07-13,29.489993237331532,0.34916347,34.1212194878608,0,194,2007,7
2007-07-14,29.509993236884497,0.34901807,34.08612320199609,0,195,2007,7
2007-07-15,29.499993237108015,0.33822545,34.03271581046283,0,196,2007,7
2007-07-16,29.509993236884497,0.34264553,33.980834344401956,0,197,2007,7
2007-07-17,29.489993237331532,0.27693358,34.03576766140759,0,198,2007,7
2007-07-18,29.499993237108015,0.23012374,34.11816763691604,0,199,2007,7
2007-07-19,29.659993233531736,0.23003154,34.124271338805556,0,200,2007,7
2007-07-20,29.999993225932144,0.30238363,34.08612320199609,0,201,2007,7
2007-07-21,30.189993221685313,0.24361637,34.10596023313701,0,202,2007,7
2007-07-22,30.17999322190883,0.20277981,34.25092315301299,0,203,2007,7
2007-07-23,29.689993232861184,0.18618535,34.27838981151581,0,204,2007,7
2007-07-24,29.449993238225602,0.250073,34.307382395491004,0,205,2007,7
2007-07-25,29.36999324001374,0.22891699,34.29212314076722,0,206,2007,7
2007-07-26,29.139993245154642,0.30591682,34.18988613411784,0,207,2007,7
2007-07-27,29.0499932471663,0.2313501,34.234137972816825,0,208,2007,7
2007-07-28,29.0499932471663,0.21342519,34.20819723978639,0,209,2007,7
2007-07-29,29.08999324627223,0.20100538,34.173100953921676,0,210,2007,7
2007-07-30,29.08999324627223,0.20007937,34.08154542557895,0,211,2007,7
2007-07-31,29.08999324627223,0.19700396,34.05102691613138,0,212,2007,7
2007-08-01,29.05999324694278,0.19523232,34.13190096616745,0,213,2007,8
2007-08-02,29.08999324627223,0.22934826,34.150212071835995,0,214,2007,8
2007-08-03,29.069993246719264,0.22990759,34.13495281711221,0,215,2007,8
2007-08-04,29.09999324604871,0.22024636,34.11206393502653,0,216,2007,8
2007-08-05,29.179993244260572,0.22926134,34.04492321424186,0,217,2007,8
2007-08-06,29.179993244260572,0.22906454,34.031189884990454,0,218,2007,8
2007-08-07,29.179993244260572,0.2488056,34.00372322648764,0,219,2007,8
2007-08-08,29.12999324537816,0.23475575,33.95489361137152,0,220,2007,8
2007-08-09,29.12999324537816,0.15558414,33.956419536843896,0,221,2007,8
2007-08-10,29.189993244037055,0.15558414,34.01135285384953,0,222,2007,8
2007-08-11,29.299993241578363,0.15558414,34.08001950010657,0,223,2007,8
2007-08-12,29.149993244931125,0.15706351,34.10901208408177,0,224,2007,8
2007-08-13,29.199993243813537,0.19811971,34.13190096616745,0,225,2007,8
2007-08-14,29.179993244260572,0.22484228,34.09680468030274,0,226,2007,8
2007-08-15,29.139993245154642,0.22484228,34.089175052940845,0,227,2007,8
2007-08-16,29.149993244931125,0.2249585,34.08612320199609,2,228,2007,8
2007-08-17,29.079993246495746,0.20150176,34.10748615860939,0,229,2007,8
2007-08-18,29.039993247389816,0.19515386,34.0998565312475,0,230,2007,8
2007-08-19,28.989993248507403,0.19687352,34.08154542557895,0,231,2007,8
2007-08-20,28.999993248283886,0.19665332,34.02508618310094,0,232,2007,8
2007-08-21,29.119993245601677,0.19665371,34.018982481211424,0,233,2007,8
2007-08-22,29.199993243813537,0.20417267,34.0708639472723,0,234,2007,8
2007-08-23,29.16999324448409,0.1894644,34.09375282935798,0,235,2007,8
2007-08-24,29.219993243366503,0.19150771,34.11816763691604,0,236,2007,8
2007-08-25,29.28999324180188,0.25597757,34.11816763691604,0,237,2007,8
2007-08-26,29.309993241354846,0.26303482,34.14105651900172,0,238,2007,8
2007-08-27,29.349993240460776,0.23743819,34.10901208408177,0,239,2007,8
2007-08-28,29.35999324023726,0.23694979,34.02356025762856,0,240,2007,8
2007-08-29,29.24999324269595,0.23283078,33.90453807078302,0,241,2007,8
2007-08-30,29.659993233531736,0.3653269,33.788567734882236,0,242,2007,8
2007-08-31,29.609993234649323,0.25171614,33.788567734882236,0,243,2007,8
2007-09-01,29.659993233531736,0.25199676,33.777886256575584,0,244,2007,9
2007-09-02,29.62999323420229,0.20033465,33.77178255468607,0,245,2007,9
2007-09-03,29.589993235096358,0.19017984,33.65886406973004,0,246,2007,9
2007-09-04,29.589993235096358,0.22835666,33.597827050834894,0,247,2007,9
2007-09-05,29.609993234649323,0.18725795,33.632923336699605,0,248,2007,9
2007-09-06,29.74999323152008,0.167821,33.64970851689577,0,249,2007,9
2007-09-07,29.729993231967114,0.2164859,33.668019622564316,0,250,2007,9
2007-09-08,29.609993234649323,0.21617949,33.60087890177965,0,251,2007,9
2007-09-09,29.51999323666098,0.17570837,33.5184789262712,0,252,2007,9
2007-09-10,29.47999323755505,0.19546437,33.47270116209984,0,253,2007,9
2007-09-11,29.36999324001374,0.19546437,33.31400491297245,0,254,2007,9
2007-09-12,29.229993243142985,0.21513115,33.295693807303905,0,255,2007,9
2007-09-13,29.08999324627223,0.21024032,33.5398418828845,0,256,2007,9
2007-09-14,29.12999324537816,0.21111642,33.65428629331291,0,257,2007,9
2007-09-15,29.139993245154642,0.22570746,33.66649369709194,0,258,2007,9
2007-09-16,29.149993244931125,0.21122572,33.6619159206748,0,259,2007,9
2007-09-17,29.149993244931125,0.23334153,33.6405529640615,0,260,2007,9
2007-09-18,29.09999324604871,0.23350328,33.60698260366917,0,261,2007,9
2007-09-19,29.0499932471663,0.22130594,33.57799001969397,0,262,2007,9
2007-09-20,29.039993247389816,0.26056775,33.55357521213591,0,263,2007,9
2007-09-21,29.119993245601677,0.26228315,33.57036039233208,0,264,2007,9
2007-09-22,29.01999324783685,0.27423638,33.596301125362515,0,265,2007,9
2007-09-23,28.97999324873092,0.2326604,33.632923336699605,0,266,2007,9
2007-09-24,28.949993249401473,0.21341887,33.61613815650344,0,267,2007,9
2007-09-25,28.969993248954438,0.19298504,33.524582628160715,0,268,2007,9
2007-09-26,29.0499932471663,0.20513724,33.657338144257665,0,269,2007,9
2007-09-27,29.109993245825194,0.22123903,33.74584182165563,0,270,2007,9
2007-09-28,29.119993245601677,0.23651533,33.88775289058685,0,271,2007,9
2007-09-29,29.039993247389816,0.22128944,33.97473064251244,0,272,2007,9
2007-09-30,28.959993249177955,0.22108299,33.89080474153161,0,273,2007,9
2007-10-01,28.919993250072025,0.21971641,33.80687884055078,0,274,2007,10
2007-10-02,28.97999324873092,0.21989486,33.73821219429374,0,275,2007,10
2007-10-03,29.00999324806037,0.22019392,33.77025662921369,0,276,2007,10
2007-10-04,28.989993248507403,0.21936138,33.8557084556669,0,277,2007,10
2007-10-05,28.919993250072025,0.2244591,33.837397349998355,0,278,2007,10
2007-10-06,28.919993250072025,0.20429705,33.764152927324176,0,279,2007,10
2007-10-07,29.889993228390836,0.20428807,33.73821219429374,0,280,2007,10
2007-10-08,29.82999322973194,0.1991662,33.91216769814491,0,281,2007,10
2007-10-09,29.859993229061388,0.21324743,34.03881951235235,0,282,2007,10
2007-10-10,29.62999323420229,0.2154045,34.015930630266666,0,283,2007,10
2007-10-11,29.499993237108015,0.20617998,33.93963435664773,0,284,2007,10
2007-10-12,29.31999324113133,0.19509444,33.909115847200155,0,285,2007,10
2007-10-13,29.239993242919468,0.2274631,33.80840476602316,0,286,2007,10
2007-10-14,29.09999324604871,0.31083202,33.64970851689577,0,287,2007,10
2007-10-15,29.039993247389816,0.31420714,33.442182652652264,0,288,2007,10
2007-10-16,28.919993250072025,0.24418339,33.40708636678755,0,289,2007,10
2007-10-17,28.909993250295543,0.23161379,33.489486342296004,0,290,2007,10
2007-10-18,28.869993251189612,0.23222004,33.58104187063873,0,291,2007,10
2007-10-19,28.85999325141313,0.6751803,33.63750111311674,0,292,2007,10
2007-10-20,28.719993254542374,0.7876171,33.69090850465,0,293,2007,10
2007-10-21,28.62999325655403,0.7876171,33.66496777161956,0,294,2007,10
2007-10-22,28.569993257895135,0.7876171,33.57493816874921,0,295,2007,10
2007-10-23,28.54999325834217,0.7876171,33.5688344668597,0,296,2007,10
2007-10-24,28.569993257895135,0.35183603,33.59324927441776,0,297,2007,10
2007-10-25,28.519993259012722,0.35183582,33.46201968379319,0,298,2007,10
2007-10-26,28.489993259683274,0.40422115,33.38572341017425,0,299,2007,10
2007-10-27,28.46999326013031,0.40253222,33.260597521439195,0,300,2007,10
2007-10-28,28.449993260577344,0.6010745,33.27890862710774,0,301,2007,10
2007-10-29,28.419993261247896,0.62895256,33.32773824222386,0,302,2007,10
2007-10-30,28.42999326102438,0.4834665,33.34757527336478,0,303,2007,10
2007-10-31,28.369993262365483,0.48995885,33.26822714880109,0,304,2007,10
2007-11-01,28.419993261247896,0.3849032,33.12173830345273,0,305,2007,11
2007-11-02,28.419993261247896,0.3881111,33.20719012990594,0,306,2007,11
2007-11-03,28.379993262141966,0.38379958,33.30179750919342,0,307,2007,11
2007-11-04,28.339993263036035,0.4004541,33.26212344691157,0,308,2007,11
2007-11-05,28.259993264824175,0.3458037,33.43150117434561,0,309,2007,11
2007-11-06,28.19999326616528,0.3575632,33.523056702688336,0,310,2007,11
2007-11-07,28.1299932677299,0.350538,33.50627152249217,0,311,2007,11
2007-11-08,28.139993267506384,0.39391878,33.49864189513028,0,312,2007,11
2007-11-09,28.209993265941762,0.35974145,33.41319006867707,0,313,2007,11
2007-11-10,28.309993263706588,0.3402927,33.30637528561056,0,314,2007,11
2007-11-11,28.299993263930105,0.3468597,33.28653825446963,0,315,2007,11
2007-11-12,28.259993264824175,0.3468597,33.272804925218225,0,316,2007,11
2007-11-13,28.189993266388797,0.3469503,33.27890862710774,0,317,2007,11
2007-11-14,28.15999326705935,0.36680424,33.367412304505706,0,318,2007,11
2007-11-15,28.099993268400453,0.35723054,33.55662706308067,0,319,2007,11
2007-11-16,27.96999327130618,0.33504575,33.596301125362515,0,320,2007,11
2007-11-17,27.84999327398839,0.35723034,33.634449262171984,0,321,2007,11
2007-11-18,27.88999327309432,0.3572268,33.60240482725203,0,322,2007,11
2007-11-19,27.81999327465894,0.36080152,33.597827050834894,0,323,2007,11
2007-11-20,27.80999327488246,0.3660996,33.62376778386533,0,324,2007,11
2007-11-21,27.609993279352807,0.8235991,33.60087890177965,0,325,2007,11
2007-11-22,27.599993279576324,0.86555994,33.58256779611111,0,326,2007,11
2007-11-23,27.61999327912929,0.817186,33.53373818099499,0,327,2007,11
2007-11-24,27.629993278905772,0.84046555,33.60240482725203,0,328,2007,11
2007-11-25,27.519993281364464,0.837528,33.48490856587887,0,329,2007,11
2007-11-26,27.449993282929086,0.8376218,33.223975310102105,0,330,2007,11
2007-11-27,27.439993283152603,0.8413197,33.259071595966816,0,331,2007,11
2007-11-28,27.369993284717225,0.87567616,33.320108614861965,0,332,2007,11
2007-11-29,27.249993287399434,1.0127916,33.43607895076275,0,333,2007,11
2007-11-30,27.169993289187573,1.0109923,33.57799001969397,0,334,2007,11
2007-12-01,27.109993290528678,0.7213605,33.548997435718775,0,335,2007,12
2007-12-02,27.069993291422747,0.93769485,33.501693746075034,0,336,2007,12
2007-12-03,27.059993291646265,0.6379763,33.56730854138732,0,337,2007,12
2007-12-04,27.059993291646265,0.6679054,33.619190007448196,0,338,2007,12
2007-12-05,27.07999329119923,0.8357243,33.64207888953388,0,339,2007,12
2007-12-06,27.019993292540335,0.8962211,33.67564924992621,0,340,2007,12
2007-12-07,26.939993294328474,0.775431,33.68785665370524,0,341,2007,12
2007-12-08,26.859993296116613,0.59346545,33.69701220653951,0,342,2007,12
2007-12-09,26.699993299692892,0.9051446,33.71379738673568,0,343,2007,12
2007-12-10,26.589993302151584,0.9084614,33.727530715987086,0,344,2007,12
2007-12-11,26.509993303939723,0.9010443,33.72600479051471,0,345,2007,12
2007-12-12,26.519993303716205,0.86029446,33.72142701409757,0,346,2007,12
2007-12-13,26.61999330148103,0.8258327,33.71532331220806,0,347,2007,12
2007-12-14,26.709993299469375,1.4539783,33.7122714612633,0,348,2007,12
2007-12-15,26.76999329812827,0.98754835,33.71532331220806,0,349,2007,12
2007-12-16,26.839993296563648,0.73576856,33.716849237680435,0,350,2007,12
2007-12-17,26.84999329634013,0.98046184,33.739738119766116,0,351,2007,12
2007-12-18,26.939993294328474,1.1650771,33.826715871691704,0,352,2007,12
2007-12-19,27.029993292316817,0.47525603,33.956419536843896,0,353,2007,12
2007-12-20,27.019993292540335,0.48062038,34.078493574634194,0,354,2007,12
2007-12-21,26.989993293210887,0.8421234,34.20514538884163,0,355,2007,12
2007-12-22,26.84999329634013,0.7091708,34.24787130206823,0,356,2007,12
2007-12-23,26.759993298351787,0.65464115,34.27228610962629,0,357,2007,12
2007-12-24,26.699993299692892,0.65472126,34.30433054454625,0,358,2007,12
2007-12-25,26.60999330170455,0.65349555,34.307382395491004,0,359,2007,12
2007-12-26,26.449993305280827,0.58245736,34.27381203509867,0,360,2007,12
2007-12-27,26.349993307516,0.59415036,34.21582686714828,0,361,2007,12
2007-12-28,26.37999330684545,0.55810803,34.1715750284493,0,362,2007,12
2007-12-29,26.439993305504345,0.5103193,34.08612320199609,0,363,2007,12
2007-12-30,26.56999330259862,0.5434736,34.029663959518075,0,364,2007,12
2007-12-31,26.56999330259862,0.30785257,34.04797506518662,0,365,2007,12
2008-01-01,26.559993302822136,0.3079187,33.93047880381346,0,1,2008,1
2008-01-02,26.479993304610275,0.30771708,33.982360269874334,0,2,2008,1
2008-01-03,26.469993304833793,1.9509053,34.043397288769484,0,3,2008,1
2008-01-04,26.479993304610275,1.9509059,34.054078767076135,0,4,2008,1
2008-01-05,26.429993305727862,1.9529132,34.10748615860939,0,5,2008,1
2008-01-06,26.33999330773952,1.9529132,34.138004668056965,0,6,2008,1
2008-01-07,26.249993309751176,1.9529632,34.13037504069507,0,7,2008,1
2008-01-08,26.179993311315798,1.8961287,34.115115785971284,0,8,2008,1
2008-01-09,26.14999331198635,1.896128,34.09680468030274,0,9,2008,1
2008-01-10,26.14999331198635,0.8732475,34.08612320199609,0,10,2008,1
2008-01-11,26.179993311315798,0.82439137,34.08307135105133,0,11,2008,1
2008-01-12,26.099993313103937,0.82383764,34.06018246896565,0,12,2008,1
2008-01-13,26.02999331466856,0.77609813,34.06933802179992,0,13,2008,1
2008-01-14,26.469993304833793,0.75562775,34.078493574634194,0,14,2008,1
2008-01-15,26.469993304833793,0.97945815,34.09375282935798,0,15,2008,1
2008-01-16,26.41999330595138,0.76254654,34.09527875483036,0,16,2008,1
2008-01-17,26.25999330952766,0.75638896,34.09833060577512,1,17,2008,1
2008-01-18,26.209993310645245,0.7529796,34.10596023313701,1,18,2008,1
2008-01-19,26.199993310868763,0.7529891,34.102908382192254,1,19,2008,1
2008-01-20,26.219993310421728,0.75549024,34.089175052940845,1,20,2008,1
2008-01-21,26.239993309974693,1.6494316,34.08307135105133,1,21,2008,1
2008-01-22,26.249993309751176,1.6494316,34.102908382192254,0,22,2008,1
2008-01-23,26.18999331109228,1.6528194,34.10748615860939,0,23,2008,1
2008-01-24,26.219993310421728,1.6526812,34.0998565312475,3,24,2008,1
2008-01-25,26.10999331288042,1.4872562,34.102908382192254,0,25,2008,1
2008-01-26,26.139993312209867,1.1801586,34.11969356238842,5,26,2008,1
2008-01-27,26.06999331377449,1.0290564,34.138004668056965,0,27,2008,1
2008-01-28,26.079993313550972,0.9736183,34.174626879394054,1,28,2008,1
2008-01-29,26.139993312209867,0.9728954,34.199041686952114,0,29,2008,1
2008-01-30,26.239993309974693,0.5139148,34.20361946336925,0,30,2008,1
2008-01-31,26.199993310868763,0.62764513,34.20361946336925,0,31,2008,1
2008-02-01,26.199993310868763,0.549569,34.17004910297692,5,32,2008,2
2008-02-02,26.26999330930414,0.5528973,34.15173799730837,5,33,2008,2
2008-02-03,26.25999330952766,0.657904,34.15478984825313,7,34,2008,2
2008-02-04,26.25999330952766,0.6579284,34.150212071835995,0,35,2008,2
2008-02-05,26.209993310645245,0.4400733,34.13037504069507,0,36,2008,2
2008-02-06,26.169993311539315,0.5535056,34.08154542557895,2,37,2008,2
2008-02-07,26.169993311539315,0.4568007,34.04644913971424,0,38,2008,2
2008-02-08,26.159993311762832,0.38867542,34.031189884990454,1,39,2008,2
2008-02-09,26.129993312433385,0.41433385,34.031189884990454,1,40,2008,2
2008-02-10,26.14999331198635,0.3647754,34.043397288769484,0,41,2008,2
2008-02-11,26.169993311539315,0.3889495,34.10901208408177,3,42,2008,2
2008-02-12,26.279993309080623,0.38895342,34.125797264277935,0,43,2008,2
2008-02-13,26.219993310421728,0.38895342,34.11664171144366,0,44,2008,2
2008-02-14,26.129993312433385,0.38896245,34.076967649161816,0,45,2008,2
2008-02-15,26.179993311315798,0.39456922,34.043397288769484,0,46,2008,2
2008-02-16,26.18999331109228,0.6512578,34.03729358687997,2,47,2008,2
2008-02-17,26.18999331109228,0.7039084,34.040345437824726,0,48,2008,2
2008-02-18,26.139993312209867,0.7515833,34.04644913971424,0,49,2008,2
2008-02-19,26.06999331377449,1.1305357,34.03424173593521,0,50,2008,2
2008-02-20,25.979993315786146,1.511449,34.00219730101526,0,51,2008,2
2008-02-21,25.95999331623318,1.5063341,33.97473064251244,0,52,2008,2
2008-02-22,25.889993317797803,1.4320732,33.96404916420579,0,53,2008,2
2008-02-23,25.87999331802132,1.3901908,33.96252323873341,0,54,2008,2
2008-02-24,25.909993317350768,1.397658,33.97625656798482,0,55,2008,2
2008-02-25,25.9499933164567,1.5287515,33.97625656798482,0,56,2008,2
2008-02-26,25.98999331556263,1.5952717,33.935056580230594,0,57,2008,2
2008-02-27,25.95999331623318,1.4058146,33.86333808302879,0,58,2008,2
2008-02-28,25.969993316009663,1.5530051,33.837397349998355,1,59,2008,2
2008-02-29,26.079993313550972,1.4770477,33.823664020746946,0,60,2008,2
2008-03-01,26.079993313550972,1.5019424,33.77941218204796,2,61,2008,3
2008-03-02,26.06999331377449,1.4644033,33.7549973744899,0,62,2008,3
2008-03-03,26.059993313998007,0.88654,33.76873070374131,1,63,2008,3
2008-03-04,25.99999331533911,0.58500856,33.82824179716408,5,64,2008,3
2008-03-05,26.089993313327454,0.58500856,33.89385659247637,0,65,2008,3
2008-03-06,26.02999331466856,0.58500856,33.910641772672534,6,66,2008,3
2008-03-07,26.019993314892076,0.5502847,33.90758992172778,7,67,2008,3
2008-03-08,25.98999331556263,1.4123337,33.933530654758215,3,68,2008,3
2008-03-09,26.019993314892076,1.3012866,33.94268620759249,4,69,2008,3
2008-03-10,26.099993313103937,1.3703536,33.91674547456205,1,70,2008,3
2008-03-11,26.41999330595138,1.3695655,33.90301214531064,6,71,2008,3
2008-03-12,26.519993303716205,0.94878006,33.935056580230594,1,72,2008,3
2008-03-13,26.549993303045653,1.629582,33.96252323873341,1,73,2008,3
2008-03-14,26.669993300363444,1.629158,33.96099731326103,6,74,2008,3
2008-03-15,26.759993298351787,1.3690103,33.93963435664773,2,75,2008,3
2008-03-16,26.779993297904753,1.0963352,33.94726398400962,2,76,2008,3
2008-03-17,26.839993296563648,0.6094588,33.95489361137152,5,77,2008,3
2008-03-18,26.899993295222544,0.5466508,33.96557508967817,2,78,2008,3
2008-03-19,26.989993293210887,0.3901358,33.98998989723623,10,79,2008,3
2008-03-20,26.96999329365792,0.5595831,34.00219730101526,2,80,2008,3
2008-03-21,26.96999329365792,0.5800108,34.03729358687997,17,81,2008,3
2008-03-22,27.089993290975713,0.43877178,34.0708639472723,8,82,2008,3
2008-03-23,27.179993288964056,0.46687782,34.0922269038856,5,83,2008,3
2008-03-24,27.139993289858126,0.48642853,34.10901208408177,7,84,2008,3
2008-03-25,27.099993290752195,0.4967358,34.1212194878608,19,85,2008,3
2008-03-26,27.15999328941109,0.39133024,34.10443430766463,13,86,2008,3
2008-03-27,27.959993271529697,0.65283585,34.03424173593521,17,87,2008,3
2008-03-28,28.08999326862397,0.42975706,33.98388619534671,23,88,2008,3
2008-03-29,28.099993268400453,0.537407,33.94116028212011,22,89,2008,3
2008-03-30,28.47999325990679,0.53740084,33.90453807078302,5,90,2008,3
2008-03-31,28.54999325834217,0.50375444,33.884701039642096,14,91,2008,3
2008-04-01,28.529993258789204,0.50257164,33.90758992172778,8,92,2008,4
2008-04-02,28.39999326169493,0.50302404,33.9274269528687,6,93,2008,4
2008-04-03,28.329993263259553,0.5728015,33.968626940622926,0,94,2008,4
2008-04-04,28.229993265494727,0.57267606,34.06781209632754,3,95,2008,4
2008-04-05,28.209993265941762,0.5767995,34.14716022089124,12,96,2008,4
2008-04-06,28.16999326683583,0.48687947,34.17920465581119,16,97,2008,4
2008-04-07,28.15999326705935,0.5278603,34.1929379850626,21,98,2008,4
2008-04-08,28.309993263706588,0.4908524,34.19446391053498,15,99,2008,4
2008-04-09,28.85999325141313,0.5091011,34.18225650675595,5,100,2008,4
2008-04-10,29.069993246719264,0.3975676,34.162419475615025,3,101,2008,4
2008-04-11,28.639993256330513,0.43336907,34.14410836994648,12,102,2008,4
2008-04-12,28.039993269741558,0.38857022,34.11664171144366,16,103,2008,4
2008-04-13,27.999993270635628,0.38857022,34.09833060577512,2,104,2008,4
2008-04-14,28.029993269965075,0.39929774,34.08154542557895,7,105,2008,4
2008-04-15,27.88999327309432,0.43855262,34.08612320199609,6,106,2008,4
2008-04-16,27.909993272647284,0.46429744,34.11816763691604,1,107,2008,4
2008-04-17,27.8999932728708,0.35681716,34.15784169919789,2,108,2008,4
2008-04-18,27.949993271753215,0.35155606,34.1639454010874,12,109,2008,4
2008-04-19,27.92999327220025,0.27795634,34.15936762467027,15,110,2008,4
2008-04-20,27.759993276000046,0.26425666,34.1425824444741,13,111,2008,4
2008-04-21,27.749993276223563,0.32854274,34.15326392278075,12,112,2008,4
2008-04-22,27.769993275776528,0.32854825,34.15478984825313,5,113,2008,4
2008-04-23,27.84999327398839,0.3868223,34.160893550142646,2,114,2008,4
2008-04-24,27.88999327309432,0.3589329,34.15478984825313,2,115,2008,4
2008-04-25,27.80999327488246,0.31684574,34.14716022089124,7,116,2008,4
2008-04-26,27.839993274211906,0.32168612,34.12884911522269,8,117,2008,4
2008-04-27,27.85999327376487,0.3643187,34.124271338805556,8,118,2008,4
2008-04-28,28.249993265047692,0.3760992,34.13495281711221,0,119,2008,4
2008-04-29,28.249993265047692,0.5052483,34.13190096616745,11,120,2008,4
2008-04-30,28.289993264153622,0.45366386,34.127323189750314,7,121,2008,4
2008-05-01,28.269993264600657,0.41472912,34.10748615860939,6,122,2008,5
2008-05-02,28.289993264153622,0.3178295,34.0708639472723,10,123,2008,5
2008-05-03,28.349993262812518,0.2901466,34.05865654349327,3,124,2008,5
2008-05-04,28.999993248283886,0.26698667,33.993041748180985,3,125,2008,5
2008-05-05,28.919993250072025,0.28204682,33.994567673653364,22,126,2008,5
2008-05-06,28.929993249848508,0.2075888,34.02661210857332,23,127,2008,5
2008-05-07,29.0499932471663,0.28590164,34.00982692837715,5,128,2008,5
2008-05-08,29.01999324783685,0.28475738,33.98998989723623,9,129,2008,5
2008-05-09,28.889993250742577,0.27291676,33.96404916420579,5,130,2008,5
2008-05-10,28.869993251189612,0.29144716,33.993041748180985,7,131,2008,5
2008-05-11,28.879993250966095,0.26474896,34.00067137554288,7,132,2008,5
2008-05-12,28.949993249401473,0.28729323,33.90758992172778,3,133,2008,5
2008-05-13,28.93999324962499,0.3165517,33.84502697736025,2,134,2008,5
2008-05-14,29.00999324806037,0.4054033,33.945738058537245,0,135,2008,5
2008-05-15,29.029993247613334,0.47818083,33.95489361137152,0,136,2008,5
2008-05-16,29.01999324783685,0.5104938,33.935056580230594,0,137,2008,5
2008-05-17,28.989993248507403,0.47958142,33.89233066700399,4,138,2008,5
2008-05-18,28.93999324962499,0.4775278,33.8053529150784,4,139,2008,5
2008-05-19,28.929993249848508,0.5796699,33.718375163152814,2,140,2008,5
2008-05-20,29.419993238896154,0.5838618,33.669545548036695,0,141,2008,5
2008-05-21,29.39999323934319,0.5865037,33.68633072823286,0,142,2008,5
2008-05-22,29.39999323934319,0.5865037,33.83281957358122,0,143,2008,5
2008-05-23,29.40999323911967,0.47038454,33.90453807078302,0,144,2008,5
2008-05-24,29.39999323934319,0.47040993,33.874019561335444,1,145,2008,5
2008-05-25,29.43999323844912,0.39417168,33.77941218204796,0,146,2008,5
2008-05-26,29.469993237778567,0.44449958,33.70769368484616,0,147,2008,5
2008-05-27,29.419993238896154,0.40655962,33.739738119766116,0,148,2008,5
2008-05-28,29.35999324023726,0.40769202,33.76720477826893,0,149,2008,5
2008-05-29,29.309993241354846,0.33354518,33.73210849240422,0,150,2008,5
2008-05-30,29.389993239566707,0.40409365,33.718375163152814,1,151,2008,5
2008-05-31,29.43999323844912,0.25159112,33.65123444236815,0,152,2008,5
2008-06-01,29.459993238002085,0.23667368,33.67870110087097,0,153,2008,6
2008-06-02,29.32999324090781,0.47421527,33.67259739898145,0,154,2008,6
2008-06-03,29.159993244707607,0.59095424,33.764152927324176,0,155,2008,6
2008-06-04,29.12999324537816,0.39212283,33.90301214531064,0,156,2008,6
2008-06-05,29.0499932471663,0.3825726,33.87554548680782,0,157,2008,6
2008-06-06,28.93999324962499,0.4113966,33.835871424525976,0,158,2008,6
2008-06-07,28.959993249177955,0.31546783,33.85113067924976,1,159,2008,6
2008-06-08,29.189993244037055,0.35187355,33.886226965114474,0,160,2008,6
2008-06-09,29.16999324448409,0.59126306,33.825189946219325,0,161,2008,6
2008-06-10,29.199993243813537,0.41266987,33.70158998295665,0,162,2008,6
2008-06-11,29.239993242919468,0.3147112,33.57951594516635,0,163,2008,6
2008-06-12,29.259993242472433,0.36507833,33.47422708757222,0,164,2008,6
2008-06-13,29.35999324023726,0.3465894,33.35062712430954,0,165,2008,6
2008-06-14,29.419993238896154,0.33753568,33.285012328997254,0,166,2008,6
2008-06-15,29.509993236884497,0.25023398,33.29264195635915,0,167,2008,6
2008-06-16,29.589993235096358,0.22383451,33.237708639353514,0,168,2008,6
2008-06-17,29.62999323420229,0.24134879,33.236182713881135,0,169,2008,6
2008-06-18,29.6799932330847,0.2399967,33.259071595966816,0,170,2008,6
2008-06-19,29.74999323152008,0.22645089,33.31858268938959,0,171,2008,6
2008-06-20,29.66999323330822,0.22645089,33.5398418828845,0,172,2008,6
2008-06-21,29.579993235319876,0.2360549,33.36283452808857,0,173,2008,6
2008-06-22,29.469993237778567,0.75559676,33.32621231675148,0,174,2008,6
2008-06-23,29.449993238225602,0.7838991,33.391827112063766,0,175,2008,6
2008-06-24,29.469993237778567,0.79286563,33.42387154698372,0,176,2008,6
2008-06-25,29.379993239790224,0.99388117,33.39945673942566,0,177,2008,6
2008-06-26,29.259993242472433,1.0232987,33.37351600639522,0,178,2008,6
2008-06-27,29.569993235543393,0.4616239,33.320108614861965,0,179,2008,6
2008-06-28,29.619993234425806,0.4951401,33.29264195635915,0,180,2008,6
2008-06-29,29.62999323420229,0.4966622,33.31858268938959,0,181,2008,6
2008-06-30,29.509993236884497,0.7351365,33.356730826199055,0,182,2008,6
2008-07-01,29.469993237778567,0.73525333,33.39945673942566,0,183,2008,7
2008-07-02,29.489993237331532,0.65454173,33.477278938516974,0,184,2008,7
2008-07-03,29.47999323755505,0.63067436,33.429975248873234,0,185,2008,7
2008-07-04,29.499993237108015,0.6306312,33.31553083844483,0,186,2008,7
2008-07-05,29.47999323755505,0.56465554,33.33994564600289,0,187,2008,7
2008-07-06,29.419993238896154,0.5348008,33.26822714880109,0,188,2008,7
2008-07-07,29.349993240460776,0.2628826,33.164464216679335,0,189,2008,7
2008-07-08,29.28999324180188,0.21959531,33.05764943361282,0,190,2008,7
2008-07-09,29.259993242472433,0.2019985,32.972197607159615,0,191,2008,7
2008-07-10,29.299993241578363,0.21001963,32.92641984298825,0,192,2008,7
2008-07-11,29.24999324269595,0.2101021,32.94320502318442,0,193,2008,7
2008-07-12,29.279993242025398,0.21035819,32.99356056377292,0,194,2008,7
2008-07-13,29.269993242248916,0.21000831,33.042390178889036,0,195,2008,7
2008-07-14,29.309993241354846,0.20780031,33.08206424117088,0,196,2008,7
2008-07-15,29.299993241578363,0.2430418,33.138523483648896,0,197,2008,7
2008-07-16,29.299993241578363,0.24549453,33.21634568274021,0,198,2008,7
2008-07-17,29.279993242025398,0.24627015,33.26517529785633,0,199,2008,7
2008-07-18,29.31999324113133,0.24640012,33.379619708284736,0,200,2008,7
2008-07-19,29.339993240684294,0.24610636,33.63750111311674,0,201,2008,7
2008-07-20,29.259993242472433,0.22857438,33.65428629331291,0,202,2008,7
2008-07-21,29.179993244260572,0.23027813,33.44981228001416,0,203,2008,7
2008-07-22,29.159993244707607,0.22503838,33.104953123256564,0,204,2008,7
2008-07-23,29.31999324113133,0.20895158,32.996612414717674,0,205,2008,7
2008-07-24,29.349993240460776,0.21809164,33.021027222275734,0,206,2008,7
2008-07-25,29.299993241578363,0.21619359,33.08969386853278,0,207,2008,7
2008-07-26,29.259993242472433,0.21617506,33.20413827896118,0,208,2008,7
2008-07-27,29.159993244707607,0.21230502,33.31858268938959,0,209,2008,7
2008-07-28,29.159993244707607,0.2134667,33.27890862710774,0,210,2008,7
2008-07-29,29.189993244037055,0.21397163,33.29111603088677,0,211,2008,7
2008-07-30,29.219993243366503,0.2240676,33.231604937464,0,212,2008,7
2008-07-31,29.20999324359002,0.21107945,33.09427164494991,0,213,2008,7
2008-08-01,29.159993244707607,0.23475789,32.958464277908206,0,214,2008,8
2008-08-02,29.16999324448409,0.27362338,33.07138276286423,0,215,2008,8
2008-08-03,29.139993245154642,0.22209914,33.17056791856885,0,216,2008,8
2008-08-04,29.159993244707607,0.22503282,33.21939753368497,0,217,2008,8
2008-08-05,29.229993243142985,0.23473845,33.2529678940773,0,218,2008,8
2008-08-06,29.219993243366503,0.22875308,33.3033234346658,0,219,2008,8
2008-08-07,29.20999324359002,0.21601619,33.27738270163536,0,220,2008,8
2008-08-08,29.149993244931125,0.21353674,33.28959010541439,0,221,2008,8
2008-08-09,29.139993245154642,0.21187387,33.30484936013818,0,222,2008,8
2008-08-10,29.199993243813537,0.21139395,33.30484936013818,0,223,2008,8
2008-08-11,29.189993244037055,0.19557905,33.333841944113374,0,224,2008,8
2008-08-12,29.179993244260572,0.20034203,33.27890862710774,0,225,2008,8
2008-08-13,29.09999324604871,0.20059231,33.35978267714381,0,226,2008,8
2008-08-14,29.08999324627223,0.21252255,33.25754567049444,0,227,2008,8
2008-08-15,29.069993246719264,0.2387659,33.2743308506906,0,228,2008,8
2008-08-16,29.08999324627223,0.23881948,33.26517529785633,0,229,2008,8
2008-08-17,29.00999324806037,0.236229,33.1812493968755,0,230,2008,8
2008-08-18,28.969993248954438,0.23561868,33.36588637903333,0,231,2008,8
2008-08-19,28.919993250072025,0.2356147,33.634449262171984,0,232,2008,8
2008-08-20,28.85999325141313,0.23254837,33.59172334894538,0,233,2008,8
2008-08-21,28.869993251189612,0.22685537,33.523056702688336,0,234,2008,8
2008-08-22,28.889993250742577,0.23660487,33.538315957412124,0,235,2008,8
2008-08-23,28.889993250742577,0.30797833,33.70769368484616,0,236,2008,8
2008-08-24,28.959993249177955,0.26029778,33.547471510246396,0,237,2008,8
2008-08-25,29.039993247389816,0.26639718,33.513901149854064,0,238,2008,8
2008-08-26,29.079993246495746,0.25793284,33.164464216679335,0,239,2008,8
2008-08-27,29.149993244931125,0.23681685,33.175145694985986,0,240,2008,8
2008-08-28,29.16999324448409,0.25288954,33.12173830345273,0,241,2008,8
2008-08-29,29.069993246719264,0.26749986,33.19040494970977,0,242,2008,8
2008-08-30,30.5999932125211,0.27281427,33.29111603088677,0,243,2008,8
2008-08-31,30.429993216320895,0.19326183,33.21787160821259,0,244,2008,8
2008-09-01,30.44999321587386,0.19618677,33.13699755817652,0,245,2008,9
2008-09-02,30.229993220791243,0.17052537,33.03933832794428,0,246,2008,9
2008-09-03,30.119993223249935,0.19115235,33.20413827896118,0,247,2008,9
2008-09-04,30.119993223249935,0.1947322,33.41471599414945,0,248,2008,9
2008-09-05,30.01999322548511,0.1944963,33.59324927441776,0,249,2008,9
2008-09-06,29.999993225932144,0.1943934,33.61461223103106,0,250,2008,9
2008-09-07,29.889993228390836,0.21505933,33.43302709981799,0,251,2008,9
2008-09-08,29.74999323152008,0.26690137,33.19803457707167,0,252,2008,9
2008-09-09,29.649993233755254,0.25022647,33.34757527336478,0,253,2008,9
2008-09-10,29.59999323487284,0.24594732,33.29416788183153,0,254,2008,9
2008-09-11,29.47999323755505,0.25263202,33.26670122332871,0,255,2008,9
2008-09-12,29.32999324090781,0.3117451,33.2529678940773,0,256,2008,9
2008-09-13,29.189993244037055,0.3148938,33.188879024237394,0,257,2008,9
2008-09-14,29.219993243366503,0.2413889,33.150730887427926,0,258,2008,9
2008-09-15,29.219993243366503,0.19292217,33.127842005342245,0,259,2008,9
2008-09-16,29.229993243142985,0.20051084,33.12021237798035,0,260,2008,9
2008-09-17,29.229993243142985,0.18754967,33.056123508140445,0,261,2008,9
2008-09-18,29.919993227720283,0.2047439,32.94320502318442,0,262,2008,9
2008-09-19,29.74999323152008,0.20459916,32.81960505992174,0,263,2008,9
2008-09-20,29.759993231296562,0.20459916,32.95541242696345,0,264,2008,9
2008-09-21,29.799993230402492,0.20497763,33.27585677616298,0,265,2008,9
2008-09-22,29.659993233531736,0.2050515,33.32316046580672,0,266,2008,9
2008-09-23,29.579993235319876,0.20483801,33.25601974502206,0,267,2008,9
2008-09-24,29.509993236884497,0.19939817,33.201086428016424,0,268,2008,9
2008-09-25,29.489993237331532,0.21151698,33.222449384629726,0,269,2008,9
2008-09-26,29.529993236437463,0.30987334,33.26517529785633,0,270,2008,9
2008-09-27,29.549993235990428,0.33724132,33.26517529785633,0,271,2008,9
2008-09-28,29.529993236437463,0.3342184,33.21787160821259,0,272,2008,9
2008-09-29,29.419993238896154,0.33565068,33.05154573172331,0,273,2008,9
2008-09-30,29.309993241354846,0.35810235,33.10037534683943,0,274,2008,9
2008-10-01,28.839993251860164,0.31141108,33.201086428016424,0,275,2008,10
2008-10-02,28.809993252530717,0.3112522,33.20413827896118,0,276,2008,10
2008-10-03,28.849993251636647,0.27221352,33.12173830345273,0,277,2008,10
2008-10-04,28.85999325141313,0.21121441,33.19345680065453,0,278,2008,10
2008-10-05,28.809993252530717,0.22409168,33.33689379505813,0,279,2008,10
2008-10-06,28.829993252083682,0.32922366,33.248390117660165,0,280,2008,10
2008-10-07,29.09999324604871,0.32227072,33.15683458931744,0,281,2008,10
2008-10-08,29.269993242248916,0.34571627,33.21787160821259,0,282,2008,10
2008-10-09,29.309993241354846,0.32023552,33.23313086293638,0,283,2008,10
2008-10-10,28.679993255436443,0.30235052,33.259071595966816,0,284,2008,10
2008-10-11,28.539993258565687,0.3262573,33.26822714880109,0,285,2008,10
2008-10-12,28.489993259683274,0.39091933,33.30637528561056,0,286,2008,10
2008-10-13,28.559993258118652,0.3909191,33.21481975726783,0,287,2008,10
2008-10-14,28.519993259012722,0.2764549,33.14920496195555,0,288,2008,10
2008-10-15,28.54999325834217,0.2601897,33.20566420443356,0,289,2008,10
2008-10-16,28.569993257895135,0.31966025,33.393353037536144,0,290,2008,10
2008-10-17,28.719993254542374,0.31503135,33.477278938516974,0,291,2008,10
2008-10-18,28.799993252754234,0.31165054,33.51542707532644,0,292,2008,10
2008-10-19,28.85999325141313,0.26748356,33.43607895076275,0,293,2008,10
2008-10-20,29.219993243366503,0.31356388,33.439130801707506,0,294,2008,10
2008-10-21,29.20999324359002,0.28096315,33.475753013044596,0,295,2008,10
2008-10-22,29.219993243366503,0.24447197,33.47117523662746,0,296,2008,10
2008-10-23,29.219993243366503,0.21820553,33.489486342296004,0,297,2008,10
2008-10-24,29.299993241578363,0.28504184,33.631397411227226,0,298,2008,10
2008-10-25,29.279993242025398,0.26215038,33.75652329996228,0,299,2008,10
2008-10-26,29.189993244037055,0.25819805,33.80993069149554,0,300,2008,10
2008-10-27,29.12999324537816,0.2475441,33.84044920094311,0,301,2008,10
2008-10-28,29.109993245825194,0.20145099,33.802301064133644,0,302,2008,10
2008-10-29,29.109993245825194,0.21559493,33.68785665370524,0,303,2008,10
2008-10-30,29.109993245825194,0.21555579,33.657338144257665,0,304,2008,10
2008-10-31,28.999993248283886,0.3763154,33.68938257917762,0,305,2008,10
2008-11-01,28.999993248283886,0.3766581,33.716849237680435,0,306,2008,11
2008-11-02,28.93999324962499,0.3709442,33.69090850465,0,307,2008,11
2008-11-03,28.849993251636647,0.3110433,33.70006405748427,0,308,2008,11
2008-11-04,28.77999325320127,0.3038882,33.78093810752034,0,309,2008,11
2008-11-05,28.659993255883478,0.27133793,33.82976772263646,0,310,2008,11
2008-11-06,28.579993257671617,0.25123334,33.92895287834108,0,311,2008,11
2008-11-07,28.47999325990679,0.32534668,33.993041748180985,0,312,2008,11
2008-11-08,27.979993271082662,0.33053508,33.944212133064866,0,313,2008,11
2008-11-09,27.599993279576324,0.3264407,33.75957515090704,0,314,2008,11
2008-11-10,27.569993280246877,0.31155887,33.489486342296004,0,315,2008,11
2008-11-11,27.57999328002336,0.23949216,33.417767845094204,0,316,2008,11
2008-11-12,27.58999327979984,0.23098704,33.73821219429374,0,317,2008,11
2008-11-13,27.58999327979984,0.18632297,34.052552841603756,0,318,2008,11
2008-11-14,27.609993279352807,0.18876052,34.16699725203216,0,319,2008,11
2008-11-15,27.669993278011702,0.63979656,34.160893550142646,0,320,2008,11
2008-11-16,27.749993276223563,0.6399613,34.21277501620352,0,321,2008,11
2008-11-17,27.879993273317837,0.7078311,34.01287877932191,0,322,2008,11
2008-11-18,28.059993269294523,0.6933336,33.957945462316275,0,323,2008,11
2008-11-19,28.019993270188593,0.40518048,34.30280461907387,0,324,2008,11
2008-11-20,27.999993270635628,0.40518072,34.31043424643576,0,325,2008,11
2008-11-21,27.789993275329493,0.44222844,34.270760184153914,0,326,2008,11
2008-11-22,27.77999327555301,0.44096097,34.27991573698819,0,327,2008,11
2008-11-23,27.789993275329493,0.42486665,34.28449351340532,0,328,2008,11
2008-11-24,27.84999327398839,0.44625065,34.28754536435008,0,329,2008,11
2008-11-25,27.88999327309432,0.40152976,34.26313055679202,0,330,2008,11
2008-11-26,28.069993269071006,0.4446935,34.23871574923396,0,331,2008,11
2008-11-27,28.299993263930105,0.3128045,34.211249090731144,0,332,2008,11
2008-11-28,28.23999326527121,0.3133198,34.162419475615025,0,333,2008,11
2008-11-29,28.04999326951804,0.25696716,34.11816763691604,0,334,2008,11
2008-11-30,27.909993272647284,0.20430972,34.052552841603756,0,335,2008,11
2008-12-01,27.829993274435424,0.39316636,34.017456555739045,0,336,2008,12
2008-12-02,27.80999327488246,0.22677244,34.031189884990454,0,337,2008,12
2008-12-03,27.77999327555301,0.21330522,34.0708639472723,0,338,2008,12
2008-12-04,27.729993276670598,0.20089747,34.04797506518662,0,339,2008,12
2008-12-05,27.69999327734115,0.21341333,34.02508618310094,0,340,2008,12
2008-12-06,27.58999327979984,0.17984287,34.04644913971424,0,341,2008,12
2008-12-07,27.46999328248205,0.4577206,34.08154542557895,0,342,2008,12
2008-12-08,27.34999328516426,0.481636,33.97473064251244,0,343,2008,12
2008-12-09,27.149993289634608,0.481636,33.93810843117535,0,344,2008,12
2008-12-10,28.329993263259553,0.5806424,34.04797506518662,0,345,2008,12
2008-12-11,28.289993264153622,0.7358327,34.08459727652371,0,346,2008,12
2008-12-12,28.289993264153622,0.7922811,34.08612320199609,0,347,2008,12
2008-12-13,28.039993269741558,0.49106526,34.06170839443803,3,348,2008,12
2008-12-14,27.85999327376487,0.38878092,34.04644913971424,0,349,2008,12
2008-12-15,27.77999327555301,0.35939476,34.05560469254851,0,350,2008,12
2008-12-16,27.759993276000046,0.35995486,34.066286170855165,0,351,2008,12
2008-12-17,27.669993278011702,0.66043335,34.115115785971284,0,352,2008,12
2008-12-18,27.679993277788185,0.66043586,34.18225650675595,3,353,2008,12
2008-12-19,27.65999327823522,0.66540545,34.23108612187207,0,354,2008,12
2008-12-20,27.519993281364464,0.5756893,34.257026854902506,0,355,2008,12
2008-12-21,27.379993284493708,0.4403117,34.281441662460566,0,356,2008,12
2008-12-22,27.19999328851702,0.49613243,34.30433054454625,0,357,2008,12
2008-12-23,27.089993290975713,0.49562877,34.31196017190814,0,358,2008,12
2008-12-24,26.989993293210887,0.5052535,34.30890832096338,0,359,2008,12
2008-12-25,26.87999329566958,0.511957,34.281441662460566,0,360,2008,12
2008-12-26,26.68999329991641,0.5115464,34.2432935256511,0,361,2008,12
2008-12-27,26.56999330259862,0.5040825,34.22650834545493,0,362,2008,12
2008-12-28,26.5799933023751,0.5030512,34.21735279262066,0,363,2008,12
2008-12-29,26.53999330326917,0.48949096,34.20209353789687,0,364,2008,12
2008-12-30,26.56999330259862,0.38892603,34.20056761242449,1,365,2008,12
2008-12-31,26.53999330326917,0.3944898,34.20819723978639,0,366,2008,12
2009-01-01,26.529993303492688,0.40795484,34.20819723978639,0,1,2009,1
2009-01-02,26.45999330505731,0.44042176,34.1929379850626,0,2,2009,1
2009-01-03,26.449993305280827,0.4824377,34.209723165258765,0,3,2009,1
2009-01-04,26.45999330505731,0.5167904,34.27533796057105,1,4,2009,1
2009-01-05,26.409993306174897,0.51712894,34.365367563441396,0,5,2009,1
2009-01-06,26.329993307963036,0.44778696,34.414197178557515,2,6,2009,1
2009-01-07,26.239993309974693,0.46517825,34.40961940214038,0,7,2009,1
2009-01-08,26.159993311762832,0.54553163,34.391308296471834,1,8,2009,1
2009-01-09,26.139993312209867,0.51041067,34.37604904174805,1,9,2009,1
2009-01-10,26.129993312433385,0.5119635,34.37299719080329,1,10,2009,1
2009-01-11,26.159993311762832,0.5346906,34.3363749794662,1,11,2009,1
2009-01-12,26.079993313550972,0.5346392,34.25244907848537,0,12,2009,1
2009-01-13,25.99999331533911,0.64291495,34.221930569037795,0,13,2009,1
2009-01-14,25.969993316009663,0.8297607,34.28907128982246,0,14,2009,1
2009-01-15,25.95999331623318,0.86351424,34.32264165021479,1,15,2009,1
2009-01-16,25.909993317350768,1.003198,34.35621201060712,2,16,2009,1
2009-01-17,25.909993317350768,0.96405095,34.40046384930611,1,17,2009,1
2009-01-18,25.979993315786146,0.92446244,34.450819389894605,0,18,2009,1
2009-01-19,25.98999331556263,0.96641994,34.475234197452664,0,19,2009,1
2009-01-20,26.009993315115594,0.9658854,34.49659715406597,0,20,2009,1
2009-01-21,26.02999331466856,0.7321043,34.51490825973451,5,21,2009,1
2009-01-22,26.03999331444504,0.68770486,34.50575270690024,3,22,2009,1
2009-01-23,26.219993310421728,0.6985834,34.473708271980286,1,23,2009,1
2009-01-24,26.30999330841007,0.51041317,34.49507122859359,5,24,2009,1
2009-01-25,26.249993309751176,0.47992578,34.499649005010724,4,25,2009,1
2009-01-26,26.26999330930414,0.97519034,34.46913049556315,0,26,2009,1
2009-01-27,26.18999331109228,1.0383527,34.391308296471834,4,27,2009,1
2009-01-28,26.169993311539315,0.9037068,34.366893488913774,1,28,2009,1
2009-01-29,26.169993311539315,0.8261782,34.401989774778485,3,29,2009,1
2009-01-30,26.159993311762832,0.7443782,34.401989774778485,4,30,2009,1
2009-01-31,26.129993312433385,0.70359534,34.38062681816518,4,31,2009,1
2009-02-01,26.159993311762832,0.46093684,34.37604904174805,0,32,2009,2
2009-02-02,26.22999331019821,0.46021062,34.377574967220426,0,33,2009,2
2009-02-03,26.219993310421728,0.46962634,34.32721942663193,2,34,2009,2
2009-02-04,26.219993310421728,0.41676372,34.29822684265673,0,35,2009,2
2009-02-05,26.169993311539315,0.41273156,34.293649066239595,4,36,2009,2
2009-02-06,26.099993313103937,0.37797368,34.29822684265673,3,37,2009,2
2009-02-07,26.249993309751176,0.37924087,34.27381203509867,0,38,2009,2
2009-02-08,26.25999330952766,0.40986234,34.24787130206823,3,39,2009,2
2009-02-09,26.26999330930414,0.511392,34.20667131431401,0,40,2009,2
2009-02-10,26.26999330930414,0.5365173,34.197515761479735,0,41,2009,2
2009-02-11,26.26999330930414,0.5532694,34.211249090731144,7,42,2009,2
2009-02-12,26.369993307068967,0.62081283,34.19141205959022,9,43,2009,2
2009-02-13,26.29999330863359,0.74896216,34.12884911522269,2,44,2009,2
2009-02-14,26.199993310868763,0.7074343,34.04797506518662,4,45,2009,2
2009-02-15,26.239993309974693,0.720502,34.018982481211424,5,46,2009,2
2009-02-16,26.239993309974693,0.6512199,33.96099731326103,2,47,2009,2
2009-02-17,26.249993309751176,0.6081435,33.9060639962554,0,48,2009,2
2009-02-18,26.209993310645245,0.4010645,33.85723438113928,3,49,2009,2
2009-02-19,26.139993312209867,0.49780366,33.85113067924976,0,50,2009,2
2009-02-20,26.30999330841007,0.52744764,33.86486400850117,1,51,2009,2
2009-02-21,26.49999330416324,0.37496513,33.93047880381346,0,52,2009,2
2009-02-22,26.429993305727862,0.45451838,34.03729358687997,9,53,2009,2
2009-02-23,26.33999330773952,0.45479548,34.13190096616745,7,54,2009,2
2009-02-24,26.319993308186554,0.45798382,34.18988613411784,9,55,2009,2
2009-02-25,26.30999330841007,0.45827222,34.24176760017872,8,56,2009,2
2009-02-26,26.319993308186554,0.46032494,34.270760184153914,18,57,2009,2
2009-02-27,26.25999330952766,0.40650383,34.28754536435008,7,58,2009,2
2009-02-28,26.239993309974693,0.40944207,34.307382395491004,4,59,2009,2
2009-03-01,26.319993308186554,0.39529958,34.30280461907387,8,60,2009,3
2009-03-02,26.279993309080623,0.5593952,34.32111572474241,4,61,2009,3
2009-03-03,26.26999330930414,0.5697581,34.3363749794662,6,62,2009,3
2009-03-04,26.199993310868763,0.5646234,34.35926386155188,11,63,2009,3
2009-03-05,26.279993309080623,0.34370783,34.379100892692804,3,64,2009,3
2009-03-06,26.199993310868763,0.57688797,34.365367563441396,4,65,2009,3
2009-03-07,26.179993311315798,0.5449753,34.33484905399382,4,66,2009,3
2009-03-08,26.239993309974693,0.45244366,34.30127869360149,1,67,2009,3
2009-03-09,26.319993308186554,0.61033624,34.31043424643576,5,68,2009,3
2009-03-10,26.369993307068967,0.60870165,34.34858238324523,17,69,2009,3
2009-03-11,26.389993306621932,0.42357498,34.39436014741659,11,70,2009,3
2009-03-12,26.439993305504345,0.49985075,34.42335273139179,7,71,2009,3
2009-03-13,26.45999330505731,0.5355441,34.42335273139179,7,72,2009,3
2009-03-14,27.029993292316817,0.39048818,34.414197178557515,6,73,2009,3
2009-03-15,26.859993296116613,0.3733284,34.377574967220426,14,74,2009,3
2009-03-16,26.869993295893096,0.44587144,34.330271277576685,4,75,2009,3
2009-03-17,27.059993291646265,0.44543302,34.293649066239595,8,76,2009,3
2009-03-18,27.30999328605833,0.33739948,34.32416757568717,14,77,2009,3
2009-03-19,27.419993283599638,0.33770055,34.365367563441396,5,78,2009,3
2009-03-20,27.34999328516426,0.56528157,34.37299719080329,7,79,2009,3
2009-03-21,27.2699932869524,0.33544433,34.36231571249664,12,80,2009,3
2009-03-22,27.419993283599638,0.3135226,34.34705645777285,8,81,2009,3
2009-03-23,27.599993279576324,0.44363222,34.328745352104306,10,82,2009,3
2009-03-24,27.719993276894115,0.44363222,34.305856470018625,10,83,2009,3
2009-03-25,27.759993276000046,0.36086625,34.27533796057105,21,84,2009,3
2009-03-26,27.689993277564668,0.34357858,34.29059721529484,10,85,2009,3
2009-03-27,27.989993270859145,0.266828,34.31043424643576,16,86,2009,3
2009-03-28,28.46999326013031,0.2458653,34.330271277576685,10,87,2009,3
2009-03-29,28.569993257895135,0.2800494,34.33332312852144,11,88,2009,3
2009-03-30,28.489993259683274,0.2800494,34.32721942663193,10,89,2009,3
2009-03-31,27.519993281364464,0.42172962,34.295174991711974,8,90,2009,3
2009-04-01,27.58999327979984,0.41756058,34.29212314076722,14,91,2009,4
2009-04-02,27.57999328002336,0.4078117,34.33484905399382,19,92,2009,4
2009-04-03,27.58999327979984,0.40781888,34.37452311627567,10,93,2009,4
2009-04-04,27.629993278905772,0.46189502,34.365367563441396,5,94,2009,4
2009-04-05,27.719993276894115,0.4542667,34.36078978702426,8,95,2009,4
2009-04-06,27.639993278682255,0.424175,34.3577379360795,7,96,2009,4
2009-04-07,27.569993280246877,0.3012246,34.331797203049064,9,97,2009,4
2009-04-08,27.69999327734115,0.3400626,34.28449351340532,10,98,2009,4
2009-04-09,27.88999327309432,0.3400626,34.220404643565416,19,99,2009,4
2009-04-10,28.099993268400453,0.30820847,34.20514538884163,20,100,2009,4
2009-04-11,28.19999326616528,0.26401293,34.20667131431401,2,101,2009,4
2009-04-12,28.23999326527121,0.34759015,34.235663898289204,9,102,2009,4
2009-04-13,28.27999326437714,0.33860204,34.282967587932944,9,103,2009,4
2009-04-14,28.299993263930105,0.48586163,34.32111572474241,9,104,2009,4
2009-04-15,28.329993263259553,0.4698061,34.318063873797655,13,105,2009,4
2009-04-16,28.46999326013031,0.42119431,34.29822684265673,11,106,2009,4
2009-04-17,28.499993259459757,0.47326335,34.25244907848537,16,107,2009,4
2009-04-18,28.499993259459757,0.47418514,34.18378243222833,1,108,2009,4
2009-04-19,28.43999326080086,0.49890846,34.125797264277935,7,109,2009,4
2009-04-20,28.23999326527121,0.42412493,34.0922269038856,7,110,2009,4
2009-04-21,28.19999326616528,0.35243014,34.08612320199609,11,111,2009,4
2009-04-22,28.16999326683583,0.33351266,34.125797264277935,14,112,2009,4
2009-04-23,28.19999326616528,0.30646124,34.115115785971284,5,113,2009,4
2009-04-24,28.209993265941762,0.4132536,34.11053800955415,4,114,2009,4
2009-04-25,28.1299932677299,0.407841,34.08001950010657,1,115,2009,4
2009-04-26,28.16999326683583,0.36479756,34.02356025762856,5,116,2009,4
2009-04-27,28.189993266388797,0.38229203,34.07391579821706,5,117,2009,4
2009-04-28,28.229993265494727,0.3810704,34.17004910297692,16,118,2009,4
2009-04-29,28.359993262589,0.4334916,34.232612047344446,9,119,2009,4
2009-04-30,28.299993263930105,0.44356626,34.26770833320916,7,120,2009,4
2009-05-01,28.289993264153622,0.4432578,34.235663898289204,2,121,2009,5
2009-05-02,28.31999326348307,0.80825853,34.269234258681536,0,122,2009,5
2009-05-03,28.38999326191845,0.9608382,34.05865654349327,1,123,2009,5
2009-05-04,28.409993261471413,0.96671194,34.22498241998255,5,124,2009,5
2009-05-05,28.179993266612314,0.95669717,34.13342689163983,0,125,2009,5
2009-05-06,27.939993271976732,0.92900443,34.139530593529344,2,126,2009,5
2009-05-07,27.949993271753215,0.89233464,34.06933802179992,2,127,2009,5
2009-05-08,28.5899932574481,0.528685,33.948789909482,1,128,2009,5
2009-05-09,28.889993250742577,0.4489078,33.97473064251244,6,129,2009,5
2009-05-10,28.89999325051906,0.44910914,33.93047880381346,0,130,2009,5
2009-05-11,28.889993250742577,0.46446383,34.028138034045696,0,131,2009,5
2009-05-12,28.93999324962499,0.37876382,34.08612320199609,0,132,2009,5
2009-05-13,28.929993249848508,0.5370743,34.10901208408177,3,133,2009,5
2009-05-14,29.069993246719264,0.6515248,34.17920465581119,5,134,2009,5
2009-05-15,29.119993245601677,0.5477809,34.26007870584726,9,135,2009,5
2009-05-16,29.109993245825194,0.50193596,34.257026854902506,8,136,2009,5
2009-05-17,29.05999324694278,0.41620675,34.257026854902506,2,137,2009,5
2009-05-18,28.989993248507403,0.41620362,34.22803427092731,1,138,2009,5
2009-05-19,28.969993248954438,0.41048512,34.078493574634194,1,139,2009,5
2009-05-20,29.00999324806037,0.33906302,34.00067137554288,5,140,2009,5
2009-05-21,29.199993243813537,0.33889073,33.87096771039069,1,141,2009,5
2009-05-22,29.24999324269595,0.3043939,33.835871424525976,0,142,2009,5
2009-05-23,29.299993241578363,0.32934442,33.86944178491831,4,143,2009,5
2009-05-24,29.28999324180188,0.22861879,33.8557084556669,2,144,2009,5
2009-05-25,29.339993240684294,0.21356177,33.84044920094311,3,145,2009,5
2009-05-26,29.31999324113133,0.2850556,33.67717517539859,6,146,2009,5
2009-05-27,29.269993242248916,0.2880716,33.58714557252824,1,147,2009,5
2009-05-28,29.219993243366503,0.28078,33.693960355594754,3,148,2009,5
2009-05-29,29.189993244037055,0.2809222,33.84502697736025,1,149,2009,5
2009-05-30,29.28999324180188,0.29940274,33.86333808302879,1,150,2009,5
2009-05-31,29.349993240460776,0.3240234,33.83129364810884,3,151,2009,5
2009-06-01,29.379993239790224,0.3135344,33.838923275470734,3,152,2009,6
2009-06-02,29.349993240460776,0.33497265,33.88317511416972,1,153,2009,6
2009-06-03,29.31999324113133,0.29060125,33.88317511416972,3,154,2009,6
2009-06-04,29.32999324090781,0.314158,33.85418253019452,2,155,2009,6
2009-06-05,29.31999324113133,0.30038553,33.80993069149554,0,156,2009,6
2009-06-06,29.389993239566707,0.28700542,33.74736774712801,0,157,2009,6
2009-06-07,29.449993238225602,0.32992616,33.68785665370524,0,158,2009,6
2009-06-08,29.449993238225602,0.32337695,33.680227026343346,0,159,2009,6
2009-06-09,28.989993248507403,0.2760433,33.73821219429374,0,160,2009,6
2009-06-10,28.8199932523072,0.27587345,33.765678852796555,0,161,2009,6
2009-06-11,28.77999325320127,0.27172977,33.765678852796555,0,162,2009,6
2009-06-12,28.829993252083682,0.29209113,33.788567734882236,0,163,2009,6
2009-06-13,28.839993251860164,0.2580878,33.727530715987086,0,164,2009,6
2009-06-14,28.8199932523072,0.25702974,33.54136780835688,0,165,2009,6
2009-06-15,28.849993251636647,0.2556393,33.53373818099499,0,166,2009,6
2009-06-16,28.919993250072025,0.24948218,33.56273076497018,0,167,2009,6
2009-06-17,28.949993249401473,0.24809746,33.53221225552261,0,168,2009,6
2009-06-18,29.01999324783685,0.24753104,33.54594558477402,0,169,2009,6
2009-06-19,29.139993245154642,0.2560228,33.547471510246396,0,170,2009,6
2009-06-20,29.189993244037055,0.21023971,33.52916040457785,0,171,2009,6
2009-06-21,29.189993244037055,0.2116231,33.50779744796455,0,172,2009,6
2009-06-22,29.149993244931125,0.28533387,33.452864130958915,0,173,2009,6
2009-06-23,29.179993244260572,0.2852912,33.590197423473,0,174,2009,6
2009-06-24,29.219993243366503,0.25898167,33.65428629331291,0,175,2009,6
2009-06-25,29.139993245154642,0.3453905,33.51695300079882,0,176,2009,6
2009-06-26,29.0499932471663,0.346641,33.45744190737605,0,177,2009,6
2009-06-27,29.01999324783685,0.3208519,33.49253819324076,0,178,2009,6
2009-06-28,28.949993249401473,0.31799987,33.512375224381685,0,179,2009,6
2009-06-29,28.989993248507403,0.31073835,33.49559004418552,0,180,2009,6
2009-06-30,28.959993249177955,0.19218642,33.38724933564663,0,181,2009,6
2009-07-01,29.08999324627223,0.23234016,33.391827112063766,0,182,2009,7
2009-07-02,29.269993242248916,0.22739498,33.44828635454178,0,183,2009,7
2009-07-03,29.339993240684294,0.27264088,33.513901149854064,0,184,2009,7
2009-07-04,29.379993239790224,0.24300137,33.56273076497018,0,185,2009,7
2009-07-05,29.379993239790224,0.24306566,33.79467143677175,0,186,2009,7
2009-07-06,29.349993240460776,0.23741196,33.96252323873341,0,187,2009,7
2009-07-07,29.309993241354846,0.23898284,33.79314551129937,0,188,2009,7
2009-07-08,29.259993242472433,0.2423248,33.70158998295665,0,189,2009,7
2009-07-09,29.219993243366503,0.2025389,33.64818259142339,0,190,2009,7
2009-07-10,29.259993242472433,0.22158046,33.657338144257665,0,191,2009,7
2009-07-11,29.189993244037055,0.22983772,33.56730854138732,0,192,2009,7
2009-07-12,29.239993242919468,0.22950777,33.60393075272441,0,193,2009,7
2009-07-13,29.229993243142985,0.2294953,33.51542707532644,0,194,2009,7
2009-07-14,29.279993242025398,0.23546606,33.391827112063766,0,195,2009,7
2009-07-15,29.269993242248916,0.24454758,33.39945673942566,0,196,2009,7
2009-07-16,29.279993242025398,0.25105837,33.463545609265566,0,197,2009,7
2009-07-17,29.219993243366503,0.28720358,33.501693746075034,0,198,2009,7
2009-07-18,29.179993244260572,0.26018372,33.512375224381685,0,199,2009,7
2009-07-19,29.16999324448409,0.2608088,33.37199008092284,0,200,2009,7
2009-07-20,29.109993245825194,0.2608088,33.28653825446963,0,201,2009,7
2009-07-21,29.0499932471663,0.25476632,33.22855308651924,0,202,2009,7
2009-07-22,29.0499932471663,0.2964013,33.32316046580672,0,203,2009,7
2009-07-23,29.05999324694278,0.5786439,33.52000485174358,0,204,2009,7
2009-07-24,29.039993247389816,0.3491624,33.60087890177965,0,205,2009,7
2009-07-25,28.97999324873092,0.34705952,33.622241858392954,0,206,2009,7
2009-07-26,28.949993249401473,0.30470705,33.64207888953388,0,207,2009,7
2009-07-27,29.16999324448409,0.23429394,33.67412332445383,0,208,2009,7
2009-07-28,29.079993246495746,0.20269564,33.68938257917762,0,209,2009,7
2009-07-29,29.08999324627223,0.21342355,33.59324927441776,0,210,2009,7
2009-07-30,29.079993246495746,0.21342355,33.513901149854064,0,211,2009,7
2009-07-31,29.0499932471663,0.21342355,33.487960416823626,0,212,2009,7
2009-08-01,29.00999324806037,0.1996144,33.4681233856827,0,213,2009,8
2009-08-02,29.029993247613334,0.22199522,33.45896783284843,0,214,2009,8
2009-08-03,29.00999324806037,0.20775047,33.43302709981799,0,215,2009,8
2009-08-04,29.029993247613334,0.27295762,33.46201968379319,0,216,2009,8
2009-08-05,29.109993245825194,0.2931141,33.47270116209984,0,217,2009,8
2009-08-06,29.09999324604871,0.29337662,33.463545609265566,0,218,2009,8
2009-08-07,29.109993245825194,0.29402295,33.46659746021032,0,219,2009,8
2009-08-08,29.0499932471663,0.32162154,33.47422708757222,0,220,2009,8
2009-08-09,28.999993248283886,0.30141318,33.45439005643129,0,221,2009,8
2009-08-10,28.959993249177955,0.30137134,33.417767845094204,0,222,2009,8
2009-08-11,28.889993250742577,0.2994175,33.35215304978192,0,223,2009,8
2009-08-12,28.889993250742577,0.29941714,33.27890862710774,0,224,2009,8
2009-08-13,28.829993252083682,0.32833526,33.18582717329264,0,225,2009,8
2009-08-14,28.889993250742577,0.32833526,33.12479015439749,0,226,2009,8
2009-08-15,28.989993248507403,0.24282275,33.30484936013818,0,227,2009,8
2009-08-16,29.05999324694278,0.24757677,33.49864189513028,0,228,2009,8
2009-08-17,28.969993248954438,0.20986612,33.44828635454178,0,229,2009,8
2009-08-18,30.659993211179994,0.28249407,33.26517529785633,0,230,2009,8
2009-08-19,30.729993209615373,0.2818227,33.16599014215171,0,231,2009,8
2009-08-20,30.729993209615373,0.20826988,33.13547163270414,0,232,2009,8
2009-08-21,30.039993225038074,0.20878944,33.14310126006603,0,233,2009,8
2009-08-22,29.699993232637667,0.20529677,33.138523483648896,0,234,2009,8
2009-08-23,29.579993235319876,0.19708174,33.130893856287,0,235,2009,8
2009-08-24,29.609993234649323,0.22017156,33.091219794005156,0,236,2009,8
2009-08-25,29.659993233531736,0.19619133,33.043916104361415,0,237,2009,8
2009-08-26,29.66999323330822,0.17013115,33.01492352038622,0,238,2009,8
2009-08-27,29.689993232861184,0.182877,32.93862724676728,0,239,2009,8
2009-08-28,29.66999323330822,0.18287678,32.9447309486568,0,240,2009,8
2009-08-29,29.51999323666098,0.18407428,33.16599014215171,0,241,2009,8
2009-08-30,29.469993237778567,0.19663802,33.36130860261619,0,242,2009,8
2009-08-31,29.429993238672637,0.19680004,33.31553083844483,0,243,2009,8
2009-09-01,29.36999324001374,0.20796435,33.3033234346658,0,244,2009,9
2009-09-02,29.379993239790224,0.23688674,33.43302709981799,0,245,2009,9
2009-09-03,29.339993240684294,0.22162116,33.538315957412124,0,246,2009,9
2009-09-04,29.35999324023726,0.22162116,33.60393075272441,0,247,2009,9
2009-09-05,29.309993241354846,0.23745817,33.60240482725203,0,248,2009,9
2009-09-06,29.339993240684294,0.22738278,33.57646409422159,0,249,2009,9
2009-09-07,29.269993242248916,0.22099477,33.559678914025426,0,250,2009,9
2009-09-08,29.179993244260572,0.2296115,33.523056702688336,0,251,2009,9
2009-09-09,29.109993245825194,0.21499844,33.48033078946173,0,252,2009,9
2009-09-10,29.09999324604871,0.22968946,33.42387154698372,0,253,2009,9
2009-09-11,29.00999324806037,0.24547176,33.37351600639522,0,254,2009,9
2009-09-12,28.89999325051906,0.21500112,33.367412304505706,0,255,2009,9
2009-09-13,28.77999325320127,0.22968946,33.35825675167143,0,256,2009,9
2009-09-14,28.829993252083682,0.22968946,33.32773824222386,0,257,2009,9
2009-09-15,28.89999325051906,0.20271993,33.31095306202769,0,258,2009,9
2009-09-16,29.069993246719264,0.24405831,33.56730854138732,0,259,2009,9
2009-09-17,29.149993244931125,0.2899421,33.70769368484616,0,260,2009,9
2009-09-18,29.109993245825194,0.2899421,33.79772328771651,0,261,2009,9
2009-09-19,29.069993246719264,0.2899421,33.89233066700399,0,262,2009,9
2009-09-20,29.0499932471663,0.2899421,33.89538251794875,0,263,2009,9
2009-09-21,29.12999324537816,0.28994146,33.90301214531064,0,264,2009,9
2009-09-22,29.029993247613334,0.28994146,33.788567734882236,0,265,2009,9
2009-09-23,28.989993248507403,0.28994146,33.66038999520242,0,266,2009,9
2009-09-24,28.959993249177955,0.28701913,33.59324927441776,0,267,2009,9
2009-09-25,28.97999324873092,0.25971457,33.669545548036695,0,268,2009,9
2009-09-26,29.05999324694278,0.25962758,33.66496777161956,0,269,2009,9
2009-09-27,29.119993245601677,0.43868604,33.526108553633094,0,270,2009,9
2009-09-28,29.12999324537816,0.41375372,33.39793081395328,0,271,2009,9
2009-09-29,29.0499932471663,0.4060337,33.283486403524876,0,272,2009,9
2009-09-30,28.959993249177955,0.38185495,33.2026123534888,0,273,2009,9
2009-10-01,28.919993250072025,0.38185495,33.27585677616298,0,274,2009,10
2009-10-02,28.97999324873092,0.3826249,33.43607895076275,0,275,2009,10
2009-10-03,29.01999324783685,0.38360232,33.49101226776838,0,276,2009,10
2009-10-04,28.909993250295543,0.3836859,33.463545609265566,0,277,2009,10
2009-10-05,28.77999325320127,0.3836859,33.47270116209984,0,278,2009,10
2009-10-06,28.769993253424786,0.37190753,33.48033078946173,0,279,2009,10
2009-10-07,28.839993251860164,0.37190753,33.44370857812464,0,280,2009,10
2009-10-08,28.799993252754234,0.3483163,33.440656727179885,0,281,2009,10
2009-10-09,28.78999325297775,0.30298525,33.451338205486536,0,282,2009,10
2009-10-10,28.689993255212926,0.30288202,33.405560441315174,0,283,2009,10
2009-10-11,28.689993255212926,0.3012453,33.320108614861965,0,284,2009,10
2009-10-12,28.62999325655403,0.31771997,33.26975307427347,0,285,2009,10
2009-10-13,28.659993255883478,0.31771997,33.211767906323075,0,286,2009,10
2009-10-14,28.5899932574481,0.34024888,33.26975307427347,0,287,2009,10
2009-10-15,28.579993257671617,0.3869202,33.43607895076275,0,288,2009,10
2009-10-16,28.519993259012722,0.38716426,33.31705676391721,0,289,2009,10
2009-10-17,28.559993258118652,0.3864421,33.28806417994201,0,290,2009,10
2009-10-18,28.54999325834217,0.36069757,33.30637528561056,0,291,2009,10
2009-10-19,28.579993257671617,0.3913692,33.25754567049444,0,292,2009,10
2009-10-20,28.5899932574481,0.3995338,33.29111603088677,0,293,2009,10
2009-10-21,28.619993256777548,0.25120106,33.37656785733998,0,294,2009,10
2009-10-22,28.5899932574481,0.23563634,33.38877526111901,0,295,2009,10
2009-10-23,28.419993261247896,0.28295153,33.40708636678755,0,296,2009,10
2009-10-24,28.499993259459757,0.28363058,33.42234562151134,0,297,2009,10
2009-10-25,28.8199932523072,0.30831936,33.489486342296004,0,298,2009,10
2009-10-26,28.999993248283886,0.21641703,33.72142701409757,0,299,2009,10
2009-10-27,28.929993249848508,0.21486953,33.823664020746946,0,300,2009,10
2009-10-28,28.8199932523072,0.31354162,33.91369362361729,1,301,2009,10
2009-10-29,28.759993253648304,0.3009169,33.98388619534671,0,302,2009,10
2009-10-30,28.729993254318856,0.30393293,33.96099731326103,0,303,2009,10
2009-10-31,28.609993257001065,0.32066414,33.355204900726676,0,304,2009,10
2009-11-01,28.5899932574481,0.26622838,33.24533826671541,0,305,2009,11
2009-11-02,28.54999325834217,0.24509795,33.44370857812464,0,306,2009,11
2009-11-03,28.47999325990679,0.24514216,33.62987148575485,0,307,2009,11
2009-11-04,28.43999326080086,0.28015175,33.84502697736025,0,308,2009,11
2009-11-05,28.349993262812518,0.5705765,33.85265660472214,0,309,2009,11
2009-11-06,28.27999326437714,0.52414715,33.94116028212011,0,310,2009,11
2009-11-07,28.19999326616528,0.47451758,34.03729358687997,0,311,2009,11
2009-11-08,28.149993267282866,0.5281945,34.13495281711221,0,312,2009,11
2009-11-09,28.50999325923624,0.3793503,34.11816763691604,0,313,2009,11
2009-11-10,28.459993260353826,0.38435316,33.93658250570297,0,314,2009,11
2009-11-11,28.499993259459757,0.40602222,33.835871424525976,0,315,2009,11
2009-11-12,28.379993262141966,0.40619075,33.88164918869734,0,316,2009,11
2009-11-13,28.149993267282866,0.2982087,33.8770714122802,0,317,2009,11
2009-11-14,28.109993268176936,0.33983076,33.76110107637942,0,318,2009,11
2009-11-15,28.459993260353826,0.3653294,33.55662706308067,0,319,2009,11
2009-11-16,28.659993255883478,0.2901988,33.46049375832081,0,320,2009,11
2009-11-17,28.649993256106995,0.4339599,33.44523450359702,0,321,2009,11
2009-11-18,28.5899932574481,0.32840514,33.668019622564316,0,322,2009,11
2009-11-19,28.43999326080086,0.32840595,33.922849176451564,0,323,2009,11
2009-11-20,28.359993262589,0.32850623,34.04492321424186,0,324,2009,11
2009-11-21,28.109993268176936,0.34868485,34.124271338805556,0,325,2009,11
2009-11-22,28.039993269741558,0.34876397,34.221930569037795,0,326,2009,11
2009-11-23,28.019993270188593,0.5660996,34.27228610962629,0,327,2009,11
2009-11-24,27.999993270635628,0.55808985,34.28754536435008,0,328,2009,11
2009-11-25,27.949993271753215,0.5299618,34.27991573698819,0,329,2009,11
2009-11-26,27.939993271976732,0.49426365,34.244819451123476,0,330,2009,11
2009-11-27,27.939993271976732,0.525881,34.186834283173084,0,331,2009,11
2009-11-28,27.23999328762295,0.47943276,34.14410836994648,0,332,2009,11
2009-11-29,27.149993289634608,0.44212908,34.0998565312475,0,333,2009,11
2009-11-30,27.109993290528678,0.44211456,34.148686146363616,0,334,2009,11
2009-12-01,27.07999329119923,0.4873389,34.25397500395775,0,335,2009,12
2009-12-02,27.069993291422747,0.50838083,34.35926386155188,0,336,2009,12
2009-12-03,27.069993291422747,0.51953673,34.45692309178412,0,337,2009,12
2009-12-04,26.709993299469375,0.67957985,34.55305639654398,0,338,2009,12
2009-12-05,26.53999330326917,1.1449919,34.6018860116601,0,339,2009,12
2009-12-06,26.469993304833793,1.1664882,34.62782674469054,0,340,2009,12
2009-12-07,26.469993304833793,1.097799,34.63698229752481,0,341,2009,12
2009-12-08,26.439993305504345,1.2053853,34.63545637205243,4,342,2009,12
2009-12-09,26.359993307292484,0.6349322,34.629352670162916,0,343,2009,12
2009-12-10,26.509993303939723,0.6321416,34.62172304280102,0,344,2009,12
2009-12-11,26.65999330058696,0.8048454,34.61256748996675,0,345,2009,12
2009-12-12,26.759993298351787,0.7518265,34.620197117328644,0,346,2009,12
2009-12-13,26.64999330081048,0.7314421,34.6232489682734,0,347,2009,12
2009-12-14,26.60999330170455,1.0528318,34.61256748996675,0,348,2009,12
2009-12-15,26.439993305504345,1.0701681,34.59120453335345,0,349,2009,12
2009-12-16,26.409993306174897,1.0701675,34.571367502212524,0,350,2009,12
2009-12-17,26.369993307068967,0.6801204,34.54084899276495,0,351,2009,12
2009-12-18,26.369993307068967,0.8926264,34.51490825973451,0,352,2009,12
2009-12-19,25.909993317350768,0.5193974,34.498123079538345,0,353,2009,12
2009-12-20,25.899993317574285,0.8648183,34.5011749304831,0,354,2009,12
2009-12-21,25.91999331712725,1.2169496,34.51948603615165,0,355,2009,12
2009-12-22,25.87999331802132,1.8648194,34.54847862012684,0,356,2009,12
2009-12-23,25.849993318691872,1.8571298,34.57899712957442,0,357,2009,12
2009-12-24,25.849993318691872,0.4930895,34.58967860788107,0,358,2009,12
2009-12-25,25.819993319362425,0.5696649,34.59730823524296,0,359,2009,12
2009-12-26,25.749993320927047,0.8754077,34.60341193713248,0,360,2009,12
2009-12-27,25.749993320927047,1.1313043,34.60036008618772,0,361,2009,12
2009-12-28,25.83999331891539,1.0832617,34.595782309770584,0,362,2009,12
2009-12-29,25.859993318468355,0.88457,34.582048980519176,0,363,2009,12
2009-12-30,25.95999331623318,0.23226428,34.57441935315728,0,364,2009,12
2009-12-31,25.979993315786146,0.12957439,34.57441935315728,0,365,2009,12
2010-01-01,26.019993314892076,0.13074827,34.57747120410204,0,1,2010,1
2010-01-02,25.98999331556263,0.48895234,34.57441935315728,0,2,2010,1
2010-01-03,26.019993314892076,0.5754165,34.57747120410204,1,3,2010,1
2010-01-04,26.06999331377449,0.32340863,34.620197117328644,0,4,2010,1
2010-01-05,26.049993314221524,0.5852356,34.66444895602763,0,5,2010,1
2010-01-06,25.99999331533911,0.6945734,34.69344154000282,0,6,2010,1
2010-01-07,25.939993316680216,0.69286734,34.69649339094758,0,7,2010,1
2010-01-08,25.889993317797803,0.71334654,34.70717486925423,0,8,2010,1
2010-01-09,25.889993317797803,0.44925785,34.71022672019899,0,9,2010,1
2010-01-10,25.899993317574285,0.40628415,34.6949674654752,0,10,2010,1
2010-01-11,25.98999331556263,0.34456974,34.68581191264093,2,11,2010,1
2010-01-12,26.019993314892076,0.6442814,34.68276006169617,0,12,2010,1
2010-01-13,25.98999331556263,0.51148516,34.67055265791714,0,13,2010,1
2010-01-14,25.95999331623318,0.5114848,34.653767477720976,0,14,2010,1
2010-01-15,25.9499933164567,0.5114839,34.63393044658005,0,15,2010,1
2010-01-16,25.899993317574285,0.66100335,34.64003414846957,0,16,2010,1
2010-01-17,25.899993317574285,0.81261116,34.65834525413811,0,17,2010,1
2010-01-18,25.659993322938703,0.81261116,34.667500806972384,0,18,2010,1
2010-01-19,25.64999332316222,0.81261116,34.667500806972384,0,19,2010,1
2010-01-20,25.589993324503325,0.99814254,34.667500806972384,0,20,2010,1
2010-01-21,25.229993332549952,1.146277,34.68276006169617,1,21,2010,1
2010-01-22,25.199993333220505,3.8676448,34.702597092837095,1,22,2010,1
2010-01-23,25.289993331208848,2.0219448,34.70717486925423,1,23,2010,1
2010-01-24,25.669993322715186,1.0713786,34.70564894378185,0,24,2010,1
2010-01-25,25.639993323385738,1.2667929,34.69649339094758,0,25,2010,1
2010-01-26,25.699993322044634,1.1717608,34.67055265791714,0,26,2010,1
2010-01-27,25.809993319585942,0.64459294,34.66139710508287,0,27,2010,1
2010-01-28,25.779993320256494,0.6181892,34.66444895602763,0,28,2010,1
2010-01-29,25.789993320032977,1.0053481,34.68276006169617,1,29,2010,1
2010-01-30,25.789993320032977,1.3270514,34.71175264567137,5,30,2010,1
2010-01-31,25.859993318468355,1.2301244,34.725485974922776,0,31,2010,1
2010-02-01,26.079993313550972,1.8153565,34.72243412397802,2,32,2010,2
2010-02-02,26.18999331109228,1.9790533,34.73006375133991,1,33,2010,2
2010-02-03,25.40999332852664,0.65279406,34.728537825867534,5,34,2010,2
2010-02-04,25.439993327856087,1.395496,34.7239600494504,7,35,2010,2
2010-02-05,25.469993327185534,1.0958533,34.716330422088504,3,36,2010,2
2010-02-06,25.519993326067947,1.2800709,34.713278571143746,1,37,2010,2
2010-02-07,25.549993325397395,1.0491495,34.71022672019899,3,38,2010,2
2010-02-08,25.859993318468355,0.7170445,34.716330422088504,2,39,2010,2
2010-02-09,26.759993298351787,0.48403424,34.728537825867534,2,40,2010,2
2010-02-10,26.719993299245857,1.1547904,34.73158967681229,7,41,2010,2
2010-02-11,26.719993299245857,0.83455133,34.7239600494504,3,42,2010,2
2010-02-12,26.739993298798822,0.44740406,34.73158967681229,2,43,2010,2
2010-02-13,26.589993302151584,0.7605723,34.74074522964656,3,44,2010,2
2010-02-14,26.449993305280827,0.37653816,34.73311560228467,0,45,2010,2
2010-02-15,26.45999330505731,0.56719434,34.714804496616125,1,46,2010,2
2010-02-16,26.439993305504345,0.5409889,34.71785634756088,3,47,2010,2
2010-02-17,26.409993306174897,1.1982865,34.739219304174185,12,48,2010,2
2010-02-18,26.30999330841007,1.089506,34.73464152775705,3,49,2010,2
2010-02-19,26.41999330595138,2.1629186,34.73158967681229,6,50,2010,2
2010-02-20,26.249993309751176,1.7918298,34.73158967681229,3,51,2010,2
2010-02-21,26.239993309974693,1.5372683,34.73006375133991,3,52,2010,2
2010-02-22,27.0399932920933,1.0823815,34.73158967681229,9,53,2010,2
2010-02-23,27.129993290081643,0.96739954,34.725485974922776,21,54,2010,2
2010-02-24,27.07999329119923,0.9355238,34.73311560228467,8,55,2010,2
2010-02-25,26.429993305727862,0.9137577,34.74684893153608,5,56,2010,2
2010-02-26,26.469993304833793,1.7347487,34.73311560228467,6,57,2010,2
2010-02-27,26.549993303045653,0.83879,34.72090819850564,1,58,2010,2
2010-02-28,26.599993301928066,0.76401263,34.71175264567137,3,59,2010,2
2010-03-01,26.65999330058696,0.59592277,34.68886376358569,2,60,2010,3
2010-03-02,26.599993301928066,0.38129976,34.667500806972384,2,61,2010,3
2010-03-03,26.549993303045653,0.46318832,34.66139710508287,0,62,2010,3
2010-03-04,26.45999330505731,0.4509612,34.67055265791714,0,63,2010,3
2010-03-05,26.669993300363444,0.6046683,34.67055265791714,0,64,2010,3
2010-03-06,26.779993297904753,0.58068544,34.679708210751414,0,65,2010,3
2010-03-07,26.859993296116613,0.5225001,34.704123018309474,0,66,2010,3
2010-03-08,26.749993298575305,0.5206209,34.73616745322943,0,67,2010,3
2010-03-09,26.709993299469375,0.24696605,34.74379708059132,0,68,2010,3
2010-03-10,26.719993299245857,0.25002995,34.749900782480836,0,69,2010,3
2010-03-11,26.72999329902234,0.33553925,34.75600448437035,0,70,2010,3
2010-03-12,26.829993296787165,0.47794518,34.739219304174185,0,71,2010,3
2010-03-13,27.11999329030516,0.6926312,34.71022672019899,0,72,2010,3
2010-03-14,27.089993290975713,0.60476536,34.70870079472661,0,73,2010,3
2010-03-15,26.92999329455199,0.5654257,34.72090819850564,0,74,2010,3
2010-03-16,26.639993301033996,0.38333014,34.72090819850564,0,75,2010,3
2010-03-17,26.5799933023751,0.40701216,34.725485974922776,0,76,2010,3
2010-03-18,26.56999330259862,0.45115635,34.737693378701806,0,77,2010,3
2010-03-19,26.549993303045653,0.35989457,34.74227115511894,0,78,2010,3
2010-03-20,26.5799933023751,0.42438105,34.74684893153608,0,79,2010,3
2010-03-21,26.639993301033996,0.5906215,34.74379708059132,0,80,2010,3
2010-03-22,26.799993297457718,0.6199656,34.74227115511894,0,81,2010,3
2010-03-23,26.839993296563648,0.4703535,34.73616745322943,1,82,2010,3
2010-03-24,26.87999329566958,0.42328086,34.71938227303326,0,83,2010,3
2010-03-25,26.909993294999026,0.45518476,34.70870079472661,0,84,2010,3
2010-03-26,26.899993295222544,0.7834376,34.70717486925423,0,85,2010,3
2010-03-27,26.719993299245857,0.942183,34.68581191264093,0,86,2010,3
2010-03-28,26.61999330148103,1.0862294,34.653767477720976,0,87,2010,3
2010-03-29,26.599993301928066,1.069448,34.65071562677622,0,88,2010,3
2010-03-30,26.639993301033996,0.79923743,34.667500806972384,0,89,2010,3
2010-03-31,26.739993298798822,0.9128242,34.67207858338952,0,90,2010,3
2010-04-01,26.899993295222544,1.5190983,34.67207858338952,0,91,2010,4
2010-04-02,26.829993296787165,1.6704702,34.6736045088619,0,92,2010,4
2010-04-03,26.839993296563648,1.5788852,34.679708210751414,0,93,2010,4
2010-04-04,26.65999330058696,1.186277,34.67207858338952,0,94,2010,4
2010-04-05,26.599993301928066,1.9044887,34.66139710508287,0,95,2010,4
2010-04-06,26.669993300363444,0.85121256,34.66444895602763,0,96,2010,4
2010-04-07,26.87999329566958,0.95770323,34.67207858338952,0,97,2010,4
2010-04-08,27.069993291422747,0.88148725,34.66902673244476,0,98,2010,4
2010-04-09,27.129993290081643,0.61656594,34.65681932866573,0,99,2010,4
2010-04-10,27.30999328605833,0.4952702,34.64613785035908,0,100,2010,4
2010-04-11,27.359993284940742,0.37143284,34.63850822299719,0,101,2010,4
2010-04-12,27.419993283599638,0.34513494,34.620197117328644,0,102,2010,4
2010-04-13,27.519993281364464,0.33315125,34.61256748996675,0,103,2010,4
2010-04-14,27.23999328762295,0.41104302,34.62477489374578,0,104,2010,4
2010-04-15,27.179993288964056,0.4823139,34.618671191856265,0,105,2010,4
2010-04-16,27.089993290975713,0.54100615,34.62782674469054,0,106,2010,4
2010-04-17,26.8099932972342,0.45268595,34.65681932866573,0,107,2010,4
2010-04-18,26.799993297457718,0.67944837,34.68581191264093,0,108,2010,4
2010-04-19,26.87999329566958,0.38850287,34.69344154000282,0,109,2010,4
2010-04-20,26.949993294104956,0.4706623,34.69344154000282,0,110,2010,4
2010-04-21,26.96999329365792,0.46037403,34.702597092837095,0,111,2010,4
2010-04-22,27.009993292763852,0.7048653,34.690389689058065,0,112,2010,4
2010-04-23,27.65999327823522,0.57387406,34.6736045088619,0,113,2010,4
2010-04-24,27.649993278458737,0.7825295,34.66292303055525,0,114,2010,4
2010-04-25,27.649993278458737,0.73741615,34.653767477720976,0,115,2010,4
2010-04-26,27.689993277564668,0.7313798,34.630878595635295,0,116,2010,4
2010-04-27,27.729993276670598,0.34718174,34.59120453335345,0,117,2010,4
2010-04-28,27.80999327488246,0.34845927,34.57899712957442,0,118,2010,4
2010-04-29,28.00999327041211,0.4384156,34.58510083146393,0,119,2010,4
2010-04-30,28.039993269741558,0.56727564,34.5805230550468,0,120,2010,4
2010-05-01,28.059993269294523,0.77042466,34.5728934276849,0,121,2010,5
2010-05-02,28.109993268176936,0.5142366,34.557634172961116,0,122,2010,5
2010-05-03,28.149993267282866,0.5451621,34.56221194937825,0,123,2010,5
2010-05-04,28.209993265941762,0.60815525,34.5805230550468,0,124,2010,5
2010-05-05,28.19999326616528,0.44837737,34.59273045882583,0,125,2010,5
2010-05-06,28.42999326102438,0.5209463,34.59120453335345,0,126,2010,5
2010-05-07,28.47999325990679,0.460428,34.60036008618772,0,127,2010,5
2010-05-08,28.42999326102438,0.5053641,34.606463788077235,0,128,2010,5
2010-05-09,28.369993262365483,0.558641,34.606463788077235,0,129,2010,5
2010-05-10,28.309993263706588,0.42325044,34.5805230550468,0,130,2010,5
2010-05-11,28.309993263706588,0.3455498,34.56373787485063,0,131,2010,5
2010-05-12,28.39999326169493,0.30792913,34.55305639654398,0,132,2010,5
2010-05-13,28.42999326102438,0.26140764,34.54084899276495,0,133,2010,5
2010-05-14,28.539993258565687,0.34054902,34.54390084370971,0,134,2010,5
2010-05-15,28.599993257224583,0.3794338,34.583574905991554,0,135,2010,5
2010-05-16,28.639993256330513,0.37066603,34.629352670162916,0,136,2010,5
2010-05-17,28.649993256106995,0.42754477,34.64613785035908,0,137,2010,5
2010-05-18,28.619993256777548,0.49218553,34.60493786260486,0,138,2010,5
2010-05-19,28.599993257224583,0.4353923,34.546952694654465,0,139,2010,5
2010-05-20,28.47999325990679,0.5850064,34.53169343993068,0,140,2010,5
2010-05-21,28.449993260577344,0.5981103,34.53169343993068,0,141,2010,5
2010-05-22,28.329993263259553,0.65323025,34.54390084370971,0,142,2010,5
2010-05-23,28.309993263706588,0.63031596,34.569841576740146,0,143,2010,5
2010-05-24,28.349993262812518,0.44645044,34.582048980519176,0,144,2010,5
2010-05-25,28.489993259683274,0.4471228,34.57747120410204,0,145,2010,5
2010-05-26,28.619993256777548,0.4123133,34.582048980519176,0,146,2010,5
2010-05-27,28.799993252754234,0.36915886,34.57747120410204,0,147,2010,5
2010-05-28,28.719993254542374,0.3110867,34.57747120410204,0,148,2010,5
2010-05-29,28.46999326013031,0.44369373,34.60951563902199,0,149,2010,5
2010-05-30,28.459993260353826,0.4438687,34.629352670162916,0,150,2010,5
2010-05-31,28.62999325655403,0.44443178,34.607989713549614,0,151,2010,5
2010-06-01,28.74999325387182,0.4683339,34.57899712957442,0,152,2010,6
2010-06-02,28.799993252754234,0.37237558,34.55305639654398,0,153,2010,6
2010-06-03,28.829993252083682,0.3675023,34.55305639654398,0,154,2010,6
2010-06-04,28.89999325051906,0.36613944,34.559160098433495,0,155,2010,6
2010-06-05,28.93999324962499,0.32390454,34.55610824748874,0,156,2010,6
2010-06-06,29.0499932471663,0.33053938,34.559160098433495,0,157,2010,6
2010-06-07,29.159993244707607,0.34337878,34.5301675144583,0,158,2010,6
2010-06-08,29.199993243813537,0.36649773,34.524063812568784,0,159,2010,6
2010-06-09,29.24999324269595,0.3674855,34.52711566351354,0,160,2010,6
2010-06-10,29.36999324001374,0.2888092,34.49659715406597,0,161,2010,6
2010-06-11,29.449993238225602,0.31374615,34.50727863237262,0,162,2010,6
2010-06-12,29.449993238225602,0.26559445,34.51490825973451,0,163,2010,6
2010-06-13,28.729993254318856,0.21597828,34.49507122859359,0,164,2010,6
2010-06-14,28.50999325923624,0.26767337,34.475234197452664,0,165,2010,6
2010-06-15,28.689993255212926,0.3016587,34.47828604839742,0,166,2010,6
2010-06-16,29.039993247389816,0.47503123,34.46455271914601,0,167,2010,6
2010-06-17,29.219993243366503,0.46363765,34.44776753894985,0,168,2010,6
2010-06-18,29.259993242472433,0.4062793,34.43403420969844,0,169,2010,6
2010-06-19,29.389993239566707,0.41000497,34.424878656864166,0,170,2010,6
2010-06-20,29.429993238672637,0.42874652,34.449293464422226,0,171,2010,6
2010-06-21,29.419993238896154,0.4344719,34.414197178557515,0,172,2010,6
2010-06-22,29.32999324090781,0.43450183,34.37147126533091,0,173,2010,6
2010-06-23,29.32999324090781,0.5177664,34.36384163796902,0,174,2010,6
2010-06-24,29.36999324001374,0.5350696,34.270760184153914,0,175,2010,6
2010-06-25,29.299993241578363,0.3677913,34.22650834545493,0,176,2010,6
2010-06-26,30.509993214532756,0.3560096,34.281441662460566,0,177,2010,6
2010-06-27,30.439993216097378,0.41297078,34.35926386155188,0,178,2010,6
2010-06-28,30.469993215426825,0.4453755,34.342478681355715,0,179,2010,6
2010-06-29,30.369993217662,0.44952765,34.31043424643576,0,180,2010,6
2010-06-30,30.189993221685313,0.47595838,34.23108612187207,0,181,2010,6
2010-07-01,30.09999322369697,0.47597077,34.31348609738052,0,182,2010,7
2010-07-02,30.09999322369697,0.36735925,34.34705645777285,0,183,2010,7
2010-07-03,30.05999322459104,0.36392787,34.3867305200547,0,184,2010,7
2010-07-04,30.1399932228029,0.37055552,34.39436014741659,0,185,2010,7
2010-07-05,30.25999322012069,0.35216525,34.391308296471834,0,186,2010,7
2010-07-06,30.239993220567726,0.34479582,34.3577379360795,0,187,2010,7
2010-07-07,30.119993223249935,0.3476391,34.438611986115575,0,188,2010,7
2010-07-08,29.999993225932144,0.3384112,34.463026793673635,0,189,2010,7
2010-07-09,29.9099932279438,0.35668498,34.44166383706033,0,190,2010,7
2010-07-10,29.889993228390836,0.3534962,34.438611986115575,0,191,2010,7
2010-07-11,29.769993231073045,0.2917321,34.47828604839742,0,192,2010,7
2010-07-12,29.769993231073045,0.2642304,34.43250828422606,0,193,2010,7
2010-07-13,29.729993231967114,0.257293,34.379100892692804,0,194,2010,7
2010-07-14,29.729993231967114,0.37034908,34.449293464422226,0,195,2010,7
2010-07-15,29.689993232861184,0.3741949,34.440137911587954,0,196,2010,7
2010-07-16,29.6799932330847,0.37012026,34.412671253085136,0,197,2010,7
2010-07-17,29.589993235096358,0.3729359,34.353160159662366,0,198,2010,7
2010-07-18,29.489993237331532,0.36272594,34.17767873033881,0,199,2010,7
2010-07-19,29.419993238896154,0.35630614,34.19446391053498,0,200,2010,7
2010-07-20,29.32999324090781,0.41921496,34.089175052940845,0,201,2010,7
2010-07-21,29.239993242919468,0.41927558,34.06170839443803,0,202,2010,7
2010-07-22,29.219993243366503,0.53099597,33.91674547456205,0,203,2010,7
2010-07-23,29.199993243813537,0.5397635,33.90453807078302,0,204,2010,7
2010-07-24,29.16999324448409,0.545055,33.886226965114474,0,205,2010,7
2010-07-25,29.09999324604871,0.5265491,33.87859733775258,0,206,2010,7
2010-07-26,29.05999324694278,0.37344468,33.99761952459812,0,207,2010,7
2010-07-27,28.969993248954438,0.3747701,34.005249151960015,0,208,2010,7
2010-07-28,28.949993249401473,0.37205127,33.82061216980219,0,209,2010,7
2010-07-29,28.93999324962499,0.3879461,33.71379738673568,0,210,2010,7
2010-07-30,28.929993249848508,0.47588858,33.571886317804456,0,211,2010,7
2010-07-31,31.21999319866302,0.42392364,33.68633072823286,0,212,2010,7
2010-08-01,30.98999320380392,0.42392492,33.7626270018518,0,213,2010,8
2010-08-02,30.98999320380392,0.42392492,34.01135285384953,0,214,2010,8
2010-08-03,30.779993208497785,0.42392492,34.27686388604343,0,215,2010,8
2010-08-04,30.63999321162703,0.39798704,34.26618240773678,0,216,2010,8
2010-08-05,30.579993212968134,0.45165163,34.06170839443803,0,217,2010,8
2010-08-06,30.459993215650343,0.41459,34.064760245382786,0,218,2010,8
2010-08-07,30.349993218109034,0.38892087,33.980834344401956,0,219,2010,8
2010-08-08,30.199993221461796,0.3372044,33.8557084556669,0,220,2010,8
2010-08-09,30.09999322369697,0.29505563,33.85265660472214,0,221,2010,8
2010-08-10,30.089993223920487,0.31496707,33.71990108862519,0,222,2010,8
2010-08-11,30.009993225708627,0.2752512,33.742789970710874,0,223,2010,8
2010-08-12,29.929993227496766,0.2902392,33.78093810752034,0,224,2010,8
2010-08-13,29.809993230178975,0.27871457,33.85876030661166,0,225,2010,8
2010-08-14,29.739993231743597,0.303315,33.9060639962554,0,226,2010,8
2010-08-15,29.659993233531736,0.30228886,34.031189884990454,0,227,2010,8
2010-08-16,29.619993234425806,0.16694912,33.935056580230594,0,228,2010,8
2010-08-17,29.489993237331532,0.1668493,33.94268620759249,0,229,2010,8
2010-08-18,29.40999323911967,0.22711222,34.018982481211424,0,230,2010,8
2010-08-19,29.509993236884497,0.22113864,33.89996029436588,0,231,2010,8
2010-08-20,29.51999323666098,0.23726675,33.7839899584651,0,232,2010,8
2010-08-21,29.499993237108015,0.23583652,33.47270116209984,0,233,2010,8
2010-08-22,29.47999323755505,0.2252387,33.44523450359702,0,234,2010,8
2010-08-23,29.43999323844912,0.25776905,33.42081969603896,0,235,2010,8
2010-08-24,29.469993237778567,0.19639936,33.342997496947646,0,236,2010,8
2010-08-25,29.51999323666098,0.20382866,33.332316018640995,0,237,2010,8
2010-08-26,29.51999323666098,0.21801114,33.367412304505706,0,238,2010,8
2010-08-27,29.549993235990428,0.21337762,33.39793081395328,0,239,2010,8
2010-08-28,29.539993236213945,0.22317483,33.45744190737605,0,240,2010,8
2010-08-29,29.39999323934319,0.18844567,33.500167820602655,0,241,2010,8
2010-08-30,29.35999324023726,0.18944405,33.51542707532644,0,242,2010,8
2010-08-31,29.35999324023726,0.21953282,33.50932337343693,0,243,2010,8
2010-09-01,29.379993239790224,0.2108994,33.49406411871314,0,244,2010,9
2010-09-02,29.419993238896154,0.21697868,33.49864189513028,0,245,2010,9
2010-09-03,29.379993239790224,0.20902592,33.48643449135125,0,246,2010,9
2010-09-04,29.379993239790224,0.20877285,33.48490856587887,0,247,2010,9
2010-09-05,29.339993240684294,0.20004086,33.52916040457785,0,248,2010,9
2010-09-06,29.35999324023726,0.21400225,33.4681233856827,0,249,2010,9
2010-09-07,29.499993237108015,0.21377419,33.37656785733998,0,250,2010,9
2010-09-08,29.529993236437463,0.18525845,33.320108614861965,0,251,2010,9
2010-09-09,29.489993237331532,0.189983,33.26822714880109,0,252,2010,9
2010-09-10,29.459993238002085,0.18973541,33.42234562151134,0,253,2010,9
2010-09-11,29.36999324001374,0.17808722,33.66038999520242,0,254,2010,9
2010-09-12,29.24999324269595,0.19978192,33.597827050834894,0,255,2010,9
2010-09-13,29.09999324604871,0.19458772,33.657338144257665,0,256,2010,9
2010-09-14,29.139993245154642,0.19178043,33.716849237680435,0,257,2010,9
2010-09-15,29.139993245154642,0.18283866,33.463545609265566,0,258,2010,9
2010-09-16,29.149993244931125,0.19941823,33.16599014215171,0,259,2010,9
2010-09-17,29.149993244931125,0.17291443,33.08206424117088,0,260,2010,9
2010-09-18,29.08999324627223,0.17295986,33.25144196860492,0,261,2010,9
2010-09-19,29.0499932471663,0.17300145,33.37809378281236,0,262,2010,9
2010-09-20,29.029993247613334,0.176853,33.54289373382926,0,263,2010,9
2010-09-21,29.109993245825194,0.23333986,33.812982542440295,0,264,2010,9
2010-09-22,29.01999324783685,0.21816678,33.77025662921369,0,265,2010,9
2010-09-23,29.219993243366503,0.21087861,33.60087890177965,0,266,2010,9
2010-09-24,29.39999323934319,0.20767978,33.6115603800863,0,267,2010,9
2010-09-25,29.459993238002085,0.20491472,33.61613815650344,0,268,2010,9
2010-09-26,29.51999323666098,0.220541,33.82061216980219,0,269,2010,9
2010-09-27,29.549993235990428,0.23095684,33.88164918869734,0,270,2010,9
2010-09-28,29.539993236213945,0.21606852,33.89538251794875,0,271,2010,9
2010-09-29,29.429993238672637,0.23163679,33.886226965114474,0,272,2010,9
2010-09-30,29.32999324090781,0.24596028,33.848078828305006,0,273,2010,9
2010-10-01,29.259993242472433,0.22414882,33.75652329996228,0,274,2010,10
2010-10-02,29.299993241578363,0.23873241,33.753471449017525,0,275,2010,10
2010-10-03,29.31999324113133,0.22920917,33.88012326322496,0,276,2010,10
2010-10-04,29.279993242025398,0.21939044,33.88927881605923,0,277,2010,10
2010-10-05,29.189993244037055,0.23358382,33.91827140003443,0,278,2010,10
2010-10-06,29.16999324448409,0.21079256,33.91521954908967,0,279,2010,10
2010-10-07,29.229993243142985,0.21411033,33.98998989723623,0,280,2010,10
2010-10-08,29.16999324448409,0.21241193,33.85113067924976,0,281,2010,10
2010-10-09,29.139993245154642,0.20355341,33.6405529640615,0,282,2010,10
2010-10-10,29.039993247389816,0.28512824,33.45896783284843,0,283,2010,10
2010-10-11,29.00999324806037,0.30813462,33.53373818099499,0,284,2010,10
2010-10-12,28.919993250072025,0.29924777,33.66496777161956,0,285,2010,10
2010-10-13,28.949993249401473,0.27536815,33.4971159696579,0,286,2010,10
2010-10-14,28.879993250966095,0.20942807,33.46049375832081,0,287,2010,10
2010-10-15,28.85999325141313,0.21268803,33.590197423473,0,288,2010,10
2010-10-16,28.759993253648304,0.20198032,33.7626270018518,0,289,2010,10
2010-10-17,28.77999325320127,0.18185952,33.802301064133644,0,290,2010,10
2010-10-18,28.759993253648304,0.18195328,33.82213809527457,0,291,2010,10
2010-10-19,28.769993253424786,0.18319595,33.69701220653951,0,292,2010,10
2010-10-20,28.769993253424786,0.17165998,33.643604815006256,0,293,2010,10
2010-10-21,28.78999325297775,0.19766176,33.50779744796455,0,294,2010,10
2010-10-22,28.74999325387182,0.19800429,33.31858268938959,0,295,2010,10
2010-10-23,28.719993254542374,0.20573443,33.19345680065453,0,296,2010,10
2010-10-24,28.729993254318856,0.20927103,33.02560499869287,0,297,2010,10
2010-10-25,28.679993255436443,0.25901708,32.911160588264465,0,298,2010,10
2010-10-26,28.62999325655403,0.48598638,33.11410867609084,0,299,2010,10
2010-10-27,28.609993257001065,0.530549,33.43455302529037,0,300,2010,10
2010-10-28,28.579993257671617,0.6457178,33.57799001969397,0,301,2010,10
2010-10-29,28.539993258565687,0.6328692,33.71990108862519,0,302,2010,10
2010-10-30,28.539993258565687,0.6326808,33.95184176042676,0,303,2010,10
2010-10-31,28.46999326013031,0.59838,34.20209353789687,0,304,2010,10
2010-11-01,28.50999325923624,0.5841701,33.88927881605923,0,305,2010,11
2010-11-02,28.599993257224583,0.5869654,33.60393075272441,0,306,2010,11
2010-11-03,28.39999326169493,0.5935326,33.72447886504233,0,307,2010,11
2010-11-04,28.39999326169493,0.8205511,34.028138034045696,0,308,2010,11
2010-11-05,28.349993262812518,0.8231751,33.909115847200155,0,309,2010,11
2010-11-06,28.31999326348307,0.49748805,33.309427136555314,0,310,2010,11
2010-11-07,28.569993257895135,0.45693076,33.15530866384506,0,311,2010,11
2010-11-08,28.649993256106995,0.44929543,33.19650865159929,0,312,2010,11
2010-11-09,28.689993255212926,0.43630067,33.30179750919342,0,313,2010,11
2010-11-10,28.689993255212926,0.3272275,33.26975307427347,0,314,2010,11
2010-11-11,28.619993256777548,0.3156095,33.355204900726676,0,315,2010,11
2010-11-12,28.569993257895135,0.3350218,33.53373818099499,0,316,2010,11
2010-11-13,28.489993259683274,0.32233647,33.61308630555868,0,317,2010,11
2010-11-14,28.449993260577344,0.32825133,33.86791585944593,0,318,2010,11
2010-11-15,28.379993262141966,0.18644425,33.80840476602316,0,319,2010,11
2010-11-16,28.23999326527121,0.18572311,33.860286232084036,0,320,2010,11
2010-11-17,28.099993268400453,0.182936,33.8343454990536,0,321,2010,11
2010-11-18,28.15999326705935,0.21472767,33.848078828305006,0,322,2010,11
2010-11-19,28.08999326862397,0.2484323,33.812982542440295,0,323,2010,11
2010-11-20,28.069993269071006,0.26622516,33.70921961031854,0,324,2010,11
2010-11-21,27.85999327376487,0.4071817,33.75041959807277,0,325,2010,11
2010-11-22,27.839993274211906,0.4403741,33.547471510246396,0,326,2010,11
2010-11-23,27.84999327398839,0.430241,33.32316046580672,0,327,2010,11
2010-11-24,27.85999327376487,0.30310178,33.28653825446963,0,328,2010,11
2010-11-25,27.839993274211906,0.31027797,33.34757527336478,0,329,2010,11
2010-11-26,27.85999327376487,0.29388666,33.45591598190367,0,330,2010,11
2010-11-27,27.869993273541354,0.29277822,33.54289373382926,0,331,2010,11
2010-11-28,27.909993272647284,0.32486877,33.619190007448196,0,332,2010,11
2010-11-29,28.08999326862397,0.33444738,33.74584182165563,0,333,2010,11
2010-11-30,28.179993266612314,0.51930207,33.933530654758215,0,334,2010,11
2010-12-01,28.099993268400453,0.45645723,34.08459727652371,0,335,2010,12
2010-12-02,27.999993270635628,0.35531765,34.2143009416759,0,336,2010,12
2010-12-03,27.92999327220025,0.36823562,34.26007870584726,0,337,2010,12
2010-12-04,27.869993273541354,0.5339765,34.281441662460566,0,338,2010,12
2010-12-05,27.839993274211906,0.5465288,34.257026854902506,0,339,2010,12
2010-12-06,27.719993276894115,0.5463447,34.257026854902506,0,340,2010,12
2010-12-07,27.58999327979984,0.53937596,34.21735279262066,0,341,2010,12
2010-12-08,27.46999328248205,0.5352713,34.148686146363616,0,342,2010,12
2010-12-09,27.249993287399434,0.529952,34.08459727652371,0,343,2010,12
2010-12-10,27.15999328941109,0.5073373,34.03271581046283,0,344,2010,12
2010-12-11,27.0399932920933,0.39484468,33.944212133064866,0,345,2010,12
2010-12-12,27.029993292316817,0.45750627,33.86791585944593,0,346,2010,12
2010-12-13,27.009993292763852,0.45651707,33.81756031885743,0,347,2010,12
2010-12-14,27.019993292540335,0.6165553,33.73516034334898,0,348,2010,12
2010-12-15,27.0399932920933,0.61653954,33.67107147350907,0,349,2010,12
2010-12-16,27.089993290975713,0.36545172,33.55662706308067,0,350,2010,12
2010-12-17,27.07999329119923,0.3504193,33.54289373382926,0,351,2010,12
2010-12-18,28.559993258118652,0.43669322,33.55052336119115,0,352,2010,12
2010-12-19,28.62999325655403,0.55599666,33.535264106467366,0,353,2010,12
2010-12-20,28.649993256106995,0.5476605,33.739738119766116,0,354,2010,12
2010-12-21,28.449993260577344,0.57152355,33.99151582270861,0,355,2010,12
2010-12-22,28.16999326683583,0.72368544,34.11206393502653,0,356,2010,12
2010-12-23,27.959993271529697,0.89620614,34.0708639472723,0,357,2010,12
2010-12-24,27.77999327555301,1.0274316,33.919797325506806,0,358,2010,12
2010-12-25,27.58999327979984,0.9725263,33.884701039642096,0,359,2010,12
2010-12-26,27.339993285387777,0.92477995,33.75652329996228,0,360,2010,12
2010-12-27,27.15999328941109,0.9487722,33.64207888953388,0,361,2010,12
2010-12-28,27.11999329030516,0.9702419,33.646656665951014,0,362,2010,12
2010-12-29,27.029993292316817,0.69456315,33.814508467912674,0,363,2010,12
2010-12-30,26.99999329298737,0.7238102,33.909115847200155,0,364,2010,12
2010-12-31,26.88999329544606,0.7299927,33.92895287834108,0,365,2010,12
2011-01-01,26.839993296563648,0.7492435,33.96404916420579,0,1,2011,1
2011-01-02,26.739993298798822,0.8108893,34.017456555739045,0,2,2011,1
2011-01-03,26.709993299469375,0.7497574,34.102908382192254,0,3,2011,1
2011-01-04,26.699993299692892,0.7475077,34.186834283173084,0,4,2011,1
2011-01-05,26.629993301257514,0.66184986,34.307382395491004,0,5,2011,1
2011-01-06,26.529993303492688,0.6709616,34.38825644552708,0,6,2011,1
2011-01-07,26.429993305727862,0.6097922,34.377574967220426,0,7,2011,1
2011-01-08,26.33999330773952,0.63536483,34.38062681816518,0,8,2011,1
2011-01-09,26.29999330863359,0.63444424,34.36078978702426,0,9,2011,1
2011-01-10,26.289993308857106,0.77046615,34.30433054454625,0,10,2011,1
2011-01-11,26.30999330841007,0.7269072,34.32416757568717,0,11,2011,1
2011-01-12,26.219993310421728,0.9889212,34.34858238324523,0,12,2011,1
2011-01-13,26.119993312656902,1.074746,34.32416757568717,0,13,2011,1
2011-01-14,26.079993313550972,1.0403795,34.30890832096338,0,14,2011,1
2011-01-15,26.06999331377449,1.0416025,34.22803427092731,0,15,2011,1
2011-01-16,26.009993315115594,1.0763143,34.185308357700706,0,16,2011,1
2011-01-17,25.83999331891539,1.0763245,34.15631577372551,0,17,2011,1
2011-01-18,25.87999331802132,1.164074,34.17767873033881,0,18,2011,1
2011-01-19,25.9499933164567,1.163466,34.17615280486643,0,19,2011,1
2011-01-20,26.209993310645245,1.163921,34.22498241998255,0,20,2011,1
2011-01-21,26.439993305504345,1.3814956,34.21277501620352,0,21,2011,1
2011-01-22,26.489993304386758,1.9598459,34.16547132655978,0,22,2011,1
2011-01-23,26.399993306398414,1.9485818,34.08612320199609,0,23,2011,1
2011-01-24,26.41999330595138,1.0963408,34.04797506518662,0,24,2011,1
2011-01-25,26.25999330952766,0.9981916,34.06781209632754,0,25,2011,1
2011-01-26,26.18999331109228,1.0788913,34.064760245382786,0,26,2011,1
2011-01-27,26.129993312433385,1.3029295,34.052552841603756,0,27,2011,1
2011-01-28,26.079993313550972,1.4627485,34.06323431991041,0,28,2011,1
2011-01-29,26.03999331444504,1.6224926,34.12884911522269,0,29,2011,1
2011-01-30,25.98999331556263,1.5738878,34.20361946336925,0,30,2011,1
2011-01-31,25.9499933164567,1.7329774,34.29059721529484,0,31,2011,1
2011-02-01,25.99999331533911,1.6302339,34.365367563441396,0,32,2011,2
2011-02-02,26.089993313327454,1.3371959,34.43556013517082,0,33,2011,2
2011-02-03,26.089993313327454,0.55972135,34.48896752670407,0,34,2011,2
2011-02-04,26.099993313103937,0.5795458,34.50727863237262,0,35,2011,2
2011-02-05,26.009993315115594,0.54582965,34.47828604839742,0,36,2011,2
2011-02-06,25.979993315786146,0.62683654,34.440137911587954,0,37,2011,2
2011-02-07,25.939993316680216,0.96818775,34.403515700250864,0,38,2011,2
2011-02-08,27.54999328069391,1.2831653,34.293649066239595,0,39,2011,2
2011-02-09,27.519993281364464,0.77236795,34.22956019639969,0,40,2011,2
2011-02-10,27.50999328158798,0.77236795,34.1929379850626,0,41,2011,2
2011-02-11,27.38999328427019,0.5279401,34.18225650675595,0,42,2011,2
2011-02-12,27.38999328427019,0.45977253,34.21277501620352,0,43,2011,2
2011-02-13,27.219993288069986,0.565295,34.20819723978639,0,44,2011,2
2011-02-14,27.029993292316817,0.6701528,34.17767873033881,0,45,2011,2
2011-02-15,26.989993293210887,0.48783723,34.16699725203216,0,46,2011,2
2011-02-16,26.709993299469375,0.35374144,34.234137972816825,0,47,2011,2
2011-02-17,26.599993301928066,0.44776875,34.27686388604343,0,48,2011,2
2011-02-18,26.559993302822136,0.41771576,34.29822684265673,0,49,2011,2
2011-02-19,26.529993303492688,0.41770598,34.328745352104306,0,50,2011,2
2011-02-20,26.53999330326917,0.6771795,34.366893488913774,0,51,2011,2
2011-02-21,26.49999330416324,0.7756218,34.414197178557515,0,52,2011,2
2011-02-22,26.399993306398414,0.78478825,34.45234531536698,0,53,2011,2
2011-02-23,26.349993307516,0.7959467,34.498123079538345,0,54,2011,2
2011-02-24,26.33999330773952,0.7186878,34.533219365403056,0,55,2011,2
2011-02-25,26.349993307516,0.5625916,34.54847862012684,0,56,2011,2
2011-02-26,26.359993307292484,0.6304084,34.56373787485063,0,57,2011,2
2011-02-27,26.29999330863359,0.5638969,34.56068602390587,0,58,2011,2
2011-02-28,26.279993309080623,0.35655156,34.55000454559922,0,59,2011,2
2011-03-01,26.369993307068967,0.35679442,34.524063812568784,0,60,2011,3
2011-03-02,26.329993307963036,0.31779426,34.49354530312121,0,61,2011,3
2011-03-03,26.30999330841007,0.31739143,34.508804557845,0,62,2011,3
2011-03-04,26.22999331019821,0.2482478,34.51490825973451,0,63,2011,3
2011-03-05,26.29999330863359,0.29028147,34.48286382481456,0,64,2011,3
2011-03-06,26.239993309974693,0.6465474,34.440137911587954,0,65,2011,3
2011-03-07,26.449993305280827,0.589636,34.389782370999455,0,66,2011,3
2011-03-08,26.519993303716205,0.48448506,34.37604904174805,0,67,2011,3
2011-03-09,26.56999330259862,0.44972906,34.39436014741659,0,68,2011,3
2011-03-10,26.549993303045653,0.4435511,34.39588607288897,0,69,2011,3
2011-03-11,26.559993302822136,0.46634442,34.35926386155188,0,70,2011,3
2011-03-12,26.599993301928066,0.46634114,34.34400460682809,0,71,2011,3
2011-03-13,26.599993301928066,0.46607733,34.32569350115955,0,72,2011,3
2011-03-14,26.589993302151584,0.46605605,34.33332312852144,0,73,2011,3
2011-03-15,26.559993302822136,0.46639085,34.365367563441396,0,74,2011,3
2011-03-16,26.53999330326917,0.4850922,34.38215274363756,0,75,2011,3
2011-03-17,26.61999330148103,0.46984577,34.401989774778485,0,76,2011,3
2011-03-18,26.709993299469375,0.47034606,34.41877495497465,0,77,2011,3
2011-03-19,26.819993297010683,0.50978094,34.39893792383373,0,78,2011,3
2011-03-20,26.8099932972342,0.5104262,34.408093476668,0,79,2011,3
2011-03-21,26.819993297010683,0.54076946,34.414197178557515,0,80,2011,3
2011-03-22,26.869993295893096,0.59653425,34.41877495497465,0,81,2011,3
2011-03-23,26.84999329634013,0.8225831,34.414197178557515,0,82,2011,3
2011-03-24,26.839993296563648,0.68410647,34.39741199836135,0,83,2011,3
2011-03-25,26.819993297010683,0.68074423,34.36231571249664,0,84,2011,3
2011-03-26,26.799993297457718,0.703925,34.32264165021479,0,85,2011,3
2011-03-27,26.8099932972342,0.70254606,34.27381203509867,0,86,2011,3
2011-03-28,25.979993315786146,0.7226848,34.2432935256511,0,87,2011,3
2011-03-29,26.139993312209867,0.7800007,34.235663898289204,0,88,2011,3
2011-03-30,26.139993312209867,0.7357709,34.244819451123476,0,89,2011,3
2011-03-31,26.279993309080623,0.6945458,34.25244907848537,0,90,2011,3
2011-04-01,26.399993306398414,0.7292739,34.24787130206823,0,91,2011,4
2011-04-02,26.45999330505731,0.806598,34.23718982376158,0,92,2011,4
2011-04-03,26.599993301928066,0.69799995,34.22956019639969,0,93,2011,4
2011-04-04,26.749993298575305,0.57926553,34.22498241998255,0,94,2011,4
2011-04-05,26.839993296563648,0.5474743,34.209723165258765,0,95,2011,4
2011-04-06,26.779993297904753,0.5409051,34.186834283173084,0,96,2011,4
2011-04-07,26.72999329902234,0.59474105,34.173100953921676,0,97,2011,4
2011-04-08,26.8099932972342,0.55272466,34.17004910297692,0,98,2011,4
2011-04-09,26.839993296563648,0.5760437,34.185308357700706,0,99,2011,4
2011-04-10,26.96999329365792,0.52216095,34.220404643565416,0,100,2011,4
2011-04-11,26.99999329298737,0.4749251,34.257026854902506,0,101,2011,4
2011-04-12,27.07999329119923,0.5320139,34.282967587932944,0,102,2011,4
2011-04-13,27.19999328851702,0.4773728,34.30127869360149,0,103,2011,4
2011-04-14,27.2699932869524,0.4828544,34.30890832096338,0,104,2011,4
2011-04-15,27.2699932869524,0.48246807,34.3150120228529,0,105,2011,4
2011-04-16,27.30999328605833,0.48378152,34.318063873797655,0,106,2011,4
2011-04-17,27.799993275105976,0.4823335,34.30127869360149,0,107,2011,4
2011-04-18,27.909993272647284,0.41514754,34.29212314076722,0,108,2011,4
2011-04-19,27.8999932728708,0.3411358,34.29212314076722,0,109,2011,4
2011-04-20,27.709993277117633,0.33981106,34.27991573698819,0,110,2011,4
2011-04-21,27.69999327734115,0.33820605,34.26160463131964,0,111,2011,4
2011-04-22,27.689993277564668,0.33782995,34.232612047344446,0,112,2011,4
2011-04-23,27.719993276894115,0.3396094,34.22650834545493,0,113,2011,4
2011-04-24,27.719993276894115,0.42673776,34.257026854902506,0,114,2011,4
2011-04-25,27.639993278682255,0.426658,34.270760184153914,0,115,2011,4
2011-04-26,27.65999327823522,0.39406145,34.26160463131964,0,116,2011,4
2011-04-27,27.679993277788185,0.37564892,34.2432935256511,0,117,2011,4
2011-04-28,27.759993276000046,0.43078893,34.235663898289204,0,118,2011,4
2011-04-29,27.919993272423767,0.4307154,34.24176760017872,0,119,2011,4
2011-04-30,27.88999327309432,0.4280177,34.22498241998255,0,120,2011,4
2011-05-01,27.729993276670598,0.22721386,34.20209353789687,0,121,2011,5
2011-05-02,27.609993279352807,0.22826986,34.211249090731144,0,122,2011,5
2011-05-03,27.639993278682255,0.2282192,34.21277501620352,0,123,2011,5
2011-05-04,27.729993276670598,0.2282192,34.209723165258765,0,124,2011,5
2011-05-05,27.799993275105976,0.21361655,34.13495281711221,0,125,2011,5
2011-05-06,27.88999327309432,0.22536801,34.11206393502653,0,126,2011,5
2011-05-07,28.019993270188593,0.33009315,34.005249151960015,0,127,2011,5
2011-05-08,28.039993269741558,0.906896,33.96404916420579,0,128,2011,5
2011-05-09,27.959993271529697,0.91137797,33.993041748180985,0,129,2011,5
2011-05-10,27.999993270635628,0.91137797,33.919797325506806,0,130,2011,5
2011-05-11,28.059993269294523,0.91137797,33.82976772263646,0,131,2011,5
2011-05-12,28.31999326348307,0.8266414,33.884701039642096,0,132,2011,5
2011-05-13,28.539993258565687,0.98288214,33.92437510192394,0,133,2011,5
2011-05-14,28.729993254318856,0.75998324,33.96710101515055,0,134,2011,5
2011-05-15,28.759993253648304,0.7581847,34.03271581046283,0,135,2011,5
2011-05-16,28.77999325320127,0.601341,34.09680468030274,0,136,2011,5
2011-05-17,29.529993236437463,0.55717313,34.160893550142646,0,137,2011,5
2011-05-18,29.299993241578363,0.77336794,34.221930569037795,0,138,2011,5
2011-05-19,29.28999324180188,0.5698058,34.270760184153914,0,139,2011,5
2011-05-20,29.339993240684294,0.6079311,34.26160463131964,0,140,2011,5
2011-05-21,29.419993238896154,0.73308563,34.21735279262066,0,141,2011,5
2011-05-22,29.419993238896154,0.66170317,34.18378243222833,0,142,2011,5
2011-05-23,29.459993238002085,0.6097525,34.185308357700706,0,143,2011,5
2011-05-24,29.449993238225602,0.67347395,34.20361946336925,0,144,2011,5
2011-05-25,29.499993237108015,0.67317283,34.17615280486643,0,145,2011,5
2011-05-26,29.539993236213945,0.637748,34.15173799730837,0,146,2011,5
2011-05-27,29.489993237331532,0.6839167,34.148686146363616,0,147,2011,5
2011-05-28,29.429993238672637,0.6471952,34.049500990659,0,148,2011,5
2011-05-29,29.389993239566707,0.3162438,34.01287877932191,0,149,2011,5
2011-05-30,29.469993237778567,0.316244,34.03576766140759,0,150,2011,5
2011-05-31,29.51999323666098,0.316244,34.054078767076135,0,151,2011,5
2011-06-01,29.529993236437463,0.31644064,34.08001950010657,0,152,2011,6
2011-06-02,29.499993237108015,0.31644064,34.11664171144366,0,153,2011,6
2011-06-03,29.449993238225602,0.41252658,34.13342689163983,0,154,2011,6
2011-06-04,29.449993238225602,0.43294305,34.16547132655978,0,155,2011,6
2011-06-05,29.239993242919468,0.4912648,34.174626879394054,0,156,2011,6
2011-06-06,29.01999324783685,0.4740837,34.17920465581119,0,157,2011,6
2011-06-07,28.989993248507403,0.47368598,34.17004910297692,0,158,2011,6
2011-06-08,29.0499932471663,0.42341936,34.20361946336925,0,159,2011,6
2011-06-09,29.109993245825194,0.42777008,34.199041686952114,0,160,2011,6
2011-06-10,29.20999324359002,0.4296463,34.17615280486643,0,161,2011,6
2011-06-11,29.269993242248916,0.42963216,34.17615280486643,0,162,2011,6
2011-06-12,29.279993242025398,0.5211515,34.17767873033881,0,163,2011,6
2011-06-13,29.259993242472433,0.5214116,34.20056761242449,0,164,2011,6
2011-06-14,29.20999324359002,0.3710627,34.19446391053498,0,165,2011,6
2011-06-15,29.20999324359002,0.3509725,34.09833060577512,0,166,2011,6
2011-06-16,29.24999324269595,0.39912072,33.80993069149554,0,167,2011,6
2011-06-17,29.259993242472433,0.39912072,33.57646409422159,0,168,2011,6
2011-06-18,29.299993241578363,0.39912042,33.4971159696579,0,169,2011,6
2011-06-19,29.36999324001374,0.47297534,33.81908624432981,0,170,2011,6
2011-06-20,29.31999324113133,0.44363305,33.83129364810884,0,171,2011,6
2011-06-21,29.259993242472433,0.47277245,33.77178255468607,0,172,2011,6
2011-06-22,29.179993244260572,0.4777859,33.8053529150784,0,173,2011,6
2011-06-23,29.179993244260572,0.42656854,33.89080474153161,0,174,2011,6
2011-06-24,29.229993243142985,0.5844995,33.86333808302879,0,175,2011,6
2011-06-25,29.149993244931125,0.57281244,33.76720477826893,0,176,2011,6
2011-06-26,29.05999324694278,0.57280844,33.729056641459465,0,177,2011,6
2011-06-27,30.01999322548511,0.57281286,33.802301064133644,0,178,2011,6
2011-06-28,30.169993222132348,0.40285498,33.919797325506806,0,179,2011,6
2011-06-29,30.189993221685313,0.4022799,33.776360331103206,0,180,2011,6
2011-06-30,30.009993225708627,0.4023004,33.645130740478635,0,181,2011,6
2011-07-01,29.9099932279438,0.30700472,33.47880486398935,0,182,2011,7
2011-07-02,29.889993228390836,0.31935084,33.487960416823626,0,183,2011,7
2011-07-03,29.839993229508423,0.28454864,33.523056702688336,0,184,2011,7
2011-07-04,29.809993230178975,0.3064233,33.45744190737605,0,185,2011,7
2011-07-05,29.769993231073045,0.3066568,33.42081969603896,0,186,2011,7
2011-07-06,29.6799932330847,0.311789,33.58256779611111,0,187,2011,7
2011-07-07,29.589993235096358,0.2570671,33.547471510246396,0,188,2011,7
2011-07-08,29.499993237108015,0.25209782,33.48185671493411,0,189,2011,7
2011-07-09,29.43999323844912,0.24954616,33.41471599414945,0,190,2011,7
2011-07-10,29.449993238225602,0.28283072,33.3964048884809,0,191,2011,7
2011-07-11,29.35999324023726,0.2624318,33.40250859037042,0,192,2011,7
2011-07-12,29.389993239566707,0.2812749,33.404034515842795,0,193,2011,7
2011-07-13,29.36999324001374,0.28125426,33.38877526111901,0,194,2011,7
2011-07-14,29.39999323934319,0.28333282,33.43607895076275,0,195,2011,7
2011-07-15,29.379993239790224,0.28338686,33.584093721583486,0,196,2011,7
2011-07-16,29.379993239790224,0.27271965,33.73668626882136,0,197,2011,7
2011-07-17,29.279993242025398,0.29030088,33.75804922543466,0,198,2011,7
2011-07-18,29.189993244037055,0.28801736,33.79619736224413,0,199,2011,7
2011-07-19,29.149993244931125,0.2903893,33.80687884055078,0,200,2011,7
2011-07-20,29.08999324627223,0.336063,33.78246403299272,0,201,2011,7
2011-07-21,29.029993247613334,0.31480372,33.6405529640615,0,202,2011,7
2011-07-22,29.01999324783685,0.33040887,33.46964931115508,0,203,2011,7
2011-07-23,29.029993247613334,0.33041054,33.31400491297245,0,204,2011,7
2011-07-24,29.01999324783685,0.3303832,33.40861229225993,0,205,2011,7
2011-07-25,28.949993249401473,0.33028316,33.89233066700399,0,206,2011,7
2011-07-26,28.929993249848508,0.2916859,33.56578261591494,0,207,2011,7
2011-07-27,28.849993251636647,0.35562304,33.47270116209984,0,208,2011,7
2011-07-28,28.839993251860164,0.33151534,33.46201968379319,0,209,2011,7
2011-07-29,28.829993252083682,0.3309546,33.49406411871314,0,210,2011,7
2011-07-30,28.839993251860164,0.3256022,33.6115603800863,0,211,2011,7
2011-07-31,28.829993252083682,0.30362254,33.62834556028247,0,212,2011,7
2011-08-01,28.809993252530717,0.30471817,33.60393075272441,0,213,2011,8
2011-08-02,28.839993251860164,0.30077517,33.58256779611111,0,214,2011,8
2011-08-03,28.829993252083682,0.31454882,33.62376778386533,0,215,2011,8
2011-08-04,28.85999325141313,0.33424023,33.68480480276048,0,216,2011,8
2011-08-05,28.949993249401473,0.3125609,33.76873070374131,0,217,2011,8
2011-08-06,28.959993249177955,0.26667678,33.77025662921369,0,218,2011,8
2011-08-07,28.969993248954438,0.24006443,33.729056641459465,0,219,2011,8
2011-08-08,28.929993249848508,0.24007557,33.69548628106713,0,220,2011,8
2011-08-09,28.929993249848508,0.23980698,33.6115603800863,0,221,2011,8
2011-08-10,28.999993248283886,0.23657444,33.43150117434561,0,222,2011,8
2011-08-11,28.999993248283886,0.27781847,33.46201968379319,0,223,2011,8
2011-08-12,29.00999324806037,0.29566276,33.49101226776838,0,224,2011,8
2011-08-13,28.93999324962499,0.2804167,33.619190007448196,0,225,2011,8
2011-08-14,28.909993250295543,0.32495558,33.608508529141545,0,226,2011,8
2011-08-15,28.879993250966095,0.32641944,33.61308630555868,0,227,2011,8
2011-08-16,28.89999325051906,0.46715513,33.82976772263646,0,228,2011,8
2011-08-17,28.829993252083682,0.43416107,33.84502697736025,0,229,2011,8
2011-08-18,28.809993252530717,0.38777265,33.634449262171984,0,230,2011,8
2011-08-19,28.77999325320127,0.37016636,33.199560502544045,0,231,2011,8
2011-08-20,28.73999325409534,0.3670674,33.246864192187786,0,232,2011,8
2011-08-21,28.74999325387182,0.37075582,33.309427136555314,0,233,2011,8
2011-08-22,28.77999325320127,0.36946428,33.38419748470187,0,234,2011,8
2011-08-23,28.78999325297775,0.36432755,33.440656727179885,0,235,2011,8
2011-08-24,28.869993251189612,0.342097,33.58256779611111,0,236,2011,8
2011-08-25,28.959993249177955,0.28265512,33.60240482725203,0,237,2011,8
2011-08-26,28.999993248283886,0.28451985,33.59172334894538,0,238,2011,8
2011-08-27,29.069993246719264,0.28448725,33.5688344668597,0,239,2011,8
2011-08-28,29.08999324627223,0.28447005,33.49406411871314,0,240,2011,8
2011-08-29,28.39999326169493,0.2844911,33.489486342296004,0,241,2011,8
2011-08-30,28.769993253424786,0.2741518,33.4681233856827,0,242,2011,8
2011-08-31,28.74999325387182,0.2741778,33.43455302529037,0,243,2011,8
2011-09-01,28.74999325387182,0.30191454,33.439130801707506,0,244,2011,9
2011-09-02,28.77999325320127,0.24133028,33.44370857812464,0,245,2011,9
2011-09-03,28.77999325320127,0.21374941,33.417767845094204,0,246,2011,9
2011-09-04,28.8199932523072,0.21090317,33.391827112063766,0,247,2011,9
2011-09-05,28.8199932523072,0.23390126,33.417767845094204,0,248,2011,9
2011-09-06,28.879993250966095,0.23485063,33.404034515842795,0,249,2011,9
2011-09-07,28.849993251636647,0.22340998,33.36130860261619,0,250,2011,9
2011-09-08,28.78999325297775,0.23529857,33.332316018640995,0,251,2011,9
2011-09-09,28.759993253648304,0.37132305,33.237708639353514,0,252,2011,9
2011-09-10,28.769993253424786,0.3699805,33.130893856287,0,253,2011,9
2011-09-11,28.70999325476589,0.3377457,33.04849388077855,0,254,2011,9
2011-09-12,28.619993256777548,0.33000073,33.06375313550234,0,255,2011,9
2011-09-13,28.529993258789204,0.24124014,33.12173830345273,0,256,2011,9
2011-09-14,28.559993258118652,0.23280682,33.14920496195555,0,257,2011,9
2011-09-15,28.50999325923624,0.23280682,33.225501235574484,0,258,2011,9
2011-09-16,28.519993259012722,0.23279671,33.27585677616298,0,259,2011,9
2011-09-17,28.579993257671617,0.23193793,33.320108614861965,0,260,2011,9
2011-09-18,28.569993257895135,0.23182899,33.33536786958575,0,261,2011,9
2011-09-19,28.569993257895135,0.23042625,33.3033234346658,0,262,2011,9
2011-09-20,28.599993257224583,0.23035675,33.28043455258012,0,263,2011,9
2011-09-21,28.70999325476589,0.2295341,33.231604937464,0,264,2011,9
2011-09-22,28.649993256106995,0.2703792,33.164464216679335,0,265,2011,9
2011-09-23,28.639993256330513,0.2367652,33.162938291206956,0,266,2011,9
2011-09-24,28.639993256330513,0.26508248,33.187353098765016,0,267,2011,9
2011-09-25,28.689993255212926,0.24696355,33.283486403524876,0,268,2011,9
2011-09-26,28.78999325297775,0.6537182,33.62681963481009,0,269,2011,9
2011-09-27,28.869993251189612,0.6719174,33.5398418828845,0,270,2011,9
2011-09-28,28.879993250966095,0.6719256,33.38877526111901,0,271,2011,9
2011-09-29,28.78999325297775,0.67132366,33.346049347892404,0,272,2011,9
2011-09-30,28.729993254318856,0.67131627,33.342997496947646,0,273,2011,9
2011-10-01,28.70999325476589,0.65353566,33.36130860261619,0,274,2011,10
2011-10-02,28.78999325297775,0.6531825,33.28653825446963,0,275,2011,10
2011-10-03,28.849993251636647,0.58095115,33.21634568274021,0,276,2011,10
2011-10-04,28.849993251636647,0.61110485,33.07596053928137,0,277,2011,10
2011-10-05,28.799993252754234,0.3671414,32.99356056377292,0,278,2011,10
2011-10-06,28.809993252530717,0.36713842,32.90810873731971,0,279,2011,10
2011-10-07,28.889993250742577,0.36773446,32.81350135803223,0,280,2011,10
2011-10-08,28.85999325141313,0.37671173,32.87759022787213,0,281,2011,10
2011-10-09,28.849993251636647,0.37671173,32.959990203380585,0,282,2011,10
2011-10-10,28.769993253424786,0.35716987,32.8653828240931,0,283,2011,10
2011-10-11,28.759993253648304,0.35716987,32.89590133354068,0,284,2011,10
2011-10-12,28.689993255212926,0.35706124,32.88216800428927,0,285,2011,10
2011-10-13,28.719993254542374,0.3797536,32.85470134578645,0,286,2011,10
2011-10-14,29.82999322973194,0.42486447,32.873012451455,0,287,2011,10
2011-10-15,29.759993231296562,0.3076251,32.837916165590286,0,288,2011,10
2011-10-16,29.78999323062601,0.4611295,32.83486431464553,0,289,2011,10
2011-10-17,29.16999324448409,0.46019804,32.79671617783606,0,290,2011,10
2011-10-18,29.12999324537816,0.35492387,32.75856804102659,0,291,2011,10
2011-10-19,29.12999324537816,0.2748486,32.73873100988567,0,292,2011,10
2011-10-20,29.139993245154642,0.27680406,32.69753102213144,0,293,2011,10
2011-10-21,29.159993244707607,0.37642065,32.71736805327237,0,294,2011,10
2011-10-22,29.119993245601677,0.218097,32.81197543255985,0,295,2011,10
2011-10-23,29.109993245825194,0.38545164,32.96456797979772,0,296,2011,10
2011-10-24,29.109993245825194,0.38543156,33.02255314774811,0,297,2011,10
2011-10-25,29.199993243813537,0.42842674,33.103427197784185,0,298,2011,10
2011-10-26,29.239993242919468,0.40247723,33.21634568274021,0,299,2011,10
2011-10-27,29.24999324269595,0.31406012,33.391827112063766,0,300,2011,10
2011-10-28,29.189993244037055,0.32041165,33.66649369709194,0,301,2011,10
2011-10-29,29.109993245825194,0.27888638,33.82824179716408,0,302,2011,10
2011-10-30,29.08999324627223,0.34263974,33.838923275470734,0,303,2011,10
2011-10-31,29.00999324806037,0.33297598,33.835871424525976,0,304,2011,10
2011-11-01,29.01999324783685,0.32232386,33.884701039642096,0,305,2011,11
2011-11-02,28.959993249177955,0.34421125,33.896908443421125,0,306,2011,11
2011-11-03,28.869993251189612,0.35245633,33.835871424525976,0,307,2011,11
2011-11-04,28.799993252754234,0.3538333,33.67412332445383,0,308,2011,11
2011-11-05,28.679993255436443,0.36275473,33.62834556028247,0,309,2011,11
2011-11-06,28.5899932574481,0.36085162,33.39487896300852,0,310,2011,11
2011-11-07,28.489993259683274,0.34276393,33.271278999745846,0,311,2011,11
2011-11-08,28.46999326013031,0.2608158,33.19345680065453,0,312,2011,11
2011-11-09,28.539993258565687,0.26050293,33.15530866384506,0,313,2011,11
2011-11-10,28.829993252083682,0.29244828,33.03933832794428,0,314,2011,11
2011-11-11,28.969993248954438,0.23129259,33.03933832794428,0,315,2011,11
2011-11-12,28.97999324873092,0.26251337,33.20719012990594,0,316,2011,11
2011-11-13,28.85999325141313,0.26230666,33.23313086293638,0,317,2011,11
2011-11-14,28.769993253424786,0.28020632,33.52763447910547,0,318,2011,11
2011-11-15,28.659993255883478,0.25416723,33.753471449017525,0,319,2011,11
2011-11-16,28.47999325990679,0.29993382,33.88012326322496,0,320,2011,11
2011-11-17,28.31999326348307,0.31853664,33.95031583495438,0,321,2011,11
2011-11-18,28.31999326348307,0.34568024,33.9777824934572,0,322,2011,11
2011-11-19,28.209993265941762,0.3393969,33.94726398400962,0,323,2011,11
2011-11-20,28.16999326683583,0.33010933,33.90148621983826,0,324,2011,11
2011-11-21,27.909993272647284,0.33085188,33.8770714122802,0,325,2011,11
2011-11-22,27.839993274211906,0.7508856,33.93810843117535,0,326,2011,11
2011-11-23,27.81999327465894,0.75098956,33.970152866095304,0,327,2011,11
2011-11-24,27.81999327465894,0.7557309,33.98846397176385,0,328,2011,11
2011-11-25,27.789993275329493,0.6298425,34.02508618310094,0,329,2011,11
2011-11-26,27.799993275105976,0.7717158,34.03424173593521,0,330,2011,11
2011-11-27,27.77999327555301,0.81617093,33.98998989723623,0,331,2011,11
2011-11-28,27.829993274435424,1.6374727,33.970152866095304,0,332,2011,11
2011-11-29,27.799993275105976,0.8896914,33.886226965114474,0,333,2011,11
2011-11-30,27.649993278458737,0.42516106,33.680227026343346,0,334,2011,11
2011-12-01,27.559993280470394,0.46540818,33.41013821773231,0,335,2011,12
2011-12-02,29.029993247613334,0.31954113,33.06070128455758,0,336,2011,12
2011-12-03,28.829993252083682,0.48170787,32.88064207881689,0,337,2011,12
2011-12-04,28.85999325141313,0.48170787,33.10037534683943,0,338,2011,12
2011-12-05,28.74999325387182,0.5100188,33.115634601563215,0,339,2011,12
2011-12-06,28.559993258118652,0.5100188,33.10190127231181,0,340,2011,12
2011-12-07,28.369993262365483,0.6500341,33.10800497420132,0,341,2011,12
2011-12-08,28.189993266388797,0.6240505,33.16904199309647,0,342,2011,12
2011-12-09,27.919993272423767,0.7240682,33.17819754593074,0,343,2011,12
2011-12-10,27.769993275776528,0.7209172,33.103427197784185,0,344,2011,12
2011-12-11,27.649993278458737,0.656428,33.092745719477534,0,345,2011,12
2011-12-12,27.65999327823522,0.9778164,33.08664201758802,0,346,2011,12
2011-12-13,27.88999327309432,0.7579898,33.080538315698504,0,347,2011,12
2011-12-14,27.909993272647284,0.62441844,33.11258275061846,0,348,2011,12
2011-12-15,27.8999932728708,0.62619865,33.15683458931744,0,349,2011,12
2011-12-16,27.879993273317837,0.6259979,33.18277532234788,0,350,2011,12
2011-12-17,27.789993275329493,0.56523615,33.2819604780525,0,351,2011,12
2011-12-18,27.799993275105976,0.57970506,33.3750419318676,0,352,2011,12
2011-12-19,27.769993275776528,0.57668155,33.51542707532644,0,353,2011,12
2011-12-20,27.669993278011702,0.60071325,33.61613815650344,0,354,2011,12
2011-12-21,27.58999327979984,0.7056883,33.76720477826893,0,355,2011,12
2011-12-22,27.399993284046673,0.7266352,33.886226965114474,0,356,2011,12
2011-12-23,27.27999328672888,0.50680786,33.93047880381346,0,357,2011,12
2011-12-24,27.169993289187573,0.5125007,33.92590102739632,0,358,2011,12
2011-12-25,27.0399932920933,0.56402737,33.95336768589914,0,359,2011,12
2011-12-26,26.84999329634013,0.88186413,34.03576766140759,0,360,2011,12
2011-12-27,26.709993299469375,0.8327082,34.07238987274468,0,361,2011,12
2011-12-28,26.719993299245857,0.91158086,34.0708639472723,0,362,2011,12
2011-12-29,26.65999330058696,0.8904381,34.03271581046283,0,363,2011,12
2011-12-30,26.639993301033996,1.4541014,34.049500990659,0,364,2011,12
2011-12-31,26.68999329991641,1.3169665,34.06781209632754,0,365,2011,12
2012-01-01,26.859993296116613,1.6997826,34.06781209632754,0,1,2012,1
2012-01-02,26.88999329544606,1.5764039,34.066286170855165,0,2,2012,1
2012-01-03,26.87999329566958,0.9699606,34.049500990659,0,3,2012,1
2012-01-04,26.829993296787165,0.7138926,34.041871363297105,0,4,2012,1
2012-01-05,26.72999329902234,0.6047352,33.9777824934572,0,5,2012,1
2012-01-06,26.629993301257514,0.51245797,33.909115847200155,0,6,2012,1
2012-01-07,26.549993303045653,0.39846754,33.849604753777385,0,7,2012,1
2012-01-08,26.449993305280827,0.4106357,33.849604753777385,0,8,2012,1
2012-01-09,26.37999330684545,0.44119126,33.89233066700399,0,9,2012,1
2012-01-10,26.349993307516,0.9518768,33.91827140003443,0,10,2012,1
2012-01-11,26.329993307963036,1.0461502,33.921323250979185,0,11,2012,1
2012-01-12,26.289993308857106,1.1180558,33.91521954908967,0,12,2012,1
2012-01-13,26.239993309974693,1.0931724,33.92437510192394,0,13,2012,1
2012-01-14,26.18999331109228,0.5862657,33.910641772672534,0,14,2012,1
2012-01-15,27.129993290081643,0.57129204,33.898434368893504,0,15,2012,1
2012-01-16,27.019993292540335,0.66797805,33.896908443421125,0,16,2012,1
2012-01-17,27.029993292316817,0.45067254,33.909115847200155,0,17,2012,1
2012-01-18,27.0399932920933,0.4314671,33.91674547456205,0,18,2012,1
2012-01-19,26.99999329298737,0.45397666,33.85418253019452,0,19,2012,1
2012-01-20,26.979993293434404,0.45094466,33.81908624432981,0,20,2012,1
2012-01-21,26.92999329455199,0.39955568,33.812982542440295,0,21,2012,1
2012-01-22,26.869993295893096,0.49824592,33.8343454990536,0,22,2012,1
2012-01-23,26.749993298575305,0.6500649,33.835871424525976,0,23,2012,1
2012-01-24,26.469993304833793,0.7173823,33.84502697736025,0,24,2012,1
2012-01-25,26.479993304610275,0.6928323,33.898434368893504,0,25,2012,1
2012-01-26,26.479993304610275,0.64657056,33.94726398400962,0,26,2012,1
2012-01-27,26.389993306621932,0.7564088,33.98693804629147,0,27,2012,1
2012-01-28,26.369993307068967,0.8616571,33.99761952459812,0,28,2012,1
2012-01-29,26.349993307516,1.3248637,33.9991454500705,0,29,2012,1
2012-01-30,26.30999330841007,1.3687618,34.02508618310094,0,30,2012,1
2012-01-31,26.249993309751176,0.8056957,34.03881951235235,0,31,2012,1
2012-02-01,26.26999330930414,0.7782526,34.00830100290477,0,32,2012,2
2012-02-02,26.33999330773952,0.7186146,33.96710101515055,0,33,2012,2
2012-02-03,26.319993308186554,0.54627806,33.96557508967817,0,34,2012,2
2012-02-04,26.30999330841007,0.6152201,33.95031583495438,0,35,2012,2
2012-02-05,26.25999330952766,0.6154914,33.94268620759249,0,36,2012,2
2012-02-06,26.179993311315798,0.5731104,33.96404916420579,1,37,2012,2
2012-02-07,26.129993312433385,0.60215575,33.99609359912574,0,38,2012,2
2012-02-08,26.10999331288042,0.60218734,34.054078767076135,0,39,2012,2
2012-02-09,26.10999331288042,0.50250703,34.08001950010657,0,40,2012,2
2012-02-10,26.139993312209867,0.5241442,34.08459727652371,0,41,2012,2
2012-02-11,26.14999331198635,0.52950585,34.0998565312475,0,42,2012,2
2012-02-12,26.26999330930414,0.5349253,34.127323189750314,0,43,2012,2
2012-02-13,26.199993310868763,0.6218777,34.10443430766463,0,44,2012,2
2012-02-14,26.119993312656902,0.61190957,34.076967649161816,0,45,2012,2
2012-02-15,26.159993311762832,0.56866467,34.08459727652371,0,46,2012,2
2012-02-16,26.169993311539315,0.5776907,34.06781209632754,0,47,2012,2
2012-02-17,26.179993311315798,0.480759,34.052552841603756,0,48,2012,2
2012-02-18,26.129993312433385,0.46084332,34.00067137554288,0,49,2012,2
2012-02-19,26.059993313998007,0.44113427,33.97473064251244,0,50,2012,2
2012-02-20,25.979993315786146,0.4201305,33.95336768589914,0,51,2012,2
2012-02-21,25.9499933164567,0.8212247,33.933530654758215,0,52,2012,2
2012-02-22,27.059993291646265,0.6141885,33.945738058537245,0,53,2012,2
2012-02-23,27.129993290081643,0.6237287,33.97473064251244,0,54,2012,2
2012-02-24,27.149993289634608,0.5014112,33.98998989723623,0,55,2012,2
2012-02-25,27.249993287399434,0.41561335,33.994567673653364,0,56,2012,2
2012-02-26,27.249993287399434,0.3773147,34.00067137554288,0,57,2012,2
2012-02-27,27.15999328941109,0.4750002,34.03729358687997,0,58,2012,2
2012-02-28,27.07999329119923,0.46630207,34.07544172368944,0,59,2012,2
2012-02-29,27.22999328784647,0.39485162,34.07238987274468,0,60,2012,2
2012-03-01,27.179993288964056,0.48168555,34.06781209632754,0,61,2012,3
2012-03-02,27.169993289187573,0.48118767,34.07238987274468,0,62,2012,3
2012-03-03,27.109993290528678,0.48116538,34.05865654349327,0,63,2012,3
2012-03-04,26.96999329365792,0.41975972,34.07238987274468,0,64,2012,3
2012-03-05,26.979993293434404,0.37968263,34.0922269038856,0,65,2012,3
2012-03-06,26.84999329634013,0.42048094,34.09375282935798,0,66,2012,3
2012-03-07,26.76999329812827,0.36447436,34.11206393502653,0,67,2012,3
2012-03-08,26.68999329991641,0.3866958,34.12274541333318,0,68,2012,3
2012-03-09,26.65999330058696,0.43161872,34.127323189750314,0,69,2012,3
2012-03-10,26.679993300139927,0.42378172,34.14410836994648,0,70,2012,3
2012-03-11,26.699993299692892,0.42353082,34.13342689163983,0,71,2012,3
2012-03-12,26.72999329902234,0.42160743,34.12274541333318,0,72,2012,3
2012-03-13,26.779993297904753,0.39451265,34.10443430766463,0,73,2012,3
2012-03-14,26.859993296116613,0.45346788,34.13495281711221,0,74,2012,3
2012-03-15,26.859993296116613,0.42024693,34.17615280486643,0,75,2012,3
2012-03-16,26.819993297010683,0.41862494,34.20209353789687,0,76,2012,3
2012-03-17,26.87999329566958,0.37906274,34.24176760017872,0,77,2012,3
2012-03-18,26.939993294328474,0.44247282,34.25550092943013,0,78,2012,3
2012-03-19,27.029993292316817,0.4491458,34.258552780374885,0,79,2012,3
2012-03-20,26.99999329298737,0.4490784,34.2432935256511,0,80,2012,3
2012-03-21,26.99999329298737,0.46728233,34.20667131431401,0,81,2012,3
2012-03-22,27.029993292316817,0.46728233,34.18988613411784,0,82,2012,3
2012-03-23,28.54999325834217,0.46728233,34.15631577372551,0,83,2012,3
2012-03-24,28.149993267282866,0.47769848,34.09527875483036,0,84,2012,3
2012-03-25,28.27999326437714,0.4776821,34.13037504069507,1,85,2012,3
2012-03-26,28.15999326705935,0.47760418,34.162419475615025,0,86,2012,3
2012-03-27,28.07999326884749,0.47761053,34.148686146363616,0,87,2012,3
2012-03-28,27.979993271082662,0.52089524,34.13495281711221,0,88,2012,3
2012-03-29,27.909993272647284,0.5209072,34.13342689163983,0,89,2012,3
2012-03-30,27.84999327398839,0.5208557,34.136478742584586,0,90,2012,3
2012-03-31,27.85999327376487,0.5195321,34.150212071835995,0,91,2012,3
2012-04-01,27.529993281140946,0.36309445,34.162419475615025,0,92,2012,4
2012-04-02,27.54999328069391,0.3738473,34.162419475615025,0,93,2012,4
2012-04-03,27.729993276670598,0.23123936,34.173100953921676,0,94,2012,4
2012-04-04,27.789993275329493,0.27299,34.16852317750454,0,95,2012,4
2012-04-05,27.85999327376487,0.24100667,34.174626879394054,0,96,2012,4
2012-04-06,27.85999327376487,0.20917593,34.16852317750454,0,97,2012,4
2012-04-07,27.80999327488246,0.27500397,34.162419475615025,0,98,2012,4
2012-04-08,27.869993273541354,0.29543534,34.162419475615025,0,99,2012,4
2012-04-09,27.84999327398839,0.27981737,34.150212071835995,0,100,2012,4
2012-04-10,27.919993272423767,0.2803592,34.160893550142646,0,101,2012,4
2012-04-11,27.92999327220025,0.33218205,34.185308357700706,0,102,2012,4
2012-04-12,28.08999326862397,0.5313952,34.20209353789687,0,103,2012,4
2012-04-13,28.039993269741558,0.44087255,34.209723165258765,0,104,2012,4
2012-04-14,28.069993269071006,0.42121857,34.20819723978639,0,105,2012,4
2012-04-15,28.00999327041211,0.27819446,34.20056761242449,0,106,2012,4
2012-04-16,28.069993269071006,0.2913656,34.19598983600736,0,107,2012,4
2012-04-17,28.069993269071006,0.2913656,34.185308357700706,0,108,2012,4
2012-04-18,28.109993268176936,0.27679712,34.19598983600736,0,109,2012,4
2012-04-19,28.289993264153622,0.27988458,34.19446391053498,0,110,2012,4
2012-04-20,28.409993261471413,0.20100346,34.174626879394054,0,111,2012,4
2012-04-21,28.499993259459757,0.19419114,34.136478742584586,0,112,2012,4
2012-04-22,28.43999326080086,0.19555865,34.08001950010657,0,113,2012,4
2012-04-23,28.43999326080086,0.19236235,34.043397288769484,0,114,2012,4
2012-04-24,28.42999326102438,0.21639538,34.01287877932191,0,115,2012,4
2012-04-25,28.309993263706588,0.21413572,33.993041748180985,0,116,2012,4
2012-04-26,28.50999325923624,0.18361074,33.98541212081909,0,117,2012,4
2012-04-27,28.689993255212926,0.22846647,33.98541212081909,0,118,2012,4
2012-04-28,28.74999325387182,0.21246041,33.97320471704006,0,119,2012,4
2012-04-29,28.829993252083682,0.2175075,33.94726398400962,0,120,2012,4
2012-04-30,28.729993254318856,0.25428477,33.93963435664773,0,121,2012,4
2012-05-01,28.689993255212926,0.24590455,33.94268620759249,0,122,2012,5
2012-05-02,28.689993255212926,0.22901356,33.95947138778865,0,123,2012,5
2012-05-03,28.719993254542374,0.2289017,33.92437510192394,0,124,2012,5
2012-05-04,28.70999325476589,0.25494647,33.935056580230594,0,125,2012,5
2012-05-05,28.689993255212926,0.20379554,33.93047880381346,0,126,2012,5
2012-05-06,28.69999325498941,0.2083441,33.95947138778865,0,127,2012,5
2012-05-07,28.769993253424786,0.24013087,34.040345437824726,0,128,2012,5
2012-05-08,28.73999325409534,0.23897375,34.12884911522269,0,129,2012,5
2012-05-09,28.609993257001065,0.23541854,34.18073058128357,0,130,2012,5
2012-05-10,28.5899932574481,0.32137838,34.186834283173084,0,131,2012,5
2012-05-11,28.609993257001065,0.3686674,34.21735279262066,0,132,2012,5
2012-05-12,28.689993255212926,0.2920111,34.27991573698819,0,133,2012,5
2012-05-13,28.679993255436443,0.25856078,34.30280461907387,0,134,2012,5
2012-05-14,28.759993253648304,0.2366721,34.26160463131964,0,135,2012,5
2012-05-15,28.829993252083682,0.23445384,34.209723165258765,0,136,2012,5
2012-05-16,28.889993250742577,0.21268415,34.11664171144366,0,137,2012,5
2012-05-17,28.889993250742577,0.22476879,34.05865654349327,0,138,2012,5
2012-05-18,28.839993251860164,0.22525604,34.043397288769484,0,139,2012,5
2012-05-19,28.829993252083682,0.22451046,33.99151582270861,0,140,2012,5
2012-05-20,28.89999325051906,0.21520184,33.85418253019452,0,141,2012,5
2012-05-21,29.00999324806037,0.18587233,33.67412332445383,0,142,2012,5
2012-05-22,29.00999324806037,0.23766705,33.71379738673568,0,143,2012,5
2012-05-23,29.039993247389816,0.2677971,33.68480480276048,0,144,2012,5
2012-05-24,29.0499932471663,0.40803602,33.75652329996228,0,145,2012,5
2012-05-25,29.36999324001374,0.2316217,33.78551588393748,0,146,2012,5
2012-05-26,29.729993231967114,0.23280554,33.80687884055078,0,147,2012,5
2012-05-27,29.799993230402492,0.2776711,33.78093810752034,0,148,2012,5
2012-05-28,29.699993232637667,0.27769423,33.704641833901405,0,149,2012,5
2012-05-29,29.62999323420229,0.2828001,33.86486400850117,0,150,2012,5
2012-05-30,29.6799932330847,0.3002547,33.788567734882236,0,151,2012,5
2012-05-31,29.70999323241415,0.27212462,33.69548628106713,0,152,2012,5
2012-06-01,29.699993232637667,0.27212358,33.64818259142339,0,153,2012,6
2012-06-02,29.649993233755254,0.2835009,33.71532331220806,0,154,2012,6
2012-06-03,29.589993235096358,0.3081327,33.727530715987086,0,155,2012,6
2012-06-04,29.579993235319876,0.30649608,33.704641833901405,0,156,2012,6
2012-06-05,29.549993235990428,0.30972302,33.693960355594754,0,157,2012,6
2012-06-06,29.589993235096358,0.27183595,33.70006405748427,0,158,2012,6
2012-06-07,29.70999323241415,0.29010844,33.71379738673568,0,159,2012,6
2012-06-08,29.86999322883787,0.29010844,33.71379738673568,0,160,2012,6
2012-06-09,29.969993226602696,0.21901916,33.71379738673568,0,161,2012,6
2012-06-10,30.01999322548511,0.23935257,33.72447886504233,0,162,2012,6
2012-06-11,29.999993225932144,0.21239085,33.742789970710874,0,163,2012,6
2012-06-12,29.929993227496766,0.17964876,33.7336344178766,0,164,2012,6
2012-06-13,29.849993229284905,0.18007047,33.69701220653951,0,165,2012,6
2012-06-14,29.739993231743597,0.273859,33.643604815006256,0,166,2012,6
2012-06-15,29.689993232861184,0.26917884,33.645130740478635,0,167,2012,6
2012-06-16,29.689993232861184,0.25239792,33.668019622564316,0,168,2012,6
2012-06-17,29.659993233531736,0.25368088,33.669545548036695,0,169,2012,6
2012-06-18,29.63999323397877,0.24899289,33.67412332445383,0,170,2012,6
2012-06-19,29.63999323397877,0.24534474,33.69853813201189,0,171,2012,6
2012-06-20,29.609993234649323,0.24534474,33.718375163152814,0,172,2012,6
2012-06-21,29.569993235543393,0.28878832,33.72447886504233,0,173,2012,6
2012-06-22,29.449993238225602,0.24272296,33.65276036784053,0,174,2012,6
2012-06-23,29.429993238672637,0.22923388,33.58867149800062,0,175,2012,6
2012-06-24,29.449993238225602,0.22629689,33.59172334894538,0,176,2012,6
2012-06-25,29.35999324023726,0.2260243,33.6115603800863,0,177,2012,6
2012-06-26,29.24999324269595,0.24472095,33.56425669044256,0,178,2012,6
2012-06-27,29.199993243813537,0.30352813,33.71532331220806,0,179,2012,6
2012-06-28,29.119993245601677,0.2892399,33.764152927324176,0,180,2012,6
2012-06-29,29.139993245154642,0.2936398,33.716849237680435,0,181,2012,6
2012-06-30,29.08999324627223,0.28886223,33.59172334894538,0,182,2012,6
2012-07-01,29.109993245825194,0.28751752,33.655812218785286,0,183,2012,7
2012-07-02,29.179993244260572,0.28559464,33.69548628106713,0,184,2012,7
2012-07-03,29.199993243813537,0.27641752,33.56578261591494,0,185,2012,7
2012-07-04,29.24999324269595,0.28464082,33.610034454613924,0,186,2012,7
2012-07-05,29.259993242472433,0.28985506,33.58256779611111,0,187,2012,7
2012-07-06,29.229993243142985,0.27435628,33.62376778386533,0,188,2012,7
2012-07-07,29.179993244260572,0.27137876,33.619190007448196,0,189,2012,7
2012-07-08,29.139993245154642,0.26159045,33.610034454613924,0,190,2012,7
2012-07-09,29.109993245825194,0.23338553,33.4971159696579,0,191,2012,7
2012-07-10,29.149993244931125,0.22983345,33.40861229225993,1,192,2012,7
2012-07-11,29.09999324604871,0.23581146,33.356730826199055,0,193,2012,7
2012-07-12,29.149993244931125,0.21675159,33.26212344691157,0,194,2012,7
2012-07-13,29.149993244931125,0.21787336,33.18582717329264,0,195,2012,7
2012-07-14,29.199993243813537,0.2183781,33.10190127231181,0,196,2012,7
2012-07-15,29.239993242919468,0.30973902,33.07596053928137,0,197,2012,7
2012-07-16,29.299993241578363,0.32065523,33.07290868833661,0,198,2012,7
2012-07-17,29.269993242248916,0.26979163,33.09427164494991,0,199,2012,7
2012-07-18,29.229993243142985,0.26979163,33.140049409121275,0,200,2012,7
2012-07-19,29.20999324359002,0.26979738,33.25144196860492,0,201,2012,7
2012-07-20,29.149993244931125,0.26979738,33.37656785733998,0,202,2012,7
2012-07-21,29.08999324627223,0.26964808,33.46049375832081,0,203,2012,7
2012-07-22,29.079993246495746,0.2879716,33.42234562151134,0,204,2012,7
2012-07-23,29.08999324627223,0.2879716,33.35825675167143,0,205,2012,7
2012-07-24,29.069993246719264,0.26964793,33.321634540334344,0,206,2012,7
2012-07-25,29.00999324806037,0.26971576,33.29111603088677,0,207,2012,7
2012-07-26,28.97999324873092,0.26979297,33.29874565824866,0,208,2012,7
2012-07-27,28.89999325051906,0.25200427,33.307901211082935,0,209,2012,7
2012-07-28,28.889993250742577,0.20434164,33.40708636678755,0,210,2012,7
2012-07-29,28.879993250966095,0.2835162,33.65886406973004,0,211,2012,7
2012-07-30,28.879993250966095,0.2783584,33.81145661696792,0,212,2012,7
2012-07-31,28.869993251189612,0.27850336,33.79924921318889,0,213,2012,7
2012-08-01,28.849993251636647,0.27597952,33.74889367260039,0,214,2012,8
2012-08-02,28.879993250966095,0.25881225,33.704641833901405,0,215,2012,8
2012-08-03,28.869993251189612,0.2762687,33.620715932920575,0,216,2012,8
2012-08-04,28.89999325051906,0.27626953,33.53068633005023,0,217,2012,8
2012-08-05,28.97999324873092,0.27634913,33.465071534737945,0,218,2012,8
2012-08-06,28.989993248507403,0.27642682,33.43760487623513,0,219,2012,8
2012-08-07,28.999993248283886,0.27649686,33.43302709981799,0,220,2012,8
2012-08-08,28.959993249177955,0.27649686,33.42234562151134,0,221,2012,8
2012-08-09,28.959993249177955,0.23571339,33.39945673942566,0,222,2012,8
2012-08-10,28.959993249177955,0.214516,33.367412304505706,0,223,2012,8
2012-08-11,28.879993250966095,0.2307058,33.33841972053051,0,224,2012,8
2012-08-12,28.85999325141313,0.23070541,33.33536786958575,0,225,2012,8
2012-08-13,28.799993252754234,0.24645977,33.41013821773231,0,226,2012,8
2012-08-14,28.78999325297775,0.2177258,33.50627152249217,0,227,2012,8
2012-08-15,28.769993253424786,0.213563,33.501693746075034,0,228,2012,8
2012-08-16,28.799993252754234,0.21255904,33.47880486398935,0,229,2012,8
2012-08-17,28.729993254318856,0.20327081,33.39793081395328,0,230,2012,8
2012-08-18,28.70999325476589,0.20112805,33.260597521439195,0,231,2012,8
2012-08-19,28.679993255436443,0.19007419,33.346049347892404,0,232,2012,8
2012-08-20,28.639993256330513,0.19240896,33.40098266489804,0,233,2012,8
2012-08-21,28.649993256106995,0.16416264,33.41471599414945,0,234,2012,8
2012-08-22,28.689993255212926,0.19406436,33.39793081395328,0,235,2012,8
2012-08-23,28.69999325498941,0.19548117,33.41319006867707,0,236,2012,8
2012-08-24,28.77999325320127,0.1986764,33.42387154698372,0,237,2012,8
2012-08-25,28.869993251189612,0.15295616,33.41013821773231,0,238,2012,8
2012-08-26,28.89999325051906,0.15545964,33.417767845094204,0,239,2012,8
2012-08-27,28.959993249177955,0.16471645,33.426923397928476,0,240,2012,8
2012-08-28,28.989993248507403,0.16488774,33.40250859037042,0,241,2012,8
2012-08-29,28.889993250742577,0.16367476,33.25601974502206,0,242,2012,8
2012-08-30,28.889993250742577,0.16182362,33.07290868833661,0,243,2012,8
2012-08-31,28.879993250966095,0.16384396,32.97677538357675,0,244,2012,8
2012-09-01,28.85999325141313,0.16613422,32.9660939052701,0,245,2012,9
2012-09-02,28.89999325051906,0.21170847,33.12173830345273,0,246,2012,9
2012-09-03,28.89999325051906,0.20341568,33.04849388077855,0,247,2012,9
2012-09-04,28.949993249401473,0.1871535,32.80892358161509,0,248,2012,9
2012-09-05,28.929993249848508,0.1857475,32.6792199164629,0,249,2012,9
2012-09-06,28.989993248507403,0.15883417,32.90658281184733,0,250,2012,9
2012-09-07,28.93999324962499,0.15158519,33.47117523662746,0,251,2012,9
2012-09-08,28.889993250742577,0.15538366,33.500167820602655,0,252,2012,9
2012-09-09,28.919993250072025,0.18363924,33.40861229225993,0,253,2012,9
2012-09-10,29.029993247613334,0.18292724,33.333841944113374,0,254,2012,9
2012-09-11,29.00999324806037,0.18293533,33.223975310102105,0,255,2012,9
2012-09-12,28.89999325051906,0.17106077,33.25144196860492,0,256,2012,9
2012-09-13,28.77999325320127,0.1712125,33.35825675167143,0,257,2012,9
2012-09-14,28.849993251636647,0.18830837,33.465071534737945,0,258,2012,9
2012-09-15,28.869993251189612,0.18830147,33.47422708757222,0,259,2012,9
2012-09-16,28.909993250295543,0.18837865,33.465071534737945,0,260,2012,9
2012-09-17,28.929993249848508,0.19740081,33.416241919621825,0,261,2012,9
2012-09-18,28.889993250742577,0.21111025,33.23923456482589,0,262,2012,9
2012-09-19,28.85999325141313,0.19740707,33.28806417994201,0,263,2012,9
2012-09-20,28.849993251636647,0.20246232,33.379619708284736,0,264,2012,9
2012-09-21,28.949993249401473,0.2073146,33.2102419808507,0,265,2012,9
2012-09-22,28.85999325141313,0.1892218,33.222449384629726,0,266,2012,9
2012-09-23,28.829993252083682,0.2029852,33.259071595966816,0,267,2012,9
2012-09-24,28.809993252530717,0.21450791,33.297219732776284,0,268,2012,9
2012-09-25,28.849993251636647,0.24685124,33.405560441315174,0,269,2012,9
2012-09-26,28.929993249848508,0.2478644,33.42234562151134,0,270,2012,9
2012-09-27,28.999993248283886,0.2646042,33.429975248873234,0,271,2012,9
2012-09-28,29.01999324783685,0.24761847,33.4467604290694,0,272,2012,9
2012-09-29,28.93999324962499,0.2662185,33.439130801707506,0,273,2012,9
2012-09-30,28.869993251189612,0.26624247,33.32926416769624,0,274,2012,9
2012-10-01,28.829993252083682,0.28545317,33.342997496947646,0,275,2012,10
2012-10-02,28.89999325051906,0.284291,33.42081969603896,0,276,2012,10
2012-10-03,28.93999324962499,0.2631909,33.4681233856827,0,277,2012,10
2012-10-04,28.929993249848508,0.28119966,33.332316018640995,0,278,2012,10
2012-10-05,28.85999325141313,0.2759208,33.06985683739185,0,279,2012,10
2012-10-06,28.85999325141313,0.2672285,33.19498272612691,0,280,2012,10
2012-10-07,28.849993251636647,0.27324924,33.3750419318676,0,281,2012,10
2012-10-08,28.73999325409534,0.28248012,33.524582628160715,0,282,2012,10
2012-10-09,28.729993254318856,0.27118072,33.68938257917762,0,283,2012,10
2012-10-10,28.639993256330513,0.2772447,33.957945462316275,0,284,2012,10
2012-10-11,28.639993256330513,0.2619327,33.9274269528687,0,285,2012,10
2012-10-12,28.579993257671617,0.3283634,33.668019622564316,0,286,2012,10
2012-10-13,28.609993257001065,0.3548933,33.463545609265566,0,287,2012,10
2012-10-14,28.539993258565687,0.35269237,33.610034454613924,0,288,2012,10
2012-10-15,28.519993259012722,0.35325694,33.9274269528687,0,289,2012,10
2012-10-16,28.449993260577344,0.3483092,33.99609359912574,0,290,2012,10
2012-10-17,28.50999325923624,0.3484812,33.8770714122802,0,291,2012,10
2012-10-18,28.539993258565687,0.3493159,34.043397288769484,0,292,2012,10
2012-10-19,28.579993257671617,0.41626713,34.12274541333318,0,293,2012,10
2012-10-20,28.5899932574481,0.4325366,34.1212194878608,0,294,2012,10
2012-10-21,28.62999325655403,0.37093884,34.10748615860939,0,295,2012,10
2012-10-22,28.599993257224583,0.36487678,34.113589860498905,0,296,2012,10
2012-10-23,28.5899932574481,0.39007744,34.101382456719875,0,297,2012,10
2012-10-24,28.599993257224583,0.46296683,34.090700978413224,0,298,2012,10
2012-10-25,28.559993258118652,0.74599344,34.07391579821706,0,299,2012,10
2012-10-26,28.369993262365483,0.77494365,34.06170839443803,0,300,2012,10
2012-10-27,28.179993266612314,0.7749446,34.06781209632754,0,301,2012,10
2012-10-28,28.11999326795342,0.77484727,34.13037504069507,0,302,2012,10
2012-10-29,28.149993267282866,0.57803303,34.14716022089124,0,303,2012,10
2012-10-30,28.189993266388797,0.5027556,34.1639454010874,0,304,2012,10
2012-10-31,28.149993267282866,0.44433135,34.102908382192254,0,305,2012,10
2012-11-01,28.189993266388797,0.38807923,34.113589860498905,0,306,2012,11
2012-11-02,28.189993266388797,0.29191133,34.08001950010657,0,307,2012,11
2012-11-03,28.189993266388797,0.46045372,34.06018246896565,0,308,2012,11
2012-11-04,28.299993263930105,0.40260774,34.01287877932191,0,309,2012,11
2012-11-05,28.379993262141966,0.52998036,33.84350105188787,0,310,2012,11
2012-11-06,28.42999326102438,0.3777017,33.98998989723623,0,311,2012,11
2012-11-07,28.38999326191845,0.345927,33.9777824934572,0,312,2012,11
2012-11-08,28.379993262141966,0.2980882,33.945738058537245,0,313,2012,11
2012-11-09,28.379993262141966,0.29200703,34.066286170855165,0,314,2012,11
2012-11-10,28.379993262141966,0.3885263,34.136478742584586,0,315,2012,11
2012-11-11,28.309993263706588,0.3884077,34.09375282935798,0,316,2012,11
2012-11-12,28.259993264824175,0.3884001,34.102908382192254,0,317,2012,11
2012-11-13,28.189993266388797,0.62045974,34.089175052940845,0,318,2012,11
2012-11-14,28.15999326705935,0.5865022,34.12274541333318,0,319,2012,11
2012-11-15,28.08999326862397,0.5864456,34.14410836994648,0,320,2012,11
2012-11-16,27.96999327130618,0.59868735,34.17767873033881,0,321,2012,11
2012-11-17,27.84999327398839,0.3292923,34.16852317750454,0,322,2012,11
2012-11-18,27.88999327309432,0.29852918,34.138004668056965,0,323,2012,11
2012-11-19,27.81999327465894,0.6906312,34.102908382192254,0,324,2012,11
2012-11-20,27.80999327488246,0.69128454,34.11664171144366,0,325,2012,11
2012-11-21,27.609993279352807,0.4506366,34.13342689163983,0,326,2012,11
2012-11-22,27.839993274211906,0.45593563,34.16852317750454,0,327,2012,11
2012-11-23,28.19999326616528,0.47708794,34.232612047344446,0,328,2012,11
2012-11-24,28.059993269294523,0.4593993,34.307382395491004,0,329,2012,11
2012-11-25,27.729993276670598,0.33298758,34.36231571249664,0,330,2012,11
2012-11-26,27.669993278011702,0.29688007,34.38825644552708,0,331,2012,11
2012-11-27,27.709993277117633,0.5743564,34.412671253085136,0,332,2012,11
2012-11-28,27.639993278682255,0.5169356,34.44318976253271,0,333,2012,11
2012-11-29,27.50999328158798,0.47837034,34.43098235875368,0,334,2012,11
2012-11-30,27.419993283599638,0.778539,34.41114532761276,0,335,2012,11
2012-12-01,27.489993282035016,1.1487304,34.39588607288897,0,336,2012,12
2012-12-02,27.81999327465894,0.8199978,34.365367563441396,0,337,2012,12
2012-12-03,27.989993270859145,0.60732317,34.35010830871761,0,338,2012,12
2012-12-04,27.979993271082662,0.60732317,34.33332312852144,0,339,2012,12
2012-12-05,27.92999327220025,0.75626147,34.30890832096338,0,340,2012,12
2012-12-06,27.80999327488246,0.7497469,34.23871574923396,0,341,2012,12
2012-12-07,27.669993278011702,0.73855746,34.269234258681536,0,342,2012,12
2012-12-08,27.54999328069391,0.47251835,34.28449351340532,0,343,2012,12
2012-12-09,27.46999328248205,0.33832368,34.23871574923396,0,344,2012,12
2012-12-10,27.599993279576324,0.31785074,34.22803427092731,0,345,2012,12
2012-12-11,27.57999328002336,0.24072911,34.25550092943013,0,346,2012,12
2012-12-12,27.519993281364464,0.23497708,34.24787130206823,0,347,2012,12
2012-12-13,27.459993282705568,0.23580395,34.26770833320916,0,348,2012,12
2012-12-14,27.529993281140946,0.36493084,34.29212314076722,0,349,2012,12
2012-12-15,27.649993278458737,0.5170094,34.30433054454625,0,350,2012,12
2012-12-16,27.69999327734115,0.6032652,34.3363749794662,0,351,2012,12
2012-12-17,27.629993278905772,0.5685154,34.39436014741659,0,352,2012,12
2012-12-18,27.649993278458737,3.5663908,34.366893488913774,0,353,2012,12
2012-12-19,27.54999328069391,2.272263,34.3150120228529,0,354,2012,12
2012-12-20,27.369993284717225,0.63438934,34.27686388604343,0,355,2012,12
2012-12-21,27.2699932869524,0.6661275,34.23108612187207,0,356,2012,12
2012-12-22,27.11999329030516,0.6657773,34.25397500395775,0,357,2012,12
2012-12-23,27.029993292316817,0.6325544,34.30890832096338,0,358,2012,12
2012-12-24,26.939993294328474,0.7176448,34.34705645777285,0,359,2012,12
2012-12-25,26.839993296563648,0.97744423,34.35926386155188,0,360,2012,12
2012-12-26,26.65999330058696,1.0732572,34.39283422194421,0,361,2012,12
2012-12-27,26.53999330326917,1.0358462,34.43403420969844,0,362,2012,12
2012-12-28,26.559993302822136,1.0358462,34.46455271914601,0,363,2012,12
2012-12-29,26.519993303716205,0.702927,34.47828604839742,0,364,2012,12
2012-12-30,26.559993302822136,0.6148769,34.475234197452664,0,365,2012,12
2012-12-31,26.529993303492688,0.5628582,34.48133789934218,0,366,2012,12
2013-01-01,26.519993303716205,0.82285875,34.46607864461839,0,1,2013,1
2013-01-02,26.449993305280827,0.76957095,34.44624161347747,0,2,2013,1
2013-01-03,26.449993305280827,0.7666533,34.41877495497465,0,3,2013,1
2013-01-04,26.45999330505731,0.86959434,34.45234531536698,3,4,2013,1
2013-01-05,26.41999330595138,0.79944694,34.46760457009077,0,5,2013,1
2013-01-06,26.329993307963036,0.65219736,34.46760457009077,0,6,2013,1
2013-01-07,26.249993309751176,0.7268346,34.45234531536698,0,7,2013,1
2013-01-08,26.179993311315798,0.7808524,34.4294564332813,0,8,2013,1
2013-01-09,26.14999331198635,0.7292482,34.403515700250864,0,9,2013,1
2013-01-10,26.14999331198635,0.76293856,34.39588607288897,0,10,2013,1
2013-01-11,26.179993311315798,0.7193283,34.38825644552708,0,11,2013,1
2013-01-12,26.129993312433385,1.2522434,34.37147126533091,0,12,2013,1
2013-01-13,26.089993313327454,1.2507197,34.36231571249664,0,13,2013,1
2013-01-14,26.079993313550972,0.93447894,34.39436014741659,0,14,2013,1
2013-01-15,26.06999331377449,0.86543906,34.42030088044703,0,15,2013,1
2013-01-16,26.009993315115594,0.8707881,34.35926386155188,0,16,2013,1
2013-01-17,25.99999331533911,0.8264169,34.316537948325276,0,17,2013,1
2013-01-18,26.06999331377449,0.8919755,34.33332312852144,0,18,2013,1
2013-01-19,26.06999331377449,0.64558184,34.32264165021479,0,19,2013,1
2013-01-20,26.099993313103937,0.64132667,34.30127869360149,0,20,2013,1
2013-01-21,26.10999331288042,0.45883146,34.27991573698819,0,21,2013,1
2013-01-22,26.10999331288042,0.495,34.28449351340532,0,22,2013,1
2013-01-23,26.049993314221524,0.44879436,34.29212314076722,0,23,2013,1
2013-01-24,26.089993313327454,0.38157308,34.28907128982246,0,24,2013,1
2013-01-25,25.98999331556263,0.3638869,34.28754536435008,0,25,2013,1
2013-01-26,26.019993314892076,0.37286603,34.282967587932944,0,26,2013,1
2013-01-27,25.969993316009663,0.37318483,34.30890832096338,0,27,2013,1
2013-01-28,25.969993316009663,0.32822075,34.33942683041096,0,28,2013,1
2013-01-29,25.979993315786146,0.32878974,34.35163423418999,0,29,2013,1
2013-01-30,25.95999331623318,0.332297,34.34858238324523,0,30,2013,1
2013-01-31,25.929993316903733,0.39703828,34.35621201060712,0,31,2013,1
2013-02-01,25.969993316009663,0.4233378,34.3867305200547,0,32,2013,2
2013-02-02,26.049993314221524,0.6704726,34.39741199836135,0,33,2013,2
2013-02-03,26.219993310421728,0.7232005,34.41877495497465,0,34,2013,2
2013-02-04,26.25999330952766,0.7460786,34.42335273139179,0,35,2013,2
2013-02-05,26.249993309751176,0.6632787,34.42335273139179,0,36,2013,2
2013-02-06,26.179993311315798,0.4801694,34.42335273139179,0,37,2013,2
2013-02-07,26.14999331198635,0.5091429,34.40046384930611,0,38,2013,2
2013-02-08,26.399993306398414,0.5597475,34.36384163796902,0,39,2013,2
2013-02-09,26.449993305280827,0.7032379,34.319589799270034,0,40,2013,2
2013-02-10,26.489993304386758,0.6022524,34.30127869360149,0,41,2013,2
2013-02-11,26.49999330416324,0.53402144,34.26770833320916,0,42,2013,2
2013-02-12,26.53999330326917,0.42050904,34.25092315301299,0,43,2013,2
2013-02-13,26.429993305727862,0.35605186,34.25092315301299,0,44,2013,2
2013-02-14,26.319993308186554,0.68657947,34.26007870584726,0,45,2013,2
2013-02-15,26.30999330841007,0.73078895,34.27228610962629,0,46,2013,2
2013-02-16,26.249993309751176,0.6669545,34.27838981151581,0,47,2013,2
2013-02-17,26.219993310421728,0.66674817,34.293649066239595,1,48,2013,2
2013-02-18,26.169993311539315,0.6665283,34.31348609738052,0,49,2013,2
2013-02-19,26.079993313550972,0.66296816,34.35010830871761,0,50,2013,2
2013-02-20,25.99999331533911,0.6648964,34.42030088044703,0,51,2013,2
2013-02-21,25.969993316009663,0.6300038,34.4294564332813,0,52,2013,2
2013-02-22,25.909993317350768,0.64393044,34.42030088044703,0,53,2013,2
2013-02-23,25.889993317797803,0.6454801,34.41877495497465,0,54,2013,2
2013-02-24,25.91999331712725,0.77077276,34.41877495497465,0,55,2013,2
2013-02-25,25.969993316009663,0.77076143,34.401989774778485,0,56,2013,2
2013-02-26,26.059993313998007,0.61264133,34.38367866910994,0,57,2013,2
2013-02-27,26.26999330930414,0.6157585,34.39741199836135,0,58,2013,2
2013-02-28,26.519993303716205,0.63504475,34.424878656864166,0,59,2013,2
2013-03-01,26.76999329812827,0.26229814,34.43250828422606,0,60,2013,3
2013-03-02,26.749993298575305,0.38633898,34.41877495497465,0,61,2013,3
2013-03-03,26.719993299245857,0.38633898,34.391308296471834,0,62,2013,3
2013-03-04,26.60999330170455,0.36203852,34.36384163796902,0,63,2013,3
2013-03-05,26.64999330081048,0.417505,34.32569350115955,0,64,2013,3
2013-03-06,26.559993302822136,0.40210873,34.31043424643576,0,65,2013,3
2013-03-07,26.529993303492688,0.4648606,34.31043424643576,0,66,2013,3
2013-03-08,26.489993304386758,0.4652998,34.34705645777285,0,67,2013,3
2013-03-09,26.479993304610275,0.46910542,34.36231571249664,0,68,2013,3
2013-03-10,26.549993303045653,0.49657476,34.3577379360795,0,69,2013,3
2013-03-11,26.639993301033996,1.121729,34.377574967220426,0,70,2013,3
2013-03-12,26.699993299692892,0.91335386,34.39893792383373,0,71,2013,3
2013-03-13,26.68999329991641,0.7933042,34.38367866910994,0,72,2013,3
2013-03-14,26.819993297010683,0.55858606,34.37147126533091,0,73,2013,3
2013-03-15,26.92999329455199,0.72591513,34.35621201060712,0,74,2013,3
2013-03-16,26.909993294999026,0.6893349,34.33484905399382,0,75,2013,3
2013-03-17,27.339993285387777,0.47363156,34.32264165021479,0,76,2013,3
2013-03-18,27.719993276894115,0.7512264,34.33332312852144,0,77,2013,3
2013-03-19,27.789993275329493,0.7512254,34.35926386155188,0,78,2013,3
2013-03-20,27.65999327823522,0.56381124,34.379100892692804,0,79,2013,3
2013-03-21,27.599993279576324,0.56381303,34.37452311627567,0,80,2013,3
2013-03-22,27.57999328002336,0.49443245,34.36841941438615,0,81,2013,3
2013-03-23,27.4999932818115,0.5045093,34.36231571249664,0,82,2013,3
2013-03-24,27.439993283152603,0.3442106,34.37604904174805,0,83,2013,3
2013-03-25,27.399993284046673,0.44300684,34.38520459458232,0,84,2013,3
2013-03-26,27.359993284940742,0.38146797,34.38520459458232,0,85,2013,3
2013-03-27,27.339993285387777,0.3143297,34.36231571249664,0,86,2013,3
2013-03-28,27.299993286281847,0.34280705,34.35010830871761,0,87,2013,3
2013-03-29,27.27999328672888,0.28011864,34.36231571249664,0,88,2013,3
2013-03-30,27.299993286281847,0.28935462,34.36994533985853,0,89,2013,3
2013-03-31,27.379993284493708,0.23532669,34.37299719080329,0,90,2013,3
2013-04-01,27.419993283599638,0.27428764,34.379100892692804,0,91,2013,4
2013-04-02,27.709993277117633,0.2983229,34.39436014741659,0,92,2013,4
2013-04-03,28.15999326705935,0.40259963,34.408093476668,0,93,2013,4
2013-04-04,28.229993265494727,0.40259963,34.401989774778485,0,94,2013,4
2013-04-05,28.39999326169493,0.40691605,34.39893792383373,0,95,2013,4
2013-04-06,28.339993263036035,0.41191664,34.39741199836135,0,96,2013,4
2013-04-07,28.189993266388797,0.326895,34.365367563441396,0,97,2013,4
2013-04-08,28.15999326705935,0.29940274,34.403515700250864,0,98,2013,4
2013-04-09,28.07999326884749,0.29839286,34.42030088044703,0,99,2013,4
2013-04-10,28.109993268176936,0.23749106,34.450819389894605,0,100,2013,4
2013-04-11,28.04999326951804,0.23719831,34.49659715406597,0,101,2013,4
2013-04-12,28.04999326951804,0.22151865,34.536271216347814,0,102,2013,4
2013-04-13,28.569993257895135,0.2636766,34.546952694654465,0,103,2013,4
2013-04-14,28.529993258789204,0.2579568,34.53779714182019,0,104,2013,4
2013-04-15,28.38999326191845,0.28302005,34.510330483317375,0,105,2013,4
2013-04-16,28.459993260353826,0.28782555,34.53779714182019,0,106,2013,4
2013-04-17,28.43999326080086,0.27964464,34.522537887096405,1,107,2013,4
2013-04-18,28.459993260353826,0.2063733,34.4798119738698,0,108,2013,4
2013-04-19,28.409993261471413,0.22949024,34.45539716631174,0,109,2013,4
2013-04-20,28.219993265718244,0.22949024,34.43403420969844,0,110,2013,4
2013-04-21,28.269993264600657,0.22948992,34.427930507808924,0,111,2013,4
2013-04-22,28.359993262589,0.38055006,34.44166383706033,0,112,2013,4
2013-04-23,28.46999326013031,0.38340712,34.50575270690024,0,113,2013,4
2013-04-24,28.459993260353826,0.2449853,34.57441935315728,0,114,2013,4
2013-04-25,28.46999326013031,0.25390583,34.61409341543913,0,115,2013,4
2013-04-26,28.47999325990679,0.30247128,34.6018860116601,0,116,2013,4
2013-04-27,28.459993260353826,0.31182212,34.57747120410204,0,117,2013,4
2013-04-28,28.489993259683274,0.37530273,34.53169343993068,0,118,2013,4
2013-04-29,28.66999325565996,0.39352867,34.46913049556315,0,119,2013,4
2013-04-30,28.799993252754234,0.32011816,34.426404582336545,0,120,2013,4
2013-05-01,28.969993248954438,0.30029765,34.39588607288897,0,121,2013,5
2013-05-02,29.05999324694278,0.31996775,34.36841941438615,0,122,2013,5
2013-05-03,29.28999324180188,0.3362162,34.330271277576685,0,123,2013,5
2013-05-04,29.51999323666098,0.26821434,34.316537948325276,0,124,2013,5
2013-05-05,29.589993235096358,0.3340795,34.32111572474241,0,125,2013,5
2013-05-06,29.509993236884497,0.3340795,34.35163423418999,0,126,2013,5
2013-05-07,29.499993237108015,0.490071,34.38825644552708,0,127,2013,5
2013-05-08,29.39999323934319,0.48997256,34.437086060643196,0,128,2013,5
2013-05-09,29.199993243813537,0.468699,34.44471568800509,0,129,2013,5
2013-05-10,29.179993244260572,0.24517722,34.427930507808924,0,130,2013,5
2013-05-11,29.259993242472433,0.24129368,34.389782370999455,0,131,2013,5
2013-05-12,29.349993240460776,0.24210906,34.36384163796902,0,132,2013,5
2013-05-13,29.24999324269595,0.2672573,34.354686085134745,0,133,2013,5
2013-05-14,29.239993242919468,0.2685587,34.35621201060712,0,134,2013,5
2013-05-15,29.20999324359002,0.28757113,34.37452311627567,0,135,2013,5
2013-05-16,29.179993244260572,0.2801341,34.39436014741659,0,136,2013,5
2013-05-17,29.119993245601677,0.25305423,34.41114532761276,0,137,2013,5
2013-05-18,29.0499932471663,0.24071923,34.401989774778485,0,138,2013,5
2013-05-19,29.01999324783685,0.2299317,34.34858238324523,0,139,2013,5
2013-05-20,29.24999324269595,0.21030337,34.33790090493858,0,140,2013,5
2013-05-21,29.59999323487284,0.21181203,34.27686388604343,0,141,2013,5
2013-05-22,29.839993229508423,0.21182418,34.270760184153914,0,142,2013,5
2013-05-23,29.919993227720283,0.26302108,34.281441662460566,0,143,2013,5
2013-05-24,29.859993229061388,0.26292932,34.15173799730837,0,144,2013,5
2013-05-25,29.86999322883787,0.1845187,34.1212194878608,0,145,2013,5
2013-05-26,29.86999322883787,0.24455366,34.11969356238842,0,146,2013,5
2013-05-27,29.78999323062601,0.2725065,34.13342689163983,0,147,2013,5
2013-05-28,29.699993232637667,0.27072263,34.1715750284493,0,148,2013,5
2013-05-29,29.62999323420229,0.25293148,34.23871574923396,0,149,2013,5
2013-05-30,29.689993232861184,0.23620586,34.22498241998255,0,150,2013,5
2013-05-31,29.71999323219063,0.29592323,34.15173799730837,0,151,2013,5
2013-06-01,29.82999322973194,0.3093177,34.018982481211424,0,152,2013,6
2013-06-02,29.94999322704973,0.3229392,33.89538251794875,0,153,2013,6
2013-06-03,29.959993226826214,0.344556,33.86638993397355,0,154,2013,6
2013-06-04,29.919993227720283,0.32409835,33.96252323873341,0,155,2013,6
2013-06-05,29.86999322883787,0.32408348,34.0708639472723,0,156,2013,6
2013-06-06,29.889993228390836,0.30947495,34.076967649161816,0,157,2013,6
2013-06-07,29.9099932279438,0.31195474,33.89538251794875,0,158,2013,6
2013-06-08,29.879993228614353,0.31299973,33.825189946219325,0,159,2013,6
2013-06-09,29.859993229061388,0.29757464,33.85265660472214,0,160,2013,6
2013-06-10,29.889993228390836,0.2930417,33.82976772263646,0,161,2013,6
2013-06-11,29.889993228390836,0.267973,33.77330848015845,0,162,2013,6
2013-06-12,29.839993229508423,0.26730996,33.73516034334898,0,163,2013,6
2013-06-13,29.769993231073045,0.26484692,33.69701220653951,0,164,2013,6
2013-06-14,29.66999323330822,0.26406032,33.68633072823286,0,165,2013,6
2013-06-15,29.63999323397877,0.26428047,33.65428629331291,0,166,2013,6
2013-06-16,29.63999323397877,0.26481873,33.58867149800062,0,167,2013,6
2013-06-17,29.619993234425806,0.26355413,33.571886317804456,0,168,2013,6
2013-06-18,29.62999323420229,0.2856697,33.716849237680435,0,169,2013,6
2013-06-19,29.66999323330822,0.29273415,33.72600479051471,0,170,2013,6
2013-06-20,29.589993235096358,0.3409921,33.75804922543466,0,171,2013,6
2013-06-21,29.509993236884497,0.3409989,33.727530715987086,0,172,2013,6
2013-06-22,29.40999323911967,0.34104794,33.753471449017525,0,173,2013,6
2013-06-23,29.389993239566707,0.3410029,33.79619736224413,0,174,2013,6
2013-06-24,29.419993238896154,0.3410027,33.85723438113928,0,175,2013,6
2013-06-25,29.32999324090781,0.3046994,33.886226965114474,0,176,2013,6
2013-06-26,29.219993243366503,0.3732206,33.77483440563083,0,177,2013,6
2013-06-27,29.179993244260572,0.44937822,33.718375163152814,1,178,2013,6
2013-06-28,29.09999324604871,0.44937173,33.71990108862519,0,179,2013,6
2013-06-29,29.12999324537816,0.44937173,33.727530715987086,0,180,2013,6
2013-06-30,29.179993244260572,0.3118167,33.60240482725203,0,181,2013,6
2013-07-01,29.32999324090781,0.3118167,33.55052336119115,0,182,2013,7
2013-07-02,29.429993238672637,0.3117692,33.58714557252824,0,183,2013,7
2013-07-03,29.43999323844912,0.31177074,33.646656665951014,0,184,2013,7
2013-07-04,29.469993237778567,0.31364825,33.60087890177965,0,185,2013,7
2013-07-05,29.469993237778567,0.27819154,33.500167820602655,0,186,2013,7
2013-07-06,29.419993238896154,0.27870363,33.442182652652264,0,187,2013,7
2013-07-07,29.449993238225602,0.29694152,33.41319006867707,0,188,2013,7
2013-07-08,29.539993236213945,0.33495033,33.367412304505706,0,189,2013,7
2013-07-09,29.549993235990428,0.33495033,33.32316046580672,0,190,2013,7
2013-07-10,29.55999323576691,0.30997628,33.30179750919342,0,191,2013,7
2013-07-11,29.469993237778567,0.3090558,33.34910119883716,0,192,2013,7
2013-07-12,29.489993237331532,0.30901712,33.332316018640995,0,193,2013,7
2013-07-13,29.469993237778567,0.31424516,33.297219732776284,0,194,2013,7
2013-07-14,29.489993237331532,0.2604565,33.332316018640995,0,195,2013,7
2013-07-15,29.469993237778567,0.2421811,33.25754567049444,0,196,2013,7
2013-07-16,29.469993237778567,0.25859034,33.24228641577065,0,197,2013,7
2013-07-17,29.389993239566707,0.25844872,33.27890862710774,0,198,2013,7
2013-07-18,29.339993240684294,0.25721166,33.246864192187786,0,199,2013,7
2013-07-19,29.309993241354846,0.25957522,33.17972347140312,0,200,2013,7
2013-07-20,29.239993242919468,0.2593405,33.080538315698504,0,201,2013,7
2013-07-21,29.159993244707607,0.25297874,33.117160527035594,0,202,2013,7
2013-07-22,29.149993244931125,0.24402231,33.34910119883716,0,203,2013,7
2013-07-23,29.149993244931125,0.23820098,33.41166414320469,0,204,2013,7
2013-07-24,29.159993244707607,0.23923637,33.33841972053051,0,205,2013,7
2013-07-25,29.139993245154642,0.23958677,33.2529678940773,0,206,2013,7
2013-07-26,29.139993245154642,0.27603638,33.477278938516974,0,207,2013,7
2013-07-27,29.039993247389816,0.25172788,33.451338205486536,0,208,2013,7
2013-07-28,29.029993247613334,0.27067852,33.28959010541439,0,209,2013,7
2013-07-29,29.00999324806037,0.22004154,33.007293893024325,0,210,2013,7
2013-07-30,28.999993248283886,0.23815139,32.99050871282816,0,211,2013,7
2013-07-31,28.989993248507403,0.22295755,33.09579757042229,0,212,2013,7
2013-08-01,29.139993245154642,0.23815092,33.20871605537832,0,213,2013,8
2013-08-02,29.43999323844912,0.23815092,33.20413827896118,0,214,2013,8
2013-08-03,29.569993235543393,0.24982886,33.36588637903333,0,215,2013,8
2013-08-04,29.539993236213945,0.24982989,33.70006405748427,0,216,2013,8
2013-08-05,29.569993235543393,0.25873804,33.6619159206748,0,217,2013,8
2013-08-06,29.529993236437463,0.25306007,33.72295293956995,0,218,2013,8
2013-08-07,29.499993237108015,0.2526164,33.99151582270861,0,219,2013,8
2013-08-08,29.40999323911967,0.28310132,34.043397288769484,0,220,2013,8
2013-08-09,29.379993239790224,0.24774165,33.83129364810884,0,221,2013,8
2013-08-10,29.40999323911967,0.24915445,33.62376778386533,0,222,2013,8
2013-08-11,29.389993239566707,0.24845487,33.57646409422159,0,223,2013,8
2013-08-12,29.35999324023726,0.24588777,33.47270116209984,0,224,2013,8
2013-08-13,29.259993242472433,0.25653586,33.38267155922949,0,225,2013,8
2013-08-14,29.199993243813537,0.2511925,33.38724933564663,0,226,2013,8
2013-08-15,29.149993244931125,0.26834604,33.332316018640995,0,227,2013,8
2013-08-16,29.149993244931125,0.2683112,33.45591598190367,0,228,2013,8
2013-08-17,29.05999324694278,0.35070485,33.54136780835688,0,229,2013,8
2013-08-18,29.00999324806037,0.31017584,33.56730854138732,0,230,2013,8
2013-08-19,28.949993249401473,0.2913743,33.59935297630727,0,231,2013,8
2013-08-20,28.889993250742577,0.312762,33.62529370933771,0,232,2013,8
2013-08-21,28.889993250742577,0.31278676,33.62376778386533,0,233,2013,8
2013-08-22,28.909993250295543,0.31504053,33.61766408197582,0,234,2013,8
2013-08-23,28.909993250295543,0.31732664,33.61308630555868,0,235,2013,8
2013-08-24,28.97999324873092,0.31731522,33.54289373382926,0,236,2013,8
2013-08-25,29.05999324694278,0.29744536,33.4253974724561,0,237,2013,8
2013-08-26,29.08999324627223,0.31731522,33.54289373382926,0,238,2013,8
2013-08-27,29.149993244931125,0.3413119,33.56273076497018,0,239,2013,8
2013-08-28,29.16999324448409,0.3413119,33.463545609265566,0,240,2013,8
2013-08-29,29.09999324604871,0.3413119,33.33536786958575,0,241,2013,8
2013-08-30,29.159993244707607,0.25384322,33.27738270163536,0,242,2013,8
2013-08-31,29.16999324448409,0.23422651,33.285012328997254,0,243,2013,8
2013-09-01,29.39999323934319,0.2868729,33.50474559701979,0,244,2013,9
2013-09-02,29.689993232861184,0.23230827,33.681752951815724,0,245,2013,9
2013-09-03,29.729993231967114,0.21842264,33.51542707532644,0,246,2013,9
2013-09-04,29.699993232637667,0.21272972,33.223975310102105,0,247,2013,9
2013-09-05,29.619993234425806,0.29120648,33.14920496195555,0,248,2013,9
2013-09-06,29.609993234649323,0.27063373,33.42081969603896,0,249,2013,9
2013-09-07,29.509993236884497,0.2683927,33.72447886504233,0,250,2013,9
2013-09-08,29.389993239566707,0.23662095,33.32621231675148,0,251,2013,9
2013-09-09,29.299993241578363,0.24545592,33.05764943361282,0,252,2013,9
2013-09-10,29.269993242248916,0.24904887,33.02255314774811,0,253,2013,9
2013-09-11,29.16999324448409,0.24937044,32.98135315999389,0,254,2013,9
2013-09-12,29.039993247389816,0.249543,32.95388650149107,0,255,2013,9
2013-09-13,28.909993250295543,0.27770174,33.06375313550234,0,256,2013,9
2013-09-14,28.959993249177955,0.28584868,33.130893856287,0,257,2013,9
2013-09-15,28.97999324873092,0.2784134,33.2026123534888,0,258,2013,9
2013-09-16,28.999993248283886,0.27949044,33.260597521439195,0,259,2013,9
2013-09-17,29.00999324806037,0.27932587,33.307901211082935,0,260,2013,9
2013-09-18,28.959993249177955,0.27838194,33.34910119883716,0,261,2013,9
2013-09-19,28.929993249848508,0.26624492,33.54136780835688,0,262,2013,9
2013-09-20,28.919993250072025,0.26599228,33.693960355594754,0,263,2013,9
2013-09-21,29.00999324806037,0.25292745,33.70769368484616,0,264,2013,9
2013-09-22,28.909993250295543,0.25293958,33.68480480276048,0,265,2013,9
2013-09-23,28.879993250966095,0.25211528,33.67412332445383,0,266,2013,9
2013-09-24,28.85999325141313,0.25212917,33.62987148575485,0,267,2013,9
2013-09-25,28.889993250742577,0.25212786,33.56273076497018,0,268,2013,9
2013-09-26,28.969993248954438,0.25206342,33.50932337343693,0,269,2013,9
2013-09-27,29.029993247613334,0.25206375,33.46201968379319,0,270,2013,9
2013-09-28,29.0499932471663,0.25133976,33.442182652652264,0,271,2013,9
2013-09-29,28.97999324873092,0.25157824,33.49253819324076,0,272,2013,9
2013-09-30,28.89999325051906,0.25127086,33.693960355594754,0,273,2013,9
2013-10-01,28.85999325141313,0.24092707,33.80687884055078,0,274,2013,10
2013-10-02,28.929993249848508,0.23506765,33.800775138661265,0,275,2013,10
2013-10-03,28.959993249177955,0.26930827,33.87859733775258,0,276,2013,10
2013-10-04,28.949993249401473,0.32058078,33.90148621983826,0,277,2013,10
2013-10-05,28.879993250966095,0.32001173,33.849604753777385,0,278,2013,10
2013-10-06,28.889993250742577,0.31532955,33.94268620759249,0,279,2013,10
2013-10-07,28.959993249177955,0.33490458,33.94726398400962,0,280,2013,10
2013-10-08,28.919993250072025,0.33362415,33.87096771039069,0,281,2013,10
2013-10-09,28.909993250295543,0.33362165,33.93658250570297,0,282,2013,10
2013-10-10,28.8199932523072,0.33874273,34.076967649161816,0,283,2013,10
2013-10-11,28.809993252530717,0.41216573,33.968626940622926,0,284,2013,10
2013-10-12,28.73999325409534,0.4389259,33.68785665370524,0,285,2013,10
2013-10-13,28.759993253648304,0.43892893,33.57646409422159,0,286,2013,10
2013-10-14,28.679993255436443,0.43866494,33.524582628160715,0,287,2013,10
2013-10-15,28.659993255883478,0.4386633,33.46964931115508,0,288,2013,10
2013-10-16,28.579993257671617,0.3609689,33.51695300079882,0,289,2013,10
2013-10-17,28.619993256777548,0.2886882,33.67717517539859,0,290,2013,10
2013-10-18,28.619993256777548,0.33873478,33.77941218204796,0,291,2013,10
2013-10-19,28.649993256106995,0.3104144,33.838923275470734,0,292,2013,10
2013-10-20,28.5899932574481,0.29969624,33.90148621983826,0,293,2013,10
2013-10-21,28.529993258789204,0.33790454,33.89538251794875,0,294,2013,10
2013-10-22,28.46999326013031,0.33789992,33.73516034334898,0,295,2013,10
2013-10-23,28.46999326013031,0.33527866,33.57951594516635,0,296,2013,10
2013-10-24,28.519993259012722,0.28569636,33.526108553633094,0,297,2013,10
2013-10-25,28.499993259459757,0.32233647,33.52763447910547,0,298,2013,10
2013-10-26,28.489993259683274,0.30196807,33.63902703858912,0,299,2013,10
2013-10-27,28.219993265718244,0.31475425,33.777886256575584,0,300,2013,10
2013-10-28,28.219993265718244,0.33597192,33.910641772672534,0,301,2013,10
2013-10-29,28.219993265718244,0.3321439,33.9777824934572,0,302,2013,10
2013-10-30,28.23999326527121,0.38827235,34.01440470479429,0,303,2013,10
2013-10-31,28.19999326616528,0.36593816,34.006775077432394,0,304,2013,10
2013-11-01,28.259993264824175,0.29383343,33.88164918869734,0,305,2013,11
2013-11-02,28.259993264824175,0.3035774,33.9274269528687,0,306,2013,11
2013-11-03,28.219993265718244,0.24972466,34.005249151960015,0,307,2013,11
2013-11-04,28.19999326616528,0.2784928,34.03271581046283,0,308,2013,11
2013-11-05,28.1299932677299,0.47382253,34.08459727652371,0,309,2013,11
2013-11-06,28.08999326862397,0.47038636,34.162419475615025,0,310,2013,11
2013-11-07,28.019993270188593,0.47088903,34.220404643565416,0,311,2013,11
2013-11-08,28.039993269741558,0.47090697,34.27991573698819,0,312,2013,11
2013-11-09,28.059993269294523,0.8512082,34.27991573698819,0,313,2013,11
2013-11-10,28.07999326884749,0.794769,34.25244907848537,0,314,2013,11
2013-11-11,28.039993269741558,0.7115381,34.221930569037795,0,315,2013,11
2013-11-12,27.909993272647284,0.7644686,34.18225650675595,0,316,2013,11
2013-11-13,27.81999327465894,0.65933484,34.138004668056965,0,317,2013,11
2013-11-14,27.839993274211906,0.59949815,34.127323189750314,0,318,2013,11
2013-11-15,27.959993271529697,0.6243925,34.11206393502653,0,319,2013,11
2013-11-16,27.939993271976732,0.6068525,34.10443430766463,0,320,2013,11
2013-11-17,27.81999327465894,0.437845,34.209723165258765,0,321,2013,11
2013-11-18,27.92999327220025,0.4039888,34.22498241998255,0,322,2013,11
2013-11-19,27.989993270859145,0.4190848,34.22498241998255,0,323,2013,11
2013-11-20,28.039993269741558,0.4190917,34.282967587932944,0,324,2013,11
2013-11-21,27.85999327376487,0.50502264,34.28754536435008,0,325,2013,11
2013-11-22,27.879993273317837,0.5049995,34.31196017190814,0,326,2013,11
2013-11-23,27.88999327309432,0.5046371,34.34705645777285,0,327,2013,11
2013-11-24,27.879993273317837,0.44516268,34.365367563441396,0,328,2013,11
2013-11-25,27.84999327398839,0.38637027,34.32569350115955,0,329,2013,11
2013-11-26,27.839993274211906,0.27824503,34.30127869360149,0,330,2013,11
2013-11-27,27.80999327488246,0.42674562,34.22498241998255,0,331,2013,11
2013-11-28,27.669993278011702,0.27346477,34.16699725203216,0,332,2013,11
2013-11-29,27.519993281364464,0.25948972,34.13037504069507,0,333,2013,11
2013-11-30,27.50999328158798,0.49775365,34.18836020864546,0,334,2013,11
2013-12-01,27.569993280246877,0.6886912,34.30890832096338,0,335,2013,12
2013-12-02,27.58999327979984,0.66565746,34.3867305200547,0,336,2013,12
2013-12-03,27.569993280246877,0.3628348,34.450819389894605,0,337,2013,12
2013-12-04,27.54999328069391,0.3988157,34.49354530312121,0,338,2013,12
2013-12-05,27.53999328091743,0.3735083,34.498123079538345,0,339,2013,12
2013-12-06,27.449993282929086,0.8380651,34.48133789934218,0,340,2013,12
2013-12-07,27.339993285387777,0.8681093,34.44776753894985,0,341,2013,12
2013-12-08,27.23999328762295,1.0105808,34.42182680591941,0,342,2013,12
2013-12-09,27.049993291869782,0.8109443,34.36994533985853,0,343,2013,12
2013-12-10,26.96999329365792,0.43226057,34.36231571249664,0,344,2013,12
2013-12-11,26.869993295893096,0.37683383,34.32416757568717,0,345,2013,12
2013-12-12,26.87999329566958,0.30180722,34.34400460682809,0,346,2013,12
2013-12-13,26.869993295893096,0.28443152,34.38520459458232,0,347,2013,12
2013-12-14,26.899993295222544,0.33406,34.43403420969844,0,348,2013,12
2013-12-15,26.91999329477551,0.39030397,34.473708271980286,0,349,2013,12
2013-12-16,27.029993292316817,0.5987411,34.50727863237262,0,350,2013,12
2013-12-17,27.099993290752195,0.67137957,34.50575270690024,0,351,2013,12
2013-12-18,27.209993288293504,0.5392415,34.51490825973451,0,352,2013,12
2013-12-19,27.23999328762295,0.36130548,34.52558973804116,0,353,2013,12
2013-12-20,27.18999328874054,0.3814962,34.48896752670407,0,354,2013,12
2013-12-21,27.149993289634608,0.31765687,34.44471568800509,0,355,2013,12
2013-12-22,27.029993292316817,0.3075774,34.426404582336545,0,356,2013,12
2013-12-23,26.979993293434404,0.3920871,34.426404582336545,0,357,2013,12
2013-12-24,26.91999329477551,0.39218247,34.42030088044703,0,358,2013,12
2013-12-25,26.8099932972342,0.40504548,34.43250828422606,0,359,2013,12
2013-12-26,26.629993301257514,0.2663951,34.40961940214038,0,360,2013,12
2013-12-27,26.519993303716205,0.23992194,34.42182680591941,0,361,2013,12
2013-12-28,26.53999330326917,0.239456,34.4294564332813,0,362,2013,12
2013-12-29,26.489993304386758,0.23899454,34.415723104029894,0,363,2013,12
2013-12-30,26.529993303492688,0.32528797,34.46607864461839,0,364,2013,12
2013-12-31,26.509993303939723,0.74167144,34.47065642103553,0,365,2013,12
2014-01-01,26.509993303939723,0.7555222,34.49507122859359,0,1,2014,1
2014-01-02,26.439993305504345,1.1212307,34.510330483317375,0,2,2014,1
2014-01-03,26.439993305504345,1.1186453,34.51643418520689,0,3,2014,1
2014-01-04,26.449993305280827,0.7757391,34.49507122859359,0,4,2014,1
2014-01-05,26.399993306398414,0.7182435,34.499649005010724,0,5,2014,1
2014-01-06,26.319993308186554,0.5180534,34.51338233426213,0,6,2014,1
2014-01-07,26.22999331019821,0.5811666,34.511856408789754,0,7,2014,1
2014-01-08,26.159993311762832,0.61728,34.50727863237262,0,8,2014,1
2014-01-09,26.129993312433385,0.5698742,34.522537887096405,0,9,2014,1
2014-01-10,26.129993312433385,0.5698709,34.54390084370971,0,10,2014,1
2014-01-11,26.169993311539315,0.56903964,34.55458232201636,0,11,2014,1
2014-01-12,26.079993313550972,0.5447164,34.56373787485063,0,12,2014,1
2014-01-13,25.99999331533911,0.5388547,34.59120453335345,0,13,2014,1
2014-01-14,25.969993316009663,0.5447143,34.6018860116601,0,14,2014,1
2014-01-15,25.969993316009663,0.47782746,34.6018860116601,0,15,2014,1
2014-01-16,25.91999331712725,0.392804,34.60493786260486,0,16,2014,1
2014-01-17,25.91999331712725,0.38611245,34.60036008618772,0,17,2014,1
2014-01-18,25.98999331556263,0.38585797,34.559160098433495,0,18,2014,1
2014-01-19,25.99999331533911,0.38717717,34.56831565126777,0,19,2014,1
2014-01-20,26.019993314892076,0.38828278,34.56221194937825,0,20,2014,1
2014-01-21,26.03999331444504,0.38764653,34.55000454559922,0,21,2014,1
2014-01-22,26.049993314221524,0.35579848,34.54237491823733,0,22,2014,1
2014-01-23,25.979993315786146,0.35500455,34.54847862012684,0,23,2014,1
2014-01-24,25.99999331533911,0.5993717,34.5515304710716,0,24,2014,1
2014-01-25,25.909993317350768,0.6500874,34.5515304710716,0,25,2014,1
2014-01-26,25.929993316903733,0.65971965,34.56831565126777,0,26,2014,1
2014-01-27,25.859993318468355,0.8095169,34.59883416071534,0,27,2014,1
2014-01-28,25.869993318244838,0.7629548,34.62782674469054,0,28,2014,1
2014-01-29,25.849993318691872,1.263609,34.641560073941946,0,29,2014,1
2014-01-30,25.79999331980946,1.1801115,34.653767477720976,0,30,2014,1
2014-01-31,25.75999332070353,1.1820334,34.66444895602763,0,31,2014,1
2014-02-01,25.819993319362425,1.1579152,34.66444895602763,0,32,2014,2
2014-02-02,25.979993315786146,1.3097255,34.65834525413811,0,33,2014,2
2014-02-03,25.939993316680216,1.2529378,34.63393044658005,0,34,2014,2
2014-02-04,26.06999331377449,0.75692815,34.64613785035908,0,35,2014,2
2014-02-05,26.14999331198635,0.6668439,34.65681932866573,0,36,2014,2
2014-02-06,25.939993316680216,0.7055273,34.64918970130384,0,37,2014,2
2014-02-07,25.87999331802132,0.38228267,34.6232489682734,0,38,2014,2
2014-02-08,25.87999331802132,0.4650375,34.59120453335345,0,39,2014,2
2014-02-09,25.889993317797803,0.45208612,34.57441935315728,0,40,2014,2
2014-02-10,25.929993316903733,0.2685343,34.545426769182086,0,41,2014,2
2014-02-11,25.969993316009663,0.2687044,34.54084899276495,0,42,2014,2
2014-02-12,26.099993313103937,0.26880902,34.53932306729257,0,43,2014,2
2014-02-13,26.059993313998007,0.4387846,34.536271216347814,0,44,2014,2
2014-02-14,26.119993312656902,0.43883428,34.49507122859359,0,45,2014,2
2014-02-15,26.089993313327454,0.5327145,34.48286382481456,0,46,2014,2
2014-02-16,25.98999331556263,0.47251055,34.48438975028694,0,47,2014,2
2014-02-17,25.95999331623318,0.41136935,34.46607864461839,0,48,2014,2
2014-02-18,25.979993315786146,0.41135225,34.45387124083936,0,49,2014,2
2014-02-19,25.98999331556263,0.6573383,34.449293464422226,0,50,2014,2
2014-02-20,25.95999331623318,0.65063626,34.45387124083936,0,51,2014,2
2014-02-21,25.939993316680216,0.6091766,34.45997494272888,0,52,2014,2
2014-02-22,25.87999331802132,0.39738435,34.45692309178412,0,53,2014,2
2014-02-23,25.909993317350768,0.40635252,34.43098235875368,0,54,2014,2
2014-02-24,26.009993315115594,0.4063548,34.43250828422606,0,55,2014,2
2014-02-25,26.059993313998007,0.29416808,34.437086060643196,0,56,2014,2
2014-02-26,25.99999331533911,0.38084623,34.43098235875368,0,57,2014,2
2014-02-27,25.95999331623318,0.5440428,34.41877495497465,0,58,2014,2
2014-02-28,25.95999331623318,0.7084478,34.41114532761276,0,59,2014,2
2014-03-01,26.169993311539315,0.6124846,34.408093476668,0,60,2014,3
2014-03-02,26.41999330595138,0.583792,34.40504162572324,0,61,2014,3
2014-03-03,26.319993308186554,0.81072825,34.41114532761276,0,62,2014,3
2014-03-04,25.969993316009663,0.67925906,34.424878656864166,0,63,2014,3
2014-03-05,26.019993314892076,0.45425004,34.44318976253271,0,64,2014,3
2014-03-06,25.87999331802132,0.454248,34.46607864461839,0,65,2014,3
2014-03-07,25.829993319138907,0.44278455,34.498123079538345,0,66,2014,3
2014-03-08,25.969993316009663,0.4790526,34.54237491823733,0,67,2014,3
2014-03-09,26.209993310645245,0.53577393,34.59730823524296,0,68,2014,3
2014-03-10,26.22999331019821,0.7839594,34.63850822299719,0,69,2014,3
2014-03-11,26.22999331019821,0.74917674,34.67665635980666,0,70,2014,3
2014-03-12,26.289993308857106,0.727577,34.68581191264093,1,71,2014,3
2014-03-13,26.319993308186554,0.48679847,34.6949674654752,0,72,2014,3
2014-03-14,26.329993307963036,0.39082897,34.71785634756088,0,73,2014,3
2014-03-15,26.30999330841007,0.37449002,34.71175264567137,0,74,2014,3
2014-03-16,26.319993308186554,0.41137996,34.665974881500006,0,75,2014,3
2014-03-17,26.18999331109228,0.42823002,34.62172304280102,0,76,2014,3
2014-03-18,26.199993310868763,0.5105029,34.61104156449437,0,77,2014,3
2014-03-19,26.22999331019821,0.512802,34.617145266383886,0,78,2014,3
2014-03-20,26.26999330930414,0.42428914,34.629352670162916,0,79,2014,3
2014-03-21,26.33999330773952,0.37294945,34.6446119248867,0,80,2014,3
2014-03-22,26.439993305504345,0.37295386,34.66139710508287,0,81,2014,3
2014-03-23,26.45999330505731,0.37493783,34.653767477720976,0,82,2014,3
2014-03-24,26.489993304386758,0.3698932,34.655293403193355,0,83,2014,3
2014-03-25,26.49999330416324,0.36989203,34.65834525413811,0,84,2014,3
2014-03-26,26.509993303939723,0.41724274,34.6522415522486,0,85,2014,3
2014-03-27,26.53999330326917,0.47802263,34.66139710508287,0,86,2014,3
2014-03-28,26.49999330416324,0.47200456,34.667500806972384,0,87,2014,3
2014-03-29,26.739993298798822,0.4955717,34.655293403193355,0,88,2014,3
2014-03-30,27.139993289858126,0.61267227,34.63698229752481,0,89,2014,3
2014-03-31,27.27999328672888,0.42719138,34.61409341543913,0,90,2014,3
2014-04-01,27.259993287175917,0.40205002,34.57747120410204,0,91,2014,4
2014-04-02,27.289993286505364,0.35318723,34.56068602390587,0,92,2014,4
2014-04-03,27.329993285611295,0.6020494,34.559160098433495,0,93,2014,4
2014-04-04,27.369993284717225,0.5356466,34.55610824748874,0,94,2014,4
2014-04-05,27.459993282705568,0.31523797,34.559160098433495,0,95,2014,4
2014-04-06,27.339993285387777,0.42181963,34.57747120410204,0,96,2014,4
2014-04-07,27.179993288964056,0.42181963,34.6018860116601,0,97,2014,4
2014-04-08,27.259993287175917,0.43531987,34.62172304280102,0,98,2014,4
2014-04-09,27.419993283599638,0.5780385,34.62477489374578,0,99,2014,4
2014-04-10,27.569993280246877,0.67948055,34.63393044658005,0,100,2014,4
2014-04-11,27.569993280246877,0.58875155,34.62172304280102,0,101,2014,4
2014-04-12,27.609993279352807,0.5773832,34.606463788077235,1,102,2014,4
2014-04-13,27.689993277564668,0.5750218,34.583574905991554,0,103,2014,4
2014-04-14,27.759993276000046,0.335108,34.55458232201636,0,104,2014,4
2014-04-15,27.749993276223563,0.32159126,34.5515304710716,0,105,2014,4
2014-04-16,27.73999327644708,0.33365607,34.53779714182019,0,106,2014,4
2014-04-17,27.639993278682255,0.33368802,34.5301675144583,0,107,2014,4
2014-04-18,27.559993280470394,0.3339703,34.5515304710716,0,108,2014,4
2014-04-19,27.459993282705568,0.28772467,34.5805230550468,0,109,2014,4
2014-04-20,27.30999328605833,0.31474102,34.5805230550468,0,110,2014,4
2014-04-21,27.34999328516426,0.39866093,34.59730823524296,0,111,2014,4
2014-04-22,27.359993284940742,0.34128556,34.58815268240869,0,112,2014,4
2014-04-23,27.449993282929086,0.5089757,34.59273045882583,0,113,2014,4
2014-04-24,27.50999328158798,0.81795585,34.58815268240869,0,114,2014,4
2014-04-25,27.54999328069391,0.41095623,34.57594527862966,0,115,2014,4
2014-04-26,27.799993275105976,0.58816546,34.58662675693631,0,116,2014,4
2014-04-27,28.019993270188593,0.49443465,34.58967860788107,0,117,2014,4
2014-04-28,28.139993267506384,0.42538986,34.58662675693631,0,118,2014,4
2014-04-29,28.39999326169493,0.28653064,34.56678972579539,0,119,2014,4
2014-04-30,28.349993262812518,0.23553985,34.55000454559922,0,120,2014,4
2014-05-01,28.42999326102438,0.27843454,34.522537887096405,0,121,2014,5
2014-05-02,28.539993258565687,0.3218075,34.52711566351354,0,122,2014,5
2014-05-03,28.599993257224583,0.38881955,34.56068602390587,0,123,2014,5
2014-05-04,28.729993254318856,0.36204213,34.60036008618772,0,124,2014,5
2014-05-05,28.729993254318856,0.29106683,34.62477489374578,0,125,2014,5
2014-05-06,28.529993258789204,0.24131845,34.63698229752481,0,126,2014,5
2014-05-07,28.50999325923624,0.22247118,34.66444895602763,0,127,2014,5
2014-05-08,28.50999325923624,0.31183583,34.68581191264093,0,128,2014,5
2014-05-09,28.39999326169493,0.3118356,34.702597092837095,0,129,2014,5
2014-05-10,28.409993261471413,0.2980698,34.70717486925423,0,130,2014,5
2014-05-11,28.43999326080086,0.18988909,34.69344154000282,0,131,2014,5
2014-05-12,28.539993258565687,0.21396159,34.67207858338952,0,132,2014,5
2014-05-13,28.54999325834217,0.17197308,34.64766377583146,0,133,2014,5
2014-05-14,28.729993254318856,0.15760235,34.632404521107674,0,134,2014,5
2014-05-15,29.05999324694278,0.20682417,34.6232489682734,0,135,2014,5
2014-05-16,29.24999324269595,0.20381193,34.62782674469054,0,136,2014,5
2014-05-17,29.39999323934319,0.30138195,34.63850822299719,0,137,2014,5
2014-05-18,29.349993240460776,0.24874195,34.62782674469054,0,138,2014,5
2014-05-19,29.259993242472433,0.27953276,34.617145266383886,0,139,2014,5
2014-05-20,29.05999324694278,0.37063372,34.630878595635295,0,140,2014,5
2014-05-21,28.929993249848508,0.36076817,34.62172304280102,0,141,2014,5
2014-05-22,28.879993250966095,0.34935337,34.630878595635295,0,142,2014,5
2014-05-23,29.119993245601677,0.28907752,34.594256384298205,0,143,2014,5
2014-05-24,29.299993241578363,0.3008098,34.57441935315728,0,144,2014,5
2014-05-25,29.259993242472433,0.30080912,34.57747120410204,0,145,2014,5
2014-05-26,29.219993243366503,0.35119614,34.58815268240869,0,146,2014,5
2014-05-27,29.16999324448409,0.25954846,34.583574905991554,0,147,2014,5
2014-05-28,29.139993245154642,0.30423722,34.545426769182086,0,148,2014,5
2014-05-29,29.119993245601677,0.23014688,34.51643418520689,0,149,2014,5
2014-05-30,29.219993243366503,0.24755666,34.5301675144583,0,150,2014,5
2014-05-31,29.28999324180188,0.31595868,34.49659715406597,0,151,2014,5
2014-06-01,29.31999324113133,0.3161155,34.463026793673635,0,152,2014,6
2014-06-02,29.309993241354846,0.31668565,34.40504162572324,0,153,2014,6
2014-06-03,29.279993242025398,0.2941397,34.36384163796902,0,154,2014,6
2014-06-04,29.299993241578363,0.29558328,34.3577379360795,0,155,2014,6
2014-06-05,29.299993241578363,0.28191125,34.353160159662366,0,156,2014,6
2014-06-06,29.36999324001374,0.26730195,34.328745352104306,0,157,2014,6
2014-06-07,29.429993238672637,0.30511636,34.33790090493858,0,158,2014,6
2014-06-08,29.429993238672637,0.30511802,34.32416757568717,0,159,2014,6
2014-06-09,29.449993238225602,0.3031475,34.32569350115955,0,160,2014,6
2014-06-10,29.51999323666098,0.31987843,34.318063873797655,0,161,2014,6
2014-06-11,29.549993235990428,0.32635665,34.28449351340532,0,162,2014,6
2014-06-12,29.51999323666098,0.32495153,34.258552780374885,0,163,2014,6
2014-06-13,29.47999323755505,0.3202371,34.23108612187207,0,164,2014,6
2014-06-14,29.40999323911967,0.320873,34.20209353789687,0,165,2014,6
2014-06-15,29.389993239566707,0.25585216,34.21582686714828,0,166,2014,6
2014-06-16,29.419993238896154,0.38360402,34.25244907848537,0,167,2014,6
2014-06-17,29.40999323911967,0.36879367,34.26313055679202,0,168,2014,6
2014-06-18,29.43999323844912,0.2789939,34.29822684265673,0,169,2014,6
2014-06-19,29.489993237331532,0.2860635,34.319589799270034,0,170,2014,6
2014-06-20,29.429993238672637,0.31896913,34.34705645777285,0,171,2014,6
2014-06-21,29.419993238896154,0.29887846,34.32264165021479,0,172,2014,6
2014-06-22,29.419993238896154,0.25759366,34.31043424643576,0,173,2014,6
2014-06-23,29.579993235319876,0.26396546,34.32264165021479,0,174,2014,6
2014-06-24,29.759993231296562,0.31858298,34.30433054454625,0,175,2014,6
2014-06-25,29.729993231967114,0.2994664,34.1639454010874,0,176,2014,6
2014-06-26,29.589993235096358,0.2744003,34.18073058128357,0,177,2014,6
2014-06-27,29.51999323666098,0.26910284,34.35621201060712,0,178,2014,6
2014-06-28,29.459993238002085,0.26909557,34.37452311627567,0,179,2014,6
2014-06-29,29.51999323666098,0.30165038,34.28907128982246,0,180,2014,6
2014-06-30,29.489993237331532,0.25722134,34.148686146363616,0,181,2014,6
2014-07-01,29.469993237778567,0.26585594,34.25092315301299,0,182,2014,7
2014-07-02,29.51999323666098,0.26500174,34.257026854902506,0,183,2014,7
2014-07-03,29.51999323666098,0.29896128,34.295174991711974,0,184,2014,7
2014-07-04,29.549993235990428,0.31922334,34.30280461907387,0,185,2014,7
2014-07-05,29.539993236213945,0.31848085,34.25397500395775,0,186,2014,7
2014-07-06,29.47999323755505,0.32752952,34.17920465581119,0,187,2014,7
2014-07-07,29.419993238896154,0.3253463,34.15784169919789,0,188,2014,7
2014-07-08,29.35999324023726,0.27973777,34.138004668056965,0,189,2014,7
2014-07-09,29.31999324113133,0.27971342,34.1212194878608,0,190,2014,7
2014-07-10,29.339993240684294,0.27965134,34.0998565312475,0,191,2014,7
2014-07-11,29.269993242248916,0.26367742,34.13190096616745,0,192,2014,7
2014-07-12,29.529993236437463,0.375096,34.15173799730837,0,193,2014,7
2014-07-13,29.769993231073045,0.49719545,34.26313055679202,0,194,2014,7
2014-07-14,29.889993228390836,0.49719545,34.26160463131964,0,195,2014,7
2014-07-15,29.82999322973194,0.4933721,34.25550092943013,0,196,2014,7
2014-07-16,29.799993230402492,0.46204412,34.281441662460566,0,197,2014,7
2014-07-17,29.70999323241415,0.46081498,34.28907128982246,0,198,2014,7
2014-07-18,29.62999323420229,0.46078548,34.23108612187207,0,199,2014,7
2014-07-19,29.579993235319876,0.460976,34.199041686952114,0,200,2014,7
2014-07-20,29.489993237331532,0.44125962,34.211249090731144,0,201,2014,7
2014-07-21,29.389993239566707,0.4698601,34.20819723978639,0,202,2014,7
2014-07-22,29.35999324023726,0.4419453,34.211249090731144,0,203,2014,7
2014-07-23,29.339993240684294,0.500815,34.246345376595855,1,204,2014,7
2014-07-24,29.309993241354846,0.5007302,34.29212314076722,0,205,2014,7
2014-07-25,29.219993243366503,0.46868175,34.353160159662366,0,206,2014,7
2014-07-26,29.179993244260572,0.520869,34.415723104029894,0,207,2014,7
2014-07-27,29.079993246495746,0.52173823,34.44318976253271,0,208,2014,7
2014-07-28,29.0499932471663,0.3284734,34.426404582336545,0,209,2014,7
2014-07-29,29.029993247613334,0.3271335,34.37147126533091,0,210,2014,7
2014-07-30,29.01999324783685,0.332756,34.331797203049064,0,211,2014,7
2014-07-31,28.999993248283886,0.33254564,34.29059721529484,0,212,2014,7
2014-08-01,28.959993249177955,0.33269045,34.269234258681536,0,213,2014,8
2014-08-02,28.97999324873092,0.35496598,34.24176760017872,0,214,2014,8
2014-08-03,28.959993249177955,0.33254212,34.211249090731144,0,215,2014,8
2014-08-04,28.989993248507403,0.3548027,34.18378243222833,0,216,2014,8
2014-08-05,29.0499932471663,0.33254212,34.17767873033881,0,217,2014,8
2014-08-06,28.949993249401473,0.33254212,34.173100953921676,0,218,2014,8
2014-08-07,28.849993251636647,0.33292988,34.15936762467027,0,219,2014,8
2014-08-08,28.78999325297775,0.34144747,34.12884911522269,0,220,2014,8
2014-08-09,28.809993252530717,0.39407927,34.115115785971284,0,221,2014,8
2014-08-10,28.889993250742577,0.41879115,34.08764912746847,0,222,2014,8
2014-08-11,28.909993250295543,0.3956495,34.064760245382786,0,223,2014,8
2014-08-12,28.959993249177955,0.40257758,34.06933802179992,0,224,2014,8
2014-08-13,29.029993247613334,0.40258062,34.066286170855165,0,225,2014,8
2014-08-14,29.05999324694278,0.2829193,34.00372322648764,0,226,2014,8
2014-08-15,29.029993247613334,0.28289956,34.00219730101526,0,227,2014,8
2014-08-16,29.039993247389816,0.2545016,33.98693804629147,0,228,2014,8
2014-08-17,28.959993249177955,0.2988174,34.041871363297105,0,229,2014,8
2014-08-18,28.919993250072025,0.26638293,34.00372322648764,0,230,2014,8
2014-08-19,28.869993251189612,0.2903462,33.97473064251244,0,231,2014,8
2014-08-20,28.809993252530717,0.29013336,34.08459727652371,0,232,2014,8
2014-08-21,28.8199932523072,0.3108261,34.09375282935798,0,233,2014,8
2014-08-22,28.949993249401473,0.27467948,34.049500990659,0,234,2014,8
2014-08-23,29.159993244707607,0.34049225,34.08307135105133,0,235,2014,8
2014-08-24,29.32999324090781,0.21399711,34.03576766140759,0,236,2014,8
2014-08-25,29.39999323934319,0.20970781,33.85418253019452,0,237,2014,8
2014-08-26,29.39999323934319,0.24334276,34.02356025762856,0,238,2014,8
2014-08-27,29.429993238672637,0.2572353,33.99761952459812,0,239,2014,8
2014-08-28,29.419993238896154,0.25723588,33.944212133064866,0,240,2014,8
2014-08-29,29.279993242025398,0.24048336,33.86333808302879,0,241,2014,8
2014-08-30,29.239993242919468,0.25685522,33.74584182165563,0,242,2014,8
2014-08-31,29.20999324359002,0.21902338,33.5688344668597,0,243,2014,8
2014-09-01,29.159993244707607,0.22943152,33.65123444236815,0,244,2014,9
2014-09-02,29.16999324448409,0.22947748,33.79619736224413,0,245,2014,9
2014-09-03,29.149993244931125,0.23715888,33.50779744796455,0,246,2014,9
2014-09-04,29.179993244260572,0.2266142,33.16599014215171,0,247,2014,9
2014-09-05,29.139993245154642,0.23502284,33.426923397928476,0,248,2014,9
2014-09-06,29.179993244260572,0.23644996,33.619190007448196,0,249,2014,9
2014-09-07,29.119993245601677,0.25820953,33.59172334894538,0,250,2014,9
2014-09-08,29.029993247613334,0.25852087,33.49406411871314,0,251,2014,9
2014-09-09,28.97999324873092,0.31045604,33.538315957412124,0,252,2014,9
2014-09-10,28.969993248954438,0.31120303,33.597827050834894,0,253,2014,9
2014-09-11,28.889993250742577,0.32208073,33.58714557252824,0,254,2014,9
2014-09-12,28.78999325297775,0.32231888,33.58256779611111,0,255,2014,9
2014-09-13,28.679993255436443,0.3226314,33.55510113760829,0,256,2014,9
2014-09-14,28.74999325387182,0.3232874,33.5688344668597,0,257,2014,9
2014-09-15,28.77999325320127,0.32379737,33.50321967154741,0,258,2014,9
2014-09-16,28.829993252083682,0.32386598,33.43150117434561,0,259,2014,9
2014-09-17,28.849993251636647,0.3251513,33.597827050834894,0,260,2014,9
2014-09-18,28.8199932523072,0.3232393,33.548997435718775,0,261,2014,9
2014-09-19,28.78999325297775,0.30316523,33.70158998295665,0,262,2014,9
2014-09-20,28.799993252754234,0.27593565,33.69853813201189,0,263,2014,9
2014-09-21,28.889993250742577,0.27593663,33.69701220653951,0,264,2014,9
2014-09-22,28.809993252530717,0.29452416,33.70311590842903,0,265,2014,9
2014-09-23,28.909993250295543,0.23696865,33.729056641459465,0,266,2014,9
2014-09-24,29.0499932471663,0.28239736,33.60087890177965,0,267,2014,9
2014-09-25,29.12999324537816,0.21916467,33.620715932920575,0,268,2014,9
2014-09-26,29.259993242472433,0.26012254,33.57493816874921,0,269,2014,9
2014-09-27,29.39999323934319,0.2964335,33.475753013044596,0,270,2014,9
2014-09-28,29.39999323934319,0.2963681,33.37809378281236,0,271,2014,9
2014-09-29,29.269993242248916,0.23252782,33.15683458931744,0,272,2014,9
2014-09-30,29.16999324448409,0.22218089,33.08359016664326,0,273,2014,9
2014-10-01,29.109993245825194,0.32450604,33.02560499869287,0,274,2014,10
2014-10-02,29.159993244707607,0.2748254,33.10647904872894,0,275,2014,10
2014-10-03,29.179993244260572,0.26969746,33.36283452808857,0,276,2014,10
2014-10-04,29.149993244931125,0.27231258,33.37809378281236,0,277,2014,10
2014-10-05,29.069993246719264,0.26531848,33.43607895076275,0,278,2014,10
2014-10-06,29.0499932471663,0.2636113,33.657338144257665,0,279,2014,10
2014-10-07,29.119993245601677,0.25708538,33.706167759373784,0,280,2014,10
2014-10-08,29.05999324694278,0.34597936,33.73210849240422,0,281,2014,10
2014-10-09,29.039993247389816,0.38677666,33.78551588393748,0,282,2014,10
2014-10-10,28.93999324962499,0.43174064,33.73821219429374,0,283,2014,10
2014-10-11,28.919993250072025,0.4607948,33.643604815006256,0,284,2014,10
2014-10-12,28.889993250742577,0.432515,33.513901149854064,0,285,2014,10
2014-10-13,28.93999324962499,0.41955823,33.40098266489804,0,286,2014,10
2014-10-14,28.879993250966095,0.41955823,33.489486342296004,0,287,2014,10
2014-10-15,28.849993251636647,0.41955823,33.596301125362515,0,288,2014,10
2014-10-16,28.74999325387182,0.42503247,33.68785665370524,0,289,2014,10
2014-10-17,28.769993253424786,0.45075822,33.65886406973004,0,290,2014,10
2014-10-18,28.759993253648304,0.4792288,33.4253974724561,0,291,2014,10
2014-10-19,28.769993253424786,0.4604432,33.23923456482589,0,292,2014,10
2014-10-20,28.769993253424786,0.46045223,33.09884942136705,0,293,2014,10
2014-10-21,28.809993252530717,0.3218709,33.06222721002996,0,294,2014,10
2014-10-22,28.77999325320127,0.74649036,33.066804986447096,0,295,2014,10
2014-10-23,28.73999325409534,0.39023164,33.141575334593654,0,296,2014,10
2014-10-24,28.78999325297775,0.3967387,33.222449384629726,0,297,2014,10
2014-10-25,28.839993251860164,0.50781345,33.283486403524876,0,298,2014,10
2014-10-26,28.8199932523072,0.36437795,33.44523450359702,0,299,2014,10
2014-10-27,28.77999325320127,0.36447734,33.7122714612633,0,300,2014,10
2014-10-28,28.73999325409534,0.3751346,33.89538251794875,0,301,2014,10
2014-10-29,28.69999325498941,0.39047003,34.054078767076135,0,302,2014,10
2014-10-30,28.679993255436443,0.38081062,34.21277501620352,0,303,2014,10
2014-10-31,28.609993257001065,0.38944268,34.401989774778485,0,304,2014,10
2014-11-01,28.639993256330513,0.38215628,34.47065642103553,0,305,2014,11
2014-11-02,28.599993257224583,0.6393752,34.473708271980286,0,306,2014,11
2014-11-03,28.529993258789204,0.63923806,34.47676012292504,0,307,2014,11
2014-11-04,28.489993259683274,0.5522003,34.5011749304831,0,308,2014,11
2014-11-05,27.80999327488246,0.42911455,34.499649005010724,0,309,2014,11
2014-11-06,27.58999327979984,0.43754658,34.45997494272888,0,310,2014,11
2014-11-07,27.50999328158798,0.40996155,34.440137911587954,0,311,2014,11
2014-11-08,27.569993280246877,0.39188385,34.37452311627567,0,312,2014,11
2014-11-09,27.639993278682255,0.46530926,34.34858238324523,0,313,2014,11
2014-11-10,27.69999327734115,0.36346364,34.35926386155188,0,314,2014,11
2014-11-11,27.689993277564668,0.5282932,34.389782370999455,0,315,2014,11
2014-11-12,27.689993277564668,0.5282215,34.437086060643196,0,316,2014,11
2014-11-13,27.679993277788185,0.52891356,34.49201937764883,0,317,2014,11
2014-11-14,27.609993279352807,0.64606935,34.51948603615165,0,318,2014,11
2014-11-15,27.569993280246877,0.6874863,34.51643418520689,0,319,2014,11
2014-11-16,27.50999328158798,0.82499576,34.51338233426213,0,320,2014,11
2014-11-17,27.419993283599638,0.5698542,34.51796011067927,0,321,2014,11
2014-11-18,27.489993282035016,0.4006205,34.536271216347814,0,322,2014,11
2014-11-19,27.449993282929086,0.40059626,34.59730823524296,0,323,2014,11
2014-11-20,27.46999328248205,0.2580051,34.6018860116601,0,324,2014,11
2014-11-21,27.459993282705568,0.24530986,34.618671191856265,0,325,2014,11
2014-11-22,27.769993275776528,0.1738746,34.618671191856265,0,326,2014,11
2014-11-23,27.919993272423767,0.31060737,34.64918970130384,0,327,2014,11
2014-11-24,27.919993272423767,0.29591486,34.63850822299719,0,328,2014,11
2014-11-25,27.879993273317837,0.30927,34.60493786260486,0,329,2014,11
2014-11-26,27.879993273317837,0.31015477,34.58662675693631,0,330,2014,11
2014-11-27,27.879993273317837,0.32587147,34.56678972579539,0,331,2014,11
2014-11-28,27.77999327555301,0.32160202,34.557634172961116,0,332,2014,11
2014-11-29,27.639993278682255,0.32642266,34.524063812568784,0,333,2014,11
2014-11-30,27.53999328091743,0.32671696,34.511856408789754,0,334,2014,11
2014-12-01,27.459993282705568,0.80947274,34.487441601231694,0,335,2014,12
2014-12-02,27.419993283599638,1.0668819,34.47218234650791,0,336,2014,12
2014-12-03,27.399993284046673,0.9217229,34.45692309178412,0,337,2014,12
2014-12-04,27.38999328427019,0.7786308,34.42030088044703,0,338,2014,12
2014-12-05,27.379993284493708,0.7787506,34.41724902950227,0,339,2014,12
2014-12-06,27.299993286281847,0.7911107,34.43403420969844,0,340,2014,12
2014-12-07,27.19999328851702,0.76976967,34.44318976253271,0,341,2014,12
2014-12-08,27.099993290752195,0.9292557,34.44471568800509,0,342,2014,12
2014-12-09,26.829993296787165,0.8742827,34.426404582336545,0,343,2014,12
2014-12-10,26.719993299245857,0.9528943,34.46760457009077,0,344,2014,12
2014-12-11,26.709993299469375,2.349084,34.487441601231694,0,345,2014,12
2014-12-12,26.759993298351787,1.4710948,34.49507122859359,0,346,2014,12
2014-12-13,26.749993298575305,1.4724077,34.48438975028694,0,347,2014,12
2014-12-14,26.759993298351787,0.5534519,34.48896752670407,0,348,2014,12
2014-12-15,26.76999329812827,0.55367345,34.48438975028694,0,349,2014,12
2014-12-16,26.819993297010683,0.5534982,34.4798119738698,0,350,2014,12
2014-12-17,26.819993297010683,0.7989548,34.48438975028694,0,351,2014,12
2014-12-18,26.909993294999026,0.6608569,34.51643418520689,0,352,2014,12
2014-12-19,26.909993294999026,0.87350965,34.51796011067927,0,353,2014,12
2014-12-20,26.869993295893096,0.87347376,34.52558973804116,0,354,2014,12
2014-12-21,26.88999329544606,0.8603385,34.56831565126777,0,355,2014,12
2014-12-22,26.8099932972342,0.8225014,34.63698229752481,0,356,2014,12
2014-12-23,26.72999329902234,0.92942685,34.67513043433428,0,357,2014,12
2014-12-24,26.65999330058696,0.9335343,34.66139710508287,0,358,2014,12
2014-12-25,26.56999330259862,0.92953855,34.653767477720976,0,359,2014,12
2014-12-26,26.409993306174897,0.93266696,34.66292303055525,0,360,2014,12
2014-12-27,26.30999330841007,1.2817113,34.679708210751414,0,361,2014,12
2014-12-28,26.33999330773952,1.2660475,34.67513043433428,0,362,2014,12
2014-12-29,26.30999330841007,1.2665795,34.65987117961049,0,363,2014,12
2014-12-30,26.359993307292484,1.2063323,34.620197117328644,0,364,2014,12
2014-12-31,26.349993307516,1.0691164,34.56526380032301,0,365,2014,12
2015-01-01,26.359993307292484,0.5390004,34.51338233426213,0,1,2015,1
2015-01-02,26.29999330863359,0.5374779,34.49049345217645,0,2,2015,1
2015-01-03,26.29999330863359,0.9015228,34.44624161347747,0,3,2015,1
2015-01-04,26.30999330841007,0.9498054,34.41114532761276,0,4,2015,1
2015-01-05,26.359993307292484,0.8760327,34.39436014741659,0,5,2015,1
2015-01-06,26.439993305504345,0.9547088,34.39588607288897,0,6,2015,1
2015-01-07,26.369993307068967,0.9947158,34.379100892692804,0,7,2015,1
2015-01-08,26.289993308857106,0.92577213,34.365367563441396,0,8,2015,1
2015-01-09,26.25999330952766,0.53425986,34.34858238324523,0,9,2015,1
2015-01-10,25.819993319362425,0.5128203,34.328745352104306,0,10,2015,1
2015-01-11,25.599993324279808,0.5428111,34.318063873797655,0,11,2015,1
2015-01-12,25.519993326067947,0.5636083,34.32416757568717,0,12,2015,1
2015-01-13,25.499993326514982,0.5820636,34.34705645777285,0,13,2015,1
2015-01-14,25.519993326067947,0.50388426,34.36078978702426,0,14,2015,1
2015-01-15,25.559993325173878,0.6517593,34.37452311627567,0,15,2015,1
2015-01-16,25.549993325397395,0.6770827,34.39436014741659,0,16,2015,1
2015-01-17,25.579993324726843,1.1740503,34.38215274363756,0,17,2015,1
2015-01-18,25.68999332226815,1.1740518,34.34705645777285,0,18,2015,1
2015-01-19,25.7199933215976,1.1740518,34.33484905399382,1,19,2015,1
2015-01-20,25.769993320480012,1.2494425,34.3363749794662,0,20,2015,1
2015-01-21,25.849993318691872,1.7364385,34.36384163796902,0,21,2015,1
2015-01-22,25.939993316680216,1.1975923,34.39436014741659,0,22,2015,1
2015-01-23,25.91999331712725,1.1975923,34.39588607288897,0,23,2015,1
2015-01-24,25.969993316009663,0.62407243,34.39893792383373,0,24,2015,1
2015-01-25,25.889993317797803,0.7311126,34.379100892692804,0,25,2015,1
2015-01-26,25.91999331712725,0.7275989,34.38520459458232,0,26,2015,1
2015-01-27,25.869993318244838,0.7189702,34.414197178557515,0,27,2015,1
2015-01-28,25.889993317797803,0.54660416,34.461500868201256,0,28,2015,1
2015-01-29,25.669993322715186,0.5480011,34.48896752670407,0,29,2015,1
2015-01-30,25.559993325173878,0.6391206,34.48438975028694,0,30,2015,1
2015-01-31,25.549993325397395,0.65269285,34.47218234650791,0,31,2015,1
2015-02-01,25.629993323609256,0.567608,34.450819389894605,0,32,2015,2
2015-02-02,25.709993321821116,0.74732804,34.44776753894985,0,33,2015,2
2015-02-03,25.68999332226815,0.7772862,34.4584490172565,0,34,2015,2
2015-02-04,25.619993323832773,1.1957442,34.50422678142786,0,35,2015,2
2015-02-05,25.56999332495036,1.1957018,34.56526380032301,0,36,2015,2
2015-02-06,25.4899933267385,0.8539416,34.618671191856265,0,37,2015,2
2015-02-07,25.469993327185534,0.73377985,34.65987117961049,0,38,2015,2
2015-02-08,25.4899933267385,1.3137115,34.69649339094758,0,39,2015,2
2015-02-09,25.519993326067947,0.76452786,34.73616745322943,0,40,2015,2
2015-02-10,25.599993324279808,0.32882565,34.775841515511274,0,41,2015,2
2015-02-11,25.669993322715186,0.22846274,34.79262669570744,0,42,2015,2
2015-02-12,25.819993319362425,0.23973949,34.75753040984273,0,43,2015,2
2015-02-13,25.789993320032977,0.3577218,34.73616745322943,0,44,2015,2
2015-02-14,25.72999332137408,0.36158115,34.739219304174185,0,45,2015,2
2015-02-15,25.829993319138907,0.5197966,34.727011900395155,0,46,2015,2
2015-02-16,25.889993317797803,0.5201365,34.70717486925423,0,47,2015,2
2015-02-17,25.889993317797803,0.5393805,34.70717486925423,0,48,2015,2
2015-02-18,25.859993318468355,0.62744707,34.73616745322943,0,49,2015,2
2015-02-19,25.849993318691872,0.49322972,34.74227115511894,0,50,2015,2
2015-02-20,25.809993319585942,0.4933266,34.713278571143746,0,51,2015,2
2015-02-21,25.79999331980946,0.7494514,34.68733783811331,0,52,2015,2
2015-02-22,25.739993321150564,0.7496551,34.69649339094758,0,53,2015,2
2015-02-23,25.739993321150564,0.7811357,34.725485974922776,0,54,2015,2
2015-02-24,25.819993319362425,0.79266596,34.73464152775705,0,55,2015,2
2015-02-25,25.91999331712725,0.7481744,34.728537825867534,0,56,2015,2
2015-02-26,25.979993315786146,0.4795768,34.73616745322943,0,57,2015,2
2015-02-27,25.909993317350768,0.37446418,34.75447855889797,0,58,2015,2
2015-02-28,25.899993317574285,0.4122814,34.774315590038896,0,59,2015,2
2015-03-01,25.939993316680216,0.86740375,34.78499706834555,0,60,2015,3
2015-03-02,26.019993314892076,0.864795,34.78499706834555,0,61,2015,3
2015-03-03,26.02999331466856,0.537465,34.76973781362176,0,62,2015,3
2015-03-04,25.979993315786146,0.37684116,34.73006375133991,0,63,2015,3
2015-03-05,26.06999331377449,0.37573886,34.71022672019899,0,64,2015,3
2015-03-06,25.98999331556263,0.3636055,34.69954524189234,0,65,2015,3
2015-03-07,25.95999331623318,0.42822948,34.67513043433428,0,66,2015,3
2015-03-08,26.099993313103937,0.4340458,34.665974881500006,0,67,2015,3
2015-03-09,26.279993309080623,0.42913458,34.630878595635295,0,68,2015,3
2015-03-10,26.30999330841007,0.4302081,34.58510083146393,0,69,2015,3
2015-03-11,26.18999331109228,0.42410082,34.55000454559922,0,70,2015,3
2015-03-12,26.119993312656902,0.9121588,34.51796011067927,0,71,2015,3
2015-03-13,26.129993312433385,0.938688,34.498123079538345,0,72,2015,3
2015-03-14,26.14999331198635,0.600391,34.50575270690024,0,73,2015,3
2015-03-15,26.14999331198635,0.43432027,34.5301675144583,0,74,2015,3
2015-03-16,26.159993311762832,0.36364758,34.54847862012684,0,75,2015,3
2015-03-17,26.399993306398414,0.3548078,34.5515304710716,0,76,2015,3
2015-03-18,26.589993302151584,0.41757956,34.5728934276849,0,77,2015,3
2015-03-19,26.72999329902234,0.41774765,34.60493786260486,0,78,2015,3
2015-03-20,26.759993298351787,0.40553382,34.60036008618772,0,79,2015,3
2015-03-21,26.72999329902234,0.56853795,34.56221194937825,0,80,2015,3
2015-03-22,26.72999329902234,0.63666815,34.53169343993068,0,81,2015,3
2015-03-23,26.699993299692892,0.5536013,34.533219365403056,0,82,2015,3
2015-03-24,26.18999331109228,0.5385403,34.55458232201636,0,83,2015,3
2015-03-25,25.789993320032977,0.5229371,34.56831565126777,0,84,2015,3
2015-03-26,25.929993316903733,0.74220496,34.583574905991554,0,85,2015,3
2015-03-27,26.489993304386758,0.7846163,34.6018860116601,0,86,2015,3
2015-03-28,26.429993305727862,0.78555,34.61561934091151,0,87,2015,3
2015-03-29,26.41999330595138,0.84744024,34.63393044658005,0,88,2015,3
2015-03-30,26.429993305727862,0.464577,34.63545637205243,0,89,2015,3
2015-03-31,26.519993303716205,0.3076583,34.62172304280102,0,90,2015,3
2015-04-01,26.599993301928066,0.44210052,34.617145266383886,0,91,2015,4
2015-04-02,26.639993301033996,0.494489,34.61256748996675,0,92,2015,4
2015-04-03,26.72999329902234,0.34920594,34.59730823524296,0,93,2015,4
2015-04-04,26.829993296787165,0.34860638,34.5011749304831,0,94,2015,4
2015-04-05,26.979993293434404,0.50917464,34.54847862012684,0,95,2015,4
2015-04-06,27.009993292763852,0.5414726,34.545426769182086,0,96,2015,4
2015-04-07,26.979993293434404,0.9223609,34.55458232201636,0,97,2015,4
2015-04-08,27.059993291646265,0.6795128,34.56373787485063,0,98,2015,4
2015-04-09,26.989993293210887,0.3822822,34.557634172961116,0,99,2015,4
2015-04-10,26.95999329388144,0.36403465,34.54084899276495,0,100,2015,4
2015-04-11,26.939993294328474,0.5456903,34.51643418520689,0,101,2015,4
2015-04-12,27.029993292316817,0.5086061,34.498123079538345,0,102,2015,4
2015-04-13,27.15999328941109,0.40186,34.4798119738698,0,103,2015,4
2015-04-14,27.2699932869524,0.3380229,34.485915675759315,0,104,2015,4
2015-04-15,27.299993286281847,0.31848794,34.49049345217645,0,105,2015,4
2015-04-16,27.409993283823155,0.48632407,34.48133789934218,0,106,2015,4
2015-04-17,27.459993282705568,0.3703486,34.47065642103553,0,107,2015,4
2015-04-18,27.529993281140946,0.44728705,34.49201937764883,0,108,2015,4
2015-04-19,27.50999328158798,0.38737637,34.50727863237262,0,109,2015,4
2015-04-20,27.359993284940742,0.5589207,34.50270085595548,0,110,2015,4
2015-04-21,27.38999328427019,0.44359377,34.522537887096405,0,111,2015,4
2015-04-22,27.449993282929086,0.48066527,34.546952694654465,0,112,2015,4
2015-04-23,27.58999327979984,0.48770177,34.559160098433495,0,113,2015,4
2015-04-24,27.69999327734115,0.46971515,34.5515304710716,0,114,2015,4
2015-04-25,27.679993277788185,0.38091096,34.55000454559922,0,115,2015,4
2015-04-26,27.709993277117633,0.3757113,34.54084899276495,0,116,2015,4
2015-04-27,27.769993275776528,0.3829144,34.52864158898592,0,117,2015,4
2015-04-28,27.939993271976732,0.5082844,34.51948603615165,0,118,2015,4
2015-04-29,28.11999326795342,0.65686995,34.5301675144583,0,119,2015,4
2015-04-30,28.16999326683583,0.44817019,34.55458232201636,0,120,2015,4
2015-05-01,28.19999326616528,0.44816393,34.56678972579539,0,121,2015,5
2015-05-02,28.229993265494727,0.37664533,34.5805230550468,0,122,2015,5
2015-05-03,28.219993265718244,0.303215,34.59273045882583,0,123,2015,5
2015-05-04,28.029993269965075,0.29339457,34.62172304280102,0,124,2015,5
2015-05-05,27.92999327220025,0.32556847,34.6446119248867,0,125,2015,5
2015-05-06,27.979993271082662,0.40358406,34.655293403193355,0,126,2015,5
2015-05-07,28.139993267506384,0.40335515,34.6522415522486,0,127,2015,5
2015-05-08,28.189993266388797,0.42576292,34.655293403193355,0,128,2015,5
2015-05-09,28.11999326795342,0.4254557,34.56221194937825,0,129,2015,5
2015-05-10,28.149993267282866,0.43029946,34.617145266383886,0,130,2015,5
2015-05-11,28.379993262141966,0.47742403,34.64613785035908,0,131,2015,5
2015-05-12,28.529993258789204,0.46399918,34.67207858338952,0,132,2015,5
2015-05-13,28.449993260577344,0.4633634,34.69344154000282,0,133,2015,5
2015-05-14,28.39999326169493,0.49363193,34.70717486925423,0,134,2015,5
2015-05-15,28.449993260577344,0.48935404,34.70717486925423,0,135,2015,5
2015-05-16,28.489993259683274,0.39866817,34.716330422088504,0,136,2015,5
2015-05-17,28.449993260577344,0.25590372,34.72243412397802,0,137,2015,5
2015-05-18,28.539993258565687,0.33714968,34.70717486925423,0,138,2015,5
2015-05-19,28.689993255212926,0.43452847,34.67207858338952,0,139,2015,5
2015-05-20,28.679993255436443,0.5327277,34.63393044658005,0,140,2015,5
2015-05-21,28.66999325565996,0.512058,34.60951563902199,0,141,2015,5
2015-05-22,28.689993255212926,0.44406936,34.58967860788107,0,142,2015,5
2015-05-23,28.74999325387182,0.35830373,34.569841576740146,0,143,2015,5
2015-05-24,28.77999325320127,0.38292906,34.56221194937825,1,144,2015,5
2015-05-25,28.879993250966095,0.39685726,34.56373787485063,0,145,2015,5
2015-05-26,28.959993249177955,0.3330095,34.55610824748874,0,146,2015,5
2015-05-27,29.24999324269595,0.5087356,34.54084899276495,0,147,2015,5
2015-05-28,29.769993231073045,0.5087392,34.534745290875435,0,148,2015,5
2015-05-29,30.21999322101476,0.41116098,34.52711566351354,0,149,2015,5
2015-05-30,30.32999321855607,0.34534314,34.51643418520689,0,150,2015,5
2015-05-31,30.17999322190883,0.36757198,34.50422678142786,0,151,2015,5
2015-06-01,29.98999322615566,0.25827911,34.48896752670407,0,152,2015,6
2015-06-02,29.799993230402492,0.19642097,34.46607864461839,0,153,2015,6
2015-06-03,29.689993232861184,0.25724405,34.43250828422606,0,154,2015,6
2015-06-04,29.6799932330847,0.24259664,34.440137911587954,0,155,2015,6
2015-06-05,29.659993233531736,0.30206752,34.45234531536698,0,156,2015,6
2015-06-06,29.699993232637667,0.2938831,34.44776753894985,0,157,2015,6
2015-06-07,29.659993233531736,0.3473783,34.440137911587954,0,158,2015,6
2015-06-08,29.539993236213945,0.4110296,34.412671253085136,0,159,2015,6
2015-06-09,29.51999323666098,0.465103,34.44166383706033,0,160,2015,6
2015-06-10,29.59999323487284,0.39782906,34.43403420969844,0,161,2015,6
2015-06-11,29.55999323576691,0.29449943,34.438611986115575,0,162,2015,6
2015-06-12,29.469993237778567,0.36455598,34.449293464422226,0,163,2015,6
2015-06-13,29.419993238896154,0.36455506,34.45387124083936,0,164,2015,6
2015-06-14,29.349993240460776,0.30810836,34.461500868201256,0,165,2015,6
2015-06-15,29.349993240460776,0.31233403,34.46607864461839,0,166,2015,6
2015-06-16,29.379993239790224,0.31406593,34.450819389894605,0,167,2015,6
2015-06-17,29.379993239790224,0.27260488,34.41114532761276,0,168,2015,6
2015-06-18,29.40999323911967,0.2725282,34.449293464422226,0,169,2015,6
2015-06-19,29.469993237778567,0.27140796,34.45692309178412,0,170,2015,6
2015-06-20,29.419993238896154,0.28351694,34.46455271914601,0,171,2015,6
2015-06-21,29.349993240460776,0.28153425,34.510330483317375,0,172,2015,6
2015-06-22,29.259993242472433,0.28165257,34.51338233426213,0,173,2015,6
2015-06-23,29.259993242472433,0.28175417,34.49201937764883,0,174,2015,6
2015-06-24,29.299993241578363,0.2764934,34.521011961624026,0,175,2015,6
2015-06-25,29.219993243366503,0.27709892,34.48286382481456,0,176,2015,6
2015-06-26,29.119993245601677,0.2739151,34.534745290875435,0,177,2015,6
2015-06-27,29.08999324627223,0.21289775,34.57747120410204,0,178,2015,6
2015-06-28,29.01999324783685,0.271293,34.57594527862966,0,179,2015,6
2015-06-29,29.0499932471663,0.32785907,34.57594527862966,0,180,2015,6
2015-06-30,29.00999324806037,0.24571279,34.61104156449437,0,181,2015,6
2015-07-01,29.029993247613334,0.24532145,34.66292303055525,0,182,2015,7
2015-07-02,29.109993245825194,0.24201179,34.67665635980666,0,183,2015,7
2015-07-03,29.149993244931125,0.24415222,34.6736045088619,0,184,2015,7
2015-07-04,29.199993243813537,0.2654862,34.64918970130384,0,185,2015,7
2015-07-05,29.219993243366503,0.2556912,34.63545637205243,0,186,2015,7
2015-07-06,29.189993244037055,0.2567343,34.606463788077235,0,187,2015,7
2015-07-07,29.149993244931125,0.2917717,34.57441935315728,0,188,2015,7
2015-07-08,29.109993245825194,0.28529724,34.56221194937825,0,189,2015,7
2015-07-09,29.08999324627223,0.3072466,34.55305639654398,0,190,2015,7
2015-07-10,29.12999324537816,0.28965127,34.53779714182019,0,191,2015,7
2015-07-11,29.069993246719264,0.31657577,34.51948603615165,0,192,2015,7
2015-07-12,29.119993245601677,0.2945812,34.5011749304831,0,193,2015,7
2015-07-13,29.12999324537816,0.29571313,34.487441601231694,0,194,2015,7
2015-07-14,29.179993244260572,0.29801223,34.46607864461839,0,195,2015,7
2015-07-15,29.179993244260572,0.34039015,34.43403420969844,0,196,2015,7
2015-07-16,29.199993243813537,0.36440346,34.47065642103553,0,197,2015,7
2015-07-17,29.149993244931125,0.36133212,34.50575270690024,0,198,2015,7
2015-07-18,29.109993245825194,0.31160098,34.52558973804116,0,199,2015,7
2015-07-19,29.16999324448409,0.33039555,34.51796011067927,0,200,2015,7
2015-07-20,29.20999324359002,0.3405234,34.53169343993068,0,201,2015,7
2015-07-21,29.189993244037055,0.34048736,34.51948603615165,0,202,2015,7
2015-07-22,29.159993244707607,0.36238295,34.44318976253271,0,203,2015,7
2015-07-23,29.12999324537816,0.36254886,34.55000454559922,0,204,2015,7
2015-07-24,29.09999324604871,0.41524154,34.533219365403056,0,205,2015,7
2015-07-25,29.029993247613334,0.39261484,34.48438975028694,0,206,2015,7
2015-07-26,28.999993248283886,0.28990704,34.46913049556315,0,207,2015,7
2015-07-27,28.909993250295543,0.2635902,34.511856408789754,0,208,2015,7
2015-07-28,28.89999325051906,0.36014882,34.53169343993068,0,209,2015,7
2015-07-29,28.869993251189612,0.3184046,34.51948603615165,0,210,2015,7
2015-07-30,28.849993251636647,0.2859661,34.55000454559922,0,211,2015,7
2015-07-31,28.839993251860164,0.28568095,34.56221194937825,1,212,2015,7
2015-08-01,28.8199932523072,0.24884415,34.499649005010724,0,213,2015,8
2015-08-02,28.849993251636647,0.23051295,34.50575270690024,0,214,2015,8
2015-08-03,28.93999324962499,0.34061283,34.50270085595548,0,215,2015,8
2015-08-04,29.08999324627223,0.3498561,34.49507122859359,0,216,2015,8
2015-08-05,29.20999324359002,0.34898323,34.533219365403056,0,217,2015,8
2015-08-06,29.199993243813537,0.34892362,34.53779714182019,0,218,2015,8
2015-08-07,29.189993244037055,0.34902763,34.55458232201636,0,219,2015,8
2015-08-08,29.12999324537816,0.35596696,34.5728934276849,0,220,2015,8
2015-08-09,29.119993245601677,0.33321792,34.58967860788107,0,221,2015,8
2015-08-10,29.179993244260572,0.3332672,34.59273045882583,0,222,2015,8
2015-08-11,29.16999324448409,0.31745562,34.571367502212524,0,223,2015,8
2015-08-12,29.259993242472433,0.31394738,34.56068602390587,0,224,2015,8
2015-08-13,29.339993240684294,0.34678775,34.59273045882583,0,225,2015,8
2015-08-14,29.36999324001374,0.35792163,34.61256748996675,0,226,2015,8
2015-08-15,29.299993241578363,0.59438217,34.617145266383886,0,227,2015,8
2015-08-16,29.429993238672637,0.59442943,34.60341193713248,0,228,2015,8
2015-08-17,29.6799932330847,0.5370407,34.51490825973451,0,229,2015,8
2015-08-18,29.879993228614353,0.27337527,34.48896752670407,0,230,2015,8
2015-08-19,29.839993229508423,0.27383107,34.53169343993068,0,231,2015,8
2015-08-20,29.699993232637667,0.27383205,34.5805230550468,0,232,2015,8
2015-08-21,29.619993234425806,0.2619601,34.56831565126777,0,233,2015,8
2015-08-22,29.579993235319876,0.29730892,34.55458232201636,0,234,2015,8
2015-08-23,29.51999323666098,0.29630902,34.569841576740146,0,235,2015,8
2015-08-24,29.529993236437463,0.2961736,34.56373787485063,0,236,2015,8
2015-08-25,29.799993230402492,0.30187774,34.557634172961116,0,237,2015,8
2015-08-26,30.089993223920487,0.29675317,34.50422678142786,0,238,2015,8
2015-08-27,30.129993223026418,0.29361188,34.53932306729257,0,239,2015,8
2015-08-28,29.999993225932144,0.29352307,34.58510083146393,0,240,2015,8
2015-08-29,29.78999323062601,0.3634661,34.606463788077235,0,241,2015,8
2015-08-30,29.70999323241415,0.3637447,34.6446119248867,0,242,2015,8
2015-08-31,29.63999323397877,0.47687048,34.64003414846957,0,243,2015,8
2015-09-01,29.699993232637667,0.47687078,34.60493786260486,0,244,2015,9
2015-09-02,29.86999322883787,0.3482707,34.691915614530444,0,245,2015,9
2015-09-03,29.879993228614353,0.24326326,34.80483409948647,0,246,2015,9
2015-09-04,29.849993229284905,0.266623,34.766685962677,0,247,2015,9
2015-09-05,29.759993231296562,0.27467212,34.73616745322943,0,248,2015,9
2015-09-06,29.739993231743597,0.29929423,34.714804496616125,0,249,2015,9
2015-09-07,29.63999323397877,0.22992119,34.72090819850564,0,250,2015,9
2015-09-08,29.509993236884497,0.28918222,34.70717486925423,0,251,2015,9
2015-09-09,29.419993238896154,0.41527718,34.678182285279036,0,252,2015,9
2015-09-10,29.379993239790224,0.3254944,34.60493786260486,0,253,2015,9
2015-09-11,29.269993242248916,0.32069576,34.56373787485063,0,254,2015,9
2015-09-12,29.12999324537816,0.32703632,34.60951563902199,0,255,2015,9
2015-09-13,28.919993250072025,0.32878852,34.59883416071534,0,256,2015,9
2015-09-14,28.78999325297775,0.27208322,34.53932306729257,0,257,2015,9
2015-09-15,28.829993252083682,0.24038473,34.557634172961116,0,258,2015,9
2015-09-16,28.879993250966095,0.2227958,34.43250828422606,1,259,2015,9
2015-09-17,28.909993250295543,0.26456213,34.36078978702426,0,260,2015,9
2015-09-18,28.869993251189612,0.29563153,34.246345376595855,0,261,2015,9
2015-09-19,28.849993251636647,0.27048394,34.29059721529484,0,262,2015,9
2015-09-20,29.029993247613334,0.4076902,34.412671253085136,0,263,2015,9
2015-09-21,29.349993240460776,0.24697953,34.4584490172565,0,264,2015,9
2015-09-22,29.339993240684294,0.2764521,34.49659715406597,0,265,2015,9
2015-09-23,29.28999324180188,0.25178882,34.51643418520689,0,266,2015,9
2015-09-24,29.229993243142985,0.30665872,34.450819389894605,0,267,2015,9
2015-09-25,29.239993242919468,0.46117336,34.26770833320916,0,268,2015,9
2015-09-26,29.299993241578363,0.46057484,34.23718982376158,0,269,2015,9
2015-09-27,29.339993240684294,0.45993787,34.15173799730837,0,270,2015,9
2015-09-28,29.339993240684294,0.46757266,34.13342689163983,0,271,2015,9
2015-09-29,29.24999324269595,0.478295,34.0922269038856,0,272,2015,9
2015-09-30,29.149993244931125,0.5084821,34.029663959518075,0,273,2015,9
2015-10-01,29.09999324604871,0.5266504,33.98693804629147,0,274,2015,10
2015-10-02,29.16999324448409,0.38401985,34.11816763691604,0,275,2015,10
2015-10-03,29.139993245154642,0.43598408,34.11206393502653,0,276,2015,10
2015-10-04,29.119993245601677,0.43432328,34.11206393502653,0,277,2015,10
2015-10-05,29.0499932471663,0.36051008,34.1715750284493,0,278,2015,10
2015-10-06,29.039993247389816,0.35296252,34.2432935256511,0,279,2015,10
2015-10-07,29.109993245825194,0.37274158,34.26770833320916,0,280,2015,10
2015-10-08,29.0499932471663,0.5282811,34.22498241998255,0,281,2015,10
2015-10-09,29.069993246719264,0.27825013,34.1929379850626,0,282,2015,10
2015-10-10,29.149993244931125,0.28141502,34.26313055679202,0,283,2015,10
2015-10-11,28.869993251189612,0.31279412,34.331797203049064,0,284,2015,10
2015-10-12,29.12999324537816,0.30800647,34.438611986115575,0,285,2015,10
2015-10-13,29.119993245601677,0.34705544,34.49049345217645,0,286,2015,10
2015-10-14,29.01999324783685,0.34705544,34.52711566351354,0,287,2015,10
2015-10-15,28.969993248954438,0.34705544,34.56831565126777,0,288,2015,10
2015-10-16,28.85999325141313,0.3771874,34.55458232201636,0,289,2015,10
2015-10-17,28.869993251189612,0.47310063,34.47065642103553,0,290,2015,10
2015-10-18,28.839993251860164,0.44072977,34.45387124083936,0,291,2015,10
2015-10-19,28.849993251636647,0.40793225,34.389782370999455,0,292,2015,10
2015-10-20,28.839993251860164,0.4203995,34.3867305200547,0,293,2015,10
2015-10-21,28.849993251636647,0.4203281,34.32569350115955,0,294,2015,10
2015-10-22,28.799993252754234,0.38539284,34.26770833320916,0,295,2015,10
2015-10-23,28.769993253424786,0.31100664,34.234137972816825,0,296,2015,10
2015-10-24,28.929993249848508,0.3108804,34.17920465581119,0,297,2015,10
2015-10-25,29.139993245154642,0.30260682,34.17920465581119,0,298,2015,10
2015-10-26,29.47999323755505,0.28044158,34.16699725203216,0,299,2015,10
2015-10-27,29.309993241354846,0.2766832,34.223456494510174,0,300,2015,10
2015-10-28,29.00999324806037,0.33874148,34.3150120228529,0,301,2015,10
2015-10-29,28.93999324962499,0.29230028,34.42335273139179,0,302,2015,10
2015-10-30,28.959993249177955,0.28644428,34.487441601231694,0,303,2015,10
2015-10-31,28.89999325051906,0.29686144,34.53169343993068,0,304,2015,10
2015-11-01,28.909993250295543,0.3380906,34.58510083146393,0,305,2015,11
2015-11-02,28.85999325141313,0.3547234,34.62172304280102,0,306,2015,11
2015-11-03,28.799993252754234,0.49931458,34.607989713549614,0,307,2015,11
2015-11-04,28.77999325320127,0.5272745,34.63850822299719,0,308,2015,11
2015-11-05,28.679993255436443,0.52394414,34.64003414846957,0,309,2015,11
2015-11-06,28.419993261247896,0.52374077,34.620197117328644,0,310,2015,11
2015-11-07,27.879993273317837,0.47828802,34.620197117328644,0,311,2015,11
2015-11-08,27.789993275329493,0.47579792,34.632404521107674,0,312,2015,11
2015-11-09,27.88999327309432,0.5226573,34.618671191856265,0,313,2015,11
2015-11-10,27.949993271753215,0.5574524,34.618671191856265,0,314,2015,11
2015-11-11,27.92999327220025,0.44088233,34.629352670162916,0,315,2015,11
2015-11-12,28.059993269294523,0.8777401,34.64003414846957,0,316,2015,11
2015-11-13,28.299993263930105,0.645226,34.6522415522486,0,317,2015,11
2015-11-14,28.259993264824175,0.536698,34.66444895602763,0,318,2015,11
2015-11-15,28.07999326884749,0.45811537,34.678182285279036,0,319,2015,11
2015-11-16,27.869993273541354,0.8723441,34.69801931641996,0,320,2015,11
2015-11-17,27.769993275776528,0.8567331,34.69344154000282,0,321,2015,11
2015-11-18,27.77999327555301,0.6734536,34.68581191264093,0,322,2015,11
2015-11-19,27.789993275329493,0.49817365,34.67207858338952,0,323,2015,11
2015-11-20,27.81999327465894,0.49445227,34.65681932866573,0,324,2015,11
2015-11-21,27.639993278682255,0.40956825,34.629352670162916,0,325,2015,11
2015-11-22,27.61999327912929,0.55088234,34.595782309770584,0,326,2015,11
2015-11-23,27.569993280246877,0.51090187,34.56373787485063,0,327,2015,11
2015-11-24,27.559993280470394,0.6858905,34.533219365403056,0,328,2015,11
2015-11-25,27.53999328091743,0.66592705,34.51643418520689,0,329,2015,11
2015-11-26,27.50999328158798,0.54490405,34.511856408789754,0,330,2015,11
2015-11-27,27.449993282929086,0.3969921,34.50727863237262,0,331,2015,11
2015-11-28,27.359993284940742,0.4473369,34.50727863237262,0,332,2015,11
2015-11-29,27.249993287399434,0.48810518,34.51490825973451,0,333,2015,11
2015-11-30,27.179993288964056,0.46274728,34.5301675144583,0,334,2015,11
2015-12-01,26.989993293210887,0.8284198,34.54237491823733,0,335,2015,12
2015-12-02,26.8099932972342,0.8952422,34.56068602390587,0,336,2015,12
2015-12-03,26.719993299245857,0.7860077,34.57747120410204,0,337,2015,12
2015-12-04,26.719993299245857,0.35461026,34.57899712957442,0,338,2015,12
2015-12-05,26.589993302151584,0.27331886,34.56678972579539,0,339,2015,12
2015-12-06,26.60999330170455,0.47445345,34.57441935315728,0,340,2015,12
2015-12-07,26.56999330259862,1.0991346,34.56831565126777,0,341,2015,12
2015-12-08,26.53999330326917,1.0975721,34.583574905991554,0,342,2015,12
2015-12-09,26.41999330595138,0.43557677,34.606463788077235,0,343,2015,12
2015-12-10,26.949993294104956,0.7032339,34.57594527862966,0,344,2015,12
2015-12-11,27.219993288069986,0.5131388,34.55458232201636,0,345,2015,12
2015-12-12,27.38999328427019,1.1012212,34.54084899276495,0,346,2015,12
2015-12-13,27.529993281140946,1.1012212,34.53169343993068,0,347,2015,12
2015-12-14,27.4999932818115,0.9400193,34.473708271980286,0,348,2015,12
2015-12-15,27.479993282258533,1.0279827,34.450819389894605,0,349,2015,12
2015-12-16,27.489993282035016,1.038,34.41724902950227,0,350,2015,12
2015-12-17,27.449993282929086,0.98179257,34.44471568800509,0,351,2015,12
2015-12-18,27.489993282035016,1.0250376,34.49354530312121,0,352,2015,12
2015-12-19,27.489993282035016,1.3702583,34.511856408789754,0,353,2015,12
2015-12-20,27.479993282258533,1.3706259,34.50422678142786,0,354,2015,12
2015-12-21,26.869993295893096,1.3706292,34.53779714182019,0,355,2015,12
2015-12-22,26.72999329902234,1.4910063,34.58510083146393,0,356,2015,12
2015-12-23,26.599993301928066,1.490988,34.60951563902199,0,357,2015,12
2015-12-24,26.529993303492688,1.6338406,34.60341193713248,0,358,2015,12
2015-12-25,26.45999330505731,1.6338633,34.59120453335345,0,359,2015,12
2015-12-26,26.329993307963036,2.2794437,34.57899712957442,0,360,2015,12
2015-12-27,26.25999330952766,0.77080244,34.557634172961116,0,361,2015,12
2015-12-28,26.10999331288042,1.1856279,34.54237491823733,0,362,2015,12
2015-12-29,25.899993317574285,1.3750114,34.54084899276495,0,363,2015,12
2015-12-30,25.889993317797803,0.9012968,34.55610824748874,0,364,2015,12
2015-12-31,25.849993318691872,1.0697879,34.57441935315728,0,365,2015,12
2016-01-01,25.809993319585942,1.3349887,34.59730823524296,0,1,2016,1
2016-01-02,25.75999332070353,1.5109974,34.63545637205243,0,2,2016,1
2016-01-03,25.819993319362425,2.0883543,34.667500806972384,0,3,2016,1
2016-01-04,26.289993308857106,1.5878676,34.69649339094758,0,4,2016,1
2016-01-05,26.589993302151584,0.9631736,34.71175264567137,0,5,2016,1
2016-01-06,26.60999330170455,0.64679915,34.70870079472661,0,6,2016,1
2016-01-07,26.759993298351787,0.74502826,34.702597092837095,0,7,2016,1
2016-01-08,26.979993293434404,0.54220676,34.70107116736472,0,8,2016,1
2016-01-09,26.96999329365792,0.68251246,34.69954524189234,0,9,2016,1
2016-01-10,26.799993297457718,0.51503277,34.70107116736472,0,10,2016,1
2016-01-11,26.749993298575305,0.4649393,34.69954524189234,0,11,2016,1
2016-01-12,26.61999330148103,0.6688563,34.691915614530444,0,12,2016,1
2016-01-13,26.49999330416324,0.68424284,34.69954524189234,0,13,2016,1
2016-01-14,26.429993305727862,0.49039292,34.678182285279036,0,14,2016,1
2016-01-15,26.509993303939723,0.6484979,34.66444895602763,0,15,2016,1
2016-01-16,26.669993300363444,0.656093,34.65681932866573,0,16,2016,1
2016-01-17,26.739993298798822,0.8848537,34.655293403193355,0,17,2016,1
2016-01-18,26.60999330170455,0.7927188,34.653767477720976,0,18,2016,1
2016-01-19,26.319993308186554,1.3947804,34.65834525413811,0,19,2016,1
2016-01-20,26.289993308857106,1.3918183,34.65681932866573,0,20,2016,1
2016-01-21,26.29999330863359,0.5968715,34.64613785035908,0,21,2016,1
2016-01-22,26.29999330863359,0.6350843,34.63850822299719,0,22,2016,1
2016-01-23,26.349993307516,0.9318796,34.63545637205243,0,23,2016,1
2016-01-24,26.469993304833793,0.5003805,34.66292303055525,0,24,2016,1
2016-01-25,26.41999330595138,0.5003805,34.690389689058065,0,25,2016,1
2016-01-26,26.409993306174897,0.77250755,34.6949674654752,0,26,2016,1
2016-01-27,26.319993308186554,0.8680092,34.6949674654752,0,27,2016,1
2016-01-28,26.29999330863359,0.72581005,34.713278571143746,3,28,2016,1
2016-01-29,26.279993309080623,0.8400017,34.71785634756088,0,29,2016,1
2016-01-30,26.22999331019821,0.6033424,34.714804496616125,0,30,2016,1
2016-01-31,26.179993311315798,0.7552317,34.72090819850564,0,31,2016,1
2016-02-01,26.209993310645245,0.8934842,34.728537825867534,0,32,2016,2
2016-02-02,25.809993319585942,0.7779983,34.73464152775705,1,33,2016,2
2016-02-03,25.669993322715186,0.70660967,34.75447855889797,0,34,2016,2
2016-02-04,25.64999332316222,0.4987324,34.76973781362176,0,35,2016,2
2016-02-05,25.67999332249167,1.1278753,34.76516003720462,0,36,2016,2
2016-02-06,25.67999332249167,0.7716199,34.77126373909414,0,37,2016,2
2016-02-07,25.669993322715186,0.71612185,34.786522993817925,0,38,2016,2
2016-02-08,25.699993322044634,0.72656816,34.788048919290304,0,39,2016,2
2016-02-09,25.7199933215976,1.3196956,34.774315590038896,0,40,2016,2
2016-02-10,25.52999332584443,1.479677,34.79262669570744,0,41,2016,2
2016-02-11,25.499993326514982,1.5160493,34.81856742873788,1,42,2016,2
2016-02-12,25.549993325397395,1.6111926,34.82924890704453,0,43,2016,2
2016-02-13,25.509993326291465,1.4799299,34.81398965232074,0,44,2016,2
2016-02-14,25.479993326962017,1.4799343,34.810937801375985,0,45,2016,2
2016-02-15,25.56999332495036,1.4291328,34.809411875903606,0,46,2016,2
2016-02-16,25.629993323609256,1.0297056,34.810937801375985,0,47,2016,2
2016-02-17,25.699993322044634,1.0295829,34.800256323069334,0,48,2016,2
2016-02-18,25.819993319362425,1.0361766,34.78957484476268,0,49,2016,2
2016-02-19,25.739993321150564,1.1435316,34.77889336645603,0,50,2016,2
2016-02-20,25.519993326067947,2.6030402,34.77126373909414,0,51,2016,2
2016-02-21,25.579993324726843,1.8657016,34.76973781362176,0,52,2016,2
2016-02-22,25.67999332249167,1.9339054,34.766685962677,0,53,2016,2
2016-02-23,25.749993320927047,1.3226628,34.766685962677,0,54,2016,2
2016-02-24,25.79999331980946,1.3226628,34.79110077023506,0,55,2016,2
2016-02-25,25.849993318691872,0.57588583,34.810937801375985,0,56,2016,2
2016-02-26,25.909993317350768,0.59377813,34.79720447212458,0,57,2016,2
2016-02-27,25.889993317797803,0.7975354,34.74684893153608,0,58,2016,2
2016-02-28,25.909993317350768,0.7410091,34.70564894378185,0,59,2016,2
2016-02-29,26.009993315115594,0.7449933,34.6949674654752,0,60,2016,2
2016-03-01,25.98999331556263,0.74988294,34.70717486925423,0,61,2016,3
2016-03-02,25.979993315786146,0.55421376,34.704123018309474,0,62,2016,3
2016-03-03,26.06999331377449,0.853893,34.678182285279036,0,63,2016,3
2016-03-04,26.129993312433385,0.8596888,34.65834525413811,0,64,2016,3
2016-03-05,26.249993309751176,0.636066,34.64613785035908,0,65,2016,3
2016-03-06,26.489993304386758,0.45551282,34.6446119248867,0,66,2016,3
2016-03-07,26.64999330081048,0.5649145,34.62172304280102,0,67,2016,3
2016-03-08,26.49999330416324,0.5479192,34.607989713549614,0,68,2016,3
2016-03-09,26.629993301257514,0.43546468,34.58662675693631,0,69,2016,3
2016-03-10,26.84999329634013,0.6074301,34.569841576740146,0,70,2016,3
2016-03-11,26.989993293210887,0.6074301,34.56068602390587,0,71,2016,3
2016-03-12,26.88999329544606,0.43788823,34.569841576740146,0,72,2016,3
2016-03-13,26.799993297457718,0.4312051,34.57899712957442,0,73,2016,3
2016-03-14,26.91999329477551,0.67203057,34.57441935315728,0,74,2016,3
2016-03-15,27.259993287175917,0.8777288,34.607989713549614,0,75,2016,3
2016-03-16,27.61999327912929,0.59500057,34.63698229752481,0,76,2016,3
2016-03-17,27.81999327465894,0.4236983,34.65834525413811,0,77,2016,3
2016-03-18,27.80999327488246,0.43822598,34.68886376358569,0,78,2016,3
2016-03-19,27.77999327555301,0.84993047,34.704123018309474,0,79,2016,3
2016-03-20,27.69999327734115,0.72670555,34.702597092837095,0,80,2016,3
2016-03-21,27.61999327912929,0.62264186,34.691915614530444,0,81,2016,3
2016-03-22,27.519993281364464,0.63576484,34.66902673244476,0,82,2016,3
2016-03-23,27.399993284046673,0.61959994,34.64003414846957,0,83,2016,3
2016-03-24,27.369993284717225,0.52713645,34.61409341543913,0,84,2016,3
2016-03-25,26.949993294104956,0.38814038,34.59730823524296,0,85,2016,3
2016-03-26,27.069993291422747,0.48386878,34.595782309770584,0,86,2016,3
2016-03-27,27.149993289634608,0.48386878,34.61104156449437,0,87,2016,3
2016-03-28,27.139993289858126,0.4835771,34.63850822299719,0,88,2016,3
2016-03-29,27.11999329030516,0.45967546,34.66292303055525,0,89,2016,3
2016-03-30,27.11999329030516,0.48297808,34.68886376358569,0,90,2016,3
2016-03-31,27.18999328874054,0.51334894,34.70107116736472,0,91,2016,3
2016-04-01,27.2699932869524,0.5565346,34.70870079472661,0,92,2016,4
2016-04-02,27.27999328672888,1.0283427,34.713278571143746,0,93,2016,4
2016-04-03,27.27999328672888,1.0269057,34.714804496616125,0,94,2016,4
2016-04-04,27.339993285387777,0.4278482,34.71785634756088,0,95,2016,4
2016-04-05,27.379993284493708,0.5243797,34.73158967681229,0,96,2016,4
2016-04-06,27.379993284493708,0.58492935,34.7453230060637,0,97,2016,4
2016-04-07,27.449993282929086,0.5488407,34.75600448437035,0,98,2016,4
2016-04-08,27.559993280470394,0.5863916,34.775841515511274,0,99,2016,4
2016-04-09,27.529993281140946,0.7119915,34.79415262117982,0,100,2016,4
2016-04-10,27.669993278011702,0.67317325,34.79720447212458,0,101,2016,4
2016-04-11,27.69999327734115,0.8017589,34.80178224854171,0,102,2016,4
2016-04-12,27.689993277564668,0.8017789,34.81551557779312,0,103,2016,4
2016-04-13,27.73999327644708,0.77469784,34.82009335421026,0,104,2016,4
2016-04-14,27.799993275105976,0.5565996,34.8170415032655,0,105,2016,4
2016-04-15,27.869993273541354,1.0552906,34.82009335421026,0,106,2016,4
2016-04-16,27.959993271529697,1.0034938,34.83077483251691,0,107,2016,4
2016-04-17,27.949993271753215,1.0214944,34.835352608934045,0,108,2016,4
2016-04-18,27.979993271082662,0.69206554,34.835352608934045,0,109,2016,4
2016-04-19,27.959993271529697,0.47506836,34.846034087240696,0,110,2016,4
2016-04-20,28.019993270188593,0.5995886,34.86281926743686,0,111,2016,4
2016-04-21,27.829993274435424,0.6009653,34.871974820271134,0,112,2016,4
2016-04-22,27.639993278682255,0.59898496,34.87655259668827,0,113,2016,4
2016-04-23,27.53999328091743,0.48955226,34.86587111838162,0,114,2016,4
2016-04-24,27.679993277788185,0.5903493,34.83993038535118,0,115,2016,4
2016-04-25,27.909993272647284,0.51628214,34.824671130627394,0,116,2016,4
2016-04-26,28.149993267282866,0.48398134,34.80636002495885,0,117,2016,4
2016-04-27,28.219993265718244,0.47660893,34.79720447212458,0,118,2016,4
2016-04-28,28.249993265047692,0.47660893,34.798730397596955,0,119,2016,4
2016-04-29,28.379993262141966,0.4314957,34.798730397596955,0,120,2016,4
2016-04-30,28.39999326169493,0.33855966,34.812463726848364,0,121,2016,4
2016-05-01,28.46999326013031,0.45624924,34.81551557779312,0,122,2016,5
2016-05-02,28.499993259459757,0.4944771,34.80330817401409,2,123,2016,5
2016-05-03,28.349993262812518,0.5527596,34.78347114287317,4,124,2016,5
2016-05-04,28.229993265494727,0.5305361,34.77126373909414,0,125,2016,5
2016-05-05,28.219993265718244,0.33520028,34.76973781362176,0,126,2016,5
2016-05-06,28.299993263930105,0.43005747,34.77126373909414,0,127,2016,5
2016-05-07,28.419993261247896,0.40516976,34.775841515511274,0,128,2016,5
2016-05-08,28.42999326102438,0.5740277,34.77736744098365,0,129,2016,5
2016-05-09,28.289993264153622,0.60206634,34.77126373909414,0,130,2016,5
2016-05-10,28.23999326527121,0.69848675,34.75905633531511,0,131,2016,5
2016-05-11,28.209993265941762,0.68639916,34.7453230060637,0,132,2016,5
2016-05-12,28.379993262141966,0.3441772,34.728537825867534,0,133,2016,5
2016-05-13,28.39999326169493,0.32775554,34.71938227303326,0,134,2016,5
2016-05-14,28.499993259459757,0.36380273,34.71022672019899,0,135,2016,5
2016-05-15,28.539993258565687,0.67567617,34.69344154000282,0,136,2016,5
2016-05-16,28.54999325834217,0.6931777,34.679708210751414,0,137,2016,5
2016-05-17,28.66999325565996,0.509988,34.67207858338952,0,138,2016,5
2016-05-18,28.799993252754234,0.5701618,34.68581191264093,0,139,2016,5
2016-05-19,28.869993251189612,0.3483435,34.66444895602763,0,140,2016,5
2016-05-20,28.919993250072025,0.3778739,34.64766377583146,0,141,2016,5
2016-05-21,28.999993248283886,0.2762469,34.653767477720976,0,142,2016,5
2016-05-22,28.989993248507403,0.33362457,34.67513043433428,0,143,2016,5
2016-05-23,29.01999324783685,0.3423197,34.714804496616125,2,144,2016,5
2016-05-24,29.029993247613334,0.34231925,34.74684893153608,0,145,2016,5
2016-05-25,29.119993245601677,0.32737592,34.762108186259866,0,146,2016,5
2016-05-26,29.24999324269595,0.32063422,34.78957484476268,0,147,2016,5
2016-05-27,29.31999324113133,0.3204603,34.80483409948647,0,148,2016,5
2016-05-28,29.32999324090781,0.19832173,34.80636002495885,0,149,2016,5
2016-05-29,29.279993242025398,0.30261308,34.82009335421026,0,150,2016,5
2016-05-30,29.35999324023726,0.24369746,34.80636002495885,0,151,2016,5
2016-05-31,29.419993238896154,0.29892063,34.766685962677,0,152,2016,5
2016-06-01,29.429993238672637,0.30574962,34.75905633531511,0,153,2016,6
2016-06-02,29.39999323934319,0.3564425,34.774315590038896,0,154,2016,6
2016-06-03,29.36999324001374,0.3389133,34.775841515511274,0,155,2016,6
2016-06-04,29.379993239790224,0.3364619,34.775841515511274,0,156,2016,6
2016-06-05,29.35999324023726,0.35902172,34.728537825867534,0,157,2016,6
2016-06-06,29.419993238896154,0.37453437,34.74379708059132,0,158,2016,6
2016-06-07,29.469993237778567,0.374292,34.75600448437035,0,159,2016,6
2016-06-08,29.459993238002085,0.350385,34.75905633531511,0,160,2016,6
2016-06-09,29.459993238002085,0.36085045,34.74074522964656,0,161,2016,6
2016-06-10,29.529993236437463,0.36323527,34.728537825867534,0,162,2016,6
2016-06-11,29.549993235990428,0.3276043,34.71785634756088,0,163,2016,6
2016-06-12,29.659993233531736,0.33523571,34.679708210751414,0,164,2016,6
2016-06-13,29.94999322704973,0.29424292,34.678182285279036,0,165,2016,6
2016-06-14,30.069993224367522,0.28798416,34.66292303055525,1,166,2016,6
2016-06-15,30.05999322459104,0.21148057,34.6522415522486,0,167,2016,6
2016-06-16,30.01999322548511,0.3011932,34.6736045088619,0,168,2016,6
2016-06-17,29.94999322704973,0.2977026,34.73158967681229,0,169,2016,6
2016-06-18,29.919993227720283,0.26865062,34.78499706834555,0,170,2016,6
2016-06-19,29.929993227496766,0.27564368,34.7956785466522,0,171,2016,6
2016-06-20,29.82999322973194,0.30580568,34.77126373909414,0,172,2016,6
2016-06-21,29.729993231967114,0.534327,34.76516003720462,0,173,2016,6
2016-06-22,29.59999323487284,0.53625804,34.74837485700846,0,174,2016,6
2016-06-23,29.569993235543393,0.54115427,34.75295263342559,0,175,2016,6
2016-06-24,29.579993235319876,0.48892003,34.739219304174185,0,176,2016,6
2016-06-25,29.469993237778567,0.5379811,34.73311560228467,0,177,2016,6
2016-06-26,29.349993240460776,0.54935676,34.68886376358569,0,178,2016,6
2016-06-27,29.299993241578363,0.7734274,34.74074522964656,0,179,2016,6
2016-06-28,29.20999324359002,0.7728849,34.73311560228467,0,180,2016,6
2016-06-29,29.219993243366503,0.6150615,34.6949674654752,0,181,2016,6
2016-06-30,29.179993244260572,0.5472854,34.629352670162916,0,182,2016,6
2016-07-01,29.189993244037055,0.5472791,34.56221194937825,0,183,2016,7
2016-07-02,29.259993242472433,0.5537491,34.46607864461839,0,184,2016,7
2016-07-03,29.28999324180188,0.45544732,34.48286382481456,0,185,2016,7
2016-07-04,29.32999324090781,0.4800526,34.498123079538345,0,186,2016,7
2016-07-05,29.32999324090781,0.52539796,34.498123079538345,0,187,2016,7
2016-07-06,29.299993241578363,0.58659667,34.54390084370971,0,188,2016,7
2016-07-07,29.24999324269595,0.670666,34.55610824748874,0,189,2016,7
2016-07-08,29.199993243813537,0.665965,34.5301675144583,0,190,2016,7
2016-07-09,29.16999324448409,0.50299263,34.51490825973451,0,191,2016,7
2016-07-10,29.20999324359002,0.45013392,34.49049345217645,0,192,2016,7
2016-07-11,29.219993243366503,0.4508738,34.463026793673635,1,193,2016,7
2016-07-12,29.36999324001374,0.26484516,34.408093476668,0,194,2016,7
2016-07-13,29.39999323934319,0.26484516,34.427930507808924,0,195,2016,7
2016-07-14,29.429993238672637,0.39856058,34.473708271980286,1,196,2016,7
2016-07-15,29.40999323911967,0.39315325,34.510330483317375,0,197,2016,7
2016-07-16,29.429993238672637,0.39728034,34.54390084370971,0,198,2016,7
2016-07-17,29.239993242919468,0.4023989,34.58510083146393,0,199,2016,7
2016-07-18,29.199993243813537,0.44100815,34.632404521107674,0,200,2016,7
2016-07-19,29.219993243366503,0.5129,34.65834525413811,0,201,2016,7
2016-07-20,29.229993243142985,0.53433144,34.68276006169617,0,202,2016,7
2016-07-21,29.279993242025398,0.39710346,34.667500806972384,0,203,2016,7
2016-07-22,29.309993241354846,0.3971007,34.64918970130384,0,204,2016,7
2016-07-23,29.28999324180188,0.563987,34.56678972579539,0,205,2016,7
2016-07-24,29.259993242472433,0.58743274,34.499649005010724,0,206,2016,7
2016-07-25,29.259993242472433,0.6652756,34.508804557845,0,207,2016,7
2016-07-26,29.609993234649323,0.49253458,34.52558973804116,1,208,2016,7
2016-07-27,29.879993228614353,0.4119226,34.45387124083936,0,209,2016,7
2016-07-28,29.94999322704973,0.5229671,34.40656755119562,0,210,2016,7
2016-07-29,29.849993229284905,0.5229671,34.32721942663193,0,211,2016,7
2016-07-30,29.769993231073045,0.5230654,34.30890832096338,0,212,2016,7
2016-07-31,29.689993232861184,0.5413987,34.32264165021479,0,213,2016,7
2016-08-01,29.589993235096358,0.46766937,34.25092315301299,0,214,2016,8
2016-08-02,29.55999323576691,0.4676628,34.139530593529344,0,215,2016,8
2016-08-03,29.579993235319876,0.4676628,34.006775077432394,0,216,2016,8
2016-08-04,29.63999323397877,0.3433563,33.982360269874334,0,217,2016,8
2016-08-05,29.70999323241415,0.3433563,34.052552841603756,0,218,2016,8
2016-08-06,29.66999323330822,0.57599217,34.11053800955415,0,219,2016,8
2016-08-07,29.62999323420229,0.5616103,34.124271338805556,0,220,2016,8
2016-08-08,29.539993236213945,0.585089,34.11206393502653,0,221,2016,8
2016-08-09,29.499993237108015,0.58635896,34.14105651900172,0,222,2016,8
2016-08-10,29.529993236437463,0.3385138,34.209723165258765,0,223,2016,8
2016-08-11,29.489993237331532,0.33746433,34.258552780374885,0,224,2016,8
2016-08-12,29.459993238002085,0.33450246,34.269234258681536,0,225,2016,8
2016-08-13,29.35999324023726,0.3324079,34.25244907848537,0,226,2016,8
2016-08-14,29.299993241578363,0.32660598,34.221930569037795,0,227,2016,8
2016-08-15,29.239993242919468,0.4063474,34.211249090731144,0,228,2016,8
2016-08-16,29.229993243142985,0.43660483,34.1929379850626,0,229,2016,8
2016-08-17,29.139993245154642,0.4468356,34.20361946336925,0,230,2016,8
2016-08-18,29.08999324627223,0.4479304,34.22498241998255,0,231,2016,8
2016-08-19,29.029993247613334,0.4033836,34.2143009416759,0,232,2016,8
2016-08-20,28.949993249401473,0.4022257,34.22803427092731,0,233,2016,8
2016-08-21,28.949993249401473,0.40812424,34.235663898289204,0,234,2016,8
2016-08-22,29.179993244260572,0.43700147,34.29059721529484,0,235,2016,8
2016-08-23,29.20999324359002,0.3518007,34.36384163796902,0,236,2016,8
2016-08-24,29.189993244037055,0.32642993,34.35163423418999,0,237,2016,8
2016-08-25,29.229993243142985,0.29077974,34.33484905399382,0,238,2016,8
2016-08-26,29.259993242472433,0.26831084,34.30433054454625,0,239,2016,8
2016-08-27,29.31999324113133,0.27172545,34.28907128982246,0,240,2016,8
2016-08-28,29.31999324113133,0.2770257,34.27686388604343,0,241,2016,8
2016-08-29,29.199993243813537,0.28291807,34.270760184153914,0,242,2016,8
2016-08-30,29.16999324448409,0.29972076,34.27381203509867,0,243,2016,8
2016-08-31,29.36999324001374,0.2703998,34.282967587932944,0,244,2016,8
2016-09-01,29.339993240684294,0.26928887,34.27533796057105,0,245,2016,9
2016-09-02,29.36999324001374,0.23026206,34.27991573698819,0,246,2016,9
2016-09-03,29.349993240460776,0.23143974,34.2860194388777,0,247,2016,9
2016-09-04,29.36999324001374,0.27784833,34.282967587932944,0,248,2016,9
2016-09-05,29.339993240684294,0.24031998,34.29059721529484,0,249,2016,9
2016-09-06,29.35999324023726,0.24071643,34.258552780374885,0,250,2016,9
2016-09-07,29.299993241578363,0.18897952,34.1929379850626,0,251,2016,9
2016-09-08,29.199993243813537,0.28939748,34.26770833320916,0,252,2016,9
2016-09-09,29.139993245154642,0.28540224,34.257026854902506,0,253,2016,9
2016-09-10,29.12999324537816,0.21340938,34.113589860498905,0,254,2016,9
2016-09-11,29.039993247389816,0.19080131,34.16699725203216,0,255,2016,9
2016-09-12,28.969993248954438,0.43834323,34.319589799270034,0,256,2016,9
2016-09-13,28.93999324962499,0.38459665,34.4294564332813,0,257,2016,9
2016-09-14,29.029993247613334,0.3826648,34.40046384930611,0,258,2016,9
2016-09-15,29.039993247389816,0.37405074,34.37299719080329,0,259,2016,9
2016-09-16,29.05999324694278,0.34372646,34.39893792383373,0,260,2016,9
2016-09-17,29.069993246719264,0.33787572,34.38215274363756,0,261,2016,9
2016-09-18,29.01999324783685,0.22574286,34.34705645777285,0,262,2016,9
2016-09-19,28.97999324873092,0.22625986,34.28907128982246,0,263,2016,9
2016-09-20,28.969993248954438,0.24225524,34.295174991711974,0,264,2016,9
2016-09-21,29.0499932471663,0.21458034,34.331797203049064,0,265,2016,9
2016-09-22,28.959993249177955,0.21945724,34.29975276812911,0,266,2016,9
2016-09-23,28.929993249848508,0.21955004,34.30127869360149,1,267,2016,9
2016-09-24,28.89999325051906,0.22519666,34.30280461907387,0,268,2016,9
2016-09-25,28.929993249848508,0.24094959,34.342478681355715,0,269,2016,9
2016-09-26,29.00999324806037,0.23792776,34.33790090493858,0,270,2016,9
2016-09-27,29.069993246719264,0.37001875,34.25092315301299,0,271,2016,9
2016-09-28,29.079993246495746,0.38416958,34.10596023313701,0,272,2016,9
2016-09-29,29.00999324806037,0.38416904,33.970152866095304,0,273,2016,9
2016-09-30,28.929993249848508,0.38414374,33.86333808302879,0,274,2016,9
2016-10-01,28.889993250742577,0.33921894,33.90758992172778,0,275,2016,10
2016-10-02,28.949993249401473,0.34430757,34.02203433215618,0,276,2016,10
2016-10-03,28.989993248507403,0.34540597,34.101382456719875,0,277,2016,10
2016-10-04,28.969993248954438,0.3456613,34.06323431991041,0,278,2016,10
2016-10-05,28.89999325051906,0.20880201,33.956419536843896,0,279,2016,10
2016-10-06,28.909993250295543,0.20790376,34.12884911522269,0,280,2016,10
2016-10-07,28.97999324873092,0.20790376,34.09527875483036,0,281,2016,10
2016-10-08,28.929993249848508,0.20790404,33.84044920094311,0,282,2016,10
2016-10-09,28.919993250072025,0.20522724,33.82213809527457,0,283,2016,10
2016-10-10,28.829993252083682,0.292796,33.826715871691704,0,284,2016,10
2016-10-11,28.8199932523072,0.28651893,33.94268620759249,0,285,2016,10
2016-10-12,28.74999325387182,0.26536086,34.03271581046283,0,286,2016,10
2016-10-13,28.769993253424786,0.2678366,34.22956019639969,0,287,2016,10
2016-10-14,28.689993255212926,0.26855826,34.1929379850626,0,288,2016,10
2016-10-15,28.659993255883478,0.30927742,33.896908443421125,0,289,2016,10
2016-10-16,28.599993257224583,0.31412068,33.62529370933771,0,290,2016,10
2016-10-17,28.659993255883478,0.3172889,33.48338264040649,0,291,2016,10
2016-10-18,28.66999325565996,0.3534918,33.59477519989014,0,292,2016,10
2016-10-19,28.689993255212926,0.49706993,33.74889367260039,0,293,2016,10
2016-10-20,28.689993255212926,0.49773872,33.741264045238495,0,294,2016,10
2016-10-21,28.78999325297775,0.47562155,33.78704180940986,0,295,2016,10
2016-10-22,29.119993245601677,0.38325363,33.73516034334898,0,296,2016,10
2016-10-23,29.179993244260572,0.31247458,33.71379738673568,0,297,2016,10
2016-10-24,29.24999324269595,0.2049096,33.788567734882236,0,298,2016,10
2016-10-25,29.239993242919468,0.26168677,33.84044920094311,0,299,2016,10
2016-10-26,29.139993245154642,0.2750509,33.87859733775258,0,300,2016,10
2016-10-27,29.079993246495746,0.281635,33.97473064251244,0,301,2016,10
2016-10-28,29.00999324806037,0.31952032,34.136478742584586,0,302,2016,10
2016-10-29,28.93999324962499,0.30572549,34.23718982376158,0,303,2016,10
2016-10-30,28.909993250295543,0.32635644,34.269234258681536,0,304,2016,10
2016-10-31,28.569993257895135,0.53654534,34.307382395491004,0,305,2016,10
2016-11-01,28.359993262589,0.609224,34.365367563441396,0,306,2016,11
2016-11-02,28.299993263930105,0.9569637,34.38367866910994,0,307,2016,11
2016-11-03,28.269993264600657,1.0085112,34.37604904174805,0,308,2016,11
2016-11-04,28.249993265047692,0.995253,34.330271277576685,0,309,2016,11
2016-11-05,28.179993266612314,1.0104184,34.35163423418999,0,310,2016,11
2016-11-06,28.139993267506384,1.0105397,34.3577379360795,0,311,2016,11
2016-11-07,27.719993276894115,0.48862767,34.38062681816518,0,312,2016,11
2016-11-08,27.69999327734115,0.45326877,34.414197178557515,0,313,2016,11
2016-11-09,27.69999327734115,0.43806937,34.43250828422606,0,314,2016,11
2016-11-10,27.759993276000046,0.4625851,34.44318976253271,0,315,2016,11
2016-11-11,27.799993275105976,0.34821233,34.47218234650791,0,316,2016,11
2016-11-12,27.829993274435424,0.41022906,34.51338233426213,0,317,2016,11
2016-11-13,27.839993274211906,0.2977366,34.56068602390587,0,318,2016,11
2016-11-14,27.839993274211906,0.49431798,34.54390084370971,0,319,2016,11
2016-11-15,27.80999327488246,0.59973747,34.536271216347814,0,320,2016,11
2016-11-16,27.709993277117633,0.69788945,34.51796011067927,0,321,2016,11
2016-11-17,27.609993279352807,0.69789076,34.50727863237262,0,322,2016,11
2016-11-18,27.669993278011702,0.6983077,34.50575270690024,0,323,2016,11
2016-11-19,27.599993279576324,0.7159282,34.51643418520689,0,324,2016,11
2016-11-20,27.609993279352807,0.72738814,34.536271216347814,1,325,2016,11
2016-11-21,27.449993282929086,0.6717826,34.56068602390587,0,326,2016,11
2016-11-22,27.449993282929086,0.77903104,34.59273045882583,0,327,2016,11
2016-11-23,27.489993282035016,0.5243386,34.61409341543913,0,328,2016,11
2016-11-24,27.50999328158798,0.5258425,34.617145266383886,0,329,2016,11
2016-11-25,27.50999328158798,0.7341082,34.58967860788107,0,330,2016,11
2016-11-26,27.569993280246877,0.7343082,34.59120453335345,0,331,2016,11
2016-11-27,27.669993278011702,0.5406904,34.594256384298205,0,332,2016,11
2016-11-28,27.689993277564668,0.8170441,34.6018860116601,0,333,2016,11
2016-11-29,27.61999327912929,0.81564146,34.6232489682734,0,334,2016,11
2016-11-30,27.54999328069391,0.4585625,34.61561934091151,0,335,2016,11
2016-12-01,27.489993282035016,0.46318272,34.618671191856265,0,336,2016,12
2016-12-02,27.449993282929086,0.30083817,34.62477489374578,0,337,2016,12
2016-12-03,27.42999328337612,0.24630517,34.6446119248867,0,338,2016,12
2016-12-04,27.419993283599638,0.43943453,34.665974881500006,0,339,2016,12
2016-12-05,27.419993283599638,0.4675151,34.68123413622379,0,340,2016,12
2016-12-06,27.339993285387777,0.41193637,34.678182285279036,0,341,2016,12
2016-12-07,27.2699932869524,0.4255954,34.67207858338952,0,342,2016,12
2016-12-08,27.19999328851702,0.5990375,34.641560073941946,1,343,2016,12
2016-12-09,27.029993292316817,0.59357667,34.54084899276495,0,344,2016,12
2016-12-10,26.95999329388144,0.42676014,34.36994533985853,0,345,2016,12
2016-12-11,26.859993296116613,0.31138217,34.340952755883336,0,346,2016,12
2016-12-12,26.869993295893096,0.35409972,34.43250828422606,0,347,2016,12
2016-12-13,26.859993296116613,0.3701223,34.47218234650791,0,348,2016,12
2016-12-14,26.88999329544606,0.38247728,34.47676012292504,0,349,2016,12
2016-12-15,26.91999329477551,0.36495915,34.4798119738698,0,350,2016,12
2016-12-16,26.979993293434404,0.47347587,34.48133789934218,0,351,2016,12
2016-12-17,26.96999329365792,0.6496205,34.55000454559922,0,352,2016,12
2016-12-18,27.049993291869782,0.8288492,34.595782309770584,0,353,2016,12
2016-12-19,27.07999329119923,0.72780037,34.64003414846957,0,354,2016,12
2016-12-20,27.049993291869782,0.6255745,34.704123018309474,0,355,2016,12
2016-12-21,27.019993292540335,2.3148918,34.73616745322943,0,356,2016,12
2016-12-22,26.869993295893096,0.7302538,34.737693378701806,0,357,2016,12
2016-12-23,26.789993297681235,0.60564995,34.725485974922776,0,358,2016,12
2016-12-24,26.719993299245857,0.71238536,34.714804496616125,0,359,2016,12
2016-12-25,26.629993301257514,0.7110973,34.67055265791714,0,360,2016,12
2016-12-26,26.469993304833793,1.4467938,34.630878595635295,0,361,2016,12
2016-12-27,26.37999330684545,1.4474293,34.60951563902199,0,362,2016,12
2016-12-28,26.41999330595138,1.0752128,34.6018860116601,0,363,2016,12
2016-12-29,26.389993306621932,1.2174833,34.61104156449437,0,364,2016,12
2016-12-30,26.439993305504345,1.2583052,34.60341193713248,0,365,2016,12
2016-12-31,26.41999330595138,1.2546494,34.594256384298205,0,366,2016,12
2017-01-01,26.429993305727862,1.1762775,34.594256384298205,0,1,2017,1
2017-01-02,26.45999330505731,0.7190213,34.60036008618772,0,2,2017,1
2017-01-03,26.359993307292484,0.7324746,34.59883416071534,0,3,2017,1
2017-01-04,26.099993313103937,0.71263283,34.594256384298205,0,4,2017,1
2017-01-05,25.99999331533911,0.81428874,34.583574905991554,0,5,2017,1
2017-01-06,26.02999331466856,1.156072,34.5805230550468,0,6,2017,1
2017-01-07,25.98999331556263,1.538651,34.57594527862966,0,7,2017,1
2017-01-08,25.9499933164567,1.4717818,34.57594527862966,0,8,2017,1
2017-01-09,25.95999331623318,1.4659315,34.571367502212524,0,9,2017,1
2017-01-10,26.03999331444504,1.3806648,34.583574905991554,0,10,2017,1
2017-01-11,26.119993312656902,1.3999435,34.58815268240869,0,11,2017,1
2017-01-12,26.06999331377449,1.1823753,34.5728934276849,0,12,2017,1
2017-01-13,25.99999331533911,0.5815426,34.545426769182086,0,13,2017,1
2017-01-14,25.979993315786146,0.5829169,34.534745290875435,0,14,2017,1
2017-01-15,25.98999331556263,0.5172627,34.522537887096405,0,15,2017,1
2017-01-16,25.939993316680216,0.547248,34.50727863237262,0,16,2017,1
2017-01-17,25.939993316680216,0.53876907,34.498123079538345,0,17,2017,1
2017-01-18,26.019993314892076,0.51724654,34.49507122859359,0,18,2017,1
2017-01-19,26.02999331466856,0.5569733,34.499649005010724,0,19,2017,1
2017-01-20,26.049993314221524,0.5661065,34.51796011067927,0,20,2017,1
2017-01-21,26.079993313550972,0.49325353,34.533219365403056,0,21,2017,1
2017-01-22,26.099993313103937,0.5212638,34.51643418520689,0,22,2017,1
2017-01-23,26.03999331444504,0.9270718,34.49659715406597,0,23,2017,1
2017-01-24,26.169993311539315,1.0744606,34.49201937764883,0,24,2017,1
2017-01-25,26.18999331109228,1.114567,34.49507122859359,0,25,2017,1
2017-01-26,26.289993308857106,2.0153081,34.50422678142786,0,26,2017,1
2017-01-27,26.25999330952766,2.0153327,34.52558973804116,0,27,2017,1
2017-01-28,26.209993310645245,2.1183481,34.53779714182019,0,28,2017,1
2017-01-29,26.169993311539315,1.9237565,34.522537887096405,0,29,2017,1
2017-01-30,26.129993312433385,0.73488444,34.46607864461839,0,30,2017,1
2017-01-31,26.079993313550972,0.9422734,34.45692309178412,0,31,2017,1
2017-02-01,26.099993313103937,1.0571622,34.463026793673635,0,32,2017,2
2017-02-02,26.169993311539315,0.6902741,34.438611986115575,0,33,2017,2
2017-02-03,26.159993311762832,0.68132323,34.40656755119562,0,34,2017,2
2017-02-04,26.159993311762832,0.7356248,34.38825644552708,0,35,2017,2
2017-02-05,26.059993313998007,0.73554885,34.36994533985853,0,36,2017,2
2017-02-06,26.009993315115594,0.3799685,34.36994533985853,0,37,2017,2
2017-02-07,25.99999331533911,0.48355868,34.38215274363756,0,38,2017,2
2017-02-08,26.019993314892076,1.1092402,34.37452311627567,0,39,2017,2
2017-02-09,26.03999331444504,1.1127186,34.34858238324523,0,40,2017,2
2017-02-10,26.059993313998007,1.1127335,34.33942683041096,0,41,2017,2
2017-02-11,26.06999331377449,0.8263719,34.34705645777285,0,42,2017,2
2017-02-12,26.02999331466856,0.6116399,34.353160159662366,0,43,2017,2
2017-02-13,25.849993318691872,0.5196694,34.36841941438615,0,44,2017,2
2017-02-14,25.739993321150564,0.6303463,34.39436014741659,0,45,2017,2
2017-02-15,25.79999331980946,0.6137104,34.41724902950227,0,46,2017,2
2017-02-16,25.819993319362425,0.61280406,34.43403420969844,0,47,2017,2
2017-02-17,25.849993318691872,0.5344943,34.440137911587954,0,48,2017,2
2017-02-18,25.819993319362425,0.60628647,34.43403420969844,0,49,2017,2
2017-02-19,25.769993320480012,0.7723788,34.44471568800509,0,50,2017,2
2017-02-20,25.709993321821116,0.6008166,34.45692309178412,0,51,2017,2
2017-02-21,25.7199933215976,0.5201974,34.46455271914601,0,52,2017,2
2017-02-22,25.67999332249167,0.65766346,34.45997494272888,0,53,2017,2
2017-02-23,25.67999332249167,0.6181777,34.44471568800509,0,54,2017,2
2017-02-24,25.72999332137408,0.6379122,34.408093476668,0,55,2017,2
2017-02-25,25.789993320032977,0.69814664,34.391308296471834,0,56,2017,2
2017-02-26,25.889993317797803,0.69792163,34.3867305200547,0,57,2017,2
2017-02-27,25.87999331802132,1.825522,34.38825644552708,0,58,2017,2
2017-02-28,25.859993318468355,1.7098992,34.37147126533091,0,59,2017,2
2017-03-01,25.91999331712725,1.3015932,34.340952755883336,0,60,2017,3
2017-03-02,25.939993316680216,0.86738145,34.32721942663193,0,61,2017,3
2017-03-03,25.29999333098533,0.8759464,34.34400460682809,0,62,2017,3
2017-03-04,25.439993327856087,1.279436,34.3577379360795,0,63,2017,3
2017-03-05,25.519993326067947,0.7299894,34.3577379360795,0,64,2017,3
2017-03-06,25.509993326291465,1.2697344,34.36078978702426,0,65,2017,3
2017-03-07,25.539993325620912,1.2430816,34.37299719080329,0,66,2017,3
2017-03-08,25.45999332740905,1.2571027,34.3867305200547,0,67,2017,3
2017-03-09,25.52999332584443,1.0202677,34.40961940214038,0,68,2017,3
2017-03-10,25.559993325173878,0.5647428,34.43250828422606,1,69,2017,3
2017-03-11,25.619993323832773,0.49084553,34.44318976253271,0,70,2017,3
2017-03-12,25.779993320256494,0.49755138,34.45234531536698,0,71,2017,3
2017-03-13,25.889993317797803,0.52689284,34.438611986115575,0,72,2017,3
2017-03-14,25.979993315786146,0.59046704,34.43098235875368,0,73,2017,3
2017-03-15,26.099993313103937,0.51923627,34.473708271980286,0,74,2017,3
2017-03-16,26.129993312433385,2.746894,34.47676012292504,0,75,2017,3
2017-03-17,25.289993331208848,2.4291024,34.47676012292504,0,76,2017,3
2017-03-18,25.399993328750156,1.2807637,34.48133789934218,0,77,2017,3
2017-03-19,25.359993329644226,1.4491125,34.48133789934218,0,78,2017,3
2017-03-20,25.659993322938703,1.9583077,34.47676012292504,0,79,2017,3
2017-03-21,25.659993322938703,1.3564705,34.45539716631174,0,80,2017,3
2017-03-22,26.02999331466856,0.77126396,34.449293464422226,0,81,2017,3
2017-03-23,26.76999329812827,1.0766973,34.44776753894985,0,82,2017,3
2017-03-24,26.939993294328474,0.6351472,34.44318976253271,0,83,2017,3
2017-03-25,26.939993294328474,0.63127863,34.427930507808924,0,84,2017,3
2017-03-26,26.939993294328474,0.32555214,34.401989774778485,0,85,2017,3
2017-03-27,26.939993294328474,0.30897263,34.38825644552708,0,86,2017,3
2017-03-28,26.909993294999026,0.29403868,34.36078978702426,0,87,2017,3
2017-03-29,26.799993297457718,0.29645813,34.32721942663193,0,88,2017,3
2017-03-30,26.68999329991641,0.28256643,34.31348609738052,0,89,2017,3
2017-03-31,26.709993299469375,0.26179945,34.307382395491004,0,90,2017,3
2017-04-01,26.789993297681235,0.5116506,34.26160463131964,0,91,2017,4
2017-04-02,26.819993297010683,0.4726104,34.2432935256511,0,92,2017,4
2017-04-03,26.839993296563648,0.58330786,34.20056761242449,0,93,2017,4
2017-04-04,26.859993296116613,0.61515677,34.16699725203216,0,94,2017,4
2017-04-05,26.949993294104956,0.6250618,34.16699725203216,0,95,2017,4
2017-04-06,26.979993293434404,0.54818296,34.186834283173084,0,96,2017,4
2017-04-07,26.939993294328474,0.8585183,34.20056761242449,0,97,2017,4
2017-04-08,26.60999330170455,1.0464283,34.18988613411784,0,98,2017,4
2017-04-09,26.5799933023751,0.73357344,34.160893550142646,0,99,2017,4
2017-04-10,26.749993298575305,0.65165126,34.13495281711221,0,100,2017,4
2017-04-11,26.92999329455199,0.67111987,34.127323189750314,0,101,2017,4
2017-04-12,26.61999330148103,0.4807822,34.08307135105133,0,102,2017,4
2017-04-13,26.61999330148103,0.93866765,34.06323431991041,0,103,2017,4
2017-04-14,26.5799933023751,0.5544233,34.052552841603756,0,104,2017,4
2017-04-15,26.669993300363444,0.40582842,34.041871363297105,0,105,2017,4
2017-04-16,27.249993287399434,0.35232678,34.05102691613138,0,106,2017,4
2017-04-17,27.179993288964056,0.42089355,34.08764912746847,0,107,2017,4
2017-04-18,27.179993288964056,1.1272576,34.11664171144366,0,108,2017,4
2017-04-19,27.179993288964056,1.117534,34.15173799730837,0,109,2017,4
2017-04-20,27.329993285611295,0.5054616,34.186834283173084,0,110,2017,4
2017-04-21,27.50999328158798,0.84262675,34.197515761479735,0,111,2017,4
2017-04-22,27.719993276894115,0.4160296,34.185308357700706,0,112,2017,4
2017-04-23,28.719993254542374,0.40271774,34.20667131431401,0,113,2017,4
2017-04-24,28.07999326884749,0.39772245,34.232612047344446,0,114,2017,4
2017-04-25,27.939993271976732,0.39036748,34.25550092943013,0,115,2017,4
2017-04-26,27.989993270859145,0.37896577,34.26160463131964,1,116,2017,4
2017-04-27,28.299993263930105,0.42483094,34.270760184153914,0,117,2017,4
2017-04-28,28.19999326616528,0.68021715,34.28449351340532,0,118,2017,4
2017-04-29,28.299993263930105,0.7623887,34.307382395491004,0,119,2017,4
2017-04-30,28.289993264153622,0.561151,34.33790090493858,0,120,2017,4
2017-05-01,28.11999326795342,0.60453683,34.35926386155188,0,121,2017,5
2017-05-02,28.15999326705935,0.59750056,34.38062681816518,0,122,2017,5
2017-05-03,28.19999326616528,0.42974758,34.38367866910994,0,123,2017,5
2017-05-04,28.349993262812518,0.5363412,34.379100892692804,0,124,2017,5
2017-05-05,28.19999326616528,0.54488707,34.35163423418999,0,125,2017,5
2017-05-06,28.16999326683583,0.5171382,34.33942683041096,0,126,2017,5
2017-05-07,28.219993265718244,0.40990108,34.34400460682809,0,127,2017,5
2017-05-08,28.289993264153622,0.36965287,34.37147126533091,0,128,2017,5
2017-05-09,28.249993265047692,0.46522808,34.40046384930611,0,129,2017,5
2017-05-10,28.289993264153622,0.47366193,34.43403420969844,0,130,2017,5
2017-05-11,28.249993265047692,0.44847903,34.45387124083936,0,131,2017,5
2017-05-12,28.27999326437714,0.42603403,34.46607864461839,0,132,2017,5
2017-05-13,28.329993263259553,0.37971663,34.45997494272888,0,133,2017,5
2017-05-14,28.449993260577344,0.37970164,34.45692309178412,0,134,2017,5
2017-05-15,28.50999325923624,0.3447973,34.42030088044703,0,135,2017,5
2017-05-16,28.539993258565687,0.34612232,34.330271277576685,0,136,2017,5
2017-05-17,28.54999325834217,0.50964004,34.257026854902506,1,137,2017,5
2017-05-18,28.5899932574481,0.4708977,34.19598983600736,0,138,2017,5
2017-05-19,28.66999325565996,0.47098553,34.25092315301299,0,139,2017,5
2017-05-20,28.769993253424786,0.33851987,34.18988613411784,0,140,2017,5
2017-05-21,28.849993251636647,0.35186106,34.1715750284493,0,141,2017,5
2017-05-22,28.849993251636647,0.33788565,34.17004910297692,0,142,2017,5
2017-05-23,28.89999325051906,0.6269963,34.10443430766463,0,143,2017,5
2017-05-24,28.919993250072025,0.6238425,34.0998565312475,0,144,2017,5
2017-05-25,28.999993248283886,0.46059093,34.07238987274468,0,145,2017,5
2017-05-26,29.079993246495746,0.561118,34.06933802179992,0,146,2017,5
2017-05-27,29.09999324604871,0.68031126,34.0998565312475,0,147,2017,5
2017-05-28,29.139993245154642,0.7437368,34.14716022089124,0,148,2017,5
2017-05-29,29.149993244931125,0.690968,34.14716022089124,0,149,2017,5
2017-05-30,29.879993228614353,0.6049491,34.162419475615025,0,150,2017,5
2017-05-31,29.809993230178975,0.6603131,34.15478984825313,0,151,2017,5
2017-06-01,29.70999323241415,0.60857517,34.18225650675595,0,152,2017,6
2017-06-02,29.889993228390836,0.60857517,34.16547132655978,0,153,2017,6
2017-06-03,30.20999322123828,0.5064229,34.11969356238842,0,154,2017,6
2017-06-04,30.189993221685313,0.63804334,34.06170839443803,0,155,2017,6
2017-06-05,30.159993222355865,0.47605175,34.017456555739045,0,156,2017,6
2017-06-06,30.169993222132348,0.47605175,34.05102691613138,0,157,2017,6
2017-06-07,30.17999322190883,0.35381982,34.09375282935798,0,158,2017,6
2017-06-08,30.129993223026418,0.43479285,34.15478984825313,0,159,2017,6
2017-06-09,30.089993223920487,0.445285,34.20056761242449,0,160,2017,6
2017-06-10,30.119993223249935,0.6002996,34.19598983600736,0,161,2017,6
2017-06-11,30.09999322369697,0.60909826,34.11053800955415,0,162,2017,6
2017-06-12,30.069993224367522,0.655369,34.125797264277935,0,163,2017,6
2017-06-13,30.199993221461796,0.71713775,34.10443430766463,0,164,2017,6
2017-06-14,30.24999322034421,0.70212567,34.049500990659,0,165,2017,6
2017-06-15,30.1399932228029,0.71353126,34.0998565312475,0,166,2017,6
2017-06-16,30.369993217662,0.5710746,34.13190096616745,0,167,2017,6
2017-06-17,30.349993218109034,0.5240376,34.06781209632754,0,168,2017,6
2017-06-18,30.28999321945014,0.52403563,34.028138034045696,0,169,2017,6
2017-06-19,30.199993221461796,0.3708499,34.015930630266666,0,170,2017,6
2017-06-20,30.05999322459104,0.29210258,33.95489361137152,0,171,2017,6
2017-06-21,29.959993226826214,0.4031904,33.91369362361729,0,172,2017,6
2017-06-22,29.94999322704973,0.38515192,33.88775289058685,0,173,2017,6
2017-06-23,30.169993222132348,0.37771377,33.88317511416972,0,174,2017,6
2017-06-24,30.109993223473452,0.46645534,33.86333808302879,0,175,2017,6
2017-06-25,30.129993223026418,0.48910308,33.88164918869734,0,176,2017,6
2017-06-26,30.089993223920487,0.45927787,33.92437510192394,0,177,2017,6
2017-06-27,30.01999322548511,0.66082174,33.93658250570297,0,178,2017,6
2017-06-28,29.899993228167318,0.6938656,33.919797325506806,0,179,2017,6
2017-06-29,29.879993228614353,0.6820906,33.95184176042676,0,180,2017,6
2017-06-30,29.78999323062601,0.5575564,34.02508618310094,0,181,2017,6
2017-07-01,29.759993231296562,0.54165363,34.03424173593521,0,182,2017,7
2017-07-02,29.78999323062601,0.54382455,34.066286170855165,0,183,2017,7
2017-07-03,29.779993230849527,0.38842037,34.078493574634194,0,184,2017,7
2017-07-04,29.809993230178975,0.4296034,34.0922269038856,0,185,2017,7
2017-07-05,29.839993229508423,0.4296123,34.0998565312475,0,186,2017,7
2017-07-06,29.78999323062601,0.4315677,34.076967649161816,0,187,2017,7
2017-07-07,29.70999323241415,0.4315677,34.09527875483036,0,188,2017,7
2017-07-08,29.62999323420229,0.4791658,34.101382456719875,0,189,2017,7
2017-07-09,29.569993235543393,0.4134861,34.11053800955415,0,190,2017,7
2017-07-10,28.959993249177955,0.41971022,34.05560469254851,0,191,2017,7
2017-07-11,29.00999324806037,0.42565727,33.99609359912574,0,192,2017,7
2017-07-12,29.00999324806037,0.41039455,33.84502697736025,0,193,2017,7
2017-07-13,29.039993247389816,0.42517152,33.632923336699605,0,194,2017,7
2017-07-14,29.109993245825194,0.4083218,33.50321967154741,0,195,2017,7
2017-07-15,29.12999324537816,0.42833337,33.597827050834894,0,196,2017,7
2017-07-16,29.16999324448409,0.3873029,33.657338144257665,0,197,2017,7
2017-07-17,29.12999324537816,0.4527338,33.75957515090704,0,198,2017,7
2017-07-18,29.109993245825194,0.44985607,33.86944178491831,0,199,2017,7
2017-07-19,29.109993245825194,0.3638894,33.79467143677175,1,200,2017,7
2017-07-20,29.05999324694278,0.33178145,33.82824179716408,0,201,2017,7
2017-07-21,28.999993248283886,0.31091535,33.81908624432981,1,202,2017,7
2017-07-22,29.00999324806037,0.33361545,33.79619736224413,1,203,2017,7
2017-07-23,29.01999324783685,0.3385083,33.72142701409757,0,204,2017,7
2017-07-24,29.01999324783685,0.36083668,33.67412332445383,1,205,2017,7
2017-07-25,28.959993249177955,0.33295408,33.788567734882236,1,206,2017,7
2017-07-26,28.93999324962499,0.31204742,33.81756031885743,0,207,2017,7
2017-07-27,28.85999325141313,0.32918665,33.776360331103206,0,208,2017,7
2017-07-28,28.85999325141313,0.32463965,33.751945523545146,0,209,2017,7
2017-07-29,29.499993237108015,0.25351542,33.75041959807277,0,210,2017,7
2017-07-30,29.509993236884497,0.25359485,33.74431589618325,0,211,2017,7
2017-07-31,29.55999323576691,0.26193652,33.718375163152814,0,212,2017,7
2017-08-01,29.6799932330847,0.2797063,33.67564924992621,0,213,2017,8
2017-08-02,29.619993234425806,0.26187465,33.657338144257665,0,214,2017,8
2017-08-03,29.529993236437463,0.31712404,33.706167759373784,0,215,2017,8
2017-08-04,29.499993237108015,0.34454483,33.75804922543466,0,216,2017,8
2017-08-05,29.529993236437463,0.3887255,33.76110107637942,0,217,2017,8
2017-08-06,30.21999322101476,0.41461143,33.76720477826893,0,218,2017,8
2017-08-07,30.199993221461796,0.3404115,33.800775138661265,0,219,2017,8
2017-08-08,30.17999322190883,0.34736922,33.82213809527457,0,220,2017,8
2017-08-09,30.419993216544412,0.30850166,33.80840476602316,0,221,2017,8
2017-08-10,30.29999321922662,0.3548038,33.7549973744899,0,222,2017,8
2017-08-11,30.269993219897174,0.32334152,33.67564924992621,0,223,2017,8
2017-08-12,30.269993219897174,0.34148616,33.693960355594754,0,224,2017,8
2017-08-13,30.149993222579383,0.40837273,33.68785665370524,0,225,2017,8
2017-08-14,30.189993221685313,0.45588854,33.67259739898145,0,226,2017,8
2017-08-15,30.24999322034421,0.35277534,33.70158998295665,0,227,2017,8
2017-08-16,30.229993220791243,0.2897918,33.739738119766116,0,228,2017,8
2017-08-17,30.05999322459104,0.3847587,33.81756031885743,0,229,2017,8
2017-08-18,29.93999322727325,0.3160746,33.78551588393748,0,230,2017,8
2017-08-19,29.819993229955458,0.2918969,33.7839899584651,0,231,2017,8
2017-08-20,29.689993232861184,0.26440528,33.898434368893504,0,232,2017,8
2017-08-21,29.62999323420229,0.26842156,33.88164918869734,0,233,2017,8
2017-08-22,29.59999323487284,0.31685418,33.83129364810884,0,234,2017,8
2017-08-23,29.549993235990428,0.30953565,33.67717517539859,0,235,2017,8
2017-08-24,29.569993235543393,0.33479133,33.52000485174358,0,236,2017,8
2017-08-25,29.609993234649323,0.30163178,33.60393075272441,0,237,2017,8
2017-08-26,29.59999323487284,0.27353445,33.6115603800863,0,238,2017,8
2017-08-27,29.62999323420229,0.25872636,33.57799001969397,0,239,2017,8
2017-08-28,29.609993234649323,0.25442317,33.78704180940986,0,240,2017,8
2017-08-29,29.459993238002085,0.29138815,33.66038999520242,0,241,2017,8
2017-08-30,29.40999323911967,0.28563398,33.66496777161956,0,242,2017,8
2017-08-31,29.419993238896154,0.27274516,33.62987148575485,0,243,2017,8
2017-09-01,29.449993238225602,0.24616878,33.620715932920575,0,244,2017,9
2017-09-02,29.539993236213945,0.27683488,33.62681963481009,0,245,2017,9
2017-09-03,29.569993235543393,0.27052262,33.590197423473,0,246,2017,9
2017-09-04,29.609993234649323,0.2705036,33.548997435718775,0,247,2017,9
2017-09-05,29.509993236884497,0.40827605,33.61461223103106,0,248,2017,9
2017-09-06,29.339993240684294,0.39575204,33.68938257917762,0,249,2017,9
2017-09-07,29.36999324001374,0.3956194,33.79314551129937,0,250,2017,9
2017-09-08,29.449993238225602,0.3407178,33.83129364810884,0,251,2017,9
2017-09-09,29.489993237331532,0.37945187,33.82061216980219,0,252,2017,9
2017-09-10,29.449993238225602,0.35217512,33.81756031885743,0,253,2017,9
2017-09-11,29.339993240684294,0.34996393,33.69548628106713,0,254,2017,9
2017-09-12,29.20999324359002,0.5000222,33.80993069149554,0,255,2017,9
2017-09-13,29.079993246495746,0.49471965,33.657338144257665,0,256,2017,9
2017-09-14,29.119993245601677,0.45256263,33.60240482725203,0,257,2017,9
2017-09-15,29.40999323911967,0.32799175,33.452864130958915,0,258,2017,9
2017-09-16,29.809993230178975,0.3313305,33.512375224381685,0,259,2017,9
2017-09-17,29.929993227496766,0.24243927,33.590197423473,0,260,2017,9
2017-09-18,29.809993230178975,0.24244186,33.63597518764436,0,261,2017,9
2017-09-19,29.70999323241415,0.3082963,33.65886406973004,0,262,2017,9
2017-09-20,29.63999323397877,0.3123398,33.62987148575485,0,263,2017,9
2017-09-21,29.66999323330822,0.4155549,33.59935297630727,0,264,2017,9
2017-09-22,29.529993236437463,0.4145573,33.475753013044596,0,265,2017,9
2017-09-23,29.449993238225602,0.49540403,33.46964931115508,0,266,2017,9
2017-09-24,29.389993239566707,0.5722049,33.55662706308067,0,267,2017,9
2017-09-25,29.379993239790224,0.57203746,33.58256779611111,0,268,2017,9
2017-09-26,29.509993236884497,0.5204839,33.65886406973004,0,269,2017,9
2017-09-27,29.609993234649323,0.4767548,33.657338144257665,0,270,2017,9
2017-09-28,29.609993234649323,0.49420264,33.71532331220806,0,271,2017,9
2017-09-29,29.489993237331532,0.46153522,33.826715871691704,0,272,2017,9
2017-09-30,29.36999324001374,0.52078205,33.79467143677175,0,273,2017,9
2017-10-01,29.459993238002085,0.5437053,33.776360331103206,0,274,2017,10
2017-10-02,29.689993232861184,0.5824856,33.80993069149554,0,275,2017,10
2017-10-03,29.739993231743597,0.5824771,33.92895287834108,0,276,2017,10
2017-10-04,29.769993231073045,0.42215523,33.90758992172778,0,277,2017,10
2017-10-05,29.809993230178975,0.40333182,33.92437510192394,0,278,2017,10
2017-10-06,29.819993229955458,0.37515387,33.910641772672534,0,279,2017,10
2017-10-07,29.819993229955458,0.37182298,33.89080474153161,0,280,2017,10
2017-10-08,29.70999323241415,0.3715366,33.86333808302879,0,281,2017,10
2017-10-09,29.63999323397877,0.48167118,33.814508467912674,0,282,2017,10
2017-10-10,29.489993237331532,0.47714007,33.85723438113928,0,283,2017,10
2017-10-11,29.429993238672637,0.437085,33.72600479051471,0,284,2017,10
2017-10-12,29.309993241354846,0.44708717,33.70311590842903,0,285,2017,10
2017-10-13,29.28999324180188,0.44790888,33.53373818099499,0,286,2017,10
2017-10-14,29.16999324448409,0.3298506,33.39945673942566,0,287,2017,10
2017-10-15,29.109993245825194,0.33541122,33.06527906097472,0,288,2017,10
2017-10-16,28.989993248507403,0.3332001,32.804345805197954,0,289,2017,10
2017-10-17,28.989993248507403,0.38284037,32.9157383646816,0,290,2017,10
2017-10-18,28.959993249177955,0.3796833,32.90658281184733,0,291,2017,10
2017-10-19,28.949993249401473,0.38619053,33.12326422892511,0,292,2017,10
2017-10-20,28.919993250072025,0.48013183,33.23313086293638,0,293,2017,10
2017-10-21,28.919993250072025,0.47964293,33.237708639353514,0,294,2017,10
2017-10-22,28.85999325141313,0.47427183,33.26670122332871,0,295,2017,10
2017-10-23,28.85999325141313,0.47278777,33.346049347892404,0,296,2017,10
2017-10-24,28.909993250295543,0.41218236,33.512375224381685,0,297,2017,10
2017-10-25,28.879993250966095,0.43186593,33.61308630555868,0,298,2017,10
2017-10-26,28.8199932523072,0.337622,33.692434430122375,0,299,2017,10
2017-10-27,28.77999325320127,0.3216845,33.55662706308067,0,300,2017,10
2017-10-28,28.85999325141313,0.29822102,33.333841944113374,0,301,2017,10
2017-10-29,28.989993248507403,0.29522276,33.487960416823626,0,302,2017,10
2017-10-30,29.01999324783685,0.2753791,33.610034454613924,0,303,2017,10
2017-10-31,28.929993249848508,0.2753791,33.84197512641549,0,304,2017,10
2017-11-01,28.929993249848508,0.5535742,33.7626270018518,0,305,2017,11
2017-11-02,28.869993251189612,0.5537406,33.61308630555868,0,306,2017,11
2017-11-03,28.769993253424786,0.563723,33.765678852796555,0,307,2017,11
2017-11-04,28.609993257001065,0.5634402,33.82061216980219,0,308,2017,11
2017-11-05,28.369993262365483,0.567629,33.741264045238495,0,309,2017,11
2017-11-06,28.359993262589,0.41250968,33.7549973744899,0,310,2017,11
2017-11-07,28.419993261247896,0.47108126,33.84350105188787,0,311,2017,11
2017-11-08,28.46999326013031,0.62123966,33.84655290283263,0,312,2017,11
2017-11-09,28.46999326013031,0.62108856,33.823664020746946,0,313,2017,11
2017-11-10,28.46999326013031,0.6820727,33.78704180940986,0,314,2017,11
2017-11-11,28.39999326169493,0.69302493,33.765678852796555,0,315,2017,11
2017-11-12,28.379993262141966,0.42299852,33.79161958582699,0,316,2017,11
2017-11-13,28.729993254318856,0.42722973,33.75804922543466,0,317,2017,11
2017-11-14,29.00999324806037,0.5011812,33.73668626882136,0,318,2017,11
2017-11-15,28.989993248507403,0.44001704,33.85265660472214,0,319,2017,11
2017-11-16,28.77999325320127,0.44001704,33.90758992172778,0,320,2017,11
2017-11-17,28.569993257895135,0.44566065,33.89080474153161,0,321,2017,11
2017-11-18,28.27999326437714,0.8826858,33.70311590842903,0,322,2017,11
2017-11-19,28.369993262365483,0.8975449,33.79772328771651,0,323,2017,11
2017-11-20,28.369993262365483,0.6860558,33.81145661696792,0,324,2017,11
2017-11-21,28.259993264824175,0.49743968,33.85113067924976,0,325,2017,11
2017-11-22,28.189993266388797,0.42121696,33.86486400850117,0,326,2017,11
2017-11-23,28.219993265718244,0.39266002,33.898434368893504,0,327,2017,11
2017-11-24,28.219993265718244,0.3541331,33.91827140003443,0,328,2017,11
2017-11-25,28.189993266388797,0.8386546,33.919797325506806,0,329,2017,11
2017-11-26,27.53999328091743,1.2063789,33.860286232084036,0,330,2017,11
2017-11-27,27.729993276670598,1.1958374,33.84350105188787,0,331,2017,11
2017-11-28,27.65999327823522,1.0396926,33.88012326322496,0,332,2017,11
2017-11-29,27.559993280470394,0.9123671,33.88927881605923,0,333,2017,11
2017-11-30,27.479993282258533,0.575454,33.90148621983826,0,334,2017,11
2017-12-01,27.53999328091743,0.4196064,33.92590102739632,0,335,2017,12
2017-12-02,27.69999327734115,0.3827786,33.91521954908967,0,336,2017,12
2017-12-03,27.96999327130618,0.33286908,33.91827140003443,0,337,2017,12
2017-12-04,27.999993270635628,0.53841835,33.88927881605923,0,338,2017,12
2017-12-05,28.039993269741558,0.3899897,33.860286232084036,0,339,2017,12
2017-12-06,27.959993271529697,0.4349938,33.861812157556415,0,340,2017,12
2017-12-07,28.019993270188593,0.54017615,33.8770714122802,0,341,2017,12
2017-12-08,27.959993271529697,0.5101585,33.82976772263646,0,342,2017,12
2017-12-09,27.959993271529697,0.29191712,33.800775138661265,0,343,2017,12
2017-12-10,28.00999327041211,0.37750044,33.7336344178766,0,344,2017,12
2017-12-11,27.989993270859145,0.30756295,33.74889367260039,0,345,2017,12
2017-12-12,27.88999327309432,0.34884882,33.718375163152814,0,346,2017,12
2017-12-13,27.789993275329493,0.37210792,33.71074553579092,0,347,2017,12
2017-12-14,27.729993276670598,0.31512913,33.72295293956995,0,348,2017,12
2017-12-15,27.689993277564668,0.9261013,33.73210849240422,0,349,2017,12
2017-12-16,27.679993277788185,0.94988304,33.73668626882136,0,350,2017,12
2017-12-17,27.599993279576324,0.94988304,33.716849237680435,0,351,2017,12
2017-12-18,27.54999328069391,1.1523429,33.73668626882136,0,352,2017,12
2017-12-19,27.4999932818115,1.2931793,33.81603439338505,0,353,2017,12
2017-12-20,27.519993281364464,0.95517373,33.93047880381346,0,354,2017,12
2017-12-21,27.42999328337612,0.91220194,33.9777824934572,0,355,2017,12
2017-12-22,27.259993287175917,0.89603984,33.994567673653364,0,356,2017,12
2017-12-23,27.149993289634608,0.8585199,34.00067137554288,0,357,2017,12
2017-12-24,27.049993291869782,0.86950356,34.017456555739045,0,358,2017,12
2017-12-25,26.949993294104956,0.46341744,34.03881951235235,0,359,2017,12
2017-12-26,26.76999329812827,0.8957304,34.06170839443803,0,360,2017,12
2017-12-27,26.639993301033996,0.746387,34.06781209632754,0,361,2017,12
2017-12-28,26.64999330081048,0.70675045,34.041871363297105,0,362,2017,12
2017-12-29,26.60999330170455,0.78033763,34.02356025762856,0,363,2017,12
2017-12-30,26.64999330081048,0.77618414,34.05560469254851,0,364,2017,12
2017-12-31,26.61999330148103,0.7761295,34.11206393502653,0,365,2017,12
2018-01-01,26.60999330170455,0.77642643,34.15173799730837,0,1,2018,1
2018-01-02,26.529993303492688,0.78450966,34.18836020864546,0,2,2018,1
2018-01-03,26.519993303716205,0.8037843,34.18836020864546,0,3,2018,1
2018-01-04,26.519993303716205,0.51023316,34.18378243222833,0,4,2018,1
2018-01-05,26.469993304833793,0.5272971,34.197515761479735,0,5,2018,1
2018-01-06,26.37999330684545,0.9532098,34.19141205959022,0,6,2018,1
2018-01-07,26.289993308857106,0.87034893,34.16699725203216,0,7,2018,1
2018-01-08,26.239993309974693,0.7602492,34.14563429541886,0,8,2018,1
2018-01-09,26.26999330930414,0.5829247,34.13495281711221,0,9,2018,1
2018-01-10,26.389993306621932,0.9351369,34.125797264277935,0,10,2018,1
2018-01-11,26.53999330326917,0.87324077,34.11816763691604,0,11,2018,1
2018-01-12,26.489993304386758,0.78850734,34.11664171144366,0,12,2018,1
2018-01-13,26.37999330684545,0.7885054,34.08001950010657,0,13,2018,1
2018-01-14,26.319993308186554,0.81237173,33.98388619534671,0,14,2018,1
2018-01-15,26.289993308857106,1.2638804,33.92590102739632,0,15,2018,1
2018-01-16,26.209993310645245,1.6274621,33.91369362361729,0,16,2018,1
2018-01-17,26.18999331109228,1.546577,33.884701039642096,0,17,2018,1
2018-01-18,26.249993309751176,1.7115215,33.83129364810884,0,18,2018,1
2018-01-19,26.22999331019821,1.7115004,33.80840476602316,0,19,2018,1
2018-01-20,26.239993309974693,0.48508662,33.79924921318889,0,20,2018,1
2018-01-21,26.239993309974693,0.52733135,33.78246403299272,0,21,2018,1
2018-01-22,26.29999330863359,0.8291789,33.77178255468607,0,22,2018,1
2018-01-23,26.359993307292484,0.5872919,33.765678852796555,0,23,2018,1
2018-01-24,26.489993304386758,0.5274715,33.751945523545146,0,24,2018,1
2018-01-25,26.469993304833793,0.6562619,33.75804922543466,0,25,2018,1
2018-01-26,26.509993303939723,0.9455077,33.77178255468607,0,26,2018,1
2018-01-27,26.409993306174897,0.94546777,33.84044920094311,0,27,2018,1
2018-01-28,26.429993305727862,0.8228882,33.909115847200155,0,28,2018,1
2018-01-29,26.589993302151584,0.82342136,33.91674547456205,0,29,2018,1
2018-01-30,26.5799933023751,0.87743336,33.919797325506806,0,30,2018,1
2018-01-31,26.509993303939723,0.85539025,33.944212133064866,1,31,2018,1
2018-02-01,26.49999330416324,0.7927158,33.97167879156768,0,32,2018,2
2018-02-02,26.529993303492688,0.5037253,33.970152866095304,0,33,2018,2
2018-02-03,26.489993304386758,0.49124762,33.968626940622926,0,34,2018,2
2018-02-04,26.479993304610275,0.50023216,33.9777824934572,0,35,2018,2
2018-02-05,26.349993307516,0.8221585,33.96710101515055,0,36,2018,2
2018-02-06,26.199993310868763,0.9050751,33.96710101515055,0,37,2018,2
2018-02-07,26.119993312656902,0.76827985,33.95336768589914,0,38,2018,2
2018-02-08,26.099993313103937,0.89460886,33.89080474153161,0,39,2018,2
2018-02-09,26.119993312656902,0.85861117,33.84044920094311,0,40,2018,2
2018-02-10,26.199993310868763,0.56262255,33.860286232084036,0,41,2018,2
2018-02-11,26.239993309974693,0.4504531,33.90758992172778,0,42,2018,2
2018-02-12,26.33999330773952,0.39734083,33.91827140003443,0,43,2018,2
2018-02-13,26.26999330930414,0.41791084,33.91369362361729,0,44,2018,2
2018-02-14,26.179993311315798,1.325382,33.90301214531064,0,45,2018,2
2018-02-15,26.219993310421728,1.5857958,33.89080474153161,0,46,2018,2
2018-02-16,26.219993310421728,1.9082879,33.88317511416972,0,47,2018,2
2018-02-17,26.29999330863359,0.7218118,33.935056580230594,0,48,2018,2
2018-02-18,26.349993307516,2.3832939,33.95489361137152,0,49,2018,2
2018-02-19,26.319993308186554,1.422982,33.944212133064866,0,50,2018,2
2018-02-20,26.209993310645245,0.50087994,33.91216769814491,0,51,2018,2
2018-02-21,26.29999330863359,0.73696154,33.88927881605923,0,52,2018,2
2018-02-22,26.239993309974693,1.4395859,33.88927881605923,0,53,2018,2
2018-02-23,26.209993310645245,1.2284657,33.91216769814491,0,54,2018,2
2018-02-24,26.209993310645245,1.116703,33.96099731326103,0,55,2018,2
2018-02-25,26.239993309974693,0.7224653,33.99151582270861,0,56,2018,2
2018-02-26,26.25999330952766,0.6441143,34.015930630266666,0,57,2018,2
2018-02-27,26.219993310421728,0.5284407,34.040345437824726,0,58,2018,2
2018-02-28,26.349993307516,1.0759785,34.02356025762856,0,59,2018,2
2018-03-01,26.61999330148103,1.3497485,33.99151582270861,0,60,2018,3
2018-03-02,26.629993301257514,0.49830073,33.98846397176385,0,61,2018,3
2018-03-03,26.589993302151584,0.5805452,33.980834344401956,0,62,2018,3
2018-03-04,26.489993304386758,0.7189434,33.957945462316275,0,63,2018,3
2018-03-05,26.369993307068967,0.647764,33.93047880381346,0,64,2018,3
2018-03-06,26.60999330170455,0.6096623,33.91369362361729,0,65,2018,3
2018-03-07,26.639993301033996,0.6787479,33.886226965114474,0,66,2018,3
2018-03-08,26.64999330081048,0.4556381,33.88012326322496,0,67,2018,3
2018-03-09,26.64999330081048,0.4353587,33.8770714122802,0,68,2018,3
2018-03-10,26.60999330170455,0.4041224,33.91369362361729,0,69,2018,3
2018-03-11,26.599993301928066,0.6105069,33.93047880381346,0,70,2018,3
2018-03-12,26.669993300363444,0.6199489,33.96404916420579,0,71,2018,3
2018-03-13,26.699993299692892,0.42187873,33.99151582270861,0,72,2018,3
2018-03-14,26.68999329991641,0.49932793,34.01135285384953,0,73,2018,3
2018-03-15,26.639993301033996,0.5101221,34.00982692837715,0,74,2018,3
2018-03-16,27.069993291422747,0.54887116,33.98998989723623,0,75,2018,3
2018-03-17,27.34999328516426,0.79824764,33.994567673653364,0,76,2018,3
2018-03-18,27.30999328605833,0.68479145,33.99609359912574,0,77,2018,3
2018-03-19,27.2699932869524,0.49227569,33.97930841892958,0,78,2018,3
2018-03-20,27.2699932869524,0.47547933,33.96710101515055,0,79,2018,3
2018-03-21,27.339993285387777,0.7423924,33.97167879156768,0,80,2018,3
2018-03-22,27.369993284717225,0.5331083,33.9777824934572,0,81,2018,3
2018-03-23,27.27999328672888,0.4815369,33.96557508967817,0,82,2018,3
2018-03-24,26.33999330773952,0.5448502,33.948789909482,0,83,2018,3
2018-03-25,26.349993307516,1.4467865,33.95947138778865,0,84,2018,3
2018-03-26,26.389993306621932,1.4303652,34.01440470479429,0,85,2018,3
2018-03-27,26.519993303716205,1.2205483,34.102908382192254,0,86,2018,3
2018-03-28,26.56999330259862,0.69093966,34.15784169919789,0,87,2018,3
2018-03-29,26.599993301928066,2.187295,34.17920465581119,0,88,2018,3
2018-03-30,26.639993301033996,1.9931933,34.18073058128357,0,89,2018,3
2018-03-31,26.639993301033996,0.632214,34.16547132655978,0,90,2018,3
2018-04-01,26.589993302151584,1.0255299,34.139530593529344,0,91,2018,4
2018-04-02,27.139993289858126,0.97289973,34.11664171144366,0,92,2018,4
2018-04-03,27.339993285387777,0.7600178,34.11206393502653,0,93,2018,4
2018-04-04,27.219993288069986,0.53469515,34.11969356238842,0,94,2018,4
2018-04-05,26.979993293434404,0.6900049,34.13190096616745,0,95,2018,4
2018-04-06,26.799993297457718,0.3909756,34.136478742584586,0,96,2018,4
2018-04-07,26.679993300139927,0.39175308,34.148686146363616,0,97,2018,4
2018-04-08,26.68999329991641,0.5553144,34.15173799730837,0,98,2018,4
2018-04-09,26.72999329902234,0.5987483,34.11664171144366,0,99,2018,4
2018-04-10,27.089993290975713,0.49425328,34.0998565312475,0,100,2018,4
2018-04-11,27.42999328337612,0.4386417,34.125797264277935,0,101,2018,4
2018-04-12,27.65999327823522,0.48356023,34.13037504069507,0,102,2018,4
2018-04-13,28.019993270188593,0.45929214,34.127323189750314,0,103,2018,4
2018-04-14,28.069993269071006,0.4222592,34.1425824444741,0,104,2018,4
2018-04-15,28.04999326951804,0.34488413,34.162419475615025,0,105,2018,4
2018-04-16,28.039993269741558,0.2737778,34.16852317750454,0,106,2018,4
2018-04-17,27.909993272647284,0.39517552,34.15784169919789,0,107,2018,4
2018-04-18,27.949993271753215,0.43167818,34.162419475615025,0,108,2018,4
2018-04-19,27.919993272423767,0.42517796,34.19141205959022,0,109,2018,4
2018-04-20,27.81999327465894,0.5071877,34.21277501620352,0,110,2018,4
2018-04-21,27.84999327398839,0.7747832,34.19141205959022,0,111,2018,4
2018-04-22,27.84999327398839,0.3932729,34.1639454010874,0,112,2018,4
2018-04-23,27.96999327130618,0.7854126,34.15936762467027,0,113,2018,4
2018-04-24,28.1299932677299,0.67078245,34.15631577372551,0,114,2018,4
2018-04-25,27.88999327309432,0.47854447,34.15478984825313,0,115,2018,4
2018-04-26,27.939993271976732,0.421513,34.1639454010874,0,116,2018,4
2018-04-27,27.999993270635628,0.47998607,34.160893550142646,0,117,2018,4
2018-04-28,28.259993264824175,0.3945268,34.14716022089124,0,118,2018,4
2018-04-29,28.249993265047692,0.375773,34.14716022089124,0,119,2018,4
2018-04-30,28.31999326348307,0.37061307,34.15936762467027,0,120,2018,4
2018-05-01,28.46999326013031,0.44230512,34.19141205959022,0,121,2018,5
2018-05-02,28.519993259012722,0.42441505,34.211249090731144,0,122,2018,5
2018-05-03,28.499993259459757,0.42534906,34.21277501620352,0,123,2018,5
2018-05-04,28.539993258565687,0.47426376,34.23871574923396,0,124,2018,5
2018-05-05,28.54999325834217,0.46209016,34.25244907848537,0,125,2018,5
2018-05-06,28.579993257671617,0.3986541,34.25092315301299,0,126,2018,5
2018-05-07,28.74999325387182,0.5431519,34.257026854902506,0,127,2018,5
2018-05-08,28.74999325387182,0.3594264,34.2646564822644,0,128,2018,5
2018-05-09,28.889993250742577,0.4429149,34.246345376595855,0,129,2018,5
2018-05-10,29.159993244707607,0.3699284,34.246345376595855,0,130,2018,5
2018-05-11,28.719993254542374,0.38670185,34.22803427092731,0,131,2018,5
2018-05-12,28.729993254318856,0.29589903,34.220404643565416,0,132,2018,5
2018-05-13,28.70999325476589,0.2641617,34.24787130206823,0,133,2018,5
2018-05-14,29.01999324783685,0.28758842,34.27991573698819,0,134,2018,5
2018-05-15,29.039993247389816,0.2970593,34.3150120228529,0,135,2018,5
2018-05-16,29.0499932471663,0.31631815,34.35010830871761,0,136,2018,5
2018-05-17,29.339993240684294,0.3032688,34.40046384930611,0,137,2018,5
2018-05-18,29.119993245601677,0.3717468,34.438611986115575,0,138,2018,5
2018-05-19,29.199993243813537,0.359581,34.45539716631174,0,139,2018,5
2018-05-20,29.199993243813537,0.509461,34.450819389894605,0,140,2018,5
2018-05-21,29.379993239790224,0.517869,34.424878656864166,0,141,2018,5
2018-05-22,29.389993239566707,0.3246646,34.366893488913774,0,142,2018,5
2018-05-23,29.509993236884497,0.336973,34.258552780374885,0,143,2018,5
2018-05-24,29.699993232637667,0.3409545,34.17004910297692,0,144,2018,5
2018-05-25,29.9099932279438,0.33668417,34.11664171144366,0,145,2018,5
2018-05-26,29.499993237108015,0.4249742,34.102908382192254,0,146,2018,5
2018-05-27,29.299993241578363,0.38913277,34.089175052940845,0,147,2018,5
2018-05-28,29.259993242472433,0.25622928,34.07544172368944,0,148,2018,5
2018-05-29,29.179993244260572,0.27904853,34.04797506518662,0,149,2018,5
2018-05-30,29.279993242025398,0.27904853,34.040345437824726,0,150,2018,5
2018-05-31,29.379993239790224,0.33164588,34.03271581046283,0,151,2018,5
2018-06-01,29.43999323844912,0.3317178,34.028138034045696,0,152,2018,6
2018-06-02,29.39999323934319,0.4419828,33.97625656798482,0,153,2018,6
2018-06-03,29.339993240684294,0.41445357,34.00830100290477,0,154,2018,6
2018-06-04,29.349993240460776,0.41447237,33.96252323873341,0,155,2018,6
2018-06-05,29.349993240460776,0.41155636,33.90148621983826,0,156,2018,6
2018-06-06,29.429993238672637,0.41152784,33.84044920094311,0,157,2018,6
2018-06-07,29.499993237108015,0.38627514,33.83129364810884,0,158,2018,6
2018-06-08,29.499993237108015,0.42447618,33.85265660472214,0,159,2018,6
2018-06-09,29.51999323666098,0.41351795,33.86638993397355,0,160,2018,6
2018-06-10,29.589993235096358,0.4132333,33.89538251794875,0,161,2018,6
2018-06-11,29.609993234649323,0.39014482,33.91521954908967,0,162,2018,6
2018-06-12,29.589993235096358,0.3864746,33.88164918869734,0,163,2018,6
2018-06-13,29.549993235990428,0.3701353,33.88927881605923,0,164,2018,6
2018-06-14,29.469993237778567,0.3233858,33.91827140003443,0,165,2018,6
2018-06-15,29.449993238225602,0.31582436,33.932004729285836,0,166,2018,6
2018-06-16,29.469993237778567,0.31788063,33.945738058537245,0,167,2018,6
2018-06-17,29.469993237778567,0.31127495,33.95489361137152,0,168,2018,6
2018-06-18,29.489993237331532,0.31196102,33.97930841892958,0,169,2018,6
2018-06-19,29.539993236213945,0.31521413,33.98846397176385,0,170,2018,6
2018-06-20,29.47999323755505,0.26982304,34.01135285384953,0,171,2018,6
2018-06-21,29.40999323911967,0.27016032,34.03576766140759,0,172,2018,6
2018-06-22,29.379993239790224,0.27387416,34.066286170855165,3,173,2018,6
2018-06-23,29.419993238896154,0.24835716,34.08307135105133,0,174,2018,6
2018-06-24,29.449993238225602,0.267932,34.06781209632754,0,175,2018,6
2018-06-25,29.35999324023726,0.19004954,34.052552841603756,0,176,2018,6
2018-06-26,29.24999324269595,0.18417145,34.05865654349327,0,177,2018,6
2018-06-27,29.20999324359002,0.29277065,34.064760245382786,0,178,2018,6
2018-06-28,29.179993244260572,0.33141652,34.102908382192254,0,179,2018,6
2018-06-29,29.269993242248916,0.34649846,34.13190096616745,0,180,2018,6
2018-06-30,29.259993242472433,0.34680697,34.09680468030274,0,181,2018,6
2018-07-01,29.259993242472433,0.3478231,34.03576766140759,0,182,2018,7
2018-07-02,29.309993241354846,0.365978,34.005249151960015,0,183,2018,7
2018-07-03,29.32999324090781,0.36419156,34.01440470479429,0,184,2018,7
2018-07-04,29.36999324001374,0.33226234,34.006775077432394,0,185,2018,7
2018-07-05,29.36999324001374,0.30760163,34.00067137554288,0,186,2018,7
2018-07-06,29.32999324090781,0.31285775,33.97473064251244,0,187,2018,7
2018-07-07,29.279993242025398,0.20629905,33.95947138778865,0,188,2018,7
2018-07-08,29.219993243366503,0.25571075,33.91521954908967,0,189,2018,7
2018-07-09,29.189993244037055,0.25568914,33.932004729285836,0,190,2018,7
2018-07-10,29.229993243142985,0.2644748,33.91216769814491,0,191,2018,7
2018-07-11,29.16999324448409,0.2814024,33.848078828305006,0,192,2018,7
2018-07-12,29.20999324359002,0.27192175,33.730582566931844,0,193,2018,7
2018-07-13,29.20999324359002,0.27113655,33.655812218785286,0,194,2018,7
2018-07-14,29.24999324269595,0.30860496,33.74736774712801,0,195,2018,7
2018-07-15,29.24999324269595,0.3015851,33.77941218204796,0,196,2018,7
2018-07-16,29.259993242472433,0.33680415,33.77025662921369,0,197,2018,7
2018-07-17,29.199993243813537,0.3170091,33.741264045238495,0,198,2018,7
2018-07-18,29.159993244707607,0.277779,33.718375163152814,0,199,2018,7
2018-07-19,29.149993244931125,0.29627654,33.729056641459465,0,200,2018,7
2018-07-20,29.08999324627223,0.27578303,33.777886256575584,0,201,2018,7
2018-07-21,29.01999324783685,0.26593763,33.823664020746946,0,202,2018,7
2018-07-22,29.01999324783685,0.26923418,33.838923275470734,0,203,2018,7
2018-07-23,29.029993247613334,0.305157,33.848078828305006,0,204,2018,7
2018-07-24,29.00999324806037,0.2965353,33.77483440563083,0,205,2018,7
2018-07-25,28.949993249401473,0.3482358,33.78246403299272,0,206,2018,7
2018-07-26,28.929993249848508,0.36674637,33.84044920094311,0,207,2018,7
2018-07-27,29.039993247389816,0.34369048,33.89080474153161,0,208,2018,7
2018-07-28,29.079993246495746,0.32707852,33.89385659247637,0,209,2018,7
2018-07-29,29.029993247613334,0.30532435,33.884701039642096,0,210,2018,7
2018-07-30,29.029993247613334,0.23404773,33.886226965114474,0,211,2018,7
2018-07-31,29.00999324806037,0.2546159,33.89080474153161,0,212,2018,7
2018-08-01,28.969993248954438,0.2459784,33.9274269528687,0,213,2018,8
2018-08-02,28.97999324873092,0.27128142,33.948789909482,0,214,2018,8
2018-08-03,29.189993244037055,0.27513832,33.96252323873341,0,215,2018,8
2018-08-04,29.239993242919468,0.27504972,33.95336768589914,0,216,2018,8
2018-08-05,29.259993242472433,0.24466065,33.922849176451564,0,217,2018,8
2018-08-06,29.239993242919468,0.2649463,33.91521954908967,0,218,2018,8
2018-08-07,29.219993243366503,0.26638114,33.89996029436588,0,219,2018,8
2018-08-08,29.149993244931125,0.263433,33.8770714122802,0,220,2018,8
2018-08-09,29.139993245154642,0.28425232,33.88012326322496,0,221,2018,8
2018-08-10,29.189993244037055,0.29367235,33.86486400850117,0,222,2018,8
2018-08-11,29.16999324448409,0.3015714,33.83281957358122,0,223,2018,8
2018-08-12,29.159993244707607,0.3014913,33.814508467912674,0,224,2018,8
2018-08-13,29.079993246495746,0.30205053,33.82061216980219,0,225,2018,8
2018-08-14,29.039993247389816,0.30204886,33.848078828305006,0,226,2018,8
2018-08-15,28.999993248283886,0.30204716,33.909115847200155,0,227,2018,8
2018-08-16,29.00999324806037,0.30204517,33.935056580230594,0,228,2018,8
2018-08-17,28.909993250295543,0.19933309,33.90301214531064,0,229,2018,8
2018-08-18,28.849993251636647,0.19955212,33.88775289058685,0,230,2018,8
2018-08-19,28.769993253424786,0.19449537,33.90148621983826,0,231,2018,8
2018-08-20,28.73999325409534,0.18498755,33.90148621983826,0,232,2018,8
2018-08-21,29.01999324783685,0.18898131,33.90758992172778,0,233,2018,8
2018-08-22,29.119993245601677,0.2026879,33.90453807078302,0,234,2018,8
2018-08-23,29.079993246495746,0.17898877,33.89080474153161,0,235,2018,8
2018-08-24,29.119993245601677,0.17898877,33.861812157556415,0,236,2018,8
2018-08-25,29.179993244260572,0.17897718,33.84502697736025,0,237,2018,8
2018-08-26,29.189993244037055,0.19910803,33.85113067924976,0,238,2018,8
2018-08-27,29.229993243142985,0.22053762,33.8557084556669,0,239,2018,8
2018-08-28,29.279993242025398,0.21505953,33.81756031885743,0,240,2018,8
2018-08-29,29.269993242248916,0.19650617,33.79772328771651,0,241,2018,8
2018-08-30,29.31999324113133,0.18469766,33.77941218204796,0,242,2018,8
2018-08-31,29.269993242248916,0.18469791,33.88927881605923,0,243,2018,8
2018-09-01,29.199993243813537,0.18699111,33.84197512641549,0,244,2018,9
2018-09-02,29.199993243813537,0.19065109,33.83281957358122,0,245,2018,9
2018-09-03,29.16999324448409,0.21232049,33.96557508967817,0,246,2018,9
2018-09-04,29.189993244037055,0.23771308,33.96404916420579,0,247,2018,9
2018-09-05,29.149993244931125,0.24629405,33.91674547456205,0,248,2018,9
2018-09-06,29.16999324448409,0.20689934,33.81756031885743,0,249,2018,9
2018-09-07,29.429993238672637,0.21188666,33.8343454990536,0,250,2018,9
2018-09-08,29.379993239790224,0.17432581,33.85113067924976,0,251,2018,9
2018-09-09,29.24999324269595,0.22387673,33.81145661696792,0,252,2018,9
2018-09-10,29.35999324023726,0.21304843,33.67259739898145,0,253,2018,9
2018-09-11,29.239993242919468,0.17198049,33.645130740478635,0,254,2018,9
2018-09-12,29.219993243366503,0.17189848,33.730582566931844,0,255,2018,9
2018-09-13,29.079993246495746,0.17184985,33.84350105188787,0,256,2018,9
2018-09-14,29.119993245601677,0.17188737,33.91521954908967,0,257,2018,9
2018-09-15,29.12999324537816,0.2030229,33.82976772263646,0,258,2018,9
2018-09-16,29.139993245154642,0.20305794,33.802301064133644,0,259,2018,9
2018-09-17,29.139993245154642,0.20296124,33.8557084556669,0,260,2018,9
2018-09-18,29.08999324627223,0.20946436,33.87096771039069,0,261,2018,9
2018-09-19,29.08999324627223,0.2151609,33.835871424525976,0,262,2018,9
2018-09-20,29.08999324627223,0.21462479,33.826715871691704,0,263,2018,9
2018-09-21,29.149993244931125,0.22808497,33.82824179716408,0,264,2018,9
2018-09-22,29.079993246495746,0.3850267,33.93658250570297,0,265,2018,9
2018-09-23,29.109993245825194,0.2851058,33.98693804629147,0,266,2018,9
2018-09-24,29.09999324604871,0.34643868,34.00372322648764,0,267,2018,9
2018-09-25,29.109993245825194,0.3480873,34.02661210857332,0,268,2018,9
2018-09-26,29.179993244260572,0.26320544,34.00830100290477,0,269,2018,9
2018-09-27,29.229993243142985,0.23200163,33.96252323873341,0,270,2018,9
2018-09-28,29.229993243142985,0.21650636,33.93810843117535,0,271,2018,9
2018-09-29,29.139993245154642,0.22898185,33.933530654758215,0,272,2018,9
2018-09-30,29.0499932471663,0.21037139,33.88164918869734,0,273,2018,9
2018-10-01,28.999993248283886,0.20741296,33.91369362361729,0,274,2018,10
2018-10-02,29.05999324694278,0.20396553,34.00830100290477,0,275,2018,10
2018-10-03,29.08999324627223,0.22385424,34.02203433215618,0,276,2018,10
2018-10-04,29.05999324694278,0.23342562,33.94726398400962,0,277,2018,10
2018-10-05,28.989993248507403,0.32111132,33.88317511416972,0,278,2018,10
2018-10-06,29.109993245825194,0.2983987,33.945738058537245,0,279,2018,10
2018-10-07,29.309993241354846,0.24033874,34.08001950010657,0,280,2018,10
2018-10-08,29.429993238672637,0.23400125,34.10901208408177,0,281,2018,10
2018-10-09,29.239993242919468,0.23019232,34.11664171144366,0,282,2018,10
2018-10-10,29.229993243142985,0.3545109,34.136478742584586,0,283,2018,10
2018-10-11,29.309993241354846,0.38752747,34.17004910297692,0,284,2018,10
2018-10-12,29.43999323844912,0.3188975,34.17615280486643,0,285,2018,10
2018-10-13,29.509993236884497,0.32411662,34.19598983600736,0,286,2018,10
2018-10-14,29.609993234649323,0.33631048,34.220404643565416,0,287,2018,10
2018-10-15,29.589993235096358,0.27277565,34.21582686714828,0,288,2018,10
2018-10-16,29.419993238896154,0.24582818,34.160893550142646,0,289,2018,10
2018-10-17,29.51999323666098,0.22366437,34.10596023313701,0,290,2018,10
2018-10-18,29.349993240460776,0.3185826,34.066286170855165,0,291,2018,10
2018-10-19,29.349993240460776,0.22792953,34.06781209632754,0,292,2018,10
2018-10-20,29.259993242472433,0.29005235,34.2143009416759,0,293,2018,10
2018-10-21,29.179993244260572,0.27644596,34.24176760017872,0,294,2018,10
2018-10-22,29.069993246719264,0.44225028,34.24787130206823,0,295,2018,10
2018-10-23,28.989993248507403,0.4461555,34.24176760017872,0,296,2018,10
2018-10-24,28.919993250072025,0.34044075,34.26618240773678,0,297,2018,10
2018-10-25,28.78999325297775,0.2380428,34.293649066239595,0,298,2018,10
2018-10-26,28.689993255212926,0.3303549,34.30280461907387,0,299,2018,10
2018-10-27,28.659993255883478,0.40065476,34.281441662460566,0,300,2018,10
2018-10-28,28.62999325655403,0.40094236,34.2860194388777,0,301,2018,10
2018-10-29,28.5899932574481,0.3411322,34.28907128982246,0,302,2018,10
2018-10-30,28.50999325923624,0.34895104,34.25397500395775,0,303,2018,10
2018-10-31,28.299993263930105,0.36225742,34.26160463131964,0,304,2018,10
2018-11-01,28.149993267282866,0.400044,34.23871574923396,0,305,2018,11
2018-11-02,28.16999326683583,0.4183654,34.20361946336925,0,306,2018,11
2018-11-03,28.19999326616528,0.36098853,34.17767873033881,3,307,2018,11
2018-11-04,28.219993265718244,0.41204727,34.15326392278075,0,308,2018,11
2018-11-05,27.939993271976732,0.412046,34.15326392278075,0,309,2018,11
2018-11-06,27.879993273317837,0.44602475,34.15631577372551,0,310,2018,11
2018-11-07,27.919993272423767,0.4280096,34.148686146363616,0,311,2018,11
2018-11-08,27.92999327220025,0.33459917,34.16699725203216,0,312,2018,11
2018-11-09,27.909993272647284,0.88091034,34.199041686952114,0,313,2018,11
2018-11-10,27.919993272423767,0.8707145,34.20819723978639,0,314,2018,11
2018-11-11,27.85999327376487,0.8485421,34.21887871809304,0,315,2018,11
2018-11-12,27.81999327465894,0.8501111,34.2143009416759,0,316,2018,11
2018-11-13,27.749993276223563,0.78371626,34.209723165258765,0,317,2018,11
2018-11-14,27.69999327734115,0.54308504,34.221930569037795,0,318,2018,11
2018-11-15,27.15999328941109,0.40399647,34.22650834545493,0,319,2018,11
2018-11-16,27.089993290975713,0.38766408,34.221930569037795,0,320,2018,11
2018-11-17,27.18999328874054,0.7109237,34.21582686714828,0,321,2018,11
2018-11-18,27.219993288069986,0.7080039,34.22803427092731,0,322,2018,11
2018-11-19,27.19999328851702,0.55753,34.23718982376158,0,323,2018,11
2018-11-20,27.23999328762295,0.5550819,34.24939722754061,0,324,2018,11
2018-11-21,27.419993283599638,0.5272463,34.25397500395775,0,325,2018,11
2018-11-22,27.599993279576324,0.5443616,34.27533796057105,0,326,2018,11
2018-11-23,27.559993280470394,0.80250555,34.30127869360149,0,327,2018,11
2018-11-24,27.57999328002336,0.6894025,34.35621201060712,0,328,2018,11
2018-11-25,27.629993278905772,0.6322076,34.42030088044703,0,329,2018,11
2018-11-26,27.69999327734115,0.76279336,34.438611986115575,0,330,2018,11
2018-11-27,27.58999327979984,0.65406233,34.46455271914601,0,331,2018,11
2018-11-28,27.459993282705568,0.5128801,34.487441601231694,0,332,2018,11
2018-11-29,27.419993283599638,0.5727323,34.50575270690024,0,333,2018,11
2018-11-30,27.319993285834812,0.6774181,34.50575270690024,0,334,2018,11
2018-12-01,26.939993294328474,0.4739191,34.50727863237262,0,335,2018,12
2018-12-02,26.91999329477551,1.0960709,34.510330483317375,0,336,2018,12
2018-12-03,26.91999329477551,0.7535676,34.50727863237262,0,337,2018,12
2018-12-04,26.869993295893096,1.3913655,34.50575270690024,0,338,2018,12
2018-12-05,27.139993289858126,1.2645075,34.499649005010724,0,339,2018,12
2018-12-06,27.179993288964056,1.1518453,34.49049345217645,0,340,2018,12
2018-12-07,27.179993288964056,0.59005237,34.485915675759315,0,341,2018,12
2018-12-08,27.19999328851702,0.8313593,34.47828604839742,0,342,2018,12
2018-12-09,27.139993289858126,0.87684274,34.473708271980286,0,343,2018,12
2018-12-10,26.989993293210887,0.91050154,34.46760457009077,0,344,2018,12
2018-12-11,26.92999329455199,1.022137,34.45997494272888,0,345,2018,12
2018-12-12,26.95999329388144,0.70375407,34.450819389894605,0,346,2018,12
2018-12-13,26.599993301928066,0.73078007,34.437086060643196,0,347,2018,12
2018-12-14,26.45999330505731,0.48878017,34.41877495497465,0,348,2018,12
2018-12-15,26.469993304833793,0.4199524,34.391308296471834,0,349,2018,12
2018-12-16,26.519993303716205,0.44179714,34.365367563441396,0,350,2018,12
2018-12-17,26.559993302822136,0.449444,34.35621201060712,0,351,2018,12
2018-12-18,26.68999329991641,0.6069768,34.353160159662366,0,352,2018,12
2018-12-19,26.759993298351787,0.6331439,34.35621201060712,0,353,2018,12
2018-12-20,26.749993298575305,0.6285964,34.33332312852144,0,354,2018,12
2018-12-21,26.739993298798822,0.7544891,34.30433054454625,0,355,2018,12
2018-12-22,26.61999330148103,0.73475873,34.28754536435008,0,356,2018,12
2018-12-23,26.559993302822136,1.080689,34.29059721529484,0,357,2018,12
2018-12-24,26.56999330259862,1.0807062,34.2860194388777,0,358,2018,12
2018-12-25,26.61999330148103,1.5247823,34.28754536435008,0,359,2018,12
2018-12-26,26.599993301928066,1.0817208,34.29822684265673,0,360,2018,12
2018-12-27,26.489993304386758,1.0523307,34.328745352104306,0,361,2018,12
2018-12-28,26.519993303716205,0.9582406,33.741264045238495,0,362,2018,12
2018-12-29,26.479993304610275,1.0974149,34.05713061802089,0,363,2018,12
2018-12-30,26.519993303716205,1.1062394,34.1715750284493,0,364,2018,12
2018-12-31,26.49999330416324,1.0576775,34.186834283173084,0,365,2018,12
2019-01-01,26.529993303492688,1.2555493,34.26007870584726,0,1,2019,1
2019-01-02,26.599993301928066,0.7662643,34.30127869360149,0,2,2019,1
2019-01-03,26.29999330863359,1.5559535,34.305856470018625,0,3,2019,1
2019-01-04,26.22999331019821,2.1604936,34.30890832096338,0,4,2019,1
2019-01-05,26.37999330684545,1.5667777,34.316537948325276,0,5,2019,1
2019-01-06,26.479993304610275,1.1517649,34.31043424643576,0,6,2019,1
2019-01-07,26.369993307068967,0.75368536,34.307382395491004,0,7,2019,1
2019-01-08,26.18999331109228,1.7411675,34.33790090493858,0,8,2019,1
2019-01-09,25.929993316903733,1.1594166,34.328745352104306,0,9,2019,1
2019-01-10,25.91999331712725,1.4849792,34.34400460682809,0,10,2019,1
2019-01-11,25.939993316680216,2.0354493,34.35163423418999,0,11,2019,1
2019-01-12,25.619993323832773,1.02692,34.34705645777285,0,12,2019,1
2019-01-13,25.599993324279808,0.8992152,34.35010830871761,0,13,2019,1
2019-01-14,25.749993320927047,2.5666533,34.34705645777285,1,14,2019,1
2019-01-15,25.869993318244838,2.0530035,34.32721942663193,0,15,2019,1
2019-01-16,25.899993317574285,1.1255734,34.328745352104306,0,16,2019,1
2019-01-17,25.849993318691872,1.0898374,34.35010830871761,0,17,2019,1
2019-01-18,25.99999331533911,0.7984563,34.38215274363756,0,18,2019,1
2019-01-19,26.03999331444504,0.8890278,34.41114532761276,0,19,2019,1
2019-01-20,26.059993313998007,0.8890278,34.31348609738052,0,20,2019,1
2019-01-21,26.079993313550972,0.8950423,33.97625656798482,0,21,2019,1
2019-01-22,26.079993313550972,0.7729106,34.366893488913774,0,22,2019,1
2019-01-23,26.009993315115594,0.7061678,34.354686085134745,0,23,2019,1
2019-01-24,25.87999331802132,0.59799147,34.353160159662366,0,24,2019,1
2019-01-25,25.52999332584443,0.64645094,34.35010830871761,0,25,2019,1
2019-01-26,25.289993331208848,0.71366525,34.35926386155188,0,26,2019,1
2019-01-27,25.2599933318794,0.71651345,34.3577379360795,0,27,2019,1
2019-01-28,25.05999333634975,0.96040547,34.35163423418999,0,28,2019,1
2019-01-29,24.90999333970251,0.59942263,34.3363749794662,0,29,2019,1
2019-01-30,24.919993339478992,0.7974358,34.33942683041096,0,30,2019,1
2019-01-31,24.999993337690853,0.97382975,34.340952755883336,0,31,2019,1
2019-02-01,25.199993333220505,0.84383315,34.34705645777285,0,32,2019,2
2019-02-02,25.33999333009126,0.7135203,34.36078978702426,0,33,2019,2
2019-02-03,25.40999332852664,0.83311045,34.39588607288897,0,34,2019,2
2019-02-04,25.429993328079604,1.3944243,34.449293464422226,0,35,2019,2
2019-02-05,25.279993331432365,1.4388287,34.508804557845,0,36,2019,2
2019-02-06,25.06999333612623,1.3018562,34.57594527862966,1,37,2019,2
2019-02-07,24.809993341937684,2.06371,34.607989713549614,0,38,2019,2
2019-02-08,25.36999332942071,1.5424708,34.60951563902199,0,39,2019,2
2019-02-09,25.21999333277347,0.8226547,34.60341193713248,0,40,2019,2
2019-02-10,25.229993332549952,1.1015667,34.6018860116601,0,41,2019,2
2019-02-11,25.229993332549952,0.8855194,34.59273045882583,0,42,2019,2
2019-02-12,25.349993329867743,0.6629567,34.5805230550468,0,43,2019,2
2019-02-13,25.359993329644226,0.6064133,34.56831565126777,0,44,2019,2
2019-02-14,25.469993327185534,0.99275,34.57441935315728,0,45,2019,2
2019-02-15,25.52999332584443,0.9565443,34.58967860788107,0,46,2019,2
2019-02-16,25.72999332137408,1.1956033,34.59883416071534,0,47,2019,2
2019-02-17,25.87999331802132,0.6640715,34.60951563902199,0,48,2019,2
2019-02-18,25.819993319362425,0.81583846,34.629352670162916,0,49,2019,2
2019-02-19,25.749993320927047,1.170314,34.643085999414325,0,50,2019,2
2019-02-20,25.739993321150564,1.1772332,34.653767477720976,0,51,2019,2
2019-02-21,25.809993319585942,1.3360693,34.65987117961049,0,52,2019,2
2019-02-22,25.60999332405629,0.82371676,34.66902673244476,0,53,2019,2
2019-02-23,25.499993326514982,0.49294093,34.67055265791714,0,54,2019,2
2019-02-24,25.639993323385738,0.611701,34.67055265791714,0,55,2019,2
2019-02-25,25.599993324279808,0.4681762,34.66139710508287,0,56,2019,2
2019-02-26,25.64999332316222,0.76011425,34.667500806972384,0,57,2019,2
2019-02-27,25.709993321821116,0.5599077,34.65987117961049,0,58,2019,2
2019-02-28,25.64999332316222,0.74628514,34.63545637205243,0,59,2019,2
2019-03-01,25.859993318468355,0.67701507,34.632404521107674,0,60,2019,3
2019-03-02,25.909993317350768,0.37102944,34.63393044658005,1,61,2019,3
2019-03-03,25.98999331556263,0.40752813,34.617145266383886,0,62,2019,3
2019-03-04,25.789993320032977,0.36175546,34.618671191856265,0,63,2019,3
2019-03-05,26.049993314221524,0.35862425,34.62630081921816,0,64,2019,3
2019-03-06,26.219993310421728,0.6896976,34.61561934091151,0,65,2019,3
2019-03-07,26.159993311762832,0.52936006,34.62172304280102,0,66,2019,3
2019-03-08,25.9499933164567,0.64774746,34.6232489682734,0,67,2019,3
2019-03-09,25.669993322715186,0.6845817,34.632404521107674,0,68,2019,3
2019-03-10,25.469993327185534,0.49815813,34.620197117328644,0,69,2019,3
2019-03-11,25.60999332405629,0.51289445,34.61104156449437,0,70,2019,3
2019-03-12,26.159993311762832,0.5624426,34.62172304280102,0,71,2019,3
2019-03-13,26.479993304610275,0.55330604,34.618671191856265,0,72,2019,3
2019-03-14,26.56999330259862,0.7726041,34.59273045882583,0,73,2019,3
2019-03-15,26.159993311762832,0.9503572,34.57594527862966,0,74,2019,3
2019-03-16,26.019993314892076,1.0459243,34.56678972579539,0,75,2019,3
2019-03-17,26.02999331466856,0.5408378,34.55000454559922,0,76,2019,3
2019-03-18,25.849993318691872,0.4025439,34.522537887096405,0,77,2019,3
2019-03-19,25.849993318691872,0.37456536,34.50270085595548,0,78,2019,3
2019-03-20,25.909993317350768,0.47270432,34.49201937764883,1,79,2019,3
2019-03-21,26.18999331109228,0.39665288,34.47828604839742,0,80,2019,3
2019-03-22,26.449993305280827,0.7568428,34.45997494272888,1,81,2019,3
2019-03-23,26.219993310421728,0.6723648,34.46455271914601,0,82,2019,3
2019-03-24,26.129993312433385,0.6236501,34.463026793673635,0,83,2019,3
2019-03-25,26.14999331198635,0.5783903,34.449293464422226,0,84,2019,3
2019-03-26,26.489993304386758,0.49614254,34.43403420969844,0,85,2019,3
2019-03-27,26.359993307292484,0.39269334,34.412671253085136,0,86,2019,3
2019-03-28,26.049993314221524,0.66997,34.39893792383373,0,87,2019,3
2019-03-29,25.749993320927047,0.8835754,34.379100892692804,0,88,2019,3
2019-03-30,25.60999332405629,1.2349997,34.38520459458232,0,89,2019,3
2019-03-31,26.45999330505731,0.8213736,34.40504162572324,0,90,2019,3
2019-04-01,26.14999331198635,1.4463167,34.427930507808924,0,91,2019,4
2019-04-02,26.22999331019821,0.47881442,34.437086060643196,0,92,2019,4
2019-04-03,26.449993305280827,0.45507255,34.44776753894985,2,93,2019,4
2019-04-04,26.61999330148103,0.4879588,34.47676012292504,0,94,2019,4
2019-04-05,26.899993295222544,0.48113418,34.499649005010724,0,95,2019,4
2019-04-06,26.92999329455199,0.41504964,34.511856408789754,0,96,2019,4
2019-04-07,26.64999330081048,0.4597504,34.5301675144583,1,97,2019,4
2019-04-08,26.749993298575305,0.4553919,34.57441935315728,1,98,2019,4
2019-04-09,26.8099932972342,0.31382194,34.594256384298205,1,99,2019,4
2019-04-10,27.019993292540335,0.27626058,34.60951563902199,0,100,2019,4
2019-04-11,27.069993291422747,0.4906315,34.632404521107674,0,101,2019,4
2019-04-12,27.049993291869782,0.60612166,34.67513043433428,0,102,2019,4
2019-04-13,27.11999329030516,0.6612155,34.70717486925423,0,103,2019,4
2019-04-14,27.23999328762295,0.8006295,34.70564894378185,0,104,2019,4
2019-04-15,27.029993292316817,0.24863802,34.69801931641996,0,105,2019,4
2019-04-16,27.07999329119923,0.75467527,34.6949674654752,0,106,2019,4
2019-04-17,27.50999328158798,0.8524218,34.68886376358569,0,107,2019,4
2019-04-18,27.639993278682255,0.6022301,34.655293403193355,0,108,2019,4
2019-04-19,27.50999328158798,0.472176,34.653767477720976,0,109,2019,4
2019-04-20,27.399993284046673,0.8395257,34.632404521107674,0,110,2019,4
2019-04-21,27.559993280470394,0.55591816,34.629352670162916,0,111,2019,4
2019-04-22,27.749993276223563,0.49901035,34.632404521107674,0,112,2019,4
2019-04-23,27.709993277117633,0.4580602,34.629352670162916,0,113,2019,4
2019-04-24,28.019993270188593,0.4801413,34.629352670162916,0,114,2019,4
2019-04-25,27.099993290752195,0.24752761,34.632404521107674,0,115,2019,4
2019-04-26,26.949993294104956,0.8747479,34.632404521107674,0,116,2019,4
2019-04-27,26.939993294328474,0.69197196,34.632404521107674,0,117,2019,4
2019-04-28,27.30999328605833,0.34127045,34.618671191856265,0,118,2019,4
2019-04-29,27.449993282929086,0.5396413,34.60341193713248,0,119,2019,4
2019-04-30,27.339993285387777,0.44634733,34.583574905991554,0,120,2019,4
2019-05-01,27.54999328069391,0.43209556,34.571367502212524,0,121,2019,5
2019-05-02,27.729993276670598,0.4927673,34.56526380032301,1,122,2019,5
2019-05-03,28.23999326527121,0.27557003,34.56068602390587,0,123,2019,5
2019-05-04,28.62999325655403,0.21937914,34.5515304710716,0,124,2019,5
2019-05-05,28.489993259683274,0.2051305,34.56373787485063,0,125,2019,5
2019-05-06,28.449993260577344,0.25037244,34.5805230550468,0,126,2019,5
2019-05-07,28.719993254542374,0.29743317,34.557634172961116,0,127,2019,5
2019-05-08,28.579993257671617,0.33447337,34.56373787485063,0,128,2019,5
2019-05-09,28.50999325923624,0.3110433,34.546952694654465,0,129,2019,5
2019-05-10,29.09999324604871,0.45803696,34.55305639654398,0,130,2019,5
2019-05-11,29.689993232861184,0.39326352,34.56373787485063,0,131,2019,5
2019-05-12,29.43999323844912,0.5966804,34.59730823524296,0,132,2019,5
2019-05-13,29.20999324359002,0.45580795,34.606463788077235,0,133,2019,5
2019-05-14,29.069993246719264,0.5209463,34.61561934091151,0,134,2019,5
2019-05-15,29.12999324537816,0.52803934,34.617145266383886,0,135,2019,5
2019-05-16,29.0499932471663,0.45400774,34.62630081921816,0,136,2019,5
2019-05-17,29.0499932471663,0.41665018,34.630878595635295,0,137,2019,5
2019-05-18,29.32999324090781,0.24689145,34.629352670162916,0,138,2019,5
2019-05-19,29.489993237331532,0.4267232,34.63698229752481,0,139,2019,5
2019-05-20,29.55999323576691,0.40553734,34.64003414846957,0,140,2019,5
2019-05-21,29.78999323062601,0.31006208,34.62782674469054,0,141,2019,5
2019-05-22,29.799993230402492,0.28134897,34.559160098433495,0,142,2019,5
2019-05-23,29.78999323062601,0.35472453,34.545426769182086,0,143,2019,5
2019-05-24,29.759993231296562,0.40482566,34.522537887096405,0,144,2019,5
2019-05-25,29.78999323062601,0.36761525,34.56068602390587,0,145,2019,5
2019-05-26,29.769993231073045,0.3682794,34.51490825973451,0,146,2019,5
2019-05-27,28.809993252530717,0.45723203,34.51796011067927,0,147,2019,5
2019-05-28,28.89999325051906,0.6536533,34.50422678142786,0,148,2019,5
2019-05-29,29.029993247613334,0.71546865,34.48896752670407,0,149,2019,5
2019-05-30,29.229993243142985,0.5115066,34.48133789934218,0,150,2019,5
2019-05-31,29.229993243142985,0.41718248,34.47828604839742,0,151,2019,5
2019-06-01,29.389993239566707,0.36442763,34.475234197452664,0,152,2019,6
2019-06-02,29.449993238225602,0.27144194,34.45997494272888,0,153,2019,6
2019-06-03,29.119993245601677,0.21144542,34.46455271914601,0,154,2019,6
2019-06-04,29.119993245601677,0.2745303,34.49049345217645,0,155,2019,6
2019-06-05,29.069993246719264,0.25331485,34.499649005010724,0,156,2019,6
2019-06-06,29.429993238672637,0.33569738,34.51490825973451,0,157,2019,6
2019-06-07,29.469993237778567,0.32388207,34.51948603615165,0,158,2019,6
2019-06-08,29.459993238002085,0.7266426,34.533219365403056,0,159,2019,6
2019-06-09,29.469993237778567,0.44005796,34.534745290875435,0,160,2019,6
2019-06-10,29.549993235990428,0.35681692,34.51490825973451,0,161,2019,6
2019-06-11,29.539993236213945,0.4620676,34.522537887096405,0,162,2019,6
2019-06-12,29.51999323666098,0.44922346,34.508804557845,0,163,2019,6
2019-06-13,29.139993245154642,0.33756888,34.49201937764883,0,164,2019,6
2019-06-14,28.93999324962499,0.36209965,34.47218234650791,0,165,2019,6
2019-06-15,28.93999324962499,0.36092693,34.485915675759315,0,166,2019,6
2019-06-16,29.51999323666098,0.37362254,34.45997494272888,0,167,2019,6
2019-06-17,29.489993237331532,0.3531011,34.50575270690024,0,168,2019,6
2019-06-18,29.489993237331532,0.36825773,34.521011961624026,0,169,2019,6
2019-06-19,29.459993238002085,0.42886955,34.52864158898592,0,170,2019,6
2019-06-20,29.489993237331532,0.66942036,34.52864158898592,0,171,2019,6
2019-06-21,29.36999324001374,0.57136077,34.54237491823733,0,172,2019,6
2019-06-22,29.389993239566707,0.3247888,34.53779714182019,0,173,2019,6
2019-06-23,29.43999323844912,0.41266987,34.53779714182019,0,174,2019,6
2019-06-24,29.499993237108015,0.41278154,34.51796011067927,0,175,2019,6
2019-06-25,29.459993238002085,0.29284835,34.487441601231694,0,176,2019,6
2019-06-26,29.389993239566707,0.4396114,34.47676012292504,0,177,2019,6
2019-06-27,29.35999324023726,0.48621005,34.508804557845,0,178,2019,6
2019-06-28,29.28999324180188,0.38647172,34.51643418520689,0,179,2019,6
2019-06-29,29.31999324113133,0.38464326,34.48438975028694,0,180,2019,6
2019-06-30,29.28999324180188,0.38235778,34.47676012292504,0,181,2019,6
2019-07-01,29.35999324023726,0.51197684,34.463026793673635,0,182,2019,7
2019-07-02,29.349993240460776,0.5287548,34.49354530312121,0,183,2019,7
2019-07-03,29.36999324001374,0.571525,34.5301675144583,0,184,2019,7
2019-07-04,29.419993238896154,0.5647468,34.56221194937825,0,185,2019,7
2019-07-05,29.66999323330822,0.8873204,34.57441935315728,0,186,2019,7
2019-07-06,29.74999323152008,0.6114619,34.569841576740146,0,187,2019,7
2019-07-07,29.759993231296562,0.34022558,34.56221194937825,0,188,2019,7
2019-07-08,29.6799932330847,0.22923893,34.54237491823733,0,189,2019,7
2019-07-09,30.009993225708627,0.25371164,34.50422678142786,0,190,2019,7
2019-07-10,30.169993222132348,0.19197136,34.52711566351354,0,191,2019,7
2019-07-11,30.1399932228029,0.16403247,34.53932306729257,0,192,2019,7
2019-07-12,30.229993220791243,0.16821419,34.582048980519176,0,193,2019,7
2019-07-13,30.129993223026418,0.1729559,34.51643418520689,0,194,2019,7
2019-07-14,30.089993223920487,0.15692839,34.46760457009077,0,195,2019,7
2019-07-15,30.01999322548511,0.27583137,34.56678972579539,0,196,2019,7
2019-07-16,29.969993226602696,0.30830738,34.54390084370971,0,197,2019,7
2019-07-17,29.859993229061388,0.3414766,34.48438975028694,0,198,2019,7
2019-07-18,29.769993231073045,0.34148252,34.49354530312121,0,199,2019,7
2019-07-19,29.70999323241415,0.41343087,34.510330483317375,0,200,2019,7
2019-07-20,29.78999323062601,0.31446192,34.45692309178412,0,201,2019,7
2019-07-21,29.919993227720283,0.30055445,34.3363749794662,0,202,2019,7
2019-07-22,29.93999322727325,0.28313655,34.281441662460566,0,203,2019,7
2019-07-23,29.849993229284905,0.28977966,34.32569350115955,0,204,2019,7
2019-07-24,29.459993238002085,0.30557323,34.29059721529484,0,205,2019,7
2019-07-25,29.229993243142985,0.29108173,34.34705645777285,0,206,2019,7
2019-07-26,29.459993238002085,0.19396625,34.316537948325276,0,207,2019,7
2019-07-27,29.509993236884497,0.19396614,34.25397500395775,0,208,2019,7
2019-07-28,29.43999323844912,0.19396625,34.24176760017872,0,209,2019,7
2019-07-29,29.389993239566707,0.22300413,34.25397500395775,0,210,2019,7
2019-07-30,29.339993240684294,0.20857996,34.282967587932944,0,211,2019,7
2019-07-31,29.299993241578363,0.2085807,34.29059721529484,0,212,2019,7
2019-08-01,29.239993242919468,0.20868737,34.29975276812911,0,213,2019,8
2019-08-02,29.229993243142985,0.20851384,34.270760184153914,0,214,2019,8
2019-08-03,29.189993244037055,0.2809804,34.223456494510174,0,215,2019,8
2019-08-04,29.199993243813537,0.2568095,34.18836020864546,0,216,2019,8
2019-08-05,29.259993242472433,0.2760698,34.124271338805556,0,217,2019,8
2019-08-06,29.24999324269595,0.27384076,34.090700978413224,0,218,2019,8
2019-08-07,29.239993242919468,0.27290013,34.05102691613138,0,219,2019,8
2019-08-08,29.16999324448409,0.26909608,34.01440470479429,0,220,2019,8
2019-08-09,28.39999326169493,0.2879979,34.018982481211424,0,221,2019,8
2019-08-10,28.579993257671617,0.2838297,34.02661210857332,0,222,2019,8
2019-08-11,28.649993256106995,0.22711016,34.029663959518075,0,223,2019,8
2019-08-12,28.879993250966095,0.25668642,34.041871363297105,0,224,2019,8
2019-08-13,28.879993250966095,0.25668535,34.09680468030274,0,225,2019,8
2019-08-14,28.839993251860164,0.24299243,34.17767873033881,0,226,2019,8
2019-08-15,28.799993252754234,0.24673374,34.209723165258765,0,227,2019,8
2019-08-16,29.239993242919468,0.22676058,34.2646564822644,0,228,2019,8
2019-08-17,29.379993239790224,0.23787056,34.29059721529484,0,229,2019,8
2019-08-18,29.379993239790224,0.19880368,34.27838981151581,0,230,2019,8
2019-08-19,29.35999324023726,0.22163564,34.28449351340532,0,231,2019,8
2019-08-20,29.239993242919468,0.21842054,34.26160463131964,0,232,2019,8
2019-08-21,29.189993244037055,0.21842054,34.235663898289204,0,233,2019,8
2019-08-22,29.179993244260572,0.21841332,34.23108612187207,0,234,2019,8
2019-08-23,29.139993245154642,0.30694175,34.258552780374885,0,235,2019,8
2019-08-24,29.159993244707607,0.34873962,34.28449351340532,0,236,2019,8
2019-08-25,29.219993243366503,0.3504617,34.257026854902506,0,237,2019,8
2019-08-26,29.219993243366503,0.35008615,34.24939722754061,0,238,2019,8
2019-08-27,29.269993242248916,0.2958528,34.22956019639969,0,239,2019,8
2019-08-28,29.269993242248916,0.2606558,34.221930569037795,0,240,2019,8
2019-08-29,29.139993245154642,0.26246798,34.17615280486643,0,241,2019,8
2019-08-30,29.119993245601677,0.25740543,34.12884911522269,0,242,2019,8
2019-08-31,29.09999324604871,0.54256386,34.049500990659,0,243,2019,8
2019-09-01,29.0499932471663,0.5454505,33.982360269874334,0,244,2019,9
2019-09-02,29.079993246495746,0.5481448,34.078493574634194,0,245,2019,9
2019-09-03,29.05999324694278,0.32702658,34.115115785971284,0,246,2019,9
2019-09-04,29.09999324604871,0.33702812,34.14410836994648,0,247,2019,9
2019-09-05,29.12999324537816,0.34972718,34.139530593529344,0,248,2019,9
2019-09-06,29.079993246495746,0.19336404,34.1715750284493,0,249,2019,9
2019-09-07,29.069993246719264,0.23573296,34.17767873033881,0,250,2019,9
2019-09-08,28.989993248507403,0.21789281,34.174626879394054,0,251,2019,9
2019-09-09,28.929993249848508,0.20451564,34.186834283173084,0,252,2019,9
2019-09-10,28.919993250072025,0.199455,34.185308357700706,0,253,2019,9
2019-09-11,28.849993251636647,0.19931221,34.13190096616745,0,254,2019,9
2019-09-12,28.74999325387182,0.18023819,34.03576766140759,0,255,2019,9
2019-09-13,28.639993256330513,0.19035041,33.922849176451564,0,256,2019,9
2019-09-14,28.719993254542374,0.1890298,34.028138034045696,0,257,2019,9
2019-09-15,28.74999325387182,0.18499213,34.00372322648764,0,258,2019,9
2019-09-16,28.78999325297775,0.17544839,33.99609359912574,0,259,2019,9
2019-09-17,28.8199932523072,0.16180356,33.933530654758215,0,260,2019,9
2019-09-18,28.78999325297775,0.16327402,33.88775289058685,0,261,2019,9
2019-09-19,28.769993253424786,0.16465887,33.909115847200155,0,262,2019,9
2019-09-20,28.769993253424786,0.1644044,33.91369362361729,0,263,2019,9
2019-09-21,28.869993251189612,0.16532283,33.88927881605923,0,264,2019,9
2019-09-22,29.799993230402492,0.16644661,33.87096771039069,0,265,2019,9
2019-09-23,29.689993232861184,0.21497694,33.93810843117535,0,266,2019,9
2019-09-24,29.62999323420229,0.12914833,34.09375282935798,0,267,2019,9
2019-09-25,29.539993236213945,0.20090908,34.21277501620352,0,268,2019,9
2019-09-26,29.16999324448409,0.22410533,34.20514538884163,0,269,2019,9
2019-09-27,28.919993250072025,0.2963586,34.17767873033881,0,270,2019,9
2019-09-28,28.97999324873092,0.2661015,34.185308357700706,0,271,2019,9
2019-09-29,28.989993248507403,0.2234339,34.24939722754061,0,272,2019,9
2019-09-30,29.94999322704973,0.21792534,34.186834283173084,0,273,2019,9
2019-10-01,29.699993232637667,0.18958992,33.98693804629147,0,274,2019,10
2019-10-02,29.659993233531736,0.20819263,33.8770714122802,0,275,2019,10
2019-10-03,29.589993235096358,0.16702706,34.01135285384953,0,276,2019,10
2019-10-04,29.539993236213945,0.1980779,34.10901208408177,0,277,2019,10
2019-10-05,29.55999323576691,0.19586936,34.16852317750454,0,278,2019,10
2019-10-06,29.569993235543393,0.19552022,34.25550092943013,0,279,2019,10
2019-10-07,29.549993235990428,0.18111025,34.26618240773678,0,280,2019,10
2019-10-08,29.489993237331532,0.17283146,34.223456494510174,0,281,2019,10
2019-10-09,29.419993238896154,0.18265238,34.20056761242449,0,282,2019,10
2019-10-10,29.279993242025398,0.51611376,34.185308357700706,0,283,2019,10
2019-10-11,29.119993245601677,0.58025473,34.221930569037795,0,284,2019,10
2019-10-12,28.8199932523072,0.25339016,34.20209353789687,0,285,2019,10
2019-10-13,28.619993256777548,0.31702027,34.23108612187207,0,286,2019,10
2019-10-14,28.069993269071006,0.29278073,34.22956019639969,0,287,2019,10
2019-10-15,27.84999327398839,0.5161551,34.21582686714828,0,288,2019,10
2019-10-16,27.689993277564668,0.380862,34.18836020864546,0,289,2019,10
2019-10-17,27.839993274211906,0.4178792,34.13495281711221,0,290,2019,10
2019-10-18,28.00999327041211,0.33906746,34.148686146363616,0,291,2019,10
2019-10-19,28.19999326616528,0.43836707,34.17004910297692,0,292,2019,10
2019-10-20,28.31999326348307,0.31665745,34.18836020864546,0,293,2019,10
2019-10-21,28.39999326169493,0.3043056,34.17920465581119,1,294,2019,10
2019-10-22,28.97999324873092,0.23990785,34.17767873033881,0,295,2019,10
2019-10-23,29.079993246495746,0.32184437,34.16547132655978,0,296,2019,10
2019-10-24,29.149993244931125,0.3523648,34.1715750284493,0,297,2019,10
2019-10-25,28.799993252754234,0.29066747,34.173100953921676,0,298,2019,10
2019-10-26,28.5899932574481,0.35512847,34.17767873033881,0,299,2019,10
2019-10-27,28.599993257224583,0.34779754,34.17615280486643,0,300,2019,10
2019-10-28,28.639993256330513,0.4169491,34.14563429541886,0,301,2019,10
2019-10-29,28.689993255212926,0.40614295,34.124271338805556,0,302,2019,10
2019-10-30,28.719993254542374,0.51247555,34.13037504069507,0,303,2019,10
2019-10-31,28.659993255883478,0.5574282,34.14563429541886,0,304,2019,10
2019-11-01,28.679993255436443,0.54401714,34.12274541333318,0,305,2019,11
2019-11-02,28.659993255883478,0.43544152,34.09375282935798,0,306,2019,11
2019-11-03,29.799993230402492,0.3435552,34.00982692837715,0,307,2019,11
2019-11-04,30.319993218779587,0.3571335,34.04492321424186,0,308,2019,11
2019-11-05,30.25999322012069,0.3789831,34.018982481211424,0,309,2019,11
2019-11-06,29.919993227720283,0.3734634,33.99151582270861,0,310,2019,11
2019-11-07,29.389993239566707,0.24345286,33.993041748180985,0,311,2019,11
2019-11-08,29.349993240460776,0.20380928,33.99609359912574,0,312,2019,11
2019-11-09,29.299993241578363,0.17102282,33.944212133064866,0,313,2019,11
2019-11-10,29.219993243366503,0.22935238,33.919797325506806,0,314,2019,11
2019-11-11,29.149993244931125,0.22390458,33.90453807078302,0,315,2019,11
2019-11-12,29.05999324694278,0.23931648,33.94268620759249,0,316,2019,11
2019-11-13,28.949993249401473,0.22416347,33.860286232084036,0,317,2019,11
2019-11-14,28.869993251189612,0.24590097,33.93963435664773,0,318,2019,11
2019-11-15,28.759993253648304,0.48285013,33.98846397176385,0,319,2019,11
2019-11-16,28.599993257224583,0.48284924,33.96099731326103,0,320,2019,11
2019-11-17,28.39999326169493,0.48326814,34.018982481211424,0,321,2019,11
2019-11-18,28.299993263930105,0.48460114,34.03424173593521,0,322,2019,11
2019-11-19,28.269993264600657,0.73156065,34.02508618310094,0,323,2019,11
2019-11-20,28.359993262589,0.4788433,34.04492321424186,0,324,2019,11
2019-11-21,28.209993265941762,0.327697,34.03424173593521,0,325,2019,11
2019-11-22,28.8199932523072,0.312226,34.064760245382786,0,326,2019,11
2019-11-23,29.08999324627223,0.2653872,34.05713061802089,0,327,2019,11
2019-11-24,29.12999324537816,0.27007556,34.10748615860939,0,328,2019,11
2019-11-25,28.579993257671617,0.27256516,34.1212194878608,0,329,2019,11
2019-11-26,28.39999326169493,0.80873823,34.15478984825313,0,330,2019,11
2019-11-27,28.27999326437714,0.8093814,34.18073058128357,0,331,2019,11
2019-11-28,28.109993268176936,0.9399676,34.18988613411784,0,332,2019,11
2019-11-29,27.789993275329493,1.0701274,34.19598983600736,0,333,2019,11
2019-11-30,27.639993278682255,1.6764474,34.18988613411784,0,334,2019,11
2019-12-01,27.569993280246877,1.2450602,34.160893550142646,0,335,2019,12
2019-12-02,27.519993281364464,1.2383369,34.10901208408177,0,336,2019,12
2019-12-03,27.489993282035016,1.0240575,33.99761952459812,0,337,2019,12
2019-12-04,27.479993282258533,1.0330596,33.909115847200155,0,338,2019,12
2019-12-05,27.46999328248205,1.5171189,33.89996029436588,0,339,2019,12
2019-12-06,28.1299932677299,2.6214635,33.921323250979185,0,340,2019,12
2019-12-07,28.259993264824175,1.6495914,33.97930841892958,0,341,2019,12
2019-12-08,28.209993265941762,1.6664081,34.01440470479429,0,342,2019,12
2019-12-09,27.939993271976732,0.62694854,34.04797506518662,0,343,2019,12
2019-12-10,27.979993271082662,0.5306095,34.10901208408177,0,344,2019,12
2019-12-11,28.029993269965075,1.1710056,34.12274541333318,0,345,2019,12
2019-12-12,27.679993277788185,1.1390978,34.15784169919789,0,346,2019,12
2019-12-13,27.179993288964056,1.065901,34.186834283173084,0,347,2019,12
2019-12-14,26.64999330081048,1.2437682,34.19446391053498,0,348,2019,12
2019-12-15,26.64999330081048,1.1260335,34.20056761242449,0,349,2019,12
2019-12-16,26.679993300139927,1.4971998,34.21277501620352,0,350,2019,12
2019-12-17,26.699993299692892,1.2638593,34.232612047344446,0,351,2019,12
2019-12-18,26.8099932972342,1.2577219,34.26007870584726,0,352,2019,12
2019-12-19,26.989993293210887,1.0964301,34.28449351340532,0,353,2019,12
2019-12-20,27.0399932920933,0.6463781,34.29670091718435,0,354,2019,12
2019-12-21,27.029993292316817,0.90811455,34.29059721529484,0,355,2019,12
2019-12-22,26.84999329634013,0.8688052,34.27686388604343,0,356,2019,12
2019-12-23,26.759993298351787,0.5571954,34.2860194388777,0,357,2019,12
2019-12-24,26.699993299692892,0.5522282,34.29212314076722,0,358,2019,12
2019-12-25,26.61999330148103,0.5718683,34.281441662460566,0,359,2019,12
2019-12-26,26.45999330505731,1.1465107,34.22803427092731,0,360,2019,12
2019-12-27,26.679993300139927,1.2893348,34.20514538884163,0,361,2019,12
2019-12-28,26.699993299692892,1.6492792,34.21887871809304,0,362,2019,12
2019-12-29,26.669993300363444,1.4161949,34.20514538884163,0,363,2019,12
2019-12-30,26.53999330326917,1.0932928,34.14563429541886,0,364,2019,12
2019-12-31,26.789993297681235,0.9865111,34.08307135105133,0,365,2019,12
2020-01-01,26.56999330259862,0.97161496,34.127323189750314,0,1,2020,1
2020-01-02,26.53999330326917,2.04445,34.20209353789687,0,2,2020,1
2020-01-03,26.549993303045653,0.9438647,34.27228610962629,0,3,2020,1
2020-01-04,26.56999330259862,0.6695306,34.32721942663193,0,4,2020,1
2020-01-05,26.49999330416324,0.48909253,34.3577379360795,0,5,2020,1
2020-01-06,26.37999330684545,0.4281256,34.35926386155188,0,6,2020,1
2020-01-07,26.29999330863359,0.54298836,34.33942683041096,0,7,2020,1
2020-01-08,26.61999330148103,0.43161407,34.34705645777285,0,8,2020,1
2020-01-09,26.989993293210887,0.80656904,34.34858238324523,0,9,2020,1
2020-01-10,26.719993299245857,0.8721693,34.33790090493858,0,10,2020,1
2020-01-11,26.749993298575305,0.8830367,34.32264165021479,0,11,2020,1
2020-01-12,26.559993302822136,0.71832484,34.32569350115955,0,12,2020,1
2020-01-13,26.679993300139927,0.69532865,34.34705645777285,0,13,2020,1
2020-01-14,26.639993301033996,0.3871718,34.340952755883336,0,14,2020,1
2020-01-15,26.589993302151584,0.86753875,34.35621201060712,0,15,2020,1
2020-01-16,27.009993292763852,0.6630574,34.342478681355715,0,16,2020,1
2020-01-17,26.899993295222544,1.7384598,34.330271277576685,0,17,2020,1
2020-01-18,26.989993293210887,0.66822034,34.31043424643576,0,18,2020,1
2020-01-19,26.65999330058696,0.6041301,34.20209353789687,0,19,2020,1
2020-01-20,26.29999330863359,0.7345751,34.27991573698819,0,20,2020,1
2020-01-21,26.199993310868763,0.4832288,34.27381203509867,0,21,2020,1
2020-01-22,26.249993309751176,1.0777104,34.27381203509867,0,22,2020,1
2020-01-23,26.169993311539315,0.8482607,34.30890832096338,0,23,2020,1
2020-01-24,26.18999331109228,0.7270726,34.328745352104306,0,24,2020,1
2020-01-25,26.099993313103937,0.785474,34.34858238324523,0,25,2020,1
2020-01-26,26.829993296787165,1.2107368,34.34553053230047,0,26,2020,1
2020-01-27,26.99999329298737,0.9827497,34.34858238324523,0,27,2020,1
2020-01-28,27.089993290975713,0.80333847,34.3577379360795,0,28,2020,1
2020-01-29,27.449993282929086,0.83237326,34.32264165021479,0,29,2020,1
2020-01-30,27.099993290752195,0.694204,34.29975276812911,0,30,2020,1
2020-01-31,26.65999330058696,0.55316657,34.295174991711974,0,31,2020,1
2020-02-01,26.319993308186554,0.41794512,34.30127869360149,0,32,2020,2
2020-02-02,26.239993309974693,0.5170364,34.31196017190814,0,33,2020,2
2020-02-03,26.22999331019821,1.1262326,34.32264165021479,0,34,2020,2
2020-02-04,26.22999331019821,0.7852702,34.340952755883336,0,35,2020,2
2020-02-05,26.18999331109228,0.7159241,34.34858238324523,0,36,2020,2
2020-02-06,26.119993312656902,0.53663707,34.36231571249664,0,37,2020,2
2020-02-07,26.079993313550972,0.47977245,34.36841941438615,0,38,2020,2
2020-02-08,26.059993313998007,0.6669349,34.40046384930611,0,39,2020,2
2020-02-09,26.03999331444504,0.6653727,34.45539716631174,0,40,2020,2
2020-02-10,26.02999331466856,0.52866614,34.50422678142786,0,41,2020,2
2020-02-11,25.98999331556263,0.5278169,34.50727863237262,0,42,2020,2
2020-02-12,25.869993318244838,0.7988565,34.499649005010724,0,43,2020,2
2020-02-13,25.709993321821116,2.2668803,34.49659715406597,0,44,2020,2
2020-02-14,25.899993317574285,2.4819806,34.49659715406597,0,45,2020,2
2020-02-15,25.79999331980946,2.4210436,34.4798119738698,0,46,2020,2
2020-02-16,25.599993324279808,1.469884,34.46455271914601,0,47,2020,2
2020-02-17,25.67999332249167,1.6235139,34.46913049556315,0,48,2020,2
2020-02-18,25.64999332316222,1.1524974,34.47828604839742,0,49,2020,2
2020-02-19,25.4899933267385,1.1524096,34.46607864461839,0,50,2020,2
2020-02-20,25.44999332763257,0.54827046,34.44776753894985,0,51,2020,2
2020-02-21,25.509993326291465,0.5691214,34.44318976253271,0,52,2020,2
2020-02-22,25.4899933267385,0.30314058,34.45234531536698,0,53,2020,2
2020-02-23,25.769993320480012,0.46602413,34.4584490172565,0,54,2020,2
2020-02-24,25.899993317574285,0.8268638,34.45539716631174,0,55,2020,2
2020-02-25,25.939993316680216,1.3151846,34.45234531536698,0,56,2020,2
2020-02-26,25.9499933164567,0.7032271,34.44166383706033,0,57,2020,2
2020-02-27,25.559993325173878,0.8707524,34.44624161347747,0,58,2020,2
2020-02-28,25.349993329867743,1.2889427,34.45997494272888,0,59,2020,2
2020-02-29,25.68999332226815,0.80547893,34.46455271914601,0,60,2020,2
2020-03-01,25.849993318691872,0.7258091,34.461500868201256,0,61,2020,3
2020-03-02,25.98999331556263,1.4491498,34.47218234650791,0,62,2020,3
2020-03-03,25.969993316009663,0.5580935,34.48133789934218,0,63,2020,3
2020-03-04,25.91999331712725,0.76935446,34.47218234650791,0,64,2020,3
2020-03-05,26.03999331444504,0.6365842,34.40504162572324,0,65,2020,3
2020-03-06,25.979993315786146,0.5731862,34.13037504069507,0,66,2020,3
2020-03-07,25.979993315786146,0.65141135,34.29822684265673,0,67,2020,3
2020-03-08,27.009993292763852,0.71820617,34.342478681355715,0,68,2020,3
2020-03-09,27.319993285834812,1.2995371,34.40504162572324,0,69,2020,3
2020-03-10,26.939993294328474,1.0276557,34.43098235875368,0,70,2020,3
2020-03-11,26.76999329812827,0.73810744,34.440137911587954,0,71,2020,3
2020-03-12,26.53999330326917,0.8818134,34.43556013517082,0,72,2020,3
2020-03-13,26.709993299469375,0.7692835,34.42182680591941,0,73,2020,3
2020-03-14,26.8099932972342,0.4879588,34.41877495497465,0,74,2020,3
2020-03-15,27.049993291869782,0.6654814,34.43403420969844,0,75,2020,3
2020-03-16,26.45999330505731,0.49431208,34.440137911587954,0,76,2020,3
2020-03-17,26.549993303045653,0.51996684,34.427930507808924,0,77,2020,3
2020-03-18,26.519993303716205,0.5875773,34.40046384930611,0,78,2020,3
2020-03-19,26.749993298575305,0.72792584,34.39436014741659,0,79,2020,3
2020-03-20,26.759993298351787,0.7653073,34.412671253085136,0,80,2020,3
2020-03-21,26.749993298575305,0.35721073,34.426404582336545,0,81,2020,3
2020-03-22,26.84999329634013,0.75138146,34.415723104029894,0,82,2020,3
2020-03-23,26.669993300363444,0.5165255,34.39283422194421,0,83,2020,3
2020-03-24,26.60999330170455,0.58052623,34.38215274363756,0,84,2020,3
2020-03-25,26.65999330058696,0.94294816,34.38062681816518,0,85,2020,3
2020-03-26,26.699993299692892,1.2904934,34.366893488913774,0,86,2020,3
2020-03-27,26.599993301928066,0.98761773,34.354686085134745,0,87,2020,3
2020-03-28,26.60999330170455,0.7993665,34.35163423418999,0,88,2020,3
2020-03-29,26.65999330058696,0.68974006,34.36078978702426,0,89,2020,3
2020-03-30,26.799993297457718,1.0399047,34.379100892692804,0,90,2020,3
2020-03-31,26.84999329634013,0.6675559,34.37604904174805,0,91,2020,3
2020-04-01,26.95999329388144,0.6652572,34.39436014741659,0,92,2020,4
2020-04-02,26.869993295893096,0.7010085,34.42182680591941,0,93,2020,4
2020-04-03,26.84999329634013,0.44518018,34.43250828422606,0,94,2020,4
2020-04-04,26.96999329365792,0.54918855,34.440137911587954,0,95,2020,4
2020-04-05,27.129993290081643,1.0396748,34.449293464422226,0,96,2020,4
2020-04-06,27.449993282929086,0.97141695,34.4584490172565,0,97,2020,4
2020-04-07,27.50999328158798,0.5866949,34.450819389894605,0,98,2020,4
2020-04-08,27.50999328158798,0.5379956,34.45997494272888,0,99,2020,4
2020-04-09,27.609993279352807,0.380488,34.475234197452664,0,100,2020,4
2020-04-10,27.58999327979984,0.40012458,34.487441601231694,0,101,2020,4
2020-04-11,27.679993277788185,0.43258905,34.47676012292504,0,102,2020,4
2020-04-12,27.839993274211906,0.5188739,34.46607864461839,0,103,2020,4
2020-04-13,28.489993259683274,0.4781981,34.45387124083936,0,104,2020,4
2020-04-14,28.489993259683274,0.3529123,34.4584490172565,0,105,2020,4
2020-04-15,28.369993262365483,0.46377796,34.44776753894985,0,106,2020,4
2020-04-16,27.92999327220025,0.47919804,34.44166383706033,0,107,2020,4
2020-04-17,27.689993277564668,0.56358767,34.4584490172565,0,108,2020,4
2020-04-18,27.679993277788185,0.4737344,34.487441601231694,0,109,2020,4
2020-04-19,27.719993276894115,0.55776423,34.522537887096405,0,110,2020,4
2020-04-20,27.639993278682255,0.46484756,34.54237491823733,0,111,2020,4
2020-04-21,27.679993277788185,0.3000007,34.55000454559922,0,112,2020,4
2020-04-22,28.259993264824175,0.37141702,34.55458232201636,0,113,2020,4
2020-04-23,27.92999327220025,0.32227454,34.5515304710716,0,114,2020,4
2020-04-24,27.85999327376487,0.43102852,34.55305639654398,0,115,2020,4
2020-04-25,27.829993274435424,0.32557335,34.5515304710716,0,116,2020,4
2020-04-26,28.16999326683583,0.35053667,34.55305639654398,0,117,2020,4
2020-04-27,28.149993267282866,0.69188553,34.56831565126777,0,118,2020,4
2020-04-28,28.209993265941762,0.6477786,34.5805230550468,0,119,2020,4
2020-04-29,28.31999326348307,0.3671719,34.59120453335345,0,120,2020,4
2020-04-30,27.979993271082662,0.4204199,34.594256384298205,0,121,2020,4
2020-05-01,27.73999327644708,0.5238777,34.60341193713248,0,122,2020,5
2020-05-02,27.709993277117633,0.52136934,34.61409341543913,0,123,2020,5
2020-05-03,27.85999327376487,0.5128317,34.62630081921816,0,124,2020,5
2020-05-04,27.92999327220025,0.55189484,34.63698229752481,0,125,2020,5
2020-05-05,28.11999326795342,0.5139141,34.63698229752481,0,126,2020,5
2020-05-06,28.19999326616528,0.6236871,34.62477489374578,0,127,2020,5
2020-05-07,28.31999326348307,0.34112796,34.6018860116601,0,128,2020,5
2020-05-08,28.519993259012722,0.43165445,34.583574905991554,0,129,2020,5
2020-05-09,28.54999325834217,0.5627436,34.583574905991554,0,130,2020,5
2020-05-10,29.0499932471663,0.5777535,34.58510083146393,0,131,2020,5
2020-05-11,28.989993248507403,0.51823926,34.59120453335345,0,132,2020,5
2020-05-12,29.00999324806037,0.43005422,34.56373787485063,0,133,2020,5
2020-05-13,28.969993248954438,0.384959,34.571367502212524,0,134,2020,5
2020-05-14,29.029993247613334,0.3919624,34.53169343993068,0,135,2020,5
2020-05-15,29.039993247389816,0.596651,34.37147126533091,0,136,2020,5
2020-05-16,28.889993250742577,0.71726924,34.42030088044703,0,137,2020,5
2020-05-17,28.97999324873092,1.1984981,34.43556013517082,0,138,2020,5
2020-05-18,28.959993249177955,1.0286622,34.485915675759315,0,139,2020,5
2020-05-19,29.569993235543393,0.83926123,34.52558973804116,0,140,2020,5
2020-05-20,29.699993232637667,0.57126504,34.54084899276495,0,141,2020,5
2020-05-21,29.899993228167318,0.5129718,34.54390084370971,0,142,2020,5
2020-05-22,29.97999322637918,0.40573612,34.54084899276495,0,143,2020,5
2020-05-23,29.94999322704973,0.34234846,34.52558973804116,0,144,2020,5
2020-05-24,30.09999322369697,0.40176615,34.49507122859359,0,145,2020,5
2020-05-25,30.119993223249935,0.36752367,34.51338233426213,0,146,2020,5
2020-05-26,30.01999322548511,0.37057894,34.521011961624026,0,147,2020,5
2020-05-27,29.849993229284905,0.69034714,34.51338233426213,0,148,2020,5
2020-05-28,29.9099932279438,0.47425953,34.51338233426213,0,149,2020,5
2020-05-29,29.93999322727325,0.48790175,34.53779714182019,0,150,2020,5
2020-05-30,29.82999322973194,0.40227586,34.55610824748874,0,151,2020,5
2020-05-31,29.729993231967114,0.47261885,34.559160098433495,0,152,2020,5
2020-06-01,28.929993249848508,0.46559533,34.55305639654398,0,153,2020,6
2020-06-02,28.959993249177955,0.65228254,34.54390084370971,0,154,2020,6
2020-06-03,28.97999324873092,0.43464467,34.52864158898592,0,155,2020,6
2020-06-04,29.12999324537816,0.29288727,34.51338233426213,0,156,2020,6
2020-06-05,29.40999323911967,0.42037347,34.485915675759315,0,157,2020,6
2020-06-06,29.259993242472433,0.3814067,34.473708271980286,0,158,2020,6
2020-06-07,29.12999324537816,0.44301355,34.46455271914601,0,159,2020,6
2020-06-08,29.139993245154642,0.2583614,34.46760457009077,0,160,2020,6
2020-06-09,29.239993242919468,0.24380964,34.46913049556315,0,161,2020,6
2020-06-10,29.32999324090781,0.2634779,34.08001950010657,0,162,2020,6
2020-06-11,29.389993239566707,0.27846077,33.96710101515055,0,163,2020,6
2020-06-12,29.39999323934319,0.44150928,34.115115785971284,0,164,2020,6
2020-06-13,29.379993239790224,0.46594164,34.21277501620352,0,165,2020,6
2020-06-14,29.31999324113133,0.46285093,34.26313055679202,0,166,2020,6
2020-06-15,29.6799932330847,0.4163433,34.28449351340532,0,167,2020,6
2020-06-16,29.59999323487284,0.40082628,34.331797203049064,0,168,2020,6
2020-06-17,29.43999323844912,0.35641313,34.38520459458232,1,169,2020,6
2020-06-18,29.39999323934319,0.37987864,34.37452311627567,0,170,2020,6
2020-06-19,29.469993237778567,0.25293237,34.15173799730837,0,171,2020,6
2020-06-20,29.159993244707607,0.36531755,34.257026854902506,0,172,2020,6
2020-06-21,29.039993247389816,0.36556354,34.40504162572324,0,173,2020,6
2020-06-22,29.179993244260572,0.55836713,34.40961940214038,0,174,2020,6
2020-06-23,29.55999323576691,0.379455,34.39741199836135,0,175,2020,6
2020-06-24,29.55999323576691,0.38549617,34.38520459458232,0,176,2020,6
2020-06-25,29.469993237778567,0.35529613,34.38215274363756,0,177,2020,6
2020-06-26,29.349993240460776,0.37212142,34.38520459458232,0,178,2020,6
2020-06-27,29.309993241354846,0.37414357,34.340952755883336,0,179,2020,6
2020-06-28,29.219993243366503,0.42464772,34.089175052940845,0,180,2020,6
2020-06-29,29.239993242919468,0.64011204,34.24176760017872,0,181,2020,6
2020-06-30,29.189993244037055,0.5141456,34.31043424643576,0,182,2020,6
2020-07-01,29.199993243813537,0.482983,34.33484905399382,0,183,2020,7
2020-07-02,30.089993223920487,0.44091132,34.36841941438615,0,184,2020,7
2020-07-03,29.969993226602696,0.34253478,34.38062681816518,0,185,2020,7
2020-07-04,29.59999323487284,0.2787376,34.33332312852144,0,186,2020,7
2020-07-05,29.489993237331532,0.3447213,34.39893792383373,0,187,2020,7
2020-07-06,29.55999323576691,0.3692178,34.43403420969844,0,188,2020,7
2020-07-07,29.35999324023726,0.38005406,34.426404582336545,0,189,2020,7
2020-07-08,29.31999324113133,0.3983274,34.379100892692804,0,190,2020,7
2020-07-09,29.349993240460776,0.39281237,34.379100892692804,0,191,2020,7
2020-07-10,29.36999324001374,0.3574955,34.35010830871761,0,192,2020,7
2020-07-11,29.31999324113133,0.40444702,34.330271277576685,0,193,2020,7
2020-07-12,29.379993239790224,0.39386895,34.29670091718435,0,194,2020,7
2020-07-13,29.839993229508423,0.34513965,34.25397500395775,0,195,2020,7
2020-07-14,29.819993229955458,0.38657072,34.26007870584726,0,196,2020,7
2020-07-15,29.82999322973194,0.43322858,34.26770833320916,0,197,2020,7
2020-07-16,29.779993230849527,0.28513262,34.26007870584726,0,198,2020,7
2020-07-17,29.739993231743597,0.26998147,34.293649066239595,0,199,2020,7
2020-07-18,29.74999323152008,0.23620845,34.3577379360795,0,200,2020,7
2020-07-19,29.71999323219063,0.23841949,34.36231571249664,0,201,2020,7
2020-07-20,29.619993234425806,0.29276758,34.39283422194421,0,202,2020,7
2020-07-21,29.51999323666098,0.29465833,34.38825644552708,0,203,2020,7
2020-07-22,29.469993237778567,0.34485123,34.40046384930611,0,204,2020,7
2020-07-23,29.449993238225602,0.55084544,34.39893792383373,0,205,2020,7
2020-07-24,29.419993238896154,0.4050307,34.35163423418999,0,206,2020,7
2020-07-25,29.269993242248916,0.33865255,34.27533796057105,0,207,2020,7
2020-07-26,30.24999322034421,0.3716511,34.27838981151581,0,208,2020,7
2020-07-27,30.769993208721303,0.28123578,34.16547132655978,0,209,2020,7
2020-07-28,30.79999320805075,0.28123578,33.85876030661166,0,210,2020,7
2020-07-29,30.619993212074064,0.2750045,34.11206393502653,0,211,2020,7
2020-07-30,30.459993215650343,0.27527642,34.05865654349327,0,212,2020,7
2020-07-31,30.319993218779587,0.33734727,33.970152866095304,0,213,2020,7
2020-08-01,30.17999322190883,0.344827,33.99151582270861,0,214,2020,8
2020-08-02,30.09999322369697,0.37491384,34.049500990659,0,215,2020,8
2020-08-03,29.98999322615566,0.3793241,34.090700978413224,0,216,2020,8
2020-08-04,29.9099932279438,0.26699173,34.138004668056965,0,217,2020,8
2020-08-05,29.899993228167318,0.26087868,34.20514538884163,0,218,2020,8
2020-08-06,29.82999322973194,0.36095265,34.27991573698819,0,219,2020,8
2020-08-07,29.769993231073045,0.3965371,34.18988613411784,0,220,2020,8
2020-08-08,29.66999323330822,0.35813746,33.89538251794875,0,221,2020,8
2020-08-09,29.609993234649323,0.36085,33.87096771039069,0,222,2020,8
2020-08-10,29.62999323420229,0.46515462,33.78246403299272,0,223,2020,8
2020-08-11,29.579993235319876,0.49696305,33.823664020746946,0,224,2020,8
2020-08-12,29.539993236213945,0.4879182,34.07238987274468,0,225,2020,8
2020-08-13,29.429993238672637,0.47029382,33.75041959807277,0,226,2020,8
2020-08-14,29.36999324001374,0.2503632,33.826715871691704,0,227,2020,8
2020-08-15,29.299993241578363,0.24010408,34.15478984825313,0,228,2020,8
2020-08-16,29.28999324180188,0.25258318,34.089175052940845,0,229,2020,8
2020-08-17,29.189993244037055,0.24059938,33.957945462316275,0,230,2020,8
2020-08-18,29.12999324537816,0.32367736,33.81908624432981,0,231,2020,8
2020-08-19,29.069993246719264,0.3198891,33.64818259142339,0,232,2020,8
2020-08-20,29.08999324627223,0.3278965,33.76720477826893,0,233,2020,8
2020-08-21,29.66999323330822,0.44781756,33.80687884055078,0,234,2020,8
2020-08-22,29.879993228614353,0.42066914,33.826715871691704,0,235,2020,8
2020-08-23,30.40999321676793,0.3046712,34.018982481211424,0,236,2020,8
2020-08-24,30.459993215650343,0.19415934,34.078493574634194,0,237,2020,8
2020-08-25,30.539993213862203,0.25269136,34.10748615860939,0,238,2020,8
2020-08-26,30.44999321587386,0.25951433,34.076967649161816,0,239,2020,8
2020-08-27,30.379993217438482,0.27375725,34.08612320199609,0,240,2020,8
2020-08-28,30.279993219673656,0.26560354,34.04492321424186,0,241,2020,8
2020-08-29,30.079993224144005,0.26545998,34.028138034045696,0,242,2020,8
2020-08-30,29.969993226602696,0.30632123,34.006775077432394,0,243,2020,8
2020-08-31,29.86999322883787,0.28950047,33.9060639962554,0,244,2020,8
2020-09-01,29.98999322615566,0.3025307,33.872493635863066,0,245,2020,9
2020-09-02,30.119993223249935,0.27203125,33.92895287834108,0,246,2020,9
2020-09-03,30.079993224144005,0.21537688,34.03729358687997,0,247,2020,9
2020-09-04,30.079993224144005,0.25217858,34.15936762467027,0,248,2020,9
2020-09-05,30.039993225038074,0.16387196,34.20514538884163,0,249,2020,9
2020-09-06,30.049993224814557,0.19913104,34.03576766140759,0,250,2020,9
2020-09-07,30.09999322369697,0.22608858,33.95031583495438,0,251,2020,9
2020-09-08,30.129993223026418,0.187392,34.15631577372551,0,252,2020,9
2020-09-09,30.079993224144005,0.2902257,34.2432935256511,0,253,2020,9
2020-09-10,29.98999322615566,0.24989597,34.197515761479735,0,254,2020,9
2020-09-11,29.849993229284905,0.19098009,34.125797264277935,0,255,2020,9
2020-09-12,29.6799932330847,0.18552351,34.06323431991041,0,256,2020,9
2020-09-13,29.74999323152008,0.22977214,34.27533796057105,0,257,2020,9
2020-09-14,29.839993229508423,0.2478382,34.42335273139179,0,258,2020,9
2020-09-15,29.82999322973194,0.2494601,34.40961940214038,0,259,2020,9
2020-09-16,29.809993230178975,0.23430319,34.20514538884163,0,260,2020,9
2020-09-17,29.769993231073045,0.39274025,33.849604753777385,0,261,2020,9
2020-09-18,30.189993221685313,0.4649189,33.93810843117535,0,262,2020,9
2020-09-19,30.279993219673656,0.4649074,34.08764912746847,0,263,2020,9
2020-09-20,30.24999322034421,0.32935324,33.93658250570297,0,264,2020,9
2020-09-21,29.549993235990428,0.32596487,33.922849176451564,0,265,2020,9
2020-09-22,29.70999323241415,0.32111832,33.99761952459812,0,266,2020,9
2020-09-23,29.819993229955458,0.2901909,34.11206393502653,0,267,2020,9
2020-09-24,29.839993229508423,0.29085222,34.08307135105133,0,268,2020,9
2020-09-25,29.819993229955458,0.23791757,34.043397288769484,0,269,2020,9
2020-09-26,29.689993232861184,0.23787908,33.93047880381346,0,270,2020,9
2020-09-27,29.509993236884497,0.2599579,33.77178255468607,0,271,2020,9
2020-09-28,29.419993238896154,0.2352841,33.65428629331291,0,272,2020,9
2020-09-29,29.32999324090781,0.1865462,34.03881951235235,0,273,2020,9
2020-09-30,29.659993233531736,0.19856386,34.15478984825313,0,274,2020,9
2020-10-01,29.94999322704973,0.20180936,34.1425824444741,0,275,2020,10
2020-10-02,29.98999322615566,0.20180911,34.2860194388777,0,276,2020,10
2020-10-03,29.93999322727325,0.22147785,34.22498241998255,0,277,2020,10
2020-10-04,29.849993229284905,0.22425292,34.1425824444741,0,278,2020,10
2020-10-05,29.70999323241415,0.20185933,33.9777824934572,0,279,2020,10
2020-10-06,29.649993233755254,0.21071345,33.826715871691704,0,280,2020,10
2020-10-07,29.659993233531736,0.21072666,33.93658250570297,0,281,2020,10
2020-10-08,29.55999323576691,0.23949055,33.68938257917762,0,282,2020,10
2020-10-09,29.499993237108015,0.22392726,33.62987148575485,0,283,2020,10
2020-10-10,29.35999324023726,0.25448495,33.8053529150784,0,284,2020,10
2020-10-11,29.309993241354846,0.38357008,33.44828635454178,0,285,2020,10
2020-10-12,29.199993243813537,0.39601266,33.693960355594754,0,286,2020,10
2020-10-13,29.189993244037055,0.39238146,34.06170839443803,0,287,2020,10
2020-10-14,29.069993246719264,0.29722092,33.980834344401956,0,288,2020,10
2020-10-15,29.01999324783685,0.3368764,33.77025662921369,0,289,2020,10
2020-10-16,28.919993250072025,0.48982775,33.80382698960602,0,290,2020,10
2020-10-17,28.919993250072025,0.3900409,33.86486400850117,0,291,2020,10
2020-10-18,28.889993250742577,0.3530599,33.85876030661166,0,292,2020,10
2020-10-19,28.889993250742577,0.36865702,33.82213809527457,0,293,2020,10
2020-10-20,28.879993250966095,0.2751217,33.74736774712801,0,294,2020,10
2020-10-21,29.079993246495746,0.2679021,33.6832788772881,0,295,2020,10
2020-10-22,29.16999324448409,0.22194393,33.44981228001416,0,296,2020,10
2020-10-23,29.149993244931125,0.2021938,33.26517529785633,0,297,2020,10
2020-10-24,29.12999324537816,0.1889343,33.141575334593654,0,298,2020,10
2020-10-25,29.0499932471663,0.18884437,33.20871605537832,0,299,2020,10
2020-10-26,28.97999324873092,0.8234139,33.14462718553841,0,300,2020,10
2020-10-27,28.929993249848508,0.8234155,33.06070128455758,0,301,2020,10
2020-10-28,28.909993250295543,0.6666714,33.01034574396908,0,302,2020,10
2020-10-29,28.85999325141313,0.7348906,33.162938291206956,0,303,2020,10
2020-10-30,28.849993251636647,0.7348892,33.330790093168616,0,304,2020,10
2020-10-31,28.769993253424786,0.5919442,33.500167820602655,0,305,2020,10
2020-11-01,28.78999325297775,0.6012406,33.330790093168616,0,306,2020,11
2020-11-02,28.74999325387182,0.5604731,33.297219732776284,0,307,2020,11
2020-11-03,28.66999325565996,0.6249334,33.33841972053051,0,308,2020,11
2020-11-04,28.619993256777548,0.45828643,33.36130860261619,0,309,2020,11
2020-11-05,28.50999325923624,0.51040834,33.41471599414945,0,310,2020,11
2020-11-06,28.43999326080086,0.63184905,33.57799001969397,0,311,2020,11
2020-11-07,28.349993262812518,0.6305884,33.718375163152814,0,312,2020,11
2020-11-08,28.349993262812518,0.5285206,33.790093660354614,0,313,2020,11
2020-11-09,28.339993263036035,0.6065087,33.802301064133644,0,314,2020,11
2020-11-10,28.339993263036035,0.62851834,33.82824179716408,0,315,2020,11
2020-11-11,28.27999326437714,0.6321084,33.77330848015845,0,316,2020,11
2020-11-12,28.229993265494727,0.8366771,33.25449381954968,0,317,2020,11
2020-11-13,28.189993266388797,0.83386743,33.223975310102105,0,318,2020,11
2020-11-14,28.299993263930105,0.8825383,33.739738119766116,0,319,2020,11
2020-11-15,28.619993256777548,1.217934,33.70311590842903,0,320,2020,11
2020-11-16,28.679993255436443,0.76368463,33.86944178491831,0,321,2020,11
2020-11-17,28.54999325834217,0.82011807,33.89996029436588,0,322,2020,11
2020-11-18,28.269993264600657,0.8678937,33.948789909482,0,323,2020,11
2020-11-19,28.609993257001065,0.44556785,33.96557508967817,0,324,2020,11
2020-11-20,28.879993250966095,0.69812787,33.957945462316275,0,325,2020,11
2020-11-21,28.85999325141313,0.5966221,33.99609359912574,0,326,2020,11
2020-11-22,28.619993256777548,0.6631882,34.01440470479429,0,327,2020,11
2020-11-23,28.43999326080086,0.6632566,34.02203433215618,0,328,2020,11
2020-11-24,27.489993282035016,0.6134329,34.005249151960015,0,329,2020,11
2020-11-25,27.529993281140946,0.61229104,33.9991454500705,0,330,2020,11
2020-11-26,27.569993280246877,0.6734368,33.994567673653364,0,331,2020,11
2020-11-27,27.629993278905772,0.6733906,34.018982481211424,0,332,2020,11
2020-11-28,27.559993280470394,0.8434301,34.05713061802089,0,333,2020,11
2020-11-29,27.479993282258533,1.0343528,34.05713061802089,0,334,2020,11
2020-11-30,27.489993282035016,0.5605376,34.04644913971424,0,335,2020,11
2020-12-01,27.42999328337612,0.559646,34.01440470479429,0,336,2020,12
2020-12-02,27.399993284046673,0.5224532,33.91827140003443,0,337,2020,12
2020-12-03,27.909993272647284,0.5493175,33.922849176451564,0,338,2020,12
2020-12-04,27.919993272423767,0.5474512,33.90758992172778,0,339,2020,12
2020-12-05,27.8999932728708,0.6238628,33.91674547456205,0,340,2020,12
2020-12-06,27.789993275329493,0.63216984,33.910641772672534,0,341,2020,12
2020-12-07,27.559993280470394,0.6186221,33.85723438113928,0,342,2020,12
2020-12-08,27.38999328427019,0.5862657,33.87096771039069,0,343,2020,12
2020-12-09,27.23999328762295,0.58432543,33.77330848015845,0,344,2020,12
2020-12-10,27.15999328941109,0.45729607,33.777886256575584,0,345,2020,12
2020-12-11,28.109993268176936,0.52892464,33.800775138661265,0,346,2020,12
2020-12-12,28.289993264153622,0.7640488,33.802301064133644,0,347,2020,12
2020-12-13,28.43999326080086,0.38640037,33.82061216980219,0,348,2020,12
2020-12-14,28.47999325990679,0.35398105,33.84197512641549,0,349,2020,12
2020-12-15,27.839993274211906,0.64909816,33.933530654758215,0,350,2020,12
2020-12-16,27.629993278905772,0.6298555,34.03424173593521,0,351,2020,12
2020-12-17,27.569993280246877,0.4791174,34.08001950010657,0,352,2020,12
2020-12-18,27.629993278905772,0.4747237,34.078493574634194,0,353,2020,12
2020-12-19,27.639993278682255,0.54391277,34.04797506518662,0,354,2020,12
2020-12-20,27.57999328002336,1.1340144,34.041871363297105,0,355,2020,12
2020-12-21,27.4999932818115,1.1081182,34.08154542557895,0,356,2020,12
2020-12-22,27.30999328605833,1.6157902,34.125797264277935,0,357,2020,12
2020-12-23,27.319993285834812,0.8648327,34.1715750284493,0,358,2020,12
2020-12-24,27.339993285387777,0.29976892,34.139530593529344,0,359,2020,12
2020-12-25,27.209993288293504,0.28995872,34.136478742584586,0,360,2020,12
2020-12-26,27.009993292763852,0.28860265,33.99761952459812,0,361,2020,12
2020-12-27,26.869993295893096,0.2864019,33.970152866095304,0,362,2020,12
2020-12-28,26.91999329477551,0.61681056,34.02203433215618,0,363,2020,12
2020-12-29,26.84999329634013,0.61671746,33.87859733775258,0,364,2020,12
2020-12-30,26.84999329634013,0.5362939,33.8053529150784,0,365,2020,12
2020-12-31,26.8099932972342,0.5279464,33.85876030661166,0,366,2020,12
2021-01-01,26.799993297457718,0.6184642,33.95031583495438,0,1,2021,1
2021-01-02,26.719993299245857,1.2978896,34.04492321424186,0,2,2021,1
2021-01-03,26.709993299469375,1.7074155,34.043397288769484,0,3,2021,1
2021-01-04,26.699993299692892,1.2151523,34.043397288769484,0,4,2021,1
2021-01-05,26.64999330081048,1.4366071,34.08612320199609,0,5,2021,1
2021-01-06,26.549993303045653,1.276821,34.10901208408177,0,6,2021,1
2021-01-07,26.45999330505731,1.3021184,34.10901208408177,0,7,2021,1
2021-01-08,26.369993307068967,1.2956079,34.031189884990454,0,8,2021,1
2021-01-09,26.33999330773952,1.1573875,33.92590102739632,0,9,2021,1
2021-01-10,26.319993308186554,1.1569731,33.9991454500705,0,10,2021,1
2021-01-11,26.349993307516,1.1774724,33.944212133064866,0,11,2021,1
2021-01-12,26.249993309751176,0.97460496,33.94726398400962,0,12,2021,1
2021-01-13,26.159993311762832,1.0082822,33.99609359912574,0,13,2021,1
2021-01-14,26.41999330595138,1.0080281,33.9777824934572,0,14,2021,1
2021-01-15,26.53999330326917,0.73506486,34.00982692837715,0,15,2021,1
2021-01-16,26.509993303939723,0.7350536,33.95336768589914,0,16,2021,1
2021-01-17,26.449993305280827,0.72300535,33.98846397176385,0,17,2021,1
2021-01-18,26.489993304386758,0.68166417,33.93810843117535,0,18,2021,1
2021-01-19,26.449993305280827,1.5492175,33.8770714122802,0,19,2021,1
2021-01-20,26.439993305504345,1.567122,33.89538251794875,0,20,2021,1
2021-01-21,26.41999330595138,1.5660216,33.88927881605923,0,21,2021,1
2021-01-22,26.389993306621932,1.7384098,33.90758992172778,0,22,2021,1
2021-01-23,26.319993308186554,1.2443697,33.90453807078302,0,23,2021,1
2021-01-24,26.349993307516,0.5321747,33.91369362361729,0,24,2021,1
2021-01-25,26.249993309751176,0.44104722,33.91369362361729,0,25,2021,1
2021-01-26,26.26999330930414,0.40942195,33.91674547456205,0,26,2021,1
2021-01-27,26.209993310645245,0.36980703,33.93963435664773,0,27,2021,1
2021-01-28,26.209993310645245,0.36778852,33.96099731326103,0,28,2021,1
2021-01-29,26.199993310868763,0.36829558,33.9777824934572,0,29,2021,1
2021-01-30,26.159993311762832,0.6857126,33.994567673653364,0,30,2021,1
2021-01-31,26.10999331288042,0.688206,33.97320471704006,0,31,2021,1
2021-02-01,26.14999331198635,0.67097366,33.933530654758215,0,32,2021,2
2021-02-02,26.219993310421728,1.9153215,33.93963435664773,0,33,2021,2
2021-02-03,26.209993310645245,2.1221087,33.93658250570297,0,34,2021,2
2021-02-04,26.209993310645245,1.3284615,33.909115847200155,0,35,2021,2
2021-02-05,26.159993311762832,0.7554694,33.849604753777385,0,36,2021,2
2021-02-06,26.06999331377449,1.0720577,33.81603439338505,0,37,2021,2
2021-02-07,26.009993315115594,0.93264306,33.8343454990536,0,38,2021,2
2021-02-08,25.98999331556263,0.90337324,33.79924921318889,0,39,2021,2
2021-02-09,25.969993316009663,0.8773194,33.790093660354614,0,40,2021,2
2021-02-10,25.98999331556263,0.8475819,33.77178255468607,0,41,2021,2
2021-02-11,27.029993292316817,0.86184084,33.70158998295665,0,42,2021,2
2021-02-12,27.529993281140946,1.0933338,33.65886406973004,0,43,2021,2
2021-02-13,27.46999328248205,0.7454959,33.56425669044256,0,44,2021,2
2021-02-14,27.0399932920933,0.63471806,33.51542707532644,0,45,2021,2
2021-02-15,26.859993296116613,1.3296696,33.53373818099499,0,46,2021,2
2021-02-16,26.779993297904753,1.7164773,33.55510113760829,0,47,2021,2
2021-02-17,26.72999329902234,1.7001145,33.646656665951014,0,48,2021,2
2021-02-18,26.359993307292484,2.0639021,33.765678852796555,0,49,2021,2
2021-02-19,25.87999331802132,2.275904,33.86638993397355,0,50,2021,2
2021-02-20,25.68999332226815,2.232395,33.88012326322496,0,51,2021,2
2021-02-21,25.68999332226815,2.1830633,33.94726398400962,0,52,2021,2
2021-02-22,27.18999328874054,0.8503763,33.70006405748427,0,53,2021,2
2021-02-23,27.369993284717225,0.8503763,33.98846397176385,0,54,2021,2
2021-02-24,27.34999328516426,1.3763797,34.00982692837715,0,55,2021,2
2021-02-25,27.169993289187573,1.1141864,34.03881951235235,0,56,2021,2
2021-02-26,27.719993276894115,0.4766098,33.99609359912574,0,57,2021,2
2021-02-27,28.15999326705935,0.62957287,33.91827140003443,0,58,2021,2
2021-02-28,27.759993276000046,0.4846196,33.87096771039069,0,59,2021,2
2021-03-01,27.109993290528678,0.579116,33.848078828305006,0,60,2021,3
2021-03-02,27.089993290975713,0.7637703,33.860286232084036,0,61,2021,3
2021-03-03,27.089993290975713,0.44126296,33.87554548680782,0,62,2021,3
2021-03-04,26.909993294999026,0.34747425,33.92590102739632,0,63,2021,3
2021-03-05,26.829993296787165,0.503506,33.96404916420579,0,64,2021,3
2021-03-06,26.859993296116613,0.5330121,34.005249151960015,0,65,2021,3
2021-03-07,26.799993297457718,0.48815796,34.04492321424186,0,66,2021,3
2021-03-08,27.009993292763852,0.50177056,34.06781209632754,0,67,2021,3
2021-03-09,26.979993293434404,0.49643898,34.08459727652371,0,68,2021,3
2021-03-10,26.829993296787165,0.43405208,34.10901208408177,0,69,2021,3
2021-03-11,26.759993298351787,0.43415144,34.06018246896565,0,70,2021,3
2021-03-12,26.789993297681235,0.38606662,34.054078767076135,0,71,2021,3
2021-03-13,26.789993297681235,0.49777386,34.04492321424186,0,72,2021,3
2021-03-14,26.839993296563648,0.79484797,34.01440470479429,0,73,2021,3
2021-03-15,27.61999327912929,0.9045761,34.018982481211424,0,74,2021,3
2021-03-16,27.869993273541354,0.62044066,33.93658250570297,0,75,2021,3
2021-03-17,27.959993271529697,0.7301302,33.8343454990536,0,76,2021,3
2021-03-18,27.949993271753215,0.55798966,33.77178255468607,0,77,2021,3
2021-03-19,27.839993274211906,0.7221801,33.75804922543466,0,78,2021,3
2021-03-20,27.669993278011702,0.533195,33.82824179716408,0,79,2021,3
2021-03-21,27.58999327979984,0.39025834,33.909115847200155,0,80,2021,3
2021-03-22,27.559993280470394,0.33734873,34.00067137554288,0,81,2021,3
2021-03-23,27.459993282705568,0.3146112,34.064760245382786,0,82,2021,3
2021-03-24,27.409993283823155,0.4084309,34.102908382192254,0,83,2021,3
2021-03-25,27.129993290081643,0.44795963,34.12274541333318,0,84,2021,3
2021-03-26,27.259993287175917,0.50326127,34.15631577372551,0,85,2021,3
2021-03-27,27.339993285387777,0.57467604,34.17004910297692,0,86,2021,3
2021-03-28,27.379993284493708,0.44411036,34.150212071835995,0,87,2021,3
2021-03-29,27.319993285834812,0.34082726,34.12274541333318,0,88,2021,3
2021-03-30,27.249993287399434,0.2954305,34.09375282935798,0,89,2021,3
2021-03-31,27.209993288293504,0.37021992,34.064760245382786,0,90,2021,3
2021-04-01,27.359993284940742,0.46241084,34.04644913971424,0,91,2021,4
2021-04-02,27.359993284940742,0.48962632,34.04644913971424,0,92,2021,4
2021-04-03,27.459993282705568,0.6310221,34.05865654349327,0,93,2021,4
2021-04-04,27.50999328158798,0.5569562,34.08001950010657,0,94,2021,4
2021-04-05,27.569993280246877,0.3124644,34.09375282935798,0,95,2021,4
2021-04-06,27.409993283823155,0.30823204,34.09833060577512,0,96,2021,4
2021-04-07,27.489993282035016,0.5853625,34.10901208408177,0,97,2021,4
2021-04-08,27.839993274211906,0.39737585,34.11053800955415,0,98,2021,4
2021-04-09,28.16999326683583,0.38993776,34.10596023313701,0,99,2021,4
2021-04-10,28.149993267282866,0.4648874,34.09375282935798,0,100,2021,4
2021-04-11,28.039993269741558,0.5235189,34.05102691613138,0,101,2021,4
2021-04-12,27.96999327130618,0.4471806,33.9991454500705,0,102,2021,4
2021-04-13,27.869993273541354,0.46163267,33.97625656798482,0,103,2021,4
2021-04-14,27.84999327398839,0.36247766,33.93963435664773,0,104,2021,4
2021-04-15,27.84999327398839,0.358967,33.93810843117535,0,105,2021,4
2021-04-16,27.909993272647284,0.32567957,33.948789909482,0,106,2021,4
2021-04-17,27.919993272423767,0.31130818,33.93963435664773,0,107,2021,4
2021-04-18,27.96999327130618,0.31102777,33.85265660472214,0,108,2021,4
2021-04-19,27.949993271753215,0.33034307,33.848078828305006,0,109,2021,4
2021-04-20,27.77999327555301,0.4271674,33.790093660354614,0,110,2021,4
2021-04-21,27.77999327555301,0.42870942,33.75041959807277,0,111,2021,4
2021-04-22,27.599993279576324,0.42934614,33.77178255468607,0,112,2021,4
2021-04-23,27.729993276670598,0.40308127,33.776360331103206,0,113,2021,4
2021-04-24,27.689993277564668,0.4310569,33.777886256575584,0,114,2021,4
2021-04-25,27.69999327734115,0.35079676,33.77483440563083,0,115,2021,4
2021-04-26,27.709993277117633,0.38750485,33.79772328771651,0,116,2021,4
2021-04-27,27.709993277117633,0.35325935,33.81756031885743,0,117,2021,4
2021-04-28,28.1299932677299,0.5561524,33.849604753777385,0,118,2021,4
2021-04-29,28.19999326616528,0.6827486,33.89385659247637,0,119,2021,4
2021-04-30,28.259993264824175,0.88152057,33.92895287834108,0,120,2021,4
2021-05-01,28.23999326527121,0.70976925,33.98693804629147,0,121,2021,5
2021-05-02,28.039993269741558,0.48923057,34.02356025762856,0,122,2021,5
2021-05-03,28.069993269071006,0.4024995,34.05102691613138,0,123,2021,5
2021-05-04,28.249993265047692,0.40856296,34.07544172368944,0,124,2021,5
2021-05-05,28.269993264600657,0.5770513,34.10596023313701,0,125,2021,5
2021-05-06,27.839993274211906,0.8204686,34.15478984825313,0,126,2021,5
2021-05-07,27.729993276670598,0.5642702,34.21277501620352,0,127,2021,5
2021-05-08,27.92999327220025,0.47674632,34.2646564822644,0,128,2021,5
2021-05-09,28.07999326884749,0.3781894,34.29670091718435,0,129,2021,5
2021-05-10,28.19999326616528,0.36470014,34.30280461907387,0,130,2021,5
2021-05-11,28.259993264824175,0.31683162,34.307382395491004,0,131,2021,5
2021-05-12,28.329993263259553,0.37374428,34.29975276812911,0,132,2021,5
2021-05-13,28.219993265718244,0.3034291,34.26160463131964,0,133,2021,5
2021-05-14,27.77999327555301,0.41357216,34.21582686714828,0,134,2021,5
2021-05-15,27.38999328427019,0.6541026,34.20361946336925,0,135,2021,5
2021-05-16,27.879993273317837,0.58280516,34.220404643565416,0,136,2021,5
2021-05-17,28.00999327041211,0.3005104,34.23108612187207,0,137,2021,5
2021-05-18,28.059993269294523,0.3005757,34.33790090493858,0,138,2021,5
2021-05-19,28.139993267506384,0.4503079,34.45692309178412,0,139,2021,5
2021-05-20,27.939993271976732,0.5149951,34.45997494272888,0,140,2021,5
2021-05-21,27.959993271529697,0.65289813,34.377574967220426,0,141,2021,5
2021-05-22,27.999993270635628,0.5547313,34.318063873797655,0,142,2021,5
2021-05-23,29.339993240684294,0.52401894,34.32264165021479,0,143,2021,5
2021-05-24,29.40999323911967,0.32618666,34.19446391053498,0,144,2021,5
2021-05-25,28.809993252530717,0.2616616,34.11969356238842,0,145,2021,5
2021-05-26,29.069993246719264,0.28579488,34.078493574634194,0,146,2021,5
2021-05-27,29.219993243366503,0.37964973,34.040345437824726,0,147,2021,5
2021-05-28,29.32999324090781,0.33626804,33.98541212081909,0,148,2021,5
2021-05-29,29.229993243142985,0.56513214,33.957945462316275,0,149,2021,5
2021-05-30,29.28999324180188,0.4851363,33.944212133064866,0,150,2021,5
2021-05-31,29.339993240684294,0.4019268,33.9060639962554,0,151,2021,5
2021-06-01,29.35999324023726,0.40188834,33.84655290283263,0,152,2021,6
2021-06-02,29.32999324090781,0.43951604,33.80993069149554,0,153,2021,6
2021-06-03,29.28999324180188,0.47014967,33.84655290283263,0,154,2021,6
2021-06-04,29.309993241354846,0.63976663,33.85113067924976,0,155,2021,6
2021-06-05,29.309993241354846,0.6357151,33.85418253019452,0,156,2021,6
2021-06-06,29.379993239790224,0.612463,33.88927881605923,0,157,2021,6
2021-06-07,29.43999323844912,0.6124724,33.777886256575584,0,158,2021,6
2021-06-08,29.43999323844912,0.33560163,33.91521954908967,0,159,2021,6
2021-06-09,29.459993238002085,0.3447443,33.948789909482,0,160,2021,6
2021-06-10,29.429993238672637,0.38948137,34.02508618310094,0,161,2021,6
2021-06-11,29.339993240684294,0.490834,34.029663959518075,0,162,2021,6
2021-06-12,29.309993241354846,0.49086583,34.06933802179992,0,163,2021,6
2021-06-13,29.279993242025398,0.3801535,34.02356025762856,0,164,2021,6
2021-06-14,29.20999324359002,0.5274352,34.066286170855165,0,165,2021,6
2021-06-15,29.339993240684294,0.6927408,34.08459727652371,0,166,2021,6
2021-06-16,29.66999323330822,0.50541306,34.06018246896565,0,167,2021,6
2021-06-17,29.699993232637667,0.5164739,34.03576766140759,0,168,2021,6
2021-06-18,29.649993233755254,0.5061122,34.01287877932191,0,169,2021,6
2021-06-19,29.55999323576691,0.34282538,33.994567673653364,0,170,2021,6
2021-06-20,29.51999323666098,0.342901,33.96557508967817,0,171,2021,6
2021-06-21,29.459993238002085,0.35541967,33.86638993397355,0,172,2021,6
2021-06-22,29.36999324001374,0.35625425,33.89080474153161,0,173,2021,6
2021-06-23,29.36999324001374,0.3197747,33.86791585944593,0,174,2021,6
2021-06-24,29.36999324001374,0.3030967,33.75957515090704,0,175,2021,6
2021-06-25,29.55999323576691,0.3035407,33.777886256575584,0,176,2021,6
2021-06-26,29.779993230849527,0.2886506,33.765678852796555,0,177,2021,6
2021-06-27,29.6799932330847,0.407739,33.81756031885743,0,178,2021,6
2021-06-28,29.51999323666098,0.6563754,33.7336344178766,0,179,2021,6
2021-06-29,29.539993236213945,0.5451297,33.739738119766116,0,180,2021,6
2021-06-30,29.47999323755505,0.33622414,33.73516034334898,0,181,2021,6
2021-07-01,29.47999323755505,0.31401238,33.65276036784053,0,182,2021,7
2021-07-02,29.529993236437463,0.4568016,33.596301125362515,0,183,2021,7
2021-07-03,29.539993236213945,0.40573794,33.29416788183153,0,184,2021,7
2021-07-04,29.569993235543393,0.2709098,33.43760487623513,0,185,2021,7
2021-07-05,29.569993235543393,0.33352798,33.31400491297245,0,186,2021,7
2021-07-06,29.51999323666098,0.31736335,33.31858268938959,0,187,2021,7
2021-07-07,29.659993233531736,0.30171803,33.620715932920575,0,188,2021,7
2021-07-08,29.589993235096358,0.3325733,33.89538251794875,0,189,2021,7
2021-07-09,29.569993235543393,0.2932936,33.8557084556669,0,190,2021,7
2021-07-10,29.579993235319876,0.3101749,33.92437510192394,0,191,2021,7
2021-07-11,29.47999323755505,0.2892114,33.96557508967817,0,192,2021,7
2021-07-12,29.499993237108015,0.32386038,34.018982481211424,0,193,2021,7
2021-07-13,29.47999323755505,0.3279555,33.84350105188787,0,194,2021,7
2021-07-14,29.509993236884497,0.39486158,33.849604753777385,0,195,2021,7
2021-07-15,29.55999323576691,0.36059952,33.57493816874921,0,196,2021,7
2021-07-16,29.579993235319876,0.3402997,33.645130740478635,0,197,2021,7
2021-07-17,29.539993236213945,0.341159,33.58256779611111,0,198,2021,7
2021-07-18,29.47999323755505,0.30607697,33.52916040457785,0,199,2021,7
2021-07-19,29.459993238002085,0.27227485,33.52153077721596,0,200,2021,7
2021-07-20,29.379993239790224,0.29014602,33.53373818099499,0,201,2021,7
2021-07-21,29.299993241578363,0.27945942,33.535264106467366,0,202,2021,7
2021-07-22,29.28999324180188,0.31707796,33.56578261591494,0,203,2021,7
2021-07-23,29.279993242025398,0.34451348,33.597827050834894,0,204,2021,7
2021-07-24,29.24999324269595,0.3696008,33.6405529640615,0,205,2021,7
2021-07-25,29.179993244260572,0.3844914,33.65886406973004,0,206,2021,7
2021-07-26,29.139993245154642,0.37072265,33.6405529640615,0,207,2021,7
2021-07-27,29.0499932471663,0.35308102,33.62681963481009,0,208,2021,7
2021-07-28,28.999993248283886,0.3722872,33.631397411227226,0,209,2021,7
2021-07-29,28.929993249848508,0.270645,33.61766408197582,0,210,2021,7
2021-07-30,29.199993243813537,0.25775668,33.60698260366917,0,211,2021,7
2021-07-31,29.259993242472433,0.25552958,33.58867149800062,0,212,2021,7
2021-08-01,29.259993242472433,0.35709295,33.585619647055864,0,213,2021,8
2021-08-02,29.269993242248916,0.3349158,33.60545667819679,0,214,2021,8
2021-08-03,29.239993242919468,0.30831268,33.58867149800062,0,215,2021,8
2021-08-04,29.24999324269595,0.31780216,33.59324927441776,0,216,2021,8
2021-08-05,29.28999324180188,0.37648836,33.61461223103106,0,217,2021,8
2021-08-06,29.339993240684294,0.24827942,33.61308630555868,0,218,2021,8
2021-08-07,29.389993239566707,0.2711849,33.6115603800863,0,219,2021,8
2021-08-08,29.309993241354846,0.238795,33.58714557252824,0,220,2021,8
2021-08-09,29.28999324180188,0.238795,33.61308630555868,0,221,2021,8
2021-08-10,29.32999324090781,0.23858845,33.38724933564663,0,222,2021,8
2021-08-11,29.429993238672637,0.29887336,33.61461223103106,0,223,2021,8
2021-08-12,29.469993237778567,0.29682344,33.95031583495438,0,224,2021,8
2021-08-13,29.419993238896154,0.29790094,33.90148621983826,0,225,2021,8
2021-08-14,29.379993239790224,0.27606475,33.70311590842903,0,226,2021,8
2021-08-15,29.349993240460776,0.23592943,33.67564924992621,0,227,2021,8
2021-08-16,29.349993240460776,0.29496983,34.00830100290477,0,228,2021,8
2021-08-17,29.32999324090781,0.28997543,34.01287877932191,0,229,2021,8
2021-08-18,29.40999323911967,0.3856276,33.837397349998355,0,230,2021,8
2021-08-19,29.39999323934319,0.41607735,33.86791585944593,0,231,2021,8
2021-08-20,29.299993241578363,0.2773395,33.77330848015845,0,232,2021,8
2021-08-21,29.31999324113133,0.31414905,33.751945523545146,0,233,2021,8
2021-08-22,29.32999324090781,0.3825332,33.84655290283263,0,234,2021,8
2021-08-23,29.299993241578363,0.36395043,33.78704180940986,0,235,2021,8
2021-08-24,29.349993240460776,0.42304686,33.95336768589914,0,236,2021,8
2021-08-25,29.39999323934319,0.39063275,34.049500990659,0,237,2021,8
2021-08-26,29.389993239566707,0.38856757,34.18378243222833,0,238,2021,8
2021-08-27,29.419993238896154,0.39665186,34.305856470018625,0,239,2021,8
2021-08-28,29.419993238896154,0.2724608,34.1212194878608,0,240,2021,8
2021-08-29,29.28999324180188,0.29053593,34.02203433215618,0,241,2021,8
2021-08-30,29.259993242472433,0.23440368,34.10596023313701,0,242,2021,8
2021-08-31,29.229993243142985,0.25434875,34.0205084066838,0,243,2021,8
2021-09-01,29.74999323152008,0.25429574,33.9274269528687,0,244,2021,9
2021-09-02,29.689993232861184,0.50301576,33.74889367260039,0,245,2021,9
2021-09-03,29.699993232637667,0.4339144,33.63597518764436,0,246,2021,9
2021-09-04,29.699993232637667,0.21673164,33.67717517539859,0,247,2021,9
2021-09-05,29.63999323397877,0.21801952,33.62987148575485,0,248,2021,9
2021-09-06,29.649993233755254,0.21154842,33.83281957358122,0,249,2021,9
2021-09-07,29.55999323576691,0.26562428,33.922849176451564,0,250,2021,9
2021-09-08,29.449993238225602,0.6594426,33.54594558477402,0,251,2021,9
2021-09-09,29.36999324001374,0.6585013,33.65886406973004,0,252,2021,9
2021-09-10,29.339993240684294,0.4923852,33.57036039233208,0,253,2021,9
2021-09-11,29.239993242919468,0.42923167,33.49101226776838,0,254,2021,9
2021-09-12,29.119993245601677,0.306965,33.55357521213591,0,255,2021,9
2021-09-13,28.999993248283886,0.2445659,33.44370857812464,0,256,2021,9
2021-09-14,29.189993244037055,0.24361861,33.501693746075034,0,257,2021,9
2021-09-15,29.16999324448409,0.2336806,33.70158998295665,0,258,2021,9
2021-09-16,29.119993245601677,0.27421695,33.67259739898145,0,259,2021,9
2021-09-17,29.0499932471663,0.2842992,33.59477519989014,0,260,2021,9
2021-09-18,28.97999324873092,0.36250806,33.487960416823626,0,261,2021,9
2021-09-19,28.93999324962499,0.36246318,33.523056702688336,0,262,2021,9
2021-09-20,28.929993249848508,0.3424576,33.526108553633094,0,263,2021,9
2021-09-21,29.01999324783685,0.34956148,33.60087890177965,0,264,2021,9
2021-09-22,29.649993233755254,0.38618374,33.452864130958915,0,265,2021,9
2021-09-23,29.9099932279438,0.25864694,33.8343454990536,0,266,2021,9
2021-09-24,29.919993227720283,0.26613918,34.02203433215618,0,267,2021,9
2021-09-25,29.799993230402492,0.25185862,33.99761952459812,0,268,2021,9
2021-09-26,30.01999322548511,0.25424927,33.898434368893504,0,269,2021,9
2021-09-27,30.199993221461796,0.23091972,33.95947138778865,0,270,2021,9
2021-09-28,30.25999322012069,0.24285887,33.99609359912574,0,271,2021,9
2021-09-29,30.09999322369697,0.2809267,33.90148621983826,0,272,2021,9
2021-09-30,29.93999322727325,0.2810201,33.739738119766116,0,273,2021,9
2021-10-01,29.82999322973194,0.3347414,33.7336344178766,0,274,2021,10
2021-10-02,29.819993229955458,0.33391866,33.73210849240422,0,275,2021,10
2021-10-03,29.799993230402492,0.31898773,33.99151582270861,0,276,2021,10
2021-10-04,29.71999323219063,0.32053393,33.96557508967817,0,277,2021,10
2021-10-05,29.59999323487284,0.45662907,33.85113067924976,0,278,2021,10
2021-10-06,29.549993235990428,0.5059724,33.89233066700399,0,279,2021,10
2021-10-07,29.569993235543393,0.50910044,33.93658250570297,0,280,2021,10
2021-10-08,29.489993237331532,0.43101734,33.922849176451564,0,281,2021,10
2021-10-09,29.429993238672637,0.450254,33.92437510192394,0,282,2021,10
2021-10-10,29.299993241578363,0.35954908,33.835871424525976,0,283,2021,10
2021-10-11,29.259993242472433,0.34091657,33.78551588393748,0,284,2021,10
2021-10-12,29.149993244931125,0.30183086,33.71990108862519,0,285,2021,10
2021-10-13,29.139993245154642,0.30673102,33.669545548036695,0,286,2021,10
2021-10-14,29.029993247613334,0.27673787,33.74584182165563,0,287,2021,10
2021-10-15,28.97999324873092,0.226052,33.54289373382926,0,288,2021,10
2021-10-16,28.879993250966095,0.24814314,33.67870110087097,0,289,2021,10
2021-10-17,28.879993250966095,0.23413388,33.764152927324176,0,290,2021,10
2021-10-18,28.849993251636647,0.27665257,33.88927881605923,0,291,2021,10
2021-10-19,28.85999325141313,0.27650446,33.957945462316275,0,292,2021,10
2021-10-20,28.879993250966095,0.38656637,33.99761952459812,0,293,2021,10
2021-10-21,28.89999325051906,0.39612132,34.018982481211424,0,294,2021,10
2021-10-22,28.85999325141313,0.4234108,34.08154542557895,0,295,2021,10
2021-10-23,28.829993252083682,0.423422,34.08459727652371,0,296,2021,10
2021-10-24,29.069993246719264,0.2561462,33.98846397176385,0,297,2021,10
2021-10-25,29.139993245154642,0.28208727,33.98846397176385,0,298,2021,10
2021-10-26,29.189993244037055,0.31926963,34.01135285384953,0,299,2021,10
2021-10-27,29.109993245825194,0.3103535,34.041871363297105,0,300,2021,10
2021-10-28,29.039993247389816,0.33665988,34.04492321424186,0,301,2021,10
2021-10-29,28.829993252083682,0.31741145,34.03729358687997,0,302,2021,10
2021-10-30,28.70999325476589,0.47856086,34.052552841603756,0,303,2021,10
2021-10-31,28.419993261247896,0.34415016,34.07391579821706,0,304,2021,10
2021-11-01,28.249993265047692,0.96737415,34.06933802179992,0,305,2021,11
2021-11-02,28.139993267506384,0.47974074,34.06170839443803,0,306,2021,11
2021-11-03,28.15999326705935,0.47975692,34.05713061802089,0,307,2021,11
2021-11-04,28.16999326683583,0.70603347,34.02203433215618,0,308,2021,11
2021-11-05,28.109993268176936,0.7056313,34.02203433215618,0,309,2021,11
2021-11-06,28.08999326862397,0.467309,34.006775077432394,0,310,2021,11
2021-11-07,28.409993261471413,0.46733004,34.0205084066838,0,311,2021,11
2021-11-08,28.43999326080086,0.42984235,34.03424173593521,0,312,2021,11
2021-11-09,28.47999325990679,0.3456133,34.02508618310094,0,313,2021,11
2021-11-10,28.46999326013031,0.28887907,34.017456555739045,0,314,2021,11
2021-11-11,28.39999326169493,0.40690476,34.031189884990454,0,315,2021,11
2021-11-12,28.339993263036035,0.5763993,34.01135285384953,0,316,2021,11
2021-11-13,28.269993264600657,0.52027893,34.03271581046283,0,317,2021,11
2021-11-14,28.229993265494727,0.35384476,34.03729358687997,0,318,2021,11
2021-11-15,28.029993269965075,0.27017808,34.052552841603756,0,319,2021,11
2021-11-16,27.949993271753215,0.35460827,34.06170839443803,0,320,2021,11
2021-11-17,27.8999932728708,0.44701388,34.07544172368944,0,321,2021,11
2021-11-18,27.979993271082662,0.42959797,34.07391579821706,0,322,2021,11
2021-11-19,28.609993257001065,0.4980732,34.07544172368944,0,323,2021,11
2021-11-20,28.989993248507403,0.3961183,34.0998565312475,0,324,2021,11
2021-11-21,28.959993249177955,0.344798,34.08154542557895,0,325,2021,11
2021-11-22,28.93999324962499,0.36707935,34.06781209632754,0,326,2021,11
2021-11-23,28.85999325141313,0.41354036,34.078493574634194,0,327,2021,11
2021-11-24,28.869993251189612,0.3120185,34.11053800955415,0,328,2021,11
2021-11-25,28.759993253648304,0.3043327,34.12274541333318,0,329,2021,11
2021-11-26,28.499993259459757,0.54012966,34.11816763691604,0,330,2021,11
2021-11-27,28.39999326169493,0.43724504,34.14410836994648,0,331,2021,11
2021-11-28,28.31999326348307,0.38551143,34.15631577372551,0,332,2021,11
2021-11-29,28.139993267506384,0.2142153,34.15784169919789,0,333,2021,11
2021-11-30,28.00999327041211,0.47058192,34.13342689163983,0,334,2021,11
2021-12-01,27.8999932728708,0.35786036,34.15631577372551,0,335,2021,12
2021-12-02,27.839993274211906,0.30730116,34.174626879394054,0,336,2021,12
2021-12-03,27.789993275329493,0.60726154,34.17767873033881,0,337,2021,12
2021-12-04,27.709993277117633,0.36518458,34.160893550142646,0,338,2021,12
2021-12-05,27.639993278682255,0.9696192,34.14716022089124,0,339,2021,12
2021-12-06,27.65999327823522,0.46909446,34.1425824444741,0,340,2021,12
2021-12-07,27.629993278905772,0.41464254,34.14716022089124,0,341,2021,12
2021-12-08,27.609993279352807,0.4076907,34.14563429541886,0,342,2021,12
2021-12-09,27.38999328427019,0.7071351,34.13037504069507,0,343,2021,12
2021-12-10,27.27999328672888,0.7071505,34.09833060577512,0,344,2021,12
2021-12-11,27.129993290081643,0.5091701,34.04797506518662,0,345,2021,12
2021-12-12,26.96999329365792,0.52749807,33.95489361137152,0,346,2021,12
2021-12-13,26.87999329566958,0.583942,33.98388619534671,0,347,2021,12
2021-12-14,26.84999329634013,0.51028556,34.00067137554288,0,348,2021,12
2021-12-15,26.87999329566958,0.4951867,34.005249151960015,0,349,2021,12
2021-12-16,26.949993294104956,0.5450793,33.99609359912574,0,350,2021,12
2021-12-17,26.939993294328474,0.69062006,33.99151582270861,0,351,2021,12
2021-12-18,27.059993291646265,0.67863923,33.993041748180985,0,352,2021,12
2021-12-19,27.109993290528678,0.9079809,34.005249151960015,0,353,2021,12
2021-12-20,27.089993290975713,0.6222073,34.03271581046283,0,354,2021,12
2021-12-21,27.069993291422747,1.2845935,34.08001950010657,0,355,2021,12
2021-12-22,26.95999329388144,1.1145095,34.066286170855165,0,356,2021,12
2021-12-23,26.909993294999026,1.1148561,34.05560469254851,0,357,2021,12
2021-12-24,26.949993294104956,0.80404913,34.054078767076135,0,358,2021,12
2021-12-25,27.029993292316817,0.5886007,34.05560469254851,0,359,2021,12
2021-12-26,27.0399932920933,0.6567871,34.03271581046283,0,360,2021,12
2021-12-27,27.0399932920933,0.6566155,34.00372322648764,0,361,2021,12
2021-12-28,27.019993292540335,0.66663116,33.95184176042676,0,362,2021,12
2021-12-29,26.84999329634013,0.7255096,33.94268620759249,0,363,2021,12
2021-12-30,26.819993297010683,0.71164703,33.95336768589914,0,364,2021,12
2021-12-31,26.759993298351787,0.7092832,34.00219730101526,0,365,2021,12
2022-01-01,26.739993298798822,0.7309243,34.05560469254851,0,1,2022,1
2022-01-02,26.64999330081048,0.46050975,34.0998565312475,0,2,2022,1
2022-01-03,26.61999330148103,0.45020604,34.150212071835995,0,3,2022,1
2022-01-04,26.589993302151584,0.6247938,34.211249090731144,0,4,2022,1
2022-01-05,26.479993304610275,0.4707008,34.24176760017872,0,5,2022,1
2022-01-06,26.349993307516,1.4691846,34.25397500395775,0,6,2022,1
2022-01-07,26.279993309080623,0.78995174,34.258552780374885,0,7,2022,1
2022-01-08,26.439993305504345,0.453361,34.25244907848537,0,8,2022,1
2022-01-09,26.56999330259862,0.71236706,34.24939722754061,0,9,2022,1
2022-01-10,26.53999330326917,0.56951463,34.21735279262066,0,10,2022,1
2022-01-11,26.49999330416324,0.679781,34.21582686714828,0,11,2022,1
2022-01-12,26.509993303939723,0.8028224,34.223456494510174,0,12,2022,1
2022-01-13,26.329993307963036,0.40916502,34.21277501620352,0,13,2022,1
2022-01-14,26.249993309751176,0.52518135,34.20209353789687,0,14,2022,1
2022-01-15,26.289993308857106,0.8591187,34.20514538884163,0,15,2022,1
2022-01-16,26.29999330863359,0.8646406,34.22498241998255,0,16,2022,1
2022-01-17,26.26999330930414,0.8825248,34.244819451123476,0,17,2022,1
2022-01-18,26.30999330841007,1.1480118,34.25397500395775,0,18,2022,1
2022-01-19,26.289993308857106,1.0492772,34.246345376595855,0,19,2022,1
2022-01-20,26.26999330930414,1.1493018,34.23108612187207,0,20,2022,1
2022-01-21,26.26999330930414,0.7512404,34.232612047344446,0,21,2022,1
2022-01-22,26.349993307516,1.302695,34.221930569037795,0,22,2022,1
2022-01-23,26.359993307292484,1.2314118,34.22956019639969,0,23,2022,1
2022-01-24,26.369993307068967,1.1762806,34.22650834545493,0,24,2022,1
2022-01-25,26.249993309751176,1.1072298,34.235663898289204,0,25,2022,1
2022-01-26,26.26999330930414,0.80265427,34.24176760017872,0,26,2022,1
2022-01-27,26.18999331109228,0.93369013,34.19141205959022,0,27,2022,1
2022-01-28,26.179993311315798,1.084273,34.17615280486643,0,28,2022,1
2022-01-29,27.149993289634608,0.80051255,34.17615280486643,0,29,2022,1
2022-01-30,27.22999328784647,0.7040631,34.173100953921676,0,30,2022,1
2022-01-31,27.299993286281847,0.39562687,34.17004910297692,0,31,2022,1
2022-02-01,27.059993291646265,0.40727535,34.16852317750454,0,32,2022,2
2022-02-02,27.049993291869782,0.3649418,34.14716022089124,0,33,2022,2
2022-02-03,26.96999329365792,0.35445842,34.0708639472723,0,34,2022,2
2022-02-04,26.839993296563648,0.39958054,34.03881951235235,0,35,2022,2
2022-02-05,26.68999329991641,0.8610571,34.076967649161816,0,36,2022,2
2022-02-06,26.549993303045653,0.66667175,34.11206393502653,0,37,2022,2
2022-02-07,26.489993304386758,1.0126107,34.11206393502653,0,38,2022,2
2022-02-08,26.369993307068967,1.0369489,34.09527875483036,0,39,2022,2
2022-02-09,26.329993307963036,1.0920273,34.11053800955415,0,40,2022,2
2022-02-10,26.33999330773952,0.763877,34.14105651900172,0,41,2022,2
2022-02-11,26.33999330773952,0.67773014,34.15326392278075,0,42,2022,2
2022-02-12,26.439993305504345,0.5384641,34.07544172368944,0,43,2022,2
2022-02-13,26.37999330684545,0.65046215,34.089175052940845,0,44,2022,2
2022-02-14,26.699993299692892,0.95620644,34.05560469254851,0,45,2022,2
2022-02-15,26.909993294999026,1.2141333,34.05713061802089,0,46,2022,2
2022-02-16,26.84999329634013,0.7375012,34.07391579821706,0,47,2022,2
2022-02-17,26.709993299469375,0.53607374,34.101382456719875,0,48,2022,2
2022-02-18,26.65999330058696,0.5724312,34.090700978413224,0,49,2022,2
2022-02-19,26.53999330326917,0.5718314,34.08154542557895,0,50,2022,2
2022-02-20,26.41999330595138,0.56117254,34.08612320199609,0,51,2022,2
2022-02-21,26.359993307292484,0.56632346,34.10901208408177,0,52,2022,2
2022-02-22,26.26999330930414,0.5612589,34.11969356238842,0,53,2022,2
2022-02-23,26.349993307516,0.4683984,34.102908382192254,0,54,2022,2
2022-02-24,26.399993306398414,0.4593673,34.08459727652371,0,55,2022,2
2022-02-25,26.439993305504345,0.4608144,34.09680468030274,0,56,2022,2
2022-02-26,26.439993305504345,0.38145143,34.113589860498905,0,57,2022,2
2022-02-27,26.389993306621932,0.87207997,34.0922269038856,0,58,2022,2
2022-02-28,26.359993307292484,0.829478,34.08764912746847,0,59,2022,2
2022-03-01,26.449993305280827,0.68538135,34.11816763691604,0,60,2022,3
2022-03-02,26.359993307292484,0.8341254,34.14716022089124,0,61,2022,3
2022-03-03,26.099993313103937,0.8341035,34.174626879394054,0,62,2022,3
2022-03-04,26.219993310421728,0.87080365,34.18836020864546,0,63,2022,3
2022-03-05,26.22999331019821,0.6755615,34.1929379850626,0,64,2022,3
2022-03-06,26.29999330863359,0.6753962,34.18225650675595,0,65,2022,3
2022-03-07,26.399993306398414,0.57239354,34.18988613411784,0,66,2022,3
2022-03-08,26.41999330595138,0.6152229,34.186834283173084,0,67,2022,3
2022-03-09,26.45999330505731,0.472277,34.160893550142646,0,68,2022,3
2022-03-10,26.629993301257514,0.4766098,34.040345437824726,0,69,2022,3
2022-03-11,26.829993296787165,0.47472733,34.1425824444741,0,70,2022,3
2022-03-12,26.869993295893096,0.3119462,34.13495281711221,0,71,2022,3
2022-03-13,27.359993284940742,0.39039522,34.185308357700706,0,72,2022,3
2022-03-14,27.18999328874054,0.9399159,34.15631577372551,0,73,2022,3
2022-03-15,27.4999932818115,0.9986829,34.139530593529344,0,74,2022,3
2022-03-16,27.61999327912929,0.7667983,34.12884911522269,0,75,2022,3
2022-03-17,27.759993276000046,0.4727947,34.17004910297692,0,76,2022,3
2022-03-18,27.709993277117633,0.74923,34.17767873033881,0,77,2022,3
2022-03-19,27.689993277564668,0.4362121,34.21887871809304,0,78,2022,3
2022-03-20,27.69999327734115,0.44130233,34.257026854902506,0,79,2022,3
2022-03-21,27.65999327823522,0.3763253,34.28449351340532,0,80,2022,3
2022-03-22,27.639993278682255,0.33959526,34.28754536435008,0,81,2022,3
2022-03-23,27.77999327555301,0.3590935,34.2860194388777,0,82,2022,3
2022-03-24,27.789993275329493,0.58692455,34.30433054454625,0,83,2022,3
2022-03-25,27.73999327644708,0.4104626,34.305856470018625,0,84,2022,3
2022-03-26,27.69999327734115,0.52935773,34.29975276812911,0,85,2022,3
2022-03-27,27.609993279352807,0.4329007,34.31196017190814,0,86,2022,3
2022-03-28,27.399993284046673,0.46373528,34.32111572474241,0,87,2022,3
2022-03-29,27.559993280470394,0.65145504,34.34400460682809,0,88,2022,3
2022-03-30,27.519993281364464,0.6427943,34.34400460682809,0,89,2022,3
2022-03-31,27.599993279576324,0.48154727,34.37604904174805,0,90,2022,3
2022-04-01,27.61999327912929,0.31614462,34.40961940214038,0,91,2022,4
2022-04-02,27.649993278458737,0.4312119,34.46913049556315,0,92,2022,4
2022-04-03,27.58999327979984,0.39503694,34.49659715406597,0,93,2022,4
2022-04-04,27.439993283152603,0.34416345,34.50422678142786,0,94,2022,4
2022-04-05,27.419993283599638,0.3434705,34.510330483317375,0,95,2022,4
2022-04-06,27.34999328516426,0.34368044,34.49201937764883,1,96,2022,4
2022-04-07,27.30999328605833,0.34401813,34.45539716631174,0,97,2022,4
2022-04-08,27.369993284717225,0.34425393,34.463026793673635,0,98,2022,4
2022-04-09,27.369993284717225,1.3153241,34.44624161347747,0,99,2022,4
2022-04-10,27.46999328248205,1.3707463,34.318063873797655,0,100,2022,4
2022-04-11,27.46999328248205,1.4870136,34.12274541333318,0,101,2022,4
2022-04-12,27.529993281140946,1.4870136,34.10443430766463,0,102,2022,4
2022-04-13,27.259993287175917,1.4870318,34.22650834545493,0,103,2022,4
2022-04-14,27.089993290975713,1.4870285,34.25550092943013,0,104,2022,4
2022-04-15,27.569993280246877,0.79101545,34.19446391053498,0,105,2022,4
2022-04-16,27.979993271082662,0.7193015,34.199041686952114,0,106,2022,4
2022-04-17,27.54999328069391,0.44404125,34.18988613411784,0,107,2022,4
2022-04-18,27.169993289187573,0.34895688,34.211249090731144,0,108,2022,4
2022-04-19,27.369993284717225,0.47256276,34.221930569037795,0,109,2022,4
2022-04-20,27.599993279576324,0.7987869,34.258552780374885,0,110,2022,4
2022-04-21,27.729993276670598,0.7002615,34.31043424643576,0,111,2022,4
2022-04-22,27.689993277564668,0.60501033,34.33484905399382,0,112,2022,4
2022-04-23,27.719993276894115,0.59228384,34.33942683041096,0,113,2022,4
2022-04-24,27.81999327465894,0.523559,34.331797203049064,0,114,2022,4
2022-04-25,27.73999327644708,0.35991055,34.331797203049064,0,115,2022,4
2022-04-26,27.729993276670598,0.40827778,34.318063873797655,0,116,2022,4
2022-04-27,27.769993275776528,0.4058918,34.29670091718435,0,117,2022,4
2022-04-28,27.80999327488246,0.39666206,34.26313055679202,0,118,2022,4
2022-04-29,27.989993270859145,0.34966633,34.23108612187207,0,119,2022,4
2022-04-30,28.19999326616528,0.35557708,34.22803427092731,0,120,2022,4
2022-05-01,28.209993265941762,0.25761262,34.22650834545493,0,121,2022,5
2022-05-02,27.999993270635628,0.22369406,34.20819723978639,0,122,2022,5
2022-05-03,27.8999932728708,0.3371218,34.1715750284493,0,123,2022,5
2022-05-04,28.369993262365483,0.31266564,34.160893550142646,0,124,2022,5
2022-05-05,28.54999325834217,0.46132863,34.16852317750454,0,125,2022,5
2022-05-06,28.499993259459757,0.34354842,34.19598983600736,0,126,2022,5
2022-05-07,28.139993267506384,0.63479394,34.235663898289204,0,127,2022,5
2022-05-08,28.07999326884749,0.6018358,34.269234258681536,0,128,2022,5
2022-05-09,28.07999326884749,0.4587957,34.30433054454625,0,129,2022,5
2022-05-10,28.109993268176936,0.45865002,34.33790090493858,0,130,2022,5
2022-05-11,28.179993266612314,0.35377014,34.365367563441396,0,131,2022,5
2022-05-12,28.419993261247896,0.28883457,34.39436014741659,0,132,2022,5
2022-05-13,28.459993260353826,0.23931907,34.408093476668,0,133,2022,5
2022-05-14,28.599993257224583,0.32403928,34.41114532761276,0,134,2022,5
2022-05-15,28.70999325476589,0.29434696,34.39283422194421,0,135,2022,5
2022-05-16,28.799993252754234,0.24291018,34.39893792383373,0,136,2022,5
2022-05-17,28.809993252530717,0.25879797,34.427930507808924,0,137,2022,5
2022-05-18,29.24999324269595,0.31199032,34.43098235875368,0,138,2022,5
2022-05-19,29.489993237331532,0.36059165,34.43556013517082,0,139,2022,5
2022-05-20,29.499993237108015,0.3595302,34.44318976253271,0,140,2022,5
2022-05-21,29.43999323844912,0.3577683,34.44776753894985,0,141,2022,5
2022-05-22,29.36999324001374,0.3938955,34.44471568800509,0,142,2022,5
2022-05-23,29.35999324023726,0.39942196,34.463026793673635,0,143,2022,5
2022-05-24,29.36999324001374,0.26212403,34.450819389894605,0,144,2022,5
2022-05-25,29.459993238002085,0.35806364,34.43403420969844,0,145,2022,5
2022-05-26,29.489993237331532,0.24108683,34.40961940214038,0,146,2022,5
2022-05-27,29.43999323844912,0.21468863,34.33332312852144,0,147,2022,5
2022-05-28,29.389993239566707,0.26401982,34.24787130206823,0,148,2022,5
2022-05-29,29.35999324023726,0.2269971,34.17615280486643,0,149,2022,5
2022-05-30,29.449993238225602,0.3552624,34.2646564822644,0,150,2022,5
2022-05-31,29.51999323666098,0.3515927,34.23718982376158,0,151,2022,5
2022-06-01,29.659993233531736,0.2427624,34.211249090731144,0,152,2022,6
2022-06-02,29.839993229508423,0.2626553,34.150212071835995,0,153,2022,6
2022-06-03,29.94999322704973,0.3590459,34.209723165258765,0,154,2022,6
2022-06-04,30.069993224367522,0.33112726,34.257026854902506,0,155,2022,6
2022-06-05,29.93999322727325,0.33112767,34.1639454010874,0,156,2022,6
2022-06-06,29.969993226602696,0.46790975,34.03271581046283,0,157,2022,6
2022-06-07,29.94999322704973,0.30087075,34.12884911522269,0,158,2022,6
2022-06-08,29.9099932279438,0.300662,34.08001950010657,0,159,2022,6
2022-06-09,29.889993228390836,0.29860982,34.14563429541886,0,160,2022,6
2022-06-10,29.929993227496766,0.3213734,34.124271338805556,0,161,2022,6
2022-06-11,30.129993223026418,0.3213708,34.031189884990454,0,162,2022,6
2022-06-12,30.67999321073296,0.279937,34.043397288769484,0,163,2022,6
2022-06-13,30.469993215426825,0.31718588,34.0205084066838,0,164,2022,6
2022-06-14,30.539993213862203,0.26278514,33.944212133064866,0,165,2022,6
2022-06-15,30.09999322369697,0.24570341,33.944212133064866,0,166,2022,6
2022-06-16,30.159993222355865,0.27266052,33.98541212081909,0,167,2022,6
2022-06-17,30.119993223249935,0.27826577,34.08154542557895,0,168,2022,6
2022-06-18,30.039993225038074,0.49467117,34.041871363297105,0,169,2022,6
2022-06-19,30.149993222579383,0.386842,34.09375282935798,0,170,2022,6
2022-06-20,30.149993222579383,0.21203895,34.018982481211424,0,171,2022,6
2022-06-21,30.1399932228029,0.21203189,34.00219730101526,0,172,2022,6
2022-06-22,29.97999322637918,0.2228105,34.0922269038856,0,173,2022,6
2022-06-23,29.919993227720283,0.25074545,34.10901208408177,0,174,2022,6
2022-06-24,30.079993224144005,0.22772208,33.97473064251244,0,175,2022,6
2022-06-25,30.039993225038074,0.18735707,34.031189884990454,0,176,2022,6
2022-06-26,30.189993221685313,0.26502463,33.94726398400962,0,177,2022,6
2022-06-27,30.25999322012069,0.26346537,33.59324927441776,0,178,2022,6
2022-06-28,30.29999321922662,0.2675286,33.48033078946173,0,179,2022,6
2022-06-29,30.20999322123828,0.28544456,33.37046415545046,0,180,2022,6
2022-06-30,30.079993224144005,0.25177065,33.29111603088677,0,181,2022,6
2022-07-01,30.009993225708627,0.2516752,33.21481975726783,0,182,2022,7
2022-07-02,30.24999322034421,0.24658066,33.259071595966816,0,183,2022,7
2022-07-03,30.25999322012069,0.24751174,33.27585677616298,0,184,2022,7
2022-07-04,30.229993220791243,0.25196087,33.67870110087097,0,185,2022,7
2022-07-05,30.159993222355865,0.2551421,33.730582566931844,0,186,2022,7
2022-07-06,30.049993224814557,0.21264614,33.631397411227226,0,187,2022,7
2022-07-07,29.93999322727325,0.18671648,33.47880486398935,0,188,2022,7
2022-07-08,29.78999323062601,0.18481027,33.63750111311674,0,189,2022,7
2022-07-09,30.089993223920487,0.18501602,33.63902703858912,0,190,2022,7
2022-07-10,30.199993221461796,0.17313865,33.70006405748427,0,191,2022,7
2022-07-11,30.29999321922662,0.17378218,33.71990108862519,0,192,2022,7
2022-07-12,30.229993220791243,0.23576567,33.632923336699605,0,193,2022,7
2022-07-13,30.269993219897174,0.2180961,33.597827050834894,0,194,2022,7
2022-07-14,30.25999322012069,0.19506803,33.367412304505706,0,195,2022,7
2022-07-15,30.21999322101476,0.29045242,33.16599014215171,0,196,2022,7
2022-07-16,30.149993222579383,0.36949298,33.079012390226126,0,197,2022,7
2022-07-17,30.009993225708627,0.38240936,33.031708700582385,0,198,2022,7
2022-07-18,30.039993225038074,0.34957346,33.20719012990594,0,199,2022,7
2022-07-19,30.01999322548511,0.19545391,33.41013821773231,0,200,2022,7
2022-07-20,29.94999322704973,0.19965304,33.88927881605923,0,201,2022,7
2022-07-21,29.819993229955458,0.2005467,33.88317511416972,0,202,2022,7
2022-07-22,29.769993231073045,0.21948281,33.9991454500705,0,203,2022,7
2022-07-23,29.71999323219063,0.22191462,34.018982481211424,0,204,2022,7
2022-07-24,29.969993226602696,0.2662297,33.85265660472214,0,205,2022,7
2022-07-25,30.02999322526159,0.20423119,33.681752951815724,0,206,2022,7
2022-07-26,30.079993224144005,0.34669068,33.619190007448196,0,207,2022,7
2022-07-27,29.9099932279438,0.26008934,33.81145661696792,0,208,2022,7
2022-07-28,29.819993229955458,0.26008764,33.77483440563083,0,209,2022,7
2022-07-29,29.739993231743597,0.26529494,33.50932337343693,0,210,2022,7
2022-07-30,29.6799932330847,0.3160031,33.295693807303905,0,211,2022,7
2022-07-31,29.609993234649323,0.31730837,33.25754567049444,0,212,2022,7
2022-08-01,29.529993236437463,0.3149098,33.152256812900305,0,213,2022,8
2022-08-02,29.529993236437463,0.43354616,33.26517529785633,0,214,2022,8
2022-08-03,29.489993237331532,0.23119174,33.596301125362515,0,215,2022,8
2022-08-04,29.47999323755505,0.22126092,33.06070128455758,0,216,2022,8
2022-08-05,29.529993236437463,0.22049236,33.00119019113481,0,217,2022,8
2022-08-06,29.499993237108015,0.2638946,32.888271706178784,0,218,2022,8
2022-08-07,29.469993237778567,0.28216293,32.8943754080683,0,219,2022,8
2022-08-08,29.39999323934319,0.28302053,33.14767903648317,0,220,2022,8
2022-08-09,29.36999324001374,0.2923628,33.127842005342245,0,221,2022,8
2022-08-10,29.62999323420229,0.2618965,33.330790093168616,0,222,2022,8
2022-08-11,29.66999323330822,0.27105582,33.34910119883716,1,223,2022,8
2022-08-12,29.70999323241415,0.14202929,33.13241978175938,0,224,2022,8
2022-08-13,29.589993235096358,0.14860538,33.01034574396908,0,225,2022,8
2022-08-14,29.51999323666098,0.15515772,33.248390117660165,0,226,2022,8
2022-08-15,29.449993238225602,0.29580647,33.39945673942566,0,227,2022,8
2022-08-16,29.429993238672637,0.3685045,33.246864192187786,0,228,2022,8
2022-08-17,29.31999324113133,0.3465637,33.05307165719569,0,229,2022,8
2022-08-18,29.259993242472433,0.30103135,32.83028653822839,0,230,2022,8
2022-08-19,29.189993244037055,0.24778274,32.78450877405703,0,231,2022,8
2022-08-20,29.109993245825194,0.25763968,32.78298284858465,0,232,2022,8
2022-08-21,29.08999324627223,0.23659983,32.97524945810437,0,233,2022,8
2022-08-22,29.09999324604871,0.23317663,33.04696795530617,0,234,2022,8
2022-08-23,29.08999324627223,0.26392,33.04696795530617,0,235,2022,8
2022-08-24,29.229993243142985,0.26318926,32.92947169393301,0,236,2022,8
2022-08-25,29.349993240460776,0.28039008,33.1095308996737,0,237,2022,8
2022-08-26,29.40999323911967,0.2817621,33.429975248873234,0,238,2022,8
2022-08-27,29.689993232861184,0.27221373,33.42081969603896,0,239,2022,8
2022-08-28,30.389993217214965,0.26945058,33.054597582668066,0,240,2022,8
2022-08-29,30.349993218109034,0.31016132,32.96456797979772,0,241,2022,8
2022-08-30,30.67999321073296,0.21552381,32.90353096090257,0,242,2022,8
2022-08-31,30.369993217662,0.1585047,32.87759022787213,0,243,2022,8
2022-09-01,30.21999322101476,0.1585047,32.96304205432534,0,244,2022,9
2022-09-02,30.149993222579383,0.15854053,33.05307165719569,0,245,2022,9
2022-09-03,30.049993224814557,0.16347118,33.103427197784185,0,246,2022,9
2022-09-04,29.999993225932144,0.1950687,33.10037534683943,0,247,2022,9
2022-09-05,29.899993228167318,0.20833878,33.14310126006603,0,248,2022,9
2022-09-06,30.069993224367522,0.20373058,33.0881679430604,0,249,2022,9
2022-09-07,30.049993224814557,0.18335564,33.103427197784185,0,250,2022,9
2022-09-08,29.97999322637918,0.25388774,33.06375313550234,1,251,2022,9
2022-09-09,29.859993229061388,0.25206387,32.68837546929717,0,252,2022,9
2022-09-10,29.799993230402492,0.44721714,32.83333838917315,0,253,2022,9
2022-09-11,29.6799932330847,0.22518943,32.87148652598262,0,254,2022,9
2022-09-12,29.529993236437463,0.25629884,32.8440198674798,0,255,2022,9
2022-09-13,29.36999324001374,0.2975038,32.84249394200742,0,256,2022,9
2022-09-14,29.39999323934319,0.30475688,32.84554579295218,0,257,2022,9
2022-09-15,29.389993239566707,0.16979964,32.790612475946546,0,258,2022,9
2022-09-16,29.389993239566707,0.19656862,32.8653828240931,0,259,2022,9
2022-09-17,29.36999324001374,0.20539081,32.96456797979772,0,260,2022,9
2022-09-18,29.299993241578363,0.20544621,33.054597582668066,0,261,2022,9
2022-09-19,29.24999324269595,0.227575,33.045442029833794,0,262,2022,9
2022-09-20,29.70999323241415,0.255877,33.00119019113481,0,263,2022,9
2022-09-21,30.009993225708627,0.24708165,32.9874568618834,0,264,2022,9
2022-09-22,30.049993224814557,0.24777754,33.10800497420132,0,265,2022,9
2022-09-23,29.9099932279438,0.21338159,33.2529678940773,0,266,2022,9
2022-09-24,29.779993230849527,0.20939016,33.5184789262712,0,267,2022,9
2022-09-25,29.71999323219063,0.22349048,33.40708636678755,0,268,2022,9
2022-09-26,29.729993231967114,0.22285959,33.019501296803355,0,269,2022,9
2022-09-27,29.71999323219063,0.22150722,32.816553208976984,0,270,2022,9
2022-09-28,29.6799932330847,0.22164975,32.79824210330844,0,271,2022,9
2022-09-29,29.549993235990428,0.23756835,32.8012939542532,0,272,2022,9
2022-09-30,29.43999323844912,0.24477068,32.85470134578645,0,273,2022,9
2022-10-01,29.43999323844912,0.23874381,33.152256812900305,0,274,2022,10
2022-10-02,29.47999323755505,0.22604738,33.622241858392954,0,275,2022,10
2022-10-03,29.969993226602696,0.17759275,33.59935297630727,0,276,2022,10
2022-10-04,29.98999322615566,0.2144041,33.61613815650344,0,277,2022,10
2022-10-05,30.039993225038074,0.24956417,33.55662706308067,0,278,2022,10
2022-10-06,29.93999322727325,0.22906317,33.538315957412124,0,279,2022,10
2022-10-07,29.499993237108015,0.31040618,33.62529370933771,0,280,2022,10
2022-10-08,29.349993240460776,0.34554762,33.69090850465,0,281,2022,10
2022-10-09,29.59999323487284,0.2512471,33.66496777161956,0,282,2022,10
2022-10-10,29.779993230849527,0.23789671,33.69853813201189,1,283,2022,10
2022-10-11,29.809993230178975,0.26197746,33.739738119766116,0,284,2022,10
2022-10-12,29.659993233531736,0.2438001,33.657338144257665,0,285,2022,10
2022-10-13,29.619993234425806,0.28818375,33.55815298855305,0,286,2022,10
2022-10-14,29.469993237778567,0.1731184,33.56273076497018,0,287,2022,10
2022-10-15,29.389993239566707,0.17977998,33.49406411871314,0,288,2022,10
2022-10-16,29.28999324180188,0.21376128,33.35978267714381,0,289,2022,10
2022-10-17,29.269993242248916,0.21173126,33.30027158372104,0,290,2022,10
2022-10-18,29.219993243366503,0.21443912,33.056123508140445,0,291,2022,10
2022-10-19,29.199993243813537,0.19486068,32.69905694760382,0,292,2022,10
2022-10-20,29.159993244707607,0.19673023,32.671590289101005,0,293,2022,10
2022-10-21,29.94999322704973,0.20428404,32.69905694760382,0,294,2022,10
2022-10-22,30.109993223473452,0.22737886,32.75704211555421,0,295,2022,10
2022-10-23,30.129993223026418,0.21862106,32.76924951933324,0,296,2022,10
2022-10-24,29.999993225932144,0.26362073,32.83333838917315,0,297,2022,10
2022-10-25,29.839993229508423,0.25289658,32.924893917515874,0,298,2022,10
2022-10-26,29.699993232637667,0.238464,33.11410867609084,0,299,2022,10
2022-10-27,29.589993235096358,0.23863542,33.2743308506906,0,300,2022,10
2022-10-28,29.47999323755505,0.3664039,33.45439005643129,0,301,2022,10
2022-10-29,29.36999324001374,0.36480805,33.43455302529037,0,302,2022,10
2022-10-30,29.299993241578363,0.3657317,33.20871605537832,0,303,2022,10
2022-10-31,29.179993244260572,0.3781479,33.103427197784185,0,304,2022,10
2022-11-01,29.149993244931125,0.8976604,33.02255314774811,0,305,2022,11
2022-11-02,29.05999324694278,0.6868162,32.996612414717674,0,306,2022,11
2022-11-03,28.93999324962499,0.43849882,32.972197607159615,0,307,2022,11
2022-11-04,28.989993248507403,0.34122097,32.96456797979772,0,308,2022,11
2022-11-05,29.09999324604871,0.43022987,32.96304205432534,0,309,2022,11
2022-11-06,29.109993245825194,0.2799961,32.9660939052701,0,310,2022,11
2022-11-07,29.05999324694278,0.39790314,32.970671681687236,1,311,2022,11
2022-11-08,29.01999324783685,0.3961542,33.02713092416525,0,312,2022,11
2022-11-09,28.97999324873092,0.3633557,33.23923456482589,0,313,2022,11
2022-11-10,28.949993249401473,0.32971302,33.51695300079882,0,314,2022,11
2022-11-11,28.959993249177955,0.3790789,33.58256779611111,0,315,2022,11
2022-11-12,28.969993248954438,0.33473748,33.51542707532644,0,316,2022,11
2022-11-13,28.93999324962499,0.3210091,33.51695300079882,0,317,2022,11
2022-11-14,28.849993251636647,0.22477552,33.596301125362515,0,318,2022,11
2022-11-15,28.759993253648304,0.22485836,33.62987148575485,0,319,2022,11
2022-11-16,28.579993257671617,0.30403787,33.61461223103106,0,320,2022,11
2022-11-17,28.409993261471413,0.3053573,33.58714557252824,0,321,2022,11
2022-11-18,28.39999326169493,0.36806926,33.63597518764436,0,322,2022,11
2022-11-19,28.31999326348307,0.4991802,33.67259739898145,0,323,2022,11
2022-11-20,28.299993263930105,0.5010122,33.6832788772881,0,324,2022,11
2022-11-21,27.939993271976732,0.519404,33.681752951815724,0,325,2022,11
2022-11-22,27.949993271753215,1.280076,33.66496777161956,0,326,2022,11
2022-11-23,27.77999327555301,0.54367745,33.65428629331291,0,327,2022,11
2022-11-24,27.829993274435424,0.44156685,33.69701220653951,0,328,2022,11
2022-11-25,27.8999932728708,0.50205004,33.71532331220806,0,329,2022,11
2022-11-26,28.259993264824175,0.6301143,33.77178255468607,0,330,2022,11
2022-11-27,28.409993261471413,0.38982067,33.85113067924976,0,331,2022,11
2022-11-28,28.50999325923624,0.4083573,33.945738058537245,0,332,2022,11
2022-11-29,28.519993259012722,0.30287266,34.00372322648764,0,333,2022,11
2022-11-30,28.529993258789204,0.3827109,34.03271581046283,0,334,2022,11
2022-12-01,28.359993262589,0.30685228,34.07391579821706,0,335,2022,12
2022-12-02,28.249993265047692,0.33657742,34.127323189750314,0,336,2022,12
2022-12-03,28.059993269294523,0.36263862,34.15478984825313,0,337,2022,12
2022-12-04,27.959993271529697,0.41069418,34.16547132655978,0,338,2022,12
2022-12-05,27.909993272647284,0.43055102,34.17615280486643,1,339,2022,12
2022-12-06,27.829993274435424,0.72023517,34.16699725203216,0,340,2022,12
2022-12-07,27.80999327488246,0.64109474,34.102908382192254,0,341,2022,12
2022-12-08,27.77999327555301,0.5507294,33.98541212081909,0,342,2022,12
2022-12-09,27.54999328069391,0.55069005,33.776360331103206,0,343,2022,12
2022-12-10,27.42999328337612,0.56115,33.31247898750007,0,344,2022,12
2022-12-11,27.299993286281847,0.3440507,33.33689379505813,0,345,2022,12
2022-12-12,27.2699932869524,0.33563897,33.26975307427347,0,346,2022,12
2022-12-13,27.22999328784647,0.32364625,33.30484936013818,0,347,2022,12
2022-12-14,27.22999328784647,0.37193152,33.48338264040649,0,348,2022,12
2022-12-15,27.249993287399434,0.25081685,33.55815298855305,0,349,2022,12
2022-12-16,27.289993286505364,0.24143238,33.57646409422159,0,350,2022,12
2022-12-17,27.27999328672888,0.22162037,33.61461223103106,0,351,2022,12
2022-12-18,27.329993285611295,0.22117342,33.66649369709194,0,352,2022,12
2022-12-19,27.34999328516426,0.22518931,33.69548628106713,0,353,2022,12
2022-12-20,27.299993286281847,0.7164138,33.742789970710874,0,354,2022,12
2022-12-21,27.249993287399434,0.7170338,33.77483440563083,0,355,2022,12
2022-12-22,27.089993290975713,0.6921294,33.83129364810884,0,356,2022,12
2022-12-23,26.99999329298737,0.69212854,33.91674547456205,0,357,2022,12
2022-12-24,26.909993294999026,0.5123913,33.8770714122802,0,358,2022,12
2022-12-25,26.8099932972342,0.54663515,33.86944178491831,0,359,2022,12
2022-12-26,26.629993301257514,0.49036676,33.910641772672534,0,360,2022,12
2022-12-27,26.519993303716205,0.5387588,34.0205084066838,0,361,2022,12
2022-12-28,26.699993299692892,0.4825128,34.05865654349327,0,362,2022,12
2022-12-29,26.95999329388144,0.48258302,34.040345437824726,0,363,2022,12
2022-12-30,27.029993292316817,0.8685623,34.06933802179992,0,364,2022,12
2022-12-31,27.029993292316817,0.8333068,34.07391579821706,0,365,2022,12
2023-01-01,26.979993293434404,0.81400865,34.089175052940845,0,1,2023,1
2023-01-02,26.869993295893096,0.6852659,34.102908382192254,0,2,2023,1
2023-01-03,26.829993296787165,0.64573395,34.05865654349327,0,3,2023,1
2023-01-04,26.8099932972342,0.8815352,34.04797506518662,0,4,2023,1
2023-01-05,26.909993294999026,1.0293032,34.04797506518662,0,5,2023,1
2023-01-06,26.92999329455199,0.968095,34.049500990659,0,6,2023,1
2023-01-07,26.95999329388144,1.0178443,34.07238987274468,0,7,2023,1
2023-01-08,26.819993297010683,0.92544544,34.1212194878608,0,8,2023,1
2023-01-09,26.739993298798822,0.93474483,34.1425824444741,0,9,2023,1
2023-01-10,26.68999329991641,0.8803021,34.14105651900172,0,10,2023,1
2023-01-11,26.679993300139927,0.87009436,34.13495281711221,0,11,2023,1
2023-01-12,26.549993303045653,0.8566678,34.090700978413224,0,12,2023,1
2023-01-13,26.429993305727862,0.8480543,33.71074553579092,0,13,2023,1
2023-01-14,26.369993307068967,0.8570178,33.30484936013818,0,14,2023,1
2023-01-15,26.349993307516,0.8595787,33.54136780835688,0,15,2023,1
2023-01-16,26.29999330863359,0.85706615,33.78704180940986,0,16,2023,1
2023-01-17,26.279993309080623,0.8770937,33.788567734882236,0,17,2023,1
2023-01-18,26.329993307963036,0.8996393,33.80993069149554,0,18,2023,1
2023-01-19,26.29999330863359,0.7495797,33.835871424525976,0,19,2023,1
2023-01-20,26.29999330863359,0.5797699,33.898434368893504,0,20,2023,1
2023-01-21,26.29999330863359,0.7379783,33.88775289058685,0,21,2023,1
2023-01-22,26.279993309080623,0.7868533,33.90148621983826,0,22,2023,1
2023-01-23,26.199993310868763,1.0528035,33.948789909482,0,23,2023,1
2023-01-24,26.18999331109228,0.96410143,33.97625656798482,0,24,2023,1
2023-01-25,26.059993313998007,0.9157908,34.01440470479429,0,25,2023,1
2023-01-26,26.03999331444504,0.8954123,33.79772328771651,0,26,2023,1
2023-01-27,25.969993316009663,0.8980849,33.8557084556669,0,27,2023,1
2023-01-28,25.969993316009663,0.46582666,33.91521954908967,0,28,2023,1
2023-01-29,25.979993315786146,0.48173696,33.98693804629147,0,29,2023,1
2023-01-30,25.95999331623318,0.53939766,33.86944178491831,0,30,2023,1
2023-01-31,26.14999331198635,0.50699437,33.87096771039069,0,31,2023,1
2023-02-01,26.409993306174897,0.6663862,33.87096771039069,0,32,2023,2
2023-02-02,26.469993304833793,1.187965,33.89385659247637,0,33,2023,2
2023-02-03,26.49999330416324,1.1155972,33.898434368893504,0,34,2023,2
2023-02-04,26.469993304833793,1.0681356,33.909115847200155,0,35,2023,2
2023-02-05,26.389993306621932,0.6564872,33.88775289058685,0,36,2023,2
2023-02-06,26.289993308857106,0.53211504,33.86791585944593,0,37,2023,2
2023-02-07,26.22999331019821,0.60171103,33.84655290283263,0,38,2023,2
2023-02-08,26.18999331109228,0.62755674,33.89233066700399,0,39,2023,2
2023-02-09,26.159993311762832,0.69369006,33.95489361137152,0,40,2023,2
2023-02-10,26.329993307963036,1.4440637,33.994567673653364,0,41,2023,2
2023-02-11,26.26999330930414,1.3893617,34.015930630266666,0,42,2023,2
2023-02-12,26.239993309974693,1.0546466,34.06018246896565,0,43,2023,2
2023-02-13,26.089993313327454,1.8141147,34.09375282935798,0,44,2023,2
2023-02-14,26.019993314892076,1.8139224,34.090700978413224,0,45,2023,2
2023-02-15,26.059993313998007,1.7961173,34.090700978413224,0,46,2023,2
2023-02-16,26.06999331377449,0.95609033,34.08154542557895,0,47,2023,2
2023-02-17,26.06999331377449,0.7364441,34.06933802179992,0,48,2023,2
2023-02-18,26.02999331466856,0.5956294,33.64970851689577,0,49,2023,2
2023-02-19,25.979993315786146,0.5703641,33.95184176042676,0,50,2023,2
2023-02-20,26.03999331444504,0.79807377,34.04492321424186,0,51,2023,2
2023-02-21,26.099993313103937,1.2557665,34.08154542557895,0,52,2023,2
2023-02-22,26.629993301257514,1.4734594,34.11969356238842,0,53,2023,2
2023-02-23,26.72999329902234,1.6296136,34.08001950010657,0,54,2023,2
2023-02-24,26.749993298575305,1.1251307,34.090700978413224,0,55,2023,2
2023-02-25,26.409993306174897,1.1259019,34.16547132655978,0,56,2023,2
2023-02-26,26.289993308857106,0.8255286,34.24176760017872,0,57,2023,2
2023-02-27,26.209993310645245,0.606364,34.27228610962629,2,58,2023,2
2023-02-28,26.18999331109228,0.6067601,34.270760184153914,0,59,2023,2
2023-03-01,26.179993311315798,0.86034787,34.26313055679202,0,60,2023,3
2023-03-02,26.179993311315798,0.8603688,34.269234258681536,0,61,2023,3
2023-03-03,26.319993308186554,0.834647,34.27991573698819,0,62,2023,3
2023-03-04,26.26999330930414,0.65326285,34.25550092943013,0,63,2023,3
2023-03-05,26.319993308186554,0.48186156,34.223456494510174,0,64,2023,3
2023-03-06,26.29999330863359,0.7097783,34.21277501620352,0,65,2023,3
2023-03-07,26.509993303939723,0.63870746,34.221930569037795,0,66,2023,3
2023-03-08,26.37999330684545,2.0502186,34.23718982376158,0,67,2023,3
2023-03-09,26.409993306174897,1.7083826,34.26770833320916,0,68,2023,3
2023-03-10,26.239993309974693,1.0326322,34.305856470018625,0,69,2023,3
2023-03-11,26.179993311315798,1.7782835,34.353160159662366,0,70,2023,3
2023-03-12,26.169993311539315,2.6030557,34.38215274363756,0,71,2023,3
2023-03-13,26.219993310421728,2.0227005,34.40046384930611,0,72,2023,3
2023-03-14,26.249993309751176,1.788581,34.424878656864166,0,73,2023,3
2023-03-15,26.249993309751176,1.449274,34.44624161347747,0,74,2023,3
2023-03-16,26.279993309080623,0.5643423,34.449293464422226,0,75,2023,3
2023-03-17,26.449993305280827,0.39022207,34.461500868201256,0,76,2023,3
2023-03-18,26.559993302822136,0.40245825,34.45997494272888,0,77,2023,3
2023-03-19,26.529993303492688,0.70507264,34.46455271914601,0,78,2023,3
2023-03-20,26.559993302822136,0.9750178,34.47828604839742,0,79,2023,3
2023-03-21,26.72999329902234,0.8558049,34.473708271980286,0,80,2023,3
2023-03-22,26.96999329365792,0.6613929,34.46760457009077,0,81,2023,3
2023-03-23,27.0399932920933,0.5088428,34.461500868201256,0,82,2023,3
2023-03-24,27.049993291869782,0.37562042,34.45692309178412,0,83,2023,3
2023-03-25,27.529993281140946,0.27620316,34.4584490172565,0,84,2023,3
2023-03-26,27.529993281140946,0.35094184,34.46913049556315,0,85,2023,3
2023-03-27,27.81999327465894,0.5631376,34.48896752670407,0,86,2023,3
2023-03-28,27.609993279352807,0.5631376,34.499649005010724,0,87,2023,3
2023-03-29,27.46999328248205,0.28559813,34.49354530312121,0,88,2023,3
2023-03-30,27.449993282929086,0.30026639,34.46913049556315,0,89,2023,3
2023-03-31,27.369993284717225,0.47543377,34.440137911587954,0,90,2023,3
2023-04-01,27.42999328337612,0.38078552,34.424878656864166,0,91,2023,4
2023-04-02,27.669993278011702,0.35618797,34.42335273139179,0,92,2023,4
2023-04-03,27.729993276670598,0.37863675,34.41724902950227,0,93,2023,4
2023-04-04,27.709993277117633,0.23506075,34.42182680591941,0,94,2023,4
2023-04-05,27.669993278011702,0.35898197,34.427930507808924,0,95,2023,4
2023-04-06,27.669993278011702,0.25501865,34.42335273139179,0,96,2023,4
2023-04-07,27.379993284493708,0.29145026,34.43098235875368,0,97,2023,4
2023-04-08,27.299993286281847,0.26941153,34.45997494272888,0,98,2023,4
2023-04-09,27.289993286505364,0.20538408,34.46760457009077,0,99,2023,4
2023-04-10,27.329993285611295,0.20937729,34.47065642103553,0,100,2023,4
2023-04-11,27.339993285387777,0.27331433,34.319589799270034,0,101,2023,4
2023-04-12,26.91999329477551,0.27885598,34.29059721529484,0,102,2023,4
2023-04-13,26.979993293434404,0.58634585,34.36841941438615,0,103,2023,4
2023-04-14,27.529993281140946,0.5863316,34.28449351340532,0,104,2023,4
2023-04-15,28.209993265941762,0.581106,34.24787130206823,0,105,2023,4
2023-04-16,28.259993264824175,0.4729799,34.2432935256511,0,106,2023,4
2023-04-17,28.499993259459757,0.3632121,34.21887871809304,0,107,2023,4
2023-04-18,28.609993257001065,0.36691788,34.22650834545493,0,108,2023,4
2023-04-19,28.649993256106995,0.58603853,34.21277501620352,0,109,2023,4
2023-04-20,28.719993254542374,0.66928744,34.21277501620352,0,110,2023,4
2023-04-21,28.929993249848508,0.4183939,34.211249090731144,0,111,2023,4
2023-04-22,28.869993251189612,0.5608487,34.22956019639969,0,112,2023,4
2023-04-23,29.16999324448409,0.45613536,34.211249090731144,0,113,2023,4
2023-04-24,29.16999324448409,0.6378783,34.21735279262066,0,114,2023,4
2023-04-25,28.969993248954438,0.64207816,34.26770833320916,0,115,2023,4
2023-04-26,28.729993254318856,0.31374696,34.30890832096338,0,116,2023,4
2023-04-27,28.23999326527121,0.37466118,34.25397500395775,0,117,2023,4
2023-04-28,28.00999327041211,0.30690345,34.223456494510174,0,118,2023,4
2023-04-29,28.139993267506384,0.31594658,34.21277501620352,0,119,2023,4
2023-04-30,28.109993268176936,0.43915474,34.22650834545493,0,120,2023,4
2023-05-01,28.1299932677299,0.29861167,34.23108612187207,0,121,2023,5
2023-05-02,28.19999326616528,0.29861167,34.235663898289204,0,122,2023,5
2023-05-03,28.299993263930105,0.3611851,34.10596023313701,0,123,2023,5
2023-05-04,28.249993265047692,0.42052552,34.18836020864546,0,124,2023,5
2023-05-05,28.27999326437714,0.4842868,34.2432935256511,0,125,2023,5
2023-05-06,28.31999326348307,0.37438464,34.29059721529484,0,126,2023,5
2023-05-07,28.569993257895135,0.5267606,34.31043424643576,0,127,2023,5
2023-05-08,28.869993251189612,0.29582688,34.258552780374885,0,128,2023,5
2023-05-09,28.809993252530717,0.41424215,34.211249090731144,0,129,2023,5
2023-05-10,28.70999325476589,0.3659615,34.18225650675595,0,130,2023,5
2023-05-11,28.459993260353826,0.3621463,34.223456494510174,0,131,2023,5
2023-05-12,28.5899932574481,0.35728145,34.23108612187207,0,132,2023,5
2023-05-13,28.849993251636647,0.35092062,34.211249090731144,0,133,2023,5
2023-05-14,29.00999324806037,0.47694984,34.197515761479735,0,134,2023,5
2023-05-15,29.259993242472433,0.30190486,34.1639454010874,0,135,2023,5
2023-05-16,29.32999324090781,0.27352607,34.15478984825313,0,136,2023,5
2023-05-17,29.28999324180188,0.25583765,34.11816763691604,0,137,2023,5
2023-05-18,29.179993244260572,0.23753567,34.09680468030274,0,138,2023,5
2023-05-19,29.20999324359002,0.23879284,34.0998565312475,0,139,2023,5
2023-05-20,29.499993237108015,0.2661195,34.11053800955415,0,140,2023,5
2023-05-21,30.25999322012069,0.32856455,34.127323189750314,0,141,2023,5
2023-05-22,30.349993218109034,0.38204023,34.17767873033881,0,142,2023,5
2023-05-23,30.509993214532756,0.36646858,34.19446391053498,0,143,2023,5
2023-05-24,30.469993215426825,0.38131264,34.197515761479735,0,144,2023,5
2023-05-25,30.349993218109034,0.32852274,34.13495281711221,0,145,2023,5
2023-05-26,30.269993219897174,0.45547387,34.11206393502653,0,146,2023,5
2023-05-27,30.069993224367522,0.45547473,34.10443430766463,0,147,2023,5
2023-05-28,29.969993226602696,0.44705746,34.11816763691604,0,148,2023,5
2023-05-29,29.879993228614353,0.4475517,34.115115785971284,0,149,2023,5
2023-05-30,29.919993227720283,0.33885363,34.10596023313701,0,150,2023,5
2023-05-31,28.97999324873092,0.35672778,34.08154542557895,0,151,2023,5
2023-06-01,28.97999324873092,0.3571614,34.06781209632754,0,152,2023,6
2023-06-02,28.929993249848508,0.44217473,34.06933802179992,0,153,2023,6
2023-06-03,29.139993245154642,0.4857267,34.07544172368944,0,154,2023,6
2023-06-04,29.389993239566707,0.30444098,34.089175052940845,0,155,2023,6
2023-06-05,29.349993240460776,0.34079942,34.139530593529344,0,156,2023,6
2023-06-06,29.459993238002085,0.41389903,34.16852317750454,0,157,2023,6
2023-06-07,29.43999323844912,0.46389267,34.1929379850626,0,158,2023,6
2023-06-08,29.40999323911967,0.64383227,34.20056761242449,0,159,2023,6
2023-06-09,29.36999324001374,0.49425578,34.1715750284493,0,160,2023,6
2023-06-10,29.449993238225602,0.32718325,34.113589860498905,0,161,2023,6
2023-06-11,29.47999323755505,0.32035947,34.029663959518075,0,162,2023,6
2023-06-12,29.469993237778567,0.3769208,34.06170839443803,1,163,2023,6
2023-06-13,29.489993237331532,0.72505313,34.101382456719875,0,164,2023,6
2023-06-14,29.489993237331532,0.2784976,34.10748615860939,0,165,2023,6
2023-06-15,29.509993236884497,0.29661977,34.066286170855165,0,166,2023,6
2023-06-16,29.51999323666098,0.3279494,34.14410836994648,1,167,2023,6
2023-06-17,29.459993238002085,0.29258022,34.20514538884163,0,168,2023,6
2023-06-18,29.539993236213945,0.34829876,34.25244907848537,0,169,2023,6
2023-06-19,29.86999322883787,0.52986044,34.307382395491004,0,170,2023,6
2023-06-20,29.889993228390836,0.44169846,34.33790090493858,0,171,2023,6
2023-06-21,29.779993230849527,0.36037418,34.328745352104306,0,172,2023,6
2023-06-22,29.839993229508423,0.35069352,34.35926386155188,0,173,2023,6
2023-06-23,29.529993236437463,0.40534535,34.36231571249664,0,174,2023,6
2023-06-24,29.489993237331532,0.4115092,34.34705645777285,0,175,2023,6
2023-06-25,29.299993241578363,0.6035335,34.307382395491004,0,176,2023,6
2023-06-26,29.239993242919468,0.58983326,34.27381203509867,0,177,2023,6
2023-06-27,29.259993242472433,0.43022957,34.2143009416759,0,178,2023,6
2023-06-28,29.219993243366503,0.43017328,34.124271338805556,0,179,2023,6
2023-06-29,29.279993242025398,0.23427567,34.09680468030274,0,180,2023,6
2023-06-30,29.24999324269595,0.25208303,34.04644913971424,0,181,2023,6
2023-07-01,29.259993242472433,0.2299195,33.95947138778865,0,182,2023,7
2023-07-02,29.339993240684294,0.40278572,33.94268620759249,0,183,2023,7
2023-07-03,29.379993239790224,0.38383237,33.96710101515055,0,184,2023,7
2023-07-04,29.549993235990428,0.23479636,34.03729358687997,0,185,2023,7
2023-07-05,29.78999323062601,0.33651444,34.162419475615025,0,186,2023,7
2023-07-06,29.97999322637918,0.34982842,34.25397500395775,1,187,2023,7
2023-07-07,29.849993229284905,0.466185,34.33790090493858,0,188,2023,7
2023-07-08,29.779993230849527,0.6208052,34.38062681816518,0,189,2023,7
2023-07-09,29.63999323397877,0.61000687,34.39436014741659,0,190,2023,7
2023-07-10,29.62999323420229,0.39961603,34.38367866910994,0,191,2023,7
2023-07-11,29.539993236213945,0.38677642,34.365367563441396,0,192,2023,7
2023-07-12,29.549993235990428,0.38592628,34.295174991711974,0,193,2023,7
2023-07-13,29.529993236437463,0.38520077,34.20361946336925,0,194,2023,7
2023-07-14,29.51999323666098,0.33414096,34.102908382192254,0,195,2023,7
2023-07-15,29.489993237331532,0.29772976,33.95336768589914,1,196,2023,7
2023-07-16,29.55999323576691,0.2977008,33.89385659247637,0,197,2023,7
2023-07-17,29.539993236213945,0.34189326,33.85418253019452,0,198,2023,7
2023-07-18,29.539993236213945,0.4963988,33.79314551129937,0,199,2023,7
2023-07-19,29.51999323666098,0.4441084,33.68633072823286,0,200,2023,7
2023-07-20,29.489993237331532,0.29941955,33.70311590842903,0,201,2023,7
2023-07-21,29.47999323755505,0.38970143,33.79924921318889,0,202,2023,7
2023-07-22,29.43999323844912,0.3861032,33.919797325506806,0,203,2023,7
2023-07-23,29.40999323911967,0.3861032,33.94268620759249,0,204,2023,7
2023-07-24,29.35999324023726,0.38565546,34.13495281711221,0,205,2023,7
2023-07-25,29.269993242248916,0.4628988,34.1425824444741,0,206,2023,7
2023-07-26,29.219993243366503,0.43356177,34.076967649161816,0,207,2023,7
2023-07-27,29.109993245825194,0.4464171,33.97320471704006,0,208,2023,7
2023-07-28,29.079993246495746,0.44676968,33.95184176042676,2,209,2023,7
2023-07-29,29.05999324694278,0.44691765,33.93047880381346,0,210,2023,7
2023-07-30,29.039993247389816,0.42368543,33.933530654758215,0,211,2023,7
2023-07-31,29.039993247389816,0.42371836,33.92895287834108,0,212,2023,7
2023-08-01,28.959993249177955,0.40765062,33.93047880381346,0,213,2023,8
2023-08-02,29.00999324806037,0.37603548,33.92895287834108,0,214,2023,8
2023-08-03,28.959993249177955,0.3364418,33.92437510192394,0,215,2023,8
2023-08-04,28.85999325141313,0.36925617,33.91216769814491,0,216,2023,8
2023-08-05,28.829993252083682,0.31297803,33.9060639962554,0,217,2023,8
2023-08-06,28.919993250072025,0.43030348,33.898434368893504,0,218,2023,8
2023-08-07,29.09999324604871,0.34725514,33.89080474153161,0,219,2023,8
2023-08-08,29.269993242248916,0.2388462,33.884701039642096,0,220,2023,8
2023-08-09,29.279993242025398,0.25020996,33.85876030661166,1,221,2023,8
2023-08-10,29.379993239790224,0.25020996,33.84655290283263,0,222,2023,8
2023-08-11,29.419993238896154,0.22571027,33.80687884055078,0,223,2023,8
2023-08-12,29.499993237108015,0.2358489,33.77025662921369,0,224,2023,8
2023-08-13,29.499993237108015,0.27449647,33.71990108862519,0,225,2023,8
2023-08-14,29.47999323755505,0.27928838,33.69853813201189,0,226,2023,8
2023-08-15,29.589993235096358,0.2866528,33.81145661696792,0,227,2023,8
2023-08-16,29.63999323397877,0.19697928,33.872493635863066,0,228,2023,8
2023-08-17,29.589993235096358,0.18993865,33.87096771039069,0,229,2023,8
2023-08-18,29.649993233755254,0.18912752,33.848078828305006,0,230,2023,8
2023-08-19,29.649993233755254,0.20736195,33.87096771039069,0,231,2023,8
2023-08-20,29.529993236437463,0.18904594,33.8770714122802,0,232,2023,8
2023-08-21,29.279993242025398,0.14095247,33.87859733775258,0,233,2023,8
2023-08-22,29.279993242025398,0.14198545,33.80687884055078,0,234,2023,8
2023-08-23,29.269993242248916,0.27387723,33.78246403299272,0,235,2023,8
2023-08-24,29.32999324090781,0.27571294,33.8053529150784,0,236,2023,8
2023-08-25,29.389993239566707,0.34328425,33.78246403299272,0,237,2023,8
2023-08-26,29.419993238896154,0.30065075,33.77483440563083,0,238,2023,8
2023-08-27,29.459993238002085,0.24536973,33.76110107637942,0,239,2023,8
2023-08-28,29.459993238002085,0.24677129,33.72447886504233,0,240,2023,8
2023-08-29,29.28999324180188,0.24095176,33.79161958582699,0,241,2023,8
2023-08-30,29.379993239790224,0.20052262,33.825189946219325,0,242,2023,8
2023-08-31,29.20999324359002,0.20688438,33.85418253019452,0,243,2023,8
2023-09-01,29.31999324113133,0.21735924,33.86791585944593,0,244,2023,9
2023-09-02,29.16999324448409,0.2174401,33.86486400850117,0,245,2023,9
2023-09-03,29.139993245154642,0.23397459,33.84350105188787,0,246,2023,9
2023-09-04,29.119993245601677,0.28518134,33.83281957358122,1,247,2023,9
2023-09-05,29.069993246719264,0.2873816,33.79772328771651,0,248,2023,9
2023-09-06,29.08999324627223,0.2205328,33.69701220653951,0,249,2023,9
2023-09-07,29.799993230402492,0.1741619,33.59477519989014,0,250,2023,9
2023-09-08,29.98999322615566,0.20046285,33.48643449135125,0,251,2023,9
2023-09-09,30.069993224367522,0.22975612,33.47270116209984,0,252,2023,9
2023-09-10,29.849993229284905,0.21857531,33.584093721583486,0,253,2023,9
2023-09-11,29.78999323062601,0.2180463,33.56425669044256,0,254,2023,9
2023-09-12,29.74999323152008,0.20020926,33.524582628160715,0,255,2023,9
2023-09-13,29.569993235543393,0.22887965,33.53221225552261,0,256,2023,9
2023-09-14,29.459993238002085,0.23403542,33.5398418828845,0,257,2023,9
2023-09-15,30.29999321922662,0.19973238,33.71532331220806,0,258,2023,9
2023-09-16,30.29999321922662,0.28757754,33.96404916420579,0,259,2023,9
2023-09-17,30.51999321430924,0.2120874,33.91827140003443,0,260,2023,9
2023-09-18,30.079993224144005,0.29184005,34.08307135105133,0,261,2023,9
2023-09-19,30.21999322101476,0.24224499,34.1425824444741,0,262,2023,9
2023-09-20,30.169993222132348,0.21795262,34.089175052940845,0,263,2023,9
2023-09-21,30.319993218779587,0.21795052,33.96099731326103,0,264,2023,9
2023-09-22,30.119993223249935,0.21407552,33.933530654758215,0,265,2023,9
2023-09-23,29.97999322637918,0.22152938,33.970152866095304,0,266,2023,9
2023-09-24,29.82999322973194,0.23707493,34.00982692837715,0,267,2023,9
2023-09-25,29.509993236884497,0.24419113,34.078493574634194,0,268,2023,9
2023-09-26,29.469993237778567,0.37814766,34.11053800955415,0,269,2023,9
2023-09-27,29.429993238672637,0.24278785,34.10596023313701,0,270,2023,9
2023-09-28,29.469993237778567,0.25147986,34.05713061802089,0,271,2023,9
2023-09-29,29.449993238225602,0.24269405,34.15326392278075,0,272,2023,9
2023-09-30,29.389993239566707,0.2436214,34.232612047344446,0,273,2023,9
2023-10-01,29.31999324113133,0.24949989,34.21887871809304,0,274,2023,10
2023-10-02,29.349993240460776,0.23786543,34.160893550142646,0,275,2023,10
2023-10-03,29.35999324023726,0.2297849,34.08612320199609,0,276,2023,10
2023-10-04,29.469993237778567,0.24179913,34.05865654349327,0,277,2023,10
2023-10-05,29.509993236884497,0.23511873,34.09375282935798,0,278,2023,10
2023-10-06,30.159993222355865,0.19828741,34.15936762467027,0,279,2023,10
2023-10-07,30.389993217214965,0.251706,34.199041686952114,0,280,2023,10
2023-10-08,30.499993214756273,0.24494494,34.232612047344446,0,281,2023,10
2023-10-09,30.48999321497979,0.28945288,34.257026854902506,0,282,2023,10
2023-10-10,30.269993219897174,0.28724515,34.22803427092731,0,283,2023,10
2023-10-11,29.839993229508423,0.3493974,34.186834283173084,1,284,2023,10
2023-10-12,29.98999322615566,0.5454498,34.197515761479735,0,285,2023,10
2023-10-13,29.94999322704973,0.3825841,34.1929379850626,0,286,2023,10
2023-10-14,29.86999322883787,0.21305463,34.10901208408177,0,287,2023,10
2023-10-15,29.799993230402492,0.21893436,34.18378243222833,0,288,2023,10
2023-10-16,29.689993232861184,0.2046953,34.21735279262066,0,289,2023,10
2023-10-17,29.51999323666098,0.2633478,34.20819723978639,0,290,2023,10
2023-10-18,29.86999322883787,0.26425117,34.21277501620352,0,291,2023,10
2023-10-19,29.97999322637918,0.31075302,34.199041686952114,0,292,2023,10
2023-10-20,29.94999322704973,0.29762354,34.18836020864546,0,293,2023,10
2023-10-21,29.70999323241415,0.31953815,34.20056761242449,0,294,2023,10
2023-10-22,29.579993235319876,0.28056252,34.17615280486643,0,295,2023,10
2023-10-23,29.499993237108015,0.3191133,34.0922269038856,0,296,2023,10
2023-10-24,29.12999324537816,0.43791422,34.10443430766463,0,297,2023,10
2023-10-25,29.31999324113133,0.77896166,34.11664171144366,0,298,2023,10
2023-10-26,29.20999324359002,0.43416023,34.1715750284493,0,299,2023,10
2023-10-27,29.63999323397877,0.4594756,34.185308357700706,0,300,2023,10
2023-10-28,29.579993235319876,0.40803066,34.22498241998255,0,301,2023,10
2023-10-29,29.739993231743597,0.31967765,34.25244907848537,0,302,2023,10
2023-10-30,29.589993235096358,0.31967628,34.26618240773678,0,303,2023,10
2023-10-31,29.449993238225602,0.3432693,34.26007870584726,0,304,2023,10
2023-11-01,29.40999323911967,0.36633906,34.24024167470634,0,305,2023,11
2023-11-02,29.62999323420229,0.4881694,34.25397500395775,0,306,2023,11
2023-11-03,29.66999323330822,0.30169067,34.26770833320916,0,307,2023,11
2023-11-04,29.619993234425806,0.46384498,34.27686388604343,0,308,2023,11
2023-11-05,29.349993240460776,0.36874586,34.24024167470634,0,309,2023,11
2023-11-06,29.24999324269595,0.29380104,34.235663898289204,0,310,2023,11
2023-11-07,29.109993245825194,0.29265824,34.22803427092731,0,311,2023,11
2023-11-08,29.109993245825194,0.37457922,34.220404643565416,0,312,2023,11
2023-11-09,28.929993249848508,0.42675635,34.234137972816825,0,313,2023,11
2023-11-10,28.89999325051906,0.29847974,34.22498241998255,0,314,2023,11
2023-11-11,29.079993246495746,0.23914571,34.246345376595855,1,315,2023,11
2023-11-12,29.239993242919468,0.24084696,34.26770833320916,0,316,2023,11
2023-11-13,29.269993242248916,0.22130167,34.26313055679202,0,317,2023,11
2023-11-14,28.999993248283886,0.2211509,34.27381203509867,0,318,2023,11
2023-11-15,28.77999325320127,0.29685324,34.2860194388777,0,319,2023,11
2023-11-16,28.559993258118652,0.31181073,34.27991573698819,0,320,2023,11
2023-11-17,28.39999326169493,0.30648738,34.26618240773678,0,321,2023,11
2023-11-18,28.39999326169493,0.30628347,34.20514538884163,0,322,2023,11
2023-11-19,28.289993264153622,0.29413733,34.1425824444741,0,323,2023,11
2023-11-20,28.249993265047692,1.1238503,34.006775077432394,0,324,2023,11
2023-11-21,27.869993273541354,1.1956038,33.84044920094311,0,325,2023,11
2023-11-22,27.73999327644708,1.1956038,33.91521954908967,0,326,2023,11
2023-11-23,27.879993273317837,1.2043179,33.91674547456205,0,327,2023,11
2023-11-24,27.989993270859145,2.9997795,33.92590102739632,0,328,2023,11
2023-11-25,27.979993271082662,2.9976177,33.9274269528687,1,329,2023,11
2023-11-26,27.96999327130618,0.727432,33.93047880381346,0,330,2023,11
2023-11-27,27.979993271082662,0.7279329,33.94726398400962,0,331,2023,11
2023-11-28,27.869993273541354,0.6320772,33.96557508967817,0,332,2023,11
2023-11-29,27.729993276670598,0.82306063,33.993041748180985,0,333,2023,11
2023-11-30,27.569993280246877,1.6483546,34.049500990659,0,334,2023,11
2023-12-01,27.38999328427019,1.6066521,34.07238987274468,0,335,2023,12
2023-12-02,27.319993285834812,3.557644,34.09375282935798,0,336,2023,12
2023-12-03,27.169993289187573,1.9004052,34.0922269038856,0,337,2023,12
2023-12-04,27.109993290528678,0.7721002,34.09375282935798,0,338,2023,12
2023-12-05,27.0399932920933,1.4721103,34.090700978413224,0,339,2023,12
2023-12-06,27.249993287399434,0.54535,34.09527875483036,0,340,2023,12
2023-12-07,27.27999328672888,0.821442,34.125797264277935,0,341,2023,12
2023-12-08,27.50999328158798,0.40533563,34.11816763691604,0,342,2023,12
2023-12-09,27.599993279576324,0.32865918,34.11053800955415,0,343,2023,12
2023-12-10,27.599993279576324,0.31208637,34.14563429541886,0,344,2023,12
2023-12-11,27.53999328091743,0.29656485,34.160893550142646,0,345,2023,12
2023-12-12,27.77999327555301,0.3377917,34.17920465581119,0,346,2023,12
2023-12-13,27.73999327644708,0.47042486,34.20209353789687,0,347,2023,12
2023-12-14,27.729993276670598,0.55935943,34.20361946336925,0,348,2023,12
2023-12-15,27.609993279352807,0.6976288,34.17615280486643,0,349,2023,12
2023-12-16,27.61999327912929,0.43866524,34.162419475615025,0,350,2023,12
2023-12-17,27.559993280470394,0.48971322,34.18836020864546,0,351,2023,12
2023-12-18,27.58999327979984,0.49116674,34.136478742584586,0,352,2023,12
2023-12-19,27.209993288293504,0.8578628,34.043397288769484,0,353,2023,12
2023-12-20,27.059993291646265,0.85781497,34.064760245382786,0,354,2023,12
2023-12-21,26.989993293210887,0.8161401,34.15631577372551,0,355,2023,12
2023-12-22,26.899993295222544,0.74741906,34.20056761242449,0,356,2023,12
2023-12-23,26.99999329298737,0.7591313,34.11053800955415,0,357,2023,12
2023-12-24,27.919993272423767,0.7165171,34.09680468030274,0,358,2023,12
2023-12-25,27.949993271753215,0.6317334,34.11206393502653,0,359,2023,12
2023-12-26,27.80999327488246,0.75395834,34.17004910297692,0,360,2023,12
2023-12-27,27.299993286281847,0.43080252,34.15326392278075,0,361,2023,12
2023-12-28,27.2699932869524,1.0476041,34.0998565312475,0,362,2023,12
2023-12-29,27.249993287399434,0.61099184,34.12274541333318,0,363,2023,12
2023-12-30,27.099993290752195,1.0440719,34.10596023313701,0,364,2023,12
2023-12-31,27.19999328851702,1.0797908,34.04797506518662,0,365,2023,12
2024-01-01,27.2699932869524,0.49489737,33.95489361137152,0,1,2024,1
2024-01-02,27.419993283599638,0.5687664,33.94116028212011,0,2,2024,1
2024-01-03,27.719993276894115,0.5011564,33.88927881605923,0,3,2024,1
2024-01-04,27.799993275105976,0.32188287,33.872493635863066,4,4,2024,1
2024-01-05,27.869993273541354,0.32188705,33.86638993397355,1,5,2024,1
2024-01-06,27.669993278011702,0.25049955,33.814508467912674,0,6,2024,1
2024-01-07,27.409993283823155,0.44281593,33.922849176451564,0,7,2024,1
2024-01-08,27.23999328762295,0.8908775,34.005249151960015,0,8,2024,1
2024-01-09,27.369993284717225,1.3792989,34.043397288769484,0,9,2024,1
2024-01-10,27.50999328158798,1.3360882,34.043397288769484,0,10,2024,1
2024-01-11,27.4999932818115,1.2801896,34.0922269038856,0,11,2024,1
2024-01-12,27.18999328874054,0.53563523,34.15173799730837,0,12,2024,1
2024-01-13,26.87999329566958,0.7499137,34.136478742584586,0,13,2024,1
2024-01-14,26.709993299469375,1.7870156,34.10901208408177,0,14,2024,1
2024-01-15,26.469993304833793,2.1715584,34.138004668056965,0,15,2024,1
2024-01-16,25.969993316009663,2.2821908,34.17615280486643,0,16,2024,1
2024-01-17,25.829993319138907,3.4031901,34.21735279262066,0,17,2024,1
2024-01-18,25.869993318244838,3.0289624,34.23108612187207,0,18,2024,1
2024-01-19,26.26999330930414,1.3406111,34.258552780374885,0,19,2024,1
2024-01-20,26.409993306174897,0.9232531,34.28907128982246,0,20,2024,1
2024-01-21,26.549993303045653,0.49588478,34.295174991711974,0,21,2024,1
2024-01-22,26.60999330170455,0.63580716,34.27991573698819,0,22,2024,1
2024-01-23,26.61999330148103,0.4613494,34.257026854902506,0,23,2024,1
2024-01-24,26.669993300363444,0.56023306,34.244819451123476,0,24,2024,1
2024-01-25,26.559993302822136,0.57132345,34.257026854902506,0,25,2024,1
2024-01-26,26.369993307068967,1.5196155,34.27228610962629,0,26,2024,1
2024-01-27,26.14999331198635,1.6905385,34.281441662460566,0,27,2024,1
2024-01-28,26.03999331444504,1.3847138,34.31043424643576,0,28,2024,1
2024-01-29,26.02999331466856,1.3834007,34.3363749794662,0,29,2024,1
2024-01-30,25.99999331533911,1.153255,34.33942683041096,0,30,2024,1
2024-01-31,25.849993318691872,1.1488128,34.330271277576685,0,31,2024,1
2024-02-01,25.859993318468355,1.208351,34.33484905399382,0,32,2024,2
2024-02-02,25.87999331802132,1.7818824,34.33790090493858,0,33,2024,2
2024-02-03,26.199993310868763,0.7287343,34.31348609738052,0,34,2024,2
2024-02-04,26.41999330595138,1.0945529,34.29670091718435,0,35,2024,2
2024-02-05,26.45999330505731,1.5653849,34.26160463131964,1,36,2024,2
2024-02-06,26.45999330505731,1.5460372,34.26007870584726,0,37,2024,2
2024-02-07,26.8099932972342,0.5428682,34.26313055679202,0,38,2024,2
2024-02-08,26.789993297681235,0.85843694,34.269234258681536,0,39,2024,2
2024-02-09,26.829993296787165,0.44247562,34.282967587932944,0,40,2024,2
2024-02-10,26.219993310421728,0.58273435,34.31043424643576,0,41,2024,2
2024-02-11,26.019993314892076,1.145368,34.31196017190814,0,42,2024,2
2024-02-12,26.009993315115594,0.8299707,34.32264165021479,0,43,2024,2
2024-02-13,25.99999331533911,0.7211271,34.35163423418999,0,44,2024,2
2024-02-14,25.91999331712725,0.7235338,34.38062681816518,0,45,2024,2
2024-02-15,25.909993317350768,0.7195012,34.414197178557515,0,46,2024,2
2024-02-16,25.739993321150564,0.9277092,34.44776753894985,1,47,2024,2
2024-02-17,25.699993322044634,1.9046216,34.4584490172565,0,48,2024,2
2024-02-18,25.749993320927047,0.47785813,34.45539716631174,0,49,2024,2
2024-02-19,25.87999331802132,1.8773757,34.45387124083936,0,50,2024,2
2024-02-20,25.95999331623318,1.20113,34.44166383706033,0,51,2024,2
2024-02-21,25.91999331712725,0.6816703,34.426404582336545,0,52,2024,2
2024-02-22,26.049993314221524,0.7592091,34.40504162572324,0,53,2024,2
2024-02-23,26.249993309751176,0.3692289,34.38215274363756,0,54,2024,2
2024-02-24,26.329993307963036,0.31643128,34.38062681816518,0,55,2024,2
2024-02-25,26.359993307292484,0.49139413,34.379100892692804,0,56,2024,2
2024-02-26,26.049993314221524,0.7273406,34.35621201060712,0,57,2024,2
2024-02-27,26.059993313998007,1.1238233,34.34705645777285,0,58,2024,2
2024-02-28,25.91999331712725,2.285106,34.35621201060712,0,59,2024,2
2024-02-29,25.849993318691872,2.3508518,34.379100892692804,0,60,2024,2
2024-03-01,25.68999332226815,0.8818061,34.41114532761276,0,61,2024,3
2024-03-02,25.819993319362425,0.93035674,34.44776753894985,0,62,2024,3
2024-03-03,25.68999332226815,0.9447236,34.4584490172565,0,63,2024,3
2024-03-04,26.06999331377449,0.842412,34.43098235875368,0,64,2024,3
2024-03-05,26.199993310868763,0.9432267,34.403515700250864,0,65,2024,3
2024-03-06,27.139993289858126,0.56411237,34.391308296471834,0,66,2024,3
2024-03-07,26.839993296563648,0.6566037,34.40504162572324,0,67,2024,3
2024-03-08,26.84999329634013,0.98024845,34.40046384930611,0,68,2024,3
2024-03-09,26.669993300363444,1.076908,34.39283422194421,0,69,2024,3
2024-03-10,26.319993308186554,0.7974992,34.379100892692804,0,70,2024,3
2024-03-11,26.509993303939723,0.6945342,34.377574967220426,0,71,2024,3
2024-03-12,26.169993311539315,1.385388,34.37604904174805,0,72,2024,3
2024-03-13,26.549993303045653,0.7265928,34.40504162572324,0,73,2024,3
2024-03-14,26.529993303492688,0.7710806,34.40046384930611,0,74,2024,3
2024-03-15,26.18999331109228,0.9382909,34.3867305200547,0,75,2024,3
2024-03-16,26.279993309080623,1.1528875,34.38062681816518,0,76,2024,3
2024-03-17,26.14999331198635,1.4488732,34.37299719080329,0,77,2024,3
2024-03-18,26.469993304833793,0.67616504,34.37452311627567,0,78,2024,3
2024-03-19,26.119993312656902,0.73488206,34.366893488913774,0,79,2024,3
2024-03-20,26.239993309974693,0.9865684,34.36078978702426,0,80,2024,3
2024-03-21,26.319993308186554,0.46478122,34.35163423418999,0,81,2024,3
2024-03-22,26.479993304610275,0.9548113,34.34400460682809,0,82,2024,3
2024-03-23,26.68999329991641,0.5104538,34.35010830871761,0,83,2024,3
2024-03-24,26.68999329991641,0.43692052,34.36384163796902,0,84,2024,3
2024-03-25,26.679993300139927,0.48543295,34.37604904174805,0,85,2024,3
2024-03-26,26.939993294328474,0.53414744,34.38215274363756,0,86,2024,3
2024-03-27,26.749993298575305,0.7180695,34.38367866910994,0,87,2024,3
2024-03-28,26.979993293434404,0.74757,34.389782370999455,1,88,2024,3
2024-03-29,27.089993290975713,0.9068392,34.38520459458232,0,89,2024,3
2024-03-30,27.179993288964056,0.9327916,34.38215274363756,0,90,2024,3
2024-03-31,26.759993298351787,0.59387124,34.38062681816518,0,91,2024,3
2024-04-01,27.11999329030516,1.1471276,34.38215274363756,0,92,2024,4
2024-04-02,27.369993284717225,1.0878431,34.39893792383373,0,93,2024,4
2024-04-03,27.109993290528678,1.8458474,34.414197178557515,0,94,2024,4
2024-04-04,26.939993294328474,0.84064746,34.426404582336545,0,95,2024,4
2024-04-05,26.95999329388144,0.74332225,34.450819389894605,0,96,2024,4
2024-04-06,27.639993278682255,1.0023406,34.463026793673635,0,97,2024,4
2024-04-07,27.639993278682255,0.67278486,34.47676012292504,0,98,2024,4
2024-04-08,27.629993278905772,0.7710485,34.49354530312121,0,99,2024,4
2024-04-09,27.359993284940742,0.5797462,34.50575270690024,0,100,2024,4
2024-04-10,27.419993283599638,0.9659891,34.51338233426213,0,101,2024,4
2024-04-11,27.339993285387777,0.85688674,34.511856408789754,0,102,2024,4
2024-04-12,27.11999329030516,0.39314118,34.49659715406597,0,103,2024,4
2024-04-13,27.19999328851702,0.6384629,34.48896752670407,0,104,2024,4
2024-04-14,27.359993284940742,1.1335444,34.48438975028694,0,105,2024,4
2024-04-15,27.259993287175917,0.84952563,34.47828604839742,0,106,2024,4
2024-04-16,27.219993288069986,0.7624923,34.487441601231694,0,107,2024,4
2024-04-17,27.399993284046673,0.71714324,34.487441601231694,0,108,2024,4
2024-04-18,28.109993268176936,1.1824421,34.4798119738698,0,109,2024,4
2024-04-19,27.949993271753215,0.99699014,34.48286382481456,0,110,2024,4
2024-04-20,27.92999327220025,0.5724872,34.48438975028694,0,111,2024,4
2024-04-21,27.77999327555301,0.3264992,34.48286382481456,0,112,2024,4
2024-04-22,28.069993269071006,0.36749148,34.47676012292504,0,113,2024,4
2024-04-23,28.269993264600657,0.37110242,34.461500868201256,0,114,2024,4
2024-04-24,28.209993265941762,0.38676497,34.463026793673635,0,115,2024,4
2024-04-25,28.249993265047692,0.3477505,34.46607864461839,0,116,2024,4
2024-04-26,28.43999326080086,0.4056794,34.46607864461839,0,117,2024,4
2024-04-27,28.249993265047692,0.57455534,34.47676012292504,0,118,2024,4
2024-04-28,28.31999326348307,0.46267334,34.50727863237262,0,119,2024,4
2024-04-29,28.19999326616528,0.31534693,34.53932306729257,0,120,2024,4
2024-04-30,28.309993263706588,0.3715485,34.56068602390587,0,121,2024,4
2024-05-01,28.31999326348307,0.44345623,34.5805230550468,0,122,2024,5
2024-05-02,28.109993268176936,0.42558846,34.5805230550468,0,123,2024,5
2024-05-03,28.139993267506384,0.40154243,34.58510083146393,0,124,2024,5
2024-05-04,28.069993269071006,0.43381423,34.58815268240869,0,125,2024,5
2024-05-05,28.189993266388797,0.5419557,34.595782309770584,0,126,2024,5
2024-05-06,28.649993256106995,0.5318528,34.607989713549614,0,127,2024,5
2024-05-07,28.719993254542374,0.36911908,34.6018860116601,0,128,2024,5
2024-05-08,28.62999325655403,0.36981538,34.57594527862966,0,129,2024,5
2024-05-09,28.769993253424786,0.3762048,34.53779714182019,0,130,2024,5
2024-05-10,28.77999325320127,0.4631736,34.510330483317375,0,131,2024,5
2024-05-11,28.889993250742577,0.34272233,34.49049345217645,0,132,2024,5
2024-05-12,28.70999325476589,0.32268798,34.45692309178412,0,133,2024,5
2024-05-13,28.679993255436443,0.39443076,34.43098235875368,0,134,2024,5
2024-05-14,28.729993254318856,0.4630652,34.39588607288897,0,135,2024,5
2024-05-15,28.97999324873092,0.5810983,34.36841941438615,0,136,2024,5
2024-05-16,29.079993246495746,0.71730644,34.33332312852144,0,137,2024,5
2024-05-17,29.159993244707607,0.5726488,34.318063873797655,0,138,2024,5
2024-05-18,29.239993242919468,0.6042797,34.319589799270034,1,139,2024,5
2024-05-19,29.279993242025398,0.44528612,34.34705645777285,0,140,2024,5
2024-05-20,29.349993240460776,0.30123904,34.3867305200547,0,141,2024,5
2024-05-21,29.239993242919468,0.2644486,34.40656755119562,0,142,2024,5
2024-05-22,29.299993241578363,0.2698145,34.41724902950227,0,143,2024,5
2024-05-23,29.239993242919468,0.23010589,34.43250828422606,0,144,2024,5
2024-05-24,29.28999324180188,0.23378325,34.437086060643196,1,145,2024,5
2024-05-25,29.349993240460776,0.233782,34.365367563441396,0,146,2024,5
2024-05-26,29.39999323934319,0.32529545,34.426404582336545,0,147,2024,5
2024-05-27,29.36999324001374,0.37778884,34.39283422194421,0,148,2024,5
2024-05-28,29.31999324113133,0.37956068,34.40504162572324,0,149,2024,5
2024-05-29,29.28999324180188,0.3795426,34.43403420969844,0,150,2024,5
2024-05-30,29.349993240460776,0.31787473,34.47218234650791,0,151,2024,5
2024-05-31,29.569993235543393,0.3243912,34.50422678142786,0,152,2024,5
2024-06-01,29.699993232637667,0.3057412,34.521011961624026,0,153,2024,6
2024-06-02,30.039993225038074,0.33310843,34.53932306729257,0,154,2024,6
2024-06-03,30.199993221461796,0.42434272,34.52711566351354,0,155,2024,6
2024-06-04,30.28999321945014,0.38918,34.510330483317375,0,156,2024,6
2024-06-05,29.97999322637918,0.4889411,34.45234531536698,0,157,2024,6
2024-06-06,29.59999323487284,0.22509858,34.44471568800509,0,158,2024,6
2024-06-07,29.47999323755505,0.326401,34.4294564332813,0,159,2024,6
2024-06-08,29.43999323844912,0.3396183,34.41114532761276,0,160,2024,6
2024-06-09,29.539993236213945,0.3977177,34.39283422194421,1,161,2024,6
2024-06-10,29.509993236884497,0.4753713,34.414197178557515,0,162,2024,6
2024-06-11,29.529993236437463,0.4380489,34.389782370999455,0,163,2024,6
2024-06-12,29.74999323152008,0.4358669,34.40504162572324,0,164,2024,6
2024-06-13,29.9099932279438,0.37308732,34.40961940214038,0,165,2024,6
2024-06-14,30.009993225708627,0.31985763,34.38215274363756,0,166,2024,6
2024-06-15,29.969993226602696,0.41688597,34.37299719080329,0,167,2024,6
2024-06-16,29.959993226826214,0.26173174,34.27228610962629,0,168,2024,6
2024-06-17,30.02999322526159,0.25908706,34.27228610962629,0,169,2024,6
2024-06-18,30.09999322369697,0.28975257,34.269234258681536,0,170,2024,6
2024-06-19,30.17999322190883,0.28676873,34.40046384930611,0,171,2024,6
2024-06-20,30.079993224144005,0.28676942,34.461500868201256,0,172,2024,6
2024-06-21,30.119993223249935,0.27884385,34.45539716631174,0,173,2024,6
2024-06-22,30.159993222355865,0.26246363,34.43250828422606,0,174,2024,6
2024-06-23,30.199993221461796,0.29771602,34.427930507808924,0,175,2024,6
2024-06-24,30.159993222355865,0.3617075,34.437086060643196,0,176,2024,6
2024-06-25,30.01999322548511,0.41933614,34.45692309178412,0,177,2024,6
2024-06-26,29.859993229061388,0.26552752,34.45387124083936,0,178,2024,6
2024-06-27,29.849993229284905,0.28777096,34.47065642103553,1,179,2024,6
2024-06-28,29.839993229508423,0.39307863,34.4798119738698,0,180,2024,6
2024-06-29,29.859993229061388,0.48692036,34.49201937764883,0,181,2024,6
2024-06-30,29.539993236213945,0.32403043,34.45997494272888,0,182,2024,6
2024-07-01,29.389993239566707,0.27293733,34.45234531536698,0,183,2024,7
2024-07-02,29.35999324023726,0.25556183,34.40504162572324,0,184,2024,7
2024-07-03,29.40999323911967,0.27675372,34.45387124083936,0,185,2024,7
2024-07-04,29.469993237778567,0.32779196,34.36231571249664,0,186,2024,7
2024-07-05,29.47999323755505,0.42063433,34.450819389894605,0,187,2024,7
2024-07-06,29.47999323755505,0.38364667,34.45234531536698,0,188,2024,7
2024-07-07,29.469993237778567,0.39489707,34.47218234650791,0,189,2024,7
2024-07-08,29.43999323844912,0.51216924,34.34858238324523,0,190,2024,7
2024-07-09,29.389993239566707,0.4704004,34.11053800955415,0,191,2024,7
2024-07-10,29.419993238896154,0.44850942,34.02203433215618,0,192,2024,7
2024-07-11,29.339993240684294,0.35981384,34.102908382192254,0,193,2024,7
2024-07-12,29.379993239790224,0.34929323,34.18988613411784,0,194,2024,7
2024-07-13,29.35999324023726,0.3119391,34.15478984825313,0,195,2024,7
2024-07-14,29.39999323934319,0.31469294,34.066286170855165,0,196,2024,7
2024-07-15,29.389993239566707,0.44585875,34.1425824444741,0,197,2024,7
2024-07-16,29.389993239566707,0.37752175,34.16699725203216,0,198,2024,7
2024-07-17,29.31999324113133,0.3920181,33.89385659247637,0,199,2024,7
2024-07-18,29.28999324180188,0.30238298,33.573412243276834,0,200,2024,7
2024-07-19,29.269993242248916,0.3013333,33.17361976951361,1,201,2024,7
2024-07-20,29.199993243813537,0.3628523,33.44981228001416,0,202,2024,7
2024-07-21,29.12999324537816,0.36282688,33.67259739898145,1,203,2024,7
2024-07-22,29.119993245601677,0.36279967,33.73210849240422,0,204,2024,7
2024-07-23,29.119993245601677,0.49638903,33.76110107637942,0,205,2024,7
2024-07-24,29.09999324604871,0.42856586,33.77483440563083,0,206,2024,7
2024-07-25,29.389993239566707,0.39828333,33.8053529150784,4,207,2024,7
2024-07-26,29.509993236884497,0.3964117,33.8343454990536,0,208,2024,7
2024-07-27,29.509993236884497,0.2614514,33.729056641459465,0,209,2024,7
2024-07-28,29.62999323420229,0.2630717,33.6832788772881,0,210,2024,7
2024-07-29,29.729993231967114,0.25861755,33.643604815006256,0,211,2024,7
2024-07-30,29.699993232637667,0.24611111,33.74889367260039,0,212,2024,7
2024-07-31,29.809993230178975,0.24901585,33.8053529150784,0,213,2024,7
2024-08-01,29.78999323062601,0.21319924,33.948789909482,0,214,2024,8
2024-08-02,29.819993229955458,0.22166134,33.86333808302879,0,215,2024,8
2024-08-03,29.739993231743597,0.21214421,33.77941218204796,0,216,2024,8
2024-08-04,29.71999323219063,0.22614168,33.69548628106713,0,217,2024,8
2024-08-05,29.70999323241415,0.22596815,33.800775138661265,0,218,2024,8
2024-08-06,29.66999323330822,0.23395938,33.80840476602316,0,219,2024,8
2024-08-07,29.659993233531736,0.2560989,33.75804922543466,0,220,2024,8
2024-08-08,29.529993236437463,0.24814674,33.78246403299272,0,221,2024,8
2024-08-09,29.459993238002085,0.23742975,33.83129364810884,0,222,2024,8
2024-08-10,29.47999323755505,0.26002026,33.87859733775258,0,223,2024,8
2024-08-11,29.459993238002085,0.34532183,33.9274269528687,0,224,2024,8
2024-08-12,29.569993235543393,0.2165707,33.99151582270861,0,225,2024,8
2024-08-13,29.929993227496766,0.21900985,34.03271581046283,1,226,2024,8
2024-08-14,29.98999322615566,0.22196698,34.0708639472723,0,227,2024,8
2024-08-15,29.98999322615566,0.19444121,34.08307135105133,1,228,2024,8
2024-08-16,29.899993228167318,0.25283644,34.01440470479429,0,229,2024,8
2024-08-17,29.809993230178975,0.24903414,34.00982692837715,0,230,2024,8
2024-08-18,29.769993231073045,0.23342493,34.06323431991041,0,231,2024,8
2024-08-19,30.199993221461796,0.3202371,34.031189884990454,0,232,2024,8
2024-08-20,30.389993217214965,0.3666895,33.89996029436588,0,233,2024,8
2024-08-21,30.51999321430924,0.66432977,33.94116028212011,0,234,2024,8
2024-08-22,30.429993216320895,0.30267322,34.00982692837715,0,235,2024,8
2024-08-23,30.309993219003104,0.21272832,33.571886317804456,0,236,2024,8
2024-08-24,30.279993219673656,0.21878938,33.40250859037042,0,237,2024,8
2024-08-25,30.269993219897174,0.22091262,33.590197423473,0,238,2024,8
2024-08-26,30.20999322123828,0.22861718,33.776360331103206,0,239,2024,8
2024-08-27,30.189993221685313,0.21979202,33.78704180940986,0,240,2024,8
2024-08-28,30.129993223026418,0.19282836,33.777886256575584,1,241,2024,8
2024-08-29,29.93999322727325,0.19283248,33.78704180940986,0,242,2024,8
2024-08-30,29.859993229061388,0.19747642,33.619190007448196,0,243,2024,8
2024-08-31,29.779993230849527,0.18308818,33.63902703858912,0,244,2024,8
2024-09-01,29.689993232861184,0.1834975,33.727530715987086,0,245,2024,9
2024-09-02,29.66999323330822,0.20742922,33.6832788772881,0,246,2024,9
2024-09-03,29.609993234649323,0.29832092,33.63750111311674,0,247,2024,9
2024-09-04,29.609993234649323,0.36173126,33.590197423473,0,248,2024,9
2024-09-05,29.539993236213945,0.28407383,33.57493816874921,0,249,2024,9
2024-09-06,29.549993235990428,0.4583085,33.573412243276834,0,250,2024,9
2024-09-07,29.489993237331532,0.39815307,33.4971159696579,0,251,2024,9
2024-09-08,29.39999323934319,0.18381588,33.58867149800062,0,252,2024,9
2024-09-09,29.39999323934319,0.2220398,33.84197512641549,0,253,2024,9
2024-09-10,29.40999323911967,0.21447659,33.814508467912674,0,254,2024,9
2024-09-11,29.379993239790224,0.191929,33.764152927324176,0,255,2024,9
2024-09-12,29.239993242919468,0.19001575,33.80993069149554,0,256,2024,9
2024-09-13,29.109993245825194,0.19241707,33.61766408197582,0,257,2024,9
2024-09-14,29.149993244931125,0.1894323,33.561204839497805,0,258,2024,9
2024-09-15,29.159993244707607,0.18316834,33.52916040457785,0,259,2024,9
2024-09-16,29.179993244260572,0.24782331,33.5184789262712,0,260,2024,9
2024-09-17,29.179993244260572,0.38697734,33.35215304978192,0,261,2024,9
2024-09-18,29.12999324537816,0.5183344,33.33841972053051,0,262,2024,9
2024-09-19,29.079993246495746,0.5281605,33.32621231675148,0,263,2024,9
2024-09-20,29.069993246719264,0.5270346,33.330790093168616,0,264,2024,9
2024-09-21,29.159993244707607,0.5741139,33.31553083844483,0,265,2024,9
2024-09-22,29.16999324448409,0.55752826,33.40098266489804,0,266,2024,9
2024-09-23,29.299993241578363,0.59440154,33.58867149800062,0,267,2024,9
2024-09-24,29.389993239566707,0.41213873,33.70006405748427,0,268,2024,9
2024-09-25,29.35999324023726,0.43880317,33.7122714612633,0,269,2024,9
2024-09-26,29.28999324180188,0.33806893,33.393353037536144,0,270,2024,9
2024-09-27,29.339993240684294,0.32133856,33.24228641577065,0,271,2024,9
2024-09-28,29.339993240684294,0.2975613,33.24076049029827,0,272,2024,9
2024-09-29,29.229993243142985,0.25239274,33.33841972053051,0,273,2024,9
2024-09-30,29.119993245601677,0.25720352,33.34910119883716,0,274,2024,9
2024-10-01,29.05999324694278,0.22363481,33.333841944113374,0,275,2024,10
2024-10-02,29.119993245601677,0.2080182,33.36130860261619,0,276,2024,10
2024-10-03,29.149993244931125,0.22881642,33.60393075272441,0,277,2024,10
2024-10-04,29.12999324537816,0.28027767,33.68633072823286,0,278,2024,10
2024-10-05,29.0499932471663,0.25674945,33.49406411871314,0,279,2024,10
2024-10-06,29.699993232637667,0.2991548,33.26212344691157,0,280,2024,10
2024-10-07,29.9099932279438,0.35114706,33.05001980625093,0,281,2024,10
2024-10-08,29.919993227720283,0.30035314,33.008819818496704,0,282,2024,10
2024-10-09,29.9099932279438,0.2936509,33.030182775110006,0,283,2024,10
2024-10-10,29.93999322727325,0.19328547,33.0591753590852,0,284,2024,10
2024-10-11,29.97999322637918,0.19815555,33.26822714880109,0,285,2024,10
2024-10-12,29.98999322615566,0.20509794,33.56425669044256,0,286,2024,10
2024-10-13,29.929993227496766,0.22938968,33.716849237680435,0,287,2024,10
2024-10-14,29.759993231296562,0.23182675,33.823664020746946,0,288,2024,10
2024-10-15,30.079993224144005,0.20555733,33.81145661696792,0,289,2024,10
2024-10-16,30.079993224144005,0.37223053,33.90301214531064,0,290,2024,10
2024-10-17,30.069993224367522,0.31985745,33.97625656798482,0,291,2024,10
2024-10-18,29.889993228390836,0.2745159,33.92590102739632,0,292,2024,10
2024-10-19,29.809993230178975,0.24171565,33.945738058537245,0,293,2024,10
2024-10-20,29.729993231967114,0.35570186,33.994567673653364,0,294,2024,10
2024-10-21,29.6799932330847,0.35570186,34.03729358687997,0,295,2024,10
2024-10-22,29.55999323576691,0.35567144,33.85876030661166,0,296,2024,10
2024-10-23,29.469993237778567,0.61376065,33.69090850465,0,297,2024,10
2024-10-24,29.429993238672637,0.5317195,33.53373818099499,0,298,2024,10
2024-10-25,29.12999324537816,0.5320312,33.41929377056658,0,299,2024,10
2024-10-26,29.0499932471663,0.74036306,33.38572341017425,0,300,2024,10
2024-10-27,28.999993248283886,1.3499614,33.43302709981799,0,301,2024,10
2024-10-28,28.93999324962499,1.3525751,33.52153077721596,0,302,2024,10
2024-10-29,28.869993251189612,1.0643433,33.58104187063873,0,303,2024,10
2024-10-30,28.839993251860164,0.41771075,33.57646409422159,0,304,2024,10
2024-10-31,28.89999325051906,0.41770998,33.428449323400855,0,305,2024,10
2024-11-01,28.989993248507403,0.41938534,33.31553083844483,0,306,2024,11
2024-11-02,28.929993249848508,0.710506,33.39793081395328,0,307,2024,11
2024-11-03,28.869993251189612,0.5992677,33.742789970710874,0,308,2024,11
2024-11-04,28.809993252530717,0.47898355,33.86333808302879,0,309,2024,11
2024-11-05,28.489993259683274,0.73893285,33.53221225552261,0,310,2024,11
2024-11-06,28.329993263259553,0.41660836,33.45744190737605,0,311,2024,11
2024-11-07,28.729993254318856,0.3732358,33.44523450359702,0,312,2024,11
2024-11-08,28.949993249401473,0.40954348,33.620715932920575,0,313,2024,11
2024-11-09,29.309993241354846,0.3004118,33.97930841892958,0,314,2024,11
2024-11-10,29.16999324448409,0.3004118,34.049500990659,0,315,2024,11
2024-11-11,29.16999324448409,0.2753448,33.57799001969397,0,316,2024,11
2024-11-12,29.139993245154642,0.22698882,33.32621231675148,0,317,2024,11
2024-11-13,29.239993242919468,0.20535225,33.35825675167143,0,318,2024,11
2024-11-14,29.119993245601677,0.20227355,33.38267155922949,0,319,2024,11
2024-11-15,28.97999324873092,0.23270635,33.356730826199055,0,320,2024,11
2024-11-16,28.77999325320127,0.24963902,33.463545609265566,0,321,2024,11
2024-11-17,28.619993256777548,0.58194196,33.58256779611111,0,322,2024,11
2024-11-18,28.39999326169493,0.60546213,33.487960416823626,0,323,2024,11
2024-11-19,28.499993259459757,0.48796475,33.43150117434561,0,324,2024,11
2024-11-20,28.54999325834217,0.3917171,33.4467604290694,0,325,2024,11
2024-11-21,28.519993259012722,0.37818393,33.57036039233208,0,326,2024,11
2024-11-22,28.409993261471413,0.3610009,33.78093810752034,0,327,2024,11
2024-11-23,28.309993263706588,0.3728784,33.85265660472214,0,328,2024,11
2024-11-24,28.189993266388797,0.4889452,33.96252323873341,0,329,2024,11
2024-11-25,28.209993265941762,0.2811094,34.07544172368944,0,330,2024,11
2024-11-26,28.15999326705935,0.44478047,34.11206393502653,0,331,2024,11
2024-11-27,28.229993265494727,0.26821172,34.18988613411784,0,332,2024,11
2024-11-28,28.15999326705935,0.32722607,34.20514538884163,0,333,2024,11
2024-11-29,27.999993270635628,0.36344567,34.22498241998255,0,334,2024,11
2024-11-30,27.879993273317837,0.3412193,34.08154542557895,0,335,2024,11
2024-12-01,27.77999327555301,0.7184584,34.11816763691604,0,336,2024,12
2024-12-02,28.08999326862397,0.82215905,34.05560469254851,0,337,2024,12
2024-12-03,28.179993266612314,1.0530626,33.982360269874334,0,338,2024,12
2024-12-04,28.249993265047692,0.6492449,33.85876030661166,0,339,2024,12
2024-12-05,28.249993265047692,0.5599365,33.79467143677175,0,340,2024,12
2024-12-06,28.07999326884749,0.53668773,33.75652329996228,0,341,2024,12
2024-12-07,27.919993272423767,0.59145325,33.78551588393748,0,342,2024,12
2024-12-08,27.77999327555301,0.5914627,33.9274269528687,0,343,2024,12
2024-12-09,27.54999328069391,0.34928823,34.06018246896565,0,344,2024,12
2024-12-10,27.449993282929086,0.3327076,34.13190096616745,0,345,2024,12
2024-12-11,27.319993285834812,0.57098967,34.19141205959022,0,346,2024,12
2024-12-12,27.50999328158798,0.6191009,34.25550092943013,0,347,2024,12
2024-12-13,27.61999327912929,0.557414,34.32111572474241,0,348,2024,12
2024-12-14,27.689993277564668,0.4537176,34.3577379360795,0,349,2024,12
2024-12-15,27.649993278458737,0.45526522,34.37147126533091,0,350,2024,12
2024-12-16,27.65999327823522,0.4611801,34.391308296471834,0,351,2024,12
2024-12-17,27.57999328002336,0.6107534,34.36994533985853,0,352,2024,12
2024-12-18,27.599993279576324,0.58669835,34.35163423418999,0,353,2024,12
2024-12-19,27.57999328002336,0.5316359,34.34858238324523,0,354,2024,12
2024-12-20,27.4999932818115,0.52130455,34.293649066239595,0,355,2024,12
2024-12-21,27.439993283152603,0.49131134,34.30280461907387,0,356,2024,12
2024-12-22,27.2699932869524,0.59392136,34.305856470018625,0,357,2024,12
2024-12-23,27.15999328941109,0.70431894,34.330271277576685,0,358,2024,12
2024-12-24,27.059993291646265,0.89853376,34.150212071835995,0,359,2024,12
2024-12-25,26.92999329455199,0.8907435,33.87554548680782,0,360,2024,12
2024-12-26,26.739993298798822,1.5783451,34.305856470018625,0,361,2024,12
2024-12-27,26.61999330148103,1.5777544,34.26313055679202,0,362,2024,12
2024-12-28,26.629993301257514,0.59296477,34.2860194388777,1,363,2024,12
2024-12-29,26.5799933023751,0.5936275,34.30890832096338,0,364,2024,12
2024-12-30,26.61999330148103,0.5917252,34.3363749794662,0,365,2024,12
2024-12-31,26.68999329991641,0.8840007,34.331797203049064,0,366,2024,12
2025-01-01,26.76999329812827,1.0462515,34.30890832096338,0,1,2025,1
2025-01-02,26.789993297681235,0.69103795,34.282967587932944,0,2,2025,1
2025-01-03,26.789993297681235,0.46495372,34.293649066239595,0,3,2025,1
2025-01-04,26.8099932972342,0.416871,34.282967587932944,0,4,2025,1
2025-01-05,27.34999328516426,0.5631541,34.281441662460566,0,5,2025,1
2025-01-06,27.30999328605833,0.55350816,34.26618240773678,0,6,2025,1
2025-01-07,27.27999328672888,0.32840493,34.282967587932944,0,7,2025,1
2025-01-08,27.149993289634608,0.32840493,34.29822684265673,0,8,2025,1
2025-01-09,27.049993291869782,0.32840613,34.24787130206823,0,9,2025,1
2025-01-10,26.96999329365792,0.3239541,34.173100953921676,0,10,2025,1
2025-01-11,26.949993294104956,0.29040605,34.36231571249664,0,11,2025,1
2025-01-12,26.799993297457718,0.6935847,34.24024167470634,1,12,2025,1
2025-01-13,26.669993300363444,0.7548746,34.33484905399382,0,13,2025,1
2025-01-14,26.589993302151584,0.8400108,34.36384163796902,0,14,2025,1
2025-01-15,26.549993303045653,0.8256899,34.35926386155188,0,15,2025,1
2025-01-16,26.489993304386758,0.9014058,34.34553053230047,0,16,2025,1
2025-01-17,26.509993303939723,1.2408305,34.330271277576685,0,17,2025,1
2025-01-18,26.53999330326917,2.0781193,34.29822684265673,0,18,2025,1
2025-01-19,26.449993305280827,1.7481129,34.25092315301299,0,19,2025,1
2025-01-20,26.439993305504345,0.6953669,34.21582686714828,0,20,2025,1
2025-01-21,26.389993306621932,0.43314755,34.220404643565416,0,21,2025,1
2025-01-22,26.37999330684545,0.43313465,34.232612047344446,0,22,2025,1
2025-01-23,26.509993303939723,0.6315228,34.220404643565416,0,23,2025,1
2025-01-24,26.789993297681235,0.68802613,34.22650834545493,0,24,2025,1
2025-01-25,26.819993297010683,0.67107254,34.22650834545493,0,25,2025,1
2025-01-26,26.869993295893096,0.8886399,34.22956019639969,0,26,2025,1
2025-01-27,26.72999329902234,0.7976382,34.22650834545493,0,27,2025,1
2025-01-28,26.669993300363444,1.147245,34.25397500395775,0,28,2025,1
2025-01-29,26.45999330505731,1.1061345,34.17767873033881,0,29,2025,1
2025-01-30,26.249993309751176,0.91733253,34.1639454010874,0,30,2025,1
2025-01-31,26.33999330773952,1.2046075,34.235663898289204,0,31,2025,1
2025-02-01,26.549993303045653,1.9733591,34.295174991711974,0,32,2025,2
2025-02-02,26.699993299692892,1.93837,34.342478681355715,0,33,2025,2
2025-02-03,26.68999329991641,1.0650419,34.365367563441396,0,34,2025,2
2025-02-04,26.599993301928066,1.3880844,34.2860194388777,0,35,2025,2
2025-02-05,26.5799933023751,0.70811236,34.1639454010874,0,36,2025,2
2025-02-06,26.589993302151584,0.70811236,34.031189884990454,0,37,2025,2
2025-02-07,26.49999330416324,0.85533595,34.0205084066838,1,38,2025,2
2025-02-08,26.439993305504345,0.8594735,34.10443430766463,0,39,2025,2
2025-02-09,26.389993306621932,0.89762473,34.13495281711221,0,40,2025,2
2025-02-10,26.359993307292484,1.5394474,34.14716022089124,0,41,2025,2
2025-02-11,26.30999330841007,1.56241,34.18225650675595,0,42,2025,2
2025-02-12,26.369993307068967,2.1317754,34.20361946336925,0,43,2025,2
2025-02-13,26.8099932972342,2.2083826,34.186834283173084,0,44,2025,2
2025-02-14,26.8099932972342,1.1645515,34.174626879394054,0,45,2025,2
2025-02-15,26.96999329365792,0.70272124,34.07544172368944,1,46,2025,2
2025-02-16,27.049993291869782,0.69778126,33.956419536843896,0,47,2025,2
2025-02-17,26.939993294328474,0.64856714,33.90453807078302,0,48,2025,2
2025-02-18,26.799993297457718,0.5631125,33.922849176451564,0,49,2025,2
2025-02-19,26.65999330058696,0.57326317,34.03576766140759,0,50,2025,2
2025-02-20,26.549993303045653,0.5732624,34.17920465581119,0,51,2025,2
2025-02-21,26.489993304386758,0.630331,34.293649066239595,0,52,2025,2
2025-02-22,26.409993306174897,2.5340314,34.33942683041096,0,53,2025,2
2025-02-23,26.279993309080623,2.5028002,34.38520459458232,0,54,2025,2
2025-02-24,26.209993310645245,2.5899687,34.42182680591941,0,55,2025,2
2025-02-25,26.169993311539315,1.7142017,34.42030088044703,0,56,2025,2
2025-02-26,26.199993310868763,1.0001417,34.4294564332813,0,57,2025,2
2025-02-27,26.169993311539315,1.2394468,34.440137911587954,0,58,2025,2
2025-02-28,26.159993311762832,1.2104306,34.45692309178412,0,59,2025,2
2025-03-01,26.25999330952766,1.184614,34.401989774778485,0,60,2025,3
2025-03-02,26.239993309974693,1.7267463,34.354686085134745,0,61,2025,3
2025-03-03,26.469993304833793,1.7266861,34.295174991711974,0,62,2025,3
2025-03-04,26.759993298351787,1.7482076,34.25550092943013,0,63,2025,3
2025-03-05,26.869993295893096,1.1007918,34.21735279262066,0,64,2025,3
2025-03-06,26.949993294104956,0.5815527,34.16699725203216,0,65,2025,3
2025-03-07,26.859993296116613,0.6474817,34.125797264277935,0,66,2025,3
2025-03-08,26.91999329477551,0.55571836,34.11816763691604,0,67,2025,3
2025-03-09,26.87999329566958,0.9494036,34.12884911522269,0,68,2025,3
2025-03-10,26.709993299469375,0.7996226,34.148686146363616,0,69,2025,3
2025-03-11,26.8099932972342,1.3303367,34.17920465581119,0,70,2025,3
2025-03-12,26.8099932972342,0.65417886,34.20209353789687,0,71,2025,3
2025-03-13,26.88999329544606,0.7860445,34.21582686714828,0,72,2025,3
2025-03-14,26.949993294104956,0.99215955,34.211249090731144,1,73,2025,3
2025-03-15,26.92999329455199,0.6866926,34.2143009416759,0,74,2025,3
2025-03-16,26.95999329388144,0.43235287,34.24024167470634,0,75,2025,3
2025-03-17,26.99999329298737,0.48693952,34.244819451123476,0,76,2025,3
2025-03-18,27.0399932920933,0.4952037,34.25550092943013,0,77,2025,3
2025-03-19,27.11999329030516,0.4907157,34.258552780374885,0,78,2025,3
2025-03-20,27.089993290975713,0.48699367,34.281441662460566,0,79,2025,3
2025-03-21,27.07999329119923,0.66139466,34.29975276812911,0,80,2025,3
2025-03-22,27.109993290528678,0.43046644,34.3150120228529,0,81,2025,3
2025-03-23,26.819993297010683,0.46001923,34.31196017190814,0,82,2025,3
2025-03-24,26.8099932972342,0.4985382,34.305856470018625,0,83,2025,3
2025-03-25,26.95999329388144,0.7487697,34.282967587932944,1,84,2025,3
2025-03-26,27.27999328672888,0.73238873,34.26313055679202,0,85,2025,3
2025-03-27,27.379993284493708,0.5238904,34.244819451123476,0,86,2025,3
2025-03-28,27.299993286281847,0.33645985,34.20514538884163,0,87,2025,3
2025-03-29,27.249993287399434,0.51314926,34.19141205959022,1,88,2025,3
2025-03-30,27.22999328784647,0.52615863,34.18073058128357,0,89,2025,3
2025-03-31,27.459993282705568,0.42383447,34.186834283173084,0,90,2025,3
2025-04-01,27.53999328091743,0.9802271,34.23108612187207,0,91,2025,4
2025-04-02,27.419993283599638,0.6441981,34.27381203509867,0,92,2025,4
2025-04-03,27.34999328516426,0.4778541,34.29975276812911,0,93,2025,4
2025-04-04,27.319993285834812,0.47742465,34.295174991711974,0,94,2025,4
2025-04-05,27.42999328337612,0.45765418,34.2860194388777,0,95,2025,4
2025-04-06,27.4999932818115,0.7156401,34.270760184153914,0,96,2025,4
2025-04-07,27.439993283152603,0.61188334,34.27533796057105,0,97,2025,4
2025-04-08,27.69999327734115,0.50441074,34.27228610962629,0,98,2025,4
2025-04-09,27.709993277117633,0.6143366,34.27228610962629,0,99,2025,4
2025-04-10,27.669993278011702,0.5755407,34.26007870584726,0,100,2025,4
2025-04-11,27.65999327823522,0.39613277,34.25092315301299,0,101,2025,4
2025-04-12,27.839993274211906,0.27691224,34.235663898289204,0,102,2025,4
2025-04-13,27.84999327398839,0.37778196,34.24024167470634,0,103,2025,4
2025-04-14,27.719993276894115,0.48837146,34.26160463131964,0,104,2025,4
2025-04-15,27.989993270859145,0.4626446,34.31196017190814,0,105,2025,4
2025-04-16,28.379993262141966,0.39926308,34.366893488913774,0,106,2025,4
2025-04-17,28.309993263706588,0.7848823,34.38062681816518,0,107,2025,4
2025-04-18,28.379993262141966,0.60570693,34.38367866910994,0,108,2025,4
2025-04-19,28.099993268400453,0.75508076,34.41114532761276,0,109,2025,4
2025-04-20,28.039993269741558,0.52699095,34.41114532761276,0,110,2025,4
2025-04-21,27.829993274435424,0.33555034,34.414197178557515,0,111,2025,4
2025-04-22,28.799993252754234,0.4790079,34.39741199836135,0,112,2025,4
2025-04-23,28.919993250072025,0.37380543,34.37299719080329,0,113,2025,4
2025-04-24,28.93999324962499,0.3408092,34.36231571249664,0,114,2025,4
2025-04-25,28.78999325297775,0.37163645,34.35010830871761,0,115,2025,4
2025-04-26,28.74999325387182,0.39182818,34.35621201060712,0,116,2025,4
2025-04-27,28.679993255436443,0.37131792,34.36994533985853,1,117,2025,4
2025-04-28,28.599993257224583,0.43421236,34.377574967220426,0,118,2025,4
2025-04-29,28.42999326102438,0.63638866,34.43250828422606,0,119,2025,4
2025-04-30,28.459993260353826,0.44575515,34.44471568800509,0,120,2025,4
2025-05-01,28.50999325923624,0.3627146,34.450819389894605,0,121,2025,5
2025-05-02,28.309993263706588,0.35630342,34.43250828422606,0,122,2025,5
2025-05-03,28.369993262365483,0.36978316,34.43098235875368,0,123,2025,5
2025-05-04,28.42999326102438,0.52073497,34.42182680591941,0,124,2025,5
2025-05-05,28.889993250742577,0.7451209,34.377574967220426,0,125,2025,5
2025-05-06,29.079993246495746,0.48947042,34.33484905399382,0,126,2025,5
2025-05-07,29.229993243142985,0.26449546,34.28754536435008,0,127,2025,5
2025-05-08,29.039993247389816,0.378009,34.28754536435008,0,128,2025,5
2025-05-09,29.239993242919468,0.40609816,34.27228610962629,0,129,2025,5
2025-05-10,29.269993242248916,0.30652595,34.27533796057105,0,130,2025,5
2025-05-11,29.619993234425806,0.35977742,34.28907128982246,1,131,2025,5
2025-05-12,29.769993231073045,0.21569692,34.29059721529484,0,132,2025,5
2025-05-13,29.659993233531736,0.41268003,34.27991573698819,0,133,2025,5
2025-05-14,29.659993233531736,0.25339264,34.27381203509867,0,134,2025,5
2025-05-15,29.35999324023726,0.27634284,34.28449351340532,0,135,2025,5
2025-05-16,29.239993242919468,0.32075137,34.295174991711974,0,136,2025,5
2025-05-17,29.159993244707607,0.30908707,34.34858238324523,0,137,2025,5
2025-05-18,29.279993242025398,0.36114538,34.377574967220426,0,138,2025,5
2025-05-19,29.219993243366503,0.37231493,34.38215274363756,0,139,2025,5
2025-05-20,29.32999324090781,0.4313084,34.37147126533091,0,140,2025,5
2025-05-21,29.149993244931125,0.47397262,34.36231571249664,0,141,2025,5
2025-05-22,29.079993246495746,0.38909492,34.33942683041096,0,142,2025,5
2025-05-23,29.069993246719264,0.4440747,34.31348609738052,0,143,2025,5
2025-05-24,29.08999324627223,0.44044152,34.27228610962629,0,144,2025,5
2025-05-25,29.16999324448409,0.43290776,34.258552780374885,0,145,2025,5
2025-05-26,29.229993243142985,0.45200017,34.23108612187207,0,146,2025,5
2025-05-27,29.20999324359002,0.4419954,34.223456494510174,0,147,2025,5
2025-05-28,29.179993244260572,0.3900931,34.174626879394054,0,148,2025,5
2025-05-29,29.149993244931125,0.30377355,34.15173799730837,0,149,2025,5
2025-05-30,29.259993242472433,0.366395,34.19141205959022,0,150,2025,5
2025-05-31,29.419993238896154,0.42496562,34.19446391053498,0,151,2025,5
2025-06-01,29.619993234425806,0.52746713,34.18378243222833,0,152,2025,6
2025-06-02,29.649993233755254,0.63642454,34.173100953921676,0,153,2025,6
2025-06-03,29.71999323219063,0.25763577,34.17004910297692,0,154,2025,6
2025-06-04,29.699993232637667,0.30387264,34.15784169919789,0,155,2025,6
2025-06-05,29.699993232637667,0.30455,34.113589860498905,0,156,2025,6
2025-06-06,29.71999323219063,0.27740338,33.89996029436588,0,157,2025,6
2025-06-07,29.759993231296562,0.27540213,33.585619647055864,0,158,2025,6
2025-06-08,29.729993231967114,0.3332434,33.81145661696792,0,159,2025,6
2025-06-09,29.71999323219063,0.5277711,33.922849176451564,0,160,2025,6
2025-06-10,29.769993231073045,0.63771415,33.82824179716408,0,161,2025,6
2025-06-11,29.769993231073045,0.64649975,33.77941218204796,0,162,2025,6
2025-06-12,29.729993231967114,0.63530177,33.83129364810884,0,163,2025,6
2025-06-13,29.66999323330822,0.63551575,33.85723438113928,0,164,2025,6
2025-06-14,29.579993235319876,0.50553656,33.91369362361729,0,165,2025,6
2025-06-15,29.549993235990428,0.29768473,33.98541212081909,0,166,2025,6
2025-06-16,29.55999323576691,0.28155598,34.052552841603756,0,167,2025,6
2025-06-17,29.63999323397877,0.2859253,34.15784169919789,0,168,2025,6
2025-06-18,29.659993233531736,0.40595064,34.232612047344446,0,169,2025,6
2025-06-19,29.6799932330847,0.35774836,34.269234258681536,0,170,2025,6
2025-06-20,29.609993234649323,0.3883577,34.269234258681536,0,171,2025,6
2025-06-21,29.529993236437463,0.37110105,34.269234258681536,0,172,2025,6
2025-06-22,29.429993238672637,0.39642665,34.26770833320916,0,173,2025,6
2025-06-23,29.509993236884497,0.38677812,34.244819451123476,0,174,2025,6
2025-06-24,29.589993235096358,0.3549877,34.18836020864546,0,175,2025,6
2025-06-25,29.539993236213945,0.381372,34.14716022089124,0,176,2025,6
2025-06-26,29.469993237778567,0.36322528,34.12274541333318,0,177,2025,6
2025-06-27,29.459993238002085,0.3949912,34.08612320199609,0,178,2025,6
2025-06-28,29.419993238896154,0.28284964,33.98541212081909,0,179,2025,6
2025-06-29,29.419993238896154,0.28321952,33.84350105188787,0,180,2025,6
2025-06-30,29.36999324001374,0.30201387,33.70006405748427,0,181,2025,6
2025-07-01,29.36999324001374,0.40172014,33.61308630555868,0,182,2025,7
2025-07-02,29.419993238896154,0.4095445,33.66344184614718,0,183,2025,7
2025-07-03,29.43999323844912,0.34018552,33.742789970710874,0,184,2025,7
2025-07-04,29.469993237778567,0.22785021,33.71379738673568,0,185,2025,7
2025-07-05,29.469993237778567,0.19377635,33.73210849240422,0,186,2025,7
2025-07-06,29.429993238672637,0.19388159,33.777886256575584,2,187,2025,7
2025-07-07,29.36999324001374,0.2184979,33.85418253019452,0,188,2025,7
2025-07-08,29.309993241354846,0.22399414,33.86486400850117,1,189,2025,7
2025-07-09,29.279993242025398,0.2003027,33.86638993397355,0,190,2025,7
2025-07-10,29.309993241354846,0.21554393,33.81756031885743,0,191,2025,7
2025-07-11,29.24999324269595,0.20142196,33.73668626882136,0,192,2025,7
2025-07-12,29.269993242248916,0.20126617,33.68938257917762,0,193,2025,7
2025-07-13,29.24999324269595,0.26034638,33.764152927324176,0,194,2025,7
2025-07-14,29.279993242025398,0.24540001,33.85265660472214,0,195,2025,7
2025-07-15,29.269993242248916,0.24535885,33.80382698960602,0,196,2025,7
2025-07-16,29.28999324180188,0.24536125,33.7122714612633,0,197,2025,7
2025-07-17,29.229993243142985,0.24537162,33.60240482725203,0,198,2025,7
2025-07-18,29.189993244037055,0.24539486,33.56273076497018,0,199,2025,7
2025-07-19,29.179993244260572,0.26472807,33.48643449135125,0,200,2025,7
2025-07-20,29.119993245601677,0.31461164,33.428449323400855,0,201,2025,7
2025-07-21,29.0499932471663,0.36669248,33.391827112063766,0,202,2025,7
2025-07-22,29.0499932471663,0.36669248,33.37046415545046,0,203,2025,7
2025-07-23,29.0499932471663,0.36669248,33.34147157147527,0,204,2025,7
2025-07-24,29.029993247613334,0.3669659,33.33536786958575,0,205,2025,7
2025-07-25,29.279993242025398,0.3655013,33.31705676391721,0,206,2025,7
2025-07-26,29.339993240684294,0.35613793,33.32773824222386,0,207,2025,7
2025-07-27,29.39999323934319,0.3628677,33.32926416769624,0,208,2025,7
2025-07-28,29.32999324090781,0.41387033,33.344523422420025,0,209,2025,7
2025-07-29,29.35999324023726,0.37794262,33.34757527336478,0,210,2025,7
2025-07-30,29.429993238672637,0.2662057,33.35215304978192,0,211,2025,7
2025-07-31,29.51999323666098,0.2940267,33.391827112063766,0,212,2025,7
2025-08-01,29.569993235543393,0.28242007,33.45591598190367,0,213,2025,8
2025-08-02,29.389993239566707,0.24088253,33.56730854138732,0,214,2025,8
2025-08-03,29.649993233755254,0.21453093,33.6619159206748,0,215,2025,8
2025-08-04,29.569993235543393,0.23627329,33.751945523545146,0,216,2025,8
2025-08-05,29.729993231967114,0.16678543,33.957945462316275,0,217,2025,8
2025-08-06,29.6799932330847,0.22402184,33.982360269874334,0,218,2025,8
2025-08-07,29.63999323397877,0.2613152,33.910641772672534,0,219,2025,8
2025-08-08,29.549993235990428,0.26984826,33.7122714612633,0,220,2025,8
2025-08-09,30.159993222355865,0.3190594,33.622241858392954,0,221,2025,8
2025-08-10,30.29999321922662,0.36153573,33.751945523545146,1,222,2025,8
2025-08-11,30.51999321430924,0.46529806,33.838923275470734,0,223,2025,8
2025-08-12,30.279993219673656,0.4537731,33.896908443421125,0,224,2025,8
2025-08-13,30.049993224814557,0.42796737,33.77178255468607,0,225,2025,8
2025-08-14,29.919993227720283,0.4472766,33.52916040457785,0,226,2025,8
2025-08-15,29.78999323062601,0.25427893,33.51695300079882,0,227,2025,8
2025-08-16,29.729993231967114,0.2606356,33.417767845094204,0,228,2025,8
2025-08-17,29.779993230849527,0.2692817,33.44370857812464,0,229,2025,8
2025-08-18,29.6799932330847,0.19525728,33.643604815006256,0,230,2025,8
2025-08-19,29.619993234425806,0.23012722,33.58714557252824,0,231,2025,8
2025-08-20,29.569993235543393,0.23542021,33.66649369709194,0,232,2025,8
2025-08-21,29.62999323420229,0.24605018,33.55357521213591,0,233,2025,8
2025-08-22,29.589993235096358,0.24575576,33.52153077721596,0,234,2025,8
2025-08-23,29.529993236437463,0.28008044,33.439130801707506,0,235,2025,8
2025-08-24,29.539993236213945,0.40221354,33.32773824222386,0,236,2025,8
2025-08-25,29.579993235319876,0.3534371,33.248390117660165,0,237,2025,8
2025-08-26,29.579993235319876,0.25710556,33.260597521439195,0,238,2025,8
2025-08-27,29.59999323487284,0.22717439,33.21787160821259,0,239,2025,8
2025-08-28,29.579993235319876,0.22036424,32.99813834019005,0,240,2025,8
2025-08-29,29.429993238672637,0.35012916,32.81807913444936,0,241,2025,8
2025-08-30,29.389993239566707,0.24272032,32.75856804102659,0,242,2025,8
2025-08-31,29.339993240684294,0.23690946,32.5785088352859,0,243,2025,8
2025-09-01,29.269993242248916,0.2886802,32.84859764389694,0,244,2025,9
2025-09-02,29.259993242472433,0.2959349,32.84707171842456,0,245,2025,9
2025-09-03,29.219993243366503,0.2636562,32.84859764389694,0,246,2025,9
2025-09-04,29.239993242919468,0.28577054,32.815027283504605,0,247,2025,9
2025-09-05,29.199993243813537,0.2806348,32.924893917515874,0,248,2025,9
2025-09-06,29.339993240684294,0.26017246,33.03628647699952,0,249,2025,9
2025-09-07,29.339993240684294,0.29136127,33.16904199309647,0,250,2025,9
2025-09-08,29.309993241354846,0.2651776,33.31553083844483,0,251,2025,9
2025-09-09,29.239993242919468,0.20745976,33.463545609265566,0,252,2025,9
2025-09-10,29.229993243142985,0.20818235,33.429975248873234,0,253,2025,9
2025-09-11,29.119993245601677,0.24176864,33.48338264040649,0,254,2025,9
2025-09-12,29.029993247613334,0.22282858,33.535264106467366,0,255,2025,9
2025-09-13,28.929993249848508,0.22222117,33.590197423473,0,256,2025,9
2025-09-14,28.989993248507403,0.2289008,33.33841972053051,0,257,2025,9
2025-09-15,29.00999324806037,0.23309796,33.35062712430954,0,258,2025,9
2025-09-16,29.039993247389816,0.22389302,33.06985683739185,0,259,2025,9
2025-09-17,29.40999323911967,0.25741512,32.696005096659064,0,260,2025,9
2025-09-18,29.549993235990428,0.26449564,32.825708761811256,0,261,2025,9
2025-09-19,29.619993234425806,0.2767177,33.08206424117088,0,262,2025,9
2025-09-20,29.549993235990428,0.27287096,33.23313086293638,0,263,2025,9
2025-09-21,29.589993235096358,0.2742056,33.234656788408756,0,264,2025,9
2025-09-22,29.449993238225602,0.27680317,33.152256812900305,0,265,2025,9
2025-09-23,29.379993239790224,0.24257226,32.984405010938644,0,266,2025,9
2025-09-24,29.31999324113133,0.24647202,32.876064302399755,0,267,2025,9
2025-09-25,29.309993241354846,0.25819984,33.05154573172331,0,268,2025,9
2025-09-26,29.35999324023726,0.2621191,32.77077544480562,0,269,2025,9
2025-09-27,29.389993239566707,0.2551952,32.32520520687103,0,270,2025,9
2025-09-28,29.35999324023726,0.29433218,32.42439036257565,0,271,2025,9
2025-09-29,29.259993242472433,0.4374655,32.98898278735578,0,272,2025,9
2025-09-30,29.139993245154642,0.4517406,32.97372353263199,0,273,2025,9
2025-10-01,29.08999324627223,0.42162395,32.71279027685523,0,274,2025,10
2025-10-02,29.139993245154642,0.4216013,33.05154573172331,0,275,2025,10
2025-10-03,29.159993244707607,0.29873246,32.79671617783606,0,276,2025,10
2025-10-04,29.589993235096358,0.30203325,32.37250889651477,0,277,2025,10
2025-10-05,29.6799932330847,0.24577552,32.68532361835241,0,278,2025,10
2025-10-06,29.62999323420229,0.4913938,33.15530866384506,0,279,2025,10
2025-10-07,29.579993235319876,0.49133727,33.01339759491384,0,280,2025,10
2025-10-08,29.499993237108015,0.28009567,32.85775319673121,0,281,2025,10
2025-10-09,29.449993238225602,0.27514488,32.287057070061564,0,282,2025,10
2025-10-10,29.569993235543393,0.2726529,32.26569411344826,0,283,2025,10
2025-10-11,29.699993232637667,0.23656447,32.21076079644263,0,284,2025,10
2025-10-12,29.729993231967114,0.34436825,32.41676073521376,0,285,2025,10
2025-10-13,29.649993233755254,0.33487898,32.96304205432534,0,286,2025,10
2025-10-14,29.469993237778567,0.24897164,33.213293831795454,0,287,2025,10
2025-10-15,29.36999324001374,0.3360674,33.11105682514608,0,288,2025,10
2025-10-16,29.219993243366503,0.2993322,33.22092345915735,0,289,2025,10
2025-10-17,29.189993244037055,0.2603046,33.16599014215171,0,290,2025,10
2025-10-18,29.12999324537816,0.3011724,32.876064302399755,0,291,2025,10
2025-10-19,28.909993250295543,0.32234102,32.42133851163089,0,292,2025,10
2025-10-20,28.829993252083682,0.34077993,32.357249641790986,0,293,2025,10
2025-10-21,28.989993248507403,0.2792821,32.86843467503786,0,294,2025,10
2025-10-22,29.08999324627223,0.36759362,33.00576796755195,1,295,2025,10
2025-10-23,29.16999324448409,0.25501105,33.130893856287,0,296,2025,10
2025-10-24,29.149993244931125,0.28941864,33.16599014215171,0,297,2025,10
2025-10-25,29.179993244260572,0.30343166,33.18582717329264,0,298,2025,10
2025-10-26,29.09999324604871,0.28167623,33.20871605537832,0,299,2025,10
2025-10-27,29.039993247389816,0.26446003,33.22855308651924,0,300,2025,10
2025-10-28,28.969993248954438,0.22226241,33.04696795530617,0,301,2025,10
2025-10-29,29.029993247613334,0.25244078,32.862330973148346,0,302,2025,10
2025-10-30,28.989993248507403,0.21952173,32.76467174291611,0,303,2025,10
2025-10-31,29.59999323487284,0.20031103,32.78756062500179,0,304,2025,10
2025-11-01,29.86999322883787,0.25571963,33.1598864402622,0,305,2025,11
2025-11-02,29.819993229955458,0.19615486,33.44828635454178,0,306,2025,11
2025-11-03,29.9099932279438,0.19615497,33.631397411227226,0,307,2025,11
2025-11-04,29.759993231296562,0.19660872,33.81756031885743,0,308,2025,11
2025-11-05,29.0499932471663,0.5035566,33.706167759373784,0,309,2025,11
2025-11-06,28.849993251636647,0.5070431,33.45896783284843,0,310,2025,11
2025-11-07,28.78999325297775,0.41860753,33.64970851689577,0,311,2025,11
2025-11-08,28.619993256777548,0.4136337,33.777886256575584,0,312,2025,11
2025-11-09,28.619993256777548,0.4136744,33.884701039642096,0,313,2025,11
2025-11-10,28.47999325990679,0.3655354,33.356730826199055,0,314,2025,11
2025-11-11,28.459993260353826,0.36553565,33.24381234124303,0,315,2025,11
2025-11-12,28.46999326013031,0.59910345,33.10037534683943,0,316,2025,11
2025-11-13,28.369993262365483,0.736119,32.99966426566243,0,317,2025,11
2025-11-14,28.309993263706588,0.9752457,32.97524945810437,0,318,2025,11
2025-11-15,28.19999326616528,2.0775692,33.25601974502206,0,319,2025,11
2025-11-16,28.039993269741558,0.8682193,33.63902703858912,0,320,2025,11
2025-11-17,27.8999932728708,0.8000034,33.765678852796555,0,321,2025,11
2025-11-18,27.919993272423767,0.68963355,33.814508467912674,0,322,2025,11
2025-11-19,27.84999327398839,0.5518353,33.86333808302879,0,323,2025,11
2025-11-20,27.839993274211906,0.5475124,33.88317511416972,0,324,2025,11
2025-11-21,27.649993278458737,0.5763438,33.8770714122802,0,325,2025,11
2025-11-22,27.689993277564668,0.5008277,33.835871424525976,0,326,2025,11
2025-11-23,27.759993276000046,0.3549702,33.7549973744899,0,327,2025,11
2025-11-24,27.799993275105976,0.43774256,33.70921961031854,0,328,2025,11
2025-11-25,27.77999327555301,0.8680376,33.69853813201189,0,329,2025,11
2025-11-26,27.789993275329493,0.8753825,33.66344184614718,0,330,2025,11
2025-11-27,28.43999326080086,1.2064339,33.49559004418552,0,331,2025,11
2025-11-28,28.85999325141313,0.7614224,33.367412304505706,0,332,2025,11
2025-11-29,28.879993250966095,0.6164077,33.32926416769624,0,333,2025,11
2025-11-30,29.199993243813537,0.5840028,33.35062712430954,0,334,2025,11
2025-12-01,29.259993242472433,0.4830198,33.38724933564663,0,335,2025,12
2025-12-02,29.349993240460776,0.5875612,33.442182652652264,0,336,2025,12
2025-12-03,29.449993238225602,0.45924175,33.487960416823626,1,337,2025,12
2025-12-04,29.269993242248916,0.4442054,33.54441965930164,0,338,2025,12
2025-12-05,29.09999324604871,0.44424108,33.66038999520242,0,339,2025,12
2025-12-06,28.85999325141313,0.4552511,33.76873070374131,0,340,2025,12
2025-12-07,28.62999325655403,3.09082,33.77941218204796,0,341,2025,12
2025-12-08,28.419993261247896,3.088267,33.81756031885743,0,342,2025,12
2025-12-09,28.019993270188593,3.3334973,33.84197512641549,0,343,2025,12
2025-12-10,27.81999327465894,3.4448097,33.84655290283263,0,344,2025,12
2025-12-11,27.679993277788185,1.0373497,33.87859733775258,0,345,2025,12
2025-12-12,27.61999327912929,0.55505466,33.872493635863066,0,346,2025,12
2025-12-13,27.54999328069391,0.5411895,33.88775289058685,0,347,2025,12
2025-12-14,27.4999932818115,0.56153923,33.919797325506806,0,348,2025,12
2025-12-15,27.46999328248205,0.77720654,33.945738058537245,0,349,2025,12
2025-12-16,27.46999328248205,0.698373,33.970152866095304,0,350,2025,12
2025-12-17,27.419993283599638,0.4742688,33.9991454500705,0,351,2025,12
2025-12-18,27.46999328248205,0.4848093,34.054078767076135,0,352,2025,12
2025-12-19,27.489993282035016,0.8267976,34.10596023313701,1,353,2025,12
2025-12-20,27.61999327912929,0.8575734,34.115115785971284,0,354,2025,12
2025-12-21,27.629993278905772,0.8874539,34.12274541333318,0,355,2025,12
2025-12-22,27.54999328069391,1.0733063,34.15631577372551,0,356,2025,12
2025-12-23,27.379993284493708,0.4933188,34.185308357700706,0,357,2025,12
2025-12-24,27.299993286281847,0.46985796,34.19598983600736,0,358,2025,12
2025-12-25,27.19999328851702,0.8629904,34.185308357700706,0,359,2025,12
2025-12-26,27.139993289858126,0.5424995,34.18988613411784,0,360,2025,12
2025-12-27,27.129993290081643,0.33806765,34.19446391053498,0,361,2025,12
2025-12-28,27.27999328672888,0.44105893,34.18378243222833,0,362,2025,12
2025-12-29,27.27999328672888,0.36253726,34.20209353789687,0,363,2025,12
2025-12-30,27.319993285834812,0.53811455,34.281441662460566,0,364,2025,12
2025-12-31,27.23999328762295,0.48476863,34.32721942663193,0,365,2025,12
2026-01-01,27.18999328874054,0.42325953,34.342478681355715,0,1,2026,1
2026-01-02,27.069993291422747,0.34674558,34.36078978702426,0,2,2026,1
2026-01-03,27.019993292540335,0.35030782,34.366893488913774,0,3,2026,1
2026-01-04,26.989993293210887,0.32525128,34.33790090493858,0,4,2026,1
2026-01-05,26.909993294999026,0.33733824,34.31196017190814,0,5,2026,1
2026-01-06,26.789993297681235,0.4268297,34.3577379360795,0,6,2026,1
2026-01-07,26.679993300139927,0.8119815,33.7336344178766,0,7,2026,1
2026-01-08,26.56999330259862,1.0234234,33.74431589618325,0,8,2026,1
2026-01-09,26.519993303716205,1.3510647,34.26313055679202,0,9,2026,1
2026-01-10,26.839993296563648,1.4342868,34.2860194388777,0,10,2026,1
2026-01-11,27.0399932920933,1.4296376,34.33484905399382,0,11,2026,1
2026-01-12,27.07999329119923,1.2441976,34.37147126533091,0,12,2026,1
2026-01-13,26.909993294999026,0.64675236,34.39283422194421,0,13,2026,1
2026-01-14,26.799993297457718,0.6760632,34.39283422194421,0,14,2026,1
2026-01-15,26.719993299245857,0.71715564,34.389782370999455,0,15,2026,1
2026-01-16,26.599993301928066,0.3343873,34.342478681355715,0,16,2026,1
2026-01-17,26.53999330326917,0.439025,34.25550092943013,0,17,2026,1
2026-01-18,26.65999330058696,0.44716108,34.26618240773678,1,18,2026,1
2026-01-19,26.829993296787165,0.5385544,34.258552780374885,0,19,2026,1
2026-01-20,26.699993299692892,1.2863622,34.24787130206823,0,20,2026,1
2026-01-21,26.329993307963036,0.9079095,34.22803427092731,0,21,2026,1
2026-01-22,26.179993311315798,1.4962857,34.20514538884163,0,22,2026,1
2026-01-23,26.089993313327454,0.6490225,34.20361946336925,0,23,2026,1
2026-01-24,26.139993312209867,2.0548544,34.220404643565416,0,24,2026,1
2026-01-25,26.049993314221524,2.0552752,34.24939722754061,0,25,2026,1
2026-01-26,26.089993313327454,0.42412546,34.27533796057105,0,26,2026,1
2026-01-27,26.06999331377449,0.4204621,34.31348609738052,0,27,2026,1
2026-01-28,26.349993307516,0.7437368,34.35010830871761,0,28,2026,1
2026-01-29,26.37999330684545,1.3703753,34.366893488913774,0,29,2026,1
2026-01-30,26.37999330684545,0.72377497,34.38825644552708,0,30,2026,1
2026-01-31,26.30999330841007,0.66343594,34.377574967220426,0,31,2026,1
2026-02-01,26.37999330684545,0.6852457,34.353160159662366,0,32,2026,2
2026-02-02,26.439993305504345,0.6819927,34.330271277576685,0,33,2026,2
2026-02-03,26.209993310645245,0.4581267,34.319589799270034,0,34,2026,2
2026-02-04,26.059993313998007,0.63476884,34.31196017190814,0,35,2026,2
2026-02-05,25.99999331533911,0.6346583,34.31348609738052,0,36,2026,2
2026-02-06,25.9499933164567,0.47667822,34.29059721529484,0,37,2026,2
2026-02-07,25.909993317350768,0.4762498,34.25244907848537,0,38,2026,2
2026-02-08,25.899993317574285,0.47326612,34.19141205959022,0,39,2026,2
2026-02-09,25.899993317574285,0.47323725,34.23871574923396,0,40,2026,2
2026-02-10,25.939993316680216,0.43860614,34.18988613411784,1,41,2026,2
2026-02-11,25.969993316009663,0.2668677,34.13190096616745,0,42,2026,2
2026-02-12,26.099993313103937,0.2509803,34.162419475615025,0,43,2026,2
2026-02-13,26.049993314221524,0.27403125,34.21277501620352,0,44,2026,2
2026-02-14,25.979993315786146,0.29465255,34.20209353789687,0,45,2026,2
2026-02-15,26.049993314221524,0.30580094,34.186834283173084,0,46,2026,2
2026-02-16,25.979993315786146,0.4542201,34.21582686714828,0,47,2026,2
2026-02-17,25.91999331712725,0.42408395,34.258552780374885,0,48,2026,2
2026-02-18,25.819993319362425,0.2906082,34.28907128982246,0,49,2026,2
2026-02-19,25.779993320256494,0.23140709,34.27838981151581,0,50,2026,2
2026-02-20,25.98999331556263,0.50225705,34.244819451123476,0,51,2026,2
2026-02-21,26.079993313550972,0.5254582,34.2432935256511,0,52,2026,2
2026-02-22,26.10999331288042,0.6293009,34.281441662460566,0,53,2026,2
2026-02-23,26.079993313550972,0.4819439,34.24939722754061,0,54,2026,2
2026-02-24,26.29999330863359,0.34711036,34.25550092943013,0,55,2026,2
2026-02-25,26.30999330841007,0.48225442,34.244819451123476,0,56,2026,2
2026-02-26,26.289993308857106,0.8719287,34.24787130206823,0,57,2026,2
2026-02-27,26.30999330841007,0.7607288,34.23718982376158,0,58,2026,2
2026-02-28,26.369993307068967,0.6760632,34.223456494510174,1,59,2026,2
2026-03-01,26.679993300139927,0.35368645,34.22803427092731,0,60,2026,3
2026-03-02,26.60999330170455,0.6378219,34.223456494510174,0,61,2026,3
2026-03-03,26.56999330259862,0.46827477,34.235663898289204,0,62,2026,3
2026-03-04,26.989993293210887,0.669023,34.24939722754061,0,63,2026,3
2026-03-05,27.219993288069986,1.0776529,34.24787130206823,0,64,2026,3
2026-03-06,27.179993288964056,0.6877855,34.258552780374885,0,65,2026,3
2026-03-07,27.089993290975713,1.0179814,34.27686388604343,0,66,2026,3
2026-03-08,26.95999329388144,0.79457545,34.30127869360149,0,67,2026,3
2026-03-09,26.699993299692892,0.7849256,34.3150120228529,0,68,2026,3
2026-03-10,26.53999330326917,0.6305863,34.331797203049064,0,69,2026,3
2026-03-11,26.549993303045653,0.35116023,34.354686085134745,0,70,2026,3
2026-03-12,26.489993304386758,0.39734533,34.377574967220426,0,71,2026,3
2026-03-13,26.489993304386758,0.33846787,34.40961940214038,0,72,2026,3
2026-03-14,26.41999330595138,0.2751681,34.43098235875368,0,73,2026,3
2026-03-15,26.369993307068967,0.28805822,34.44471568800509,1,74,2026,3
2026-03-16,26.25999330952766,0.26520908,34.45692309178412,0,75,2026,3
2026-03-17,26.249993309751176,0.2620901,34.47828604839742,0,76,2026,3
2026-03-18,26.37999330684545,0.27552876,34.49354530312121,0,77,2026,3
2026-03-19,26.33999330773952,0.38539958,34.49659715406597,0,78,2026,3
2026-03-20,26.289993308857106,0.41050398,34.48896752670407,0,79,2026,3
2026-03-21,26.349993307516,0.545039,34.46607864461839,0,80,2026,3
2026-03-22,26.30999330841007,0.39864936,34.450819389894605,0,81,2026,3
2026-03-23,26.439993305504345,1.5781287,34.43250828422606,0,82,2026,3
2026-03-24,26.559993302822136,1.3459523,34.426404582336545,0,83,2026,3
2026-03-25,26.529993303492688,1.1597222,34.41114532761276,0,84,2026,3
2026-03-26,26.68999329991641,0.39968872,34.40656755119562,0,85,2026,3
2026-03-27,26.629993301257514,0.36696222,34.40961940214038,0,86,2026,3
2026-03-28,26.5799933023751,0.7329466,34.42030088044703,0,87,2026,3
2026-03-29,26.899993295222544,0.829681,34.426404582336545,0,88,2026,3
2026-03-30,26.819993297010683,0.45900226,34.43403420969844,0,89,2026,3
2026-03-31,26.939993294328474,0.4524342,34.42335273139179,0,90,2026,3
2026-04-01,,0.81167465,34.41724902950227,0,91,2026,4
2026-04-02,,0.46538803,34.39893792383373,1,92,2026,4
2026-04-03,,0.3366228,34.38825644552708,0,93,2026,4
2026-04-04,,0.38113517,34.35163423418999,0,94,2026,4
2026-04-05,,0.64318746,34.331797203049064,0,95,2026,4
2026-04-06,,0.67175514,34.342478681355715,0,96,2026,4
2026-04-07,,0.60799026,34.330271277576685,0,97,2026,4
2026-04-08,,0.43946767,34.328745352104306,0,98,2026,4
2026-04-09,,0.604216,34.32416757568717,0,99,2026,4
2026-04-10,,0.5557915,34.2860194388777,0,100,2026,4
2026-04-11,,0.5609894,34.27686388604343,0,101,2026,4
2026-04-12,,0.56418693,34.282967587932944,0,102,2026,4
2026-04-13,,0.3371348,34.2860194388777,0,103,2026,4
2026-04-14,,0.3866176,34.29975276812911,0,104,2026,4
2026-04-15,,0.3117774,34.295174991711974,4,105,2026,4
2026-04-16,,0.3685329,34.31043424643576,0,106,2026,4
2026-04-17,,0.2604391,34.331797203049064,0,107,2026,4
2026-04-18,,0.3625067,34.340952755883336,0,108,2026,4
2026-04-19,,0.34653646,34.340952755883336,0,109,2026,4
2026-04-20,,0.34605977,34.342478681355715,0,110,2026,4
2026-04-21,,0.34429747,34.342478681355715,0,111,2026,4
2026-04-22,,0.47213998,34.34400460682809,0,112,2026,4
2026-04-23,,0.5974218,34.353160159662366,0,113,2026,4
2026-04-24,,0.45523494,34.37299719080329,0,114,2026,4
2026-04-25,,0.7604281,34.403515700250864,0,115,2026,4
2026-04-26,,0.40682837,34.41724902950227,0,116,2026,4
2026-04-27,,0.43801785,34.43250828422606,0,117,2026,4
2026-04-28,,0.702692,34.45387124083936,0,118,2026,4
2026-04-29,,0.68066967,34.49354530312121,0,119,2026,4
2026-04-30,,0.5459014,34.524063812568784,0,120,2026,4
2026-05-01,,0.57307744,34.54237491823733,0,121,2026,5
2026-05-02,,0.42749158,34.53932306729257,0,122,2026,5
2026-05-03,,0.44166243,34.55000454559922,0,123,2026,5
2026-05-04,,0.54478925,34.56526380032301,0,124,2026,5
2026-05-05,,0.40160355,34.56831565126777,0,125,2026,5
2026-05-06,,0.55373716,34.58662675693631,0,126,2026,5
2026-05-07,,0.39507964,34.57747120410204,0,127,2026,5
2026-05-08,,0.51743567,34.57899712957442,0,128,2026,5
2026-05-09,,0.50288093,34.582048980519176,0,129,2026,5
2026-05-10,,0.47480267,34.58967860788107,0,130,2026,5
2026-05-11,,0.43053278,34.6018860116601,0,131,2026,5
2026-05-12,,0.46852893,34.606463788077235,0,132,2026,5
2026-05-13,,0.557958,34.59883416071534,0,133,2026,5
2026-05-14,,0.2948521,34.58815268240869,0,134,2026,5
2026-05-15,,0.225395,34.57747120410204,0,135,2026,5
2026-05-16,,0.33758187,34.57594527862966,1,136,2026,5
2026-05-17,,0.27859488,34.571367502212524,0,137,2026,5
2026-05-18,,0.32789022,34.58815268240869,0,138,2026,5
2026-05-19,,0.38371626,34.595782309770584,0,139,2026,5
2026-05-20,,0.35539153,34.606463788077235,0,140,2026,5
2026-05-21,,0.39024046,34.607989713549614,0,141,2026,5
2026-05-22,,0.41963926,34.62782674469054,0,142,2026,5
2026-05-23,,0.4325743,34.6522415522486,0,143,2026,5
2026-05-24,,0.47955883,34.67513043433428,0,144,2026,5
2026-05-25,,0.4427745,34.68276006169617,0,145,2026,5
2026-05-26,,0.5592313,34.65681932866573,0,146,2026,5
2026-05-27,,0.40864426,34.56678972579539,2,147,2026,5
2026-05-28,,0.32059687,34.534745290875435,0,148,2026,5
2026-05-29,,0.27537453,34.51643418520689,0,149,2026,5
2026-05-30,,0.24520922,34.5011749304831,0,150,2026,5
2026-05-31,,0.24454892,34.450819389894605,0,151,2026,5
2026-06-01,,0.30836844,34.2860194388777,0,152,2026,6
2026-06-02,,0.2626372,34.34858238324523,0,153,2026,6
2026-06-03,,0.2855109,34.42182680591941,0,154,2026,6
2026-06-04,,0.28752524,34.415723104029894,0,155,2026,6
2026-06-05,,0.30003646,34.37147126533091,0,156,2026,6
2026-06-06,,0.4632612,34.27533796057105,0,157,2026,6
2026-06-07,,0.5740427,34.25244907848537,0,158,2026,6
2026-06-08,,0.4692233,34.27686388604343,0,159,2026,6
2026-06-09,,0.46909922,34.30127869360149,0,160,2026,6
2026-06-10,,0.365193,34.32569350115955,0,161,2026,6
2026-06-11,,0.45271608,34.36994533985853,0,162,2026,6
2026-06-12,,0.34893495,34.40046384930611,0,163,2026,6
2026-06-13,,0.27165762,34.44166383706033,0,164,2026,6
2026-06-14,,0.338763,34.487441601231694,0,165,2026,6
2026-06-15,,0.3213113,34.50575270690024,0,166,2026,6
2026-06-16,,0.48846522,34.53169343993068,0,167,2026,6
2026-06-17,,0.7617299,34.55000454559922,0,168,2026,6
2026-06-18,,0.4329975,34.56068602390587,0,169,2026,6
2026-06-19,,0.6865188,34.55610824748874,0,170,2026,6
2026-06-20,,0.6863658,34.594256384298205,0,171,2026,6
2026-06-21,,0.75887984,34.46607864461839,0,172,2026,6
2026-06-22,,0.7588818,34.46913049556315,0,173,2026,6
2026-06-23,,0.75888133,34.45997494272888,0,174,2026,6
2026-06-24,,0.37117216,,0,175,2026,6
2026-06-25,,0.39375016,,0,176,2026,6
2026-06-26,,0.346968,,0,177,2026,6
2026-06-27,,0.31308463,,0,178,2026,6
2026-06-28,,0.3121546,,0,179,2026,6
2026-06-29,,0.3116965,,0,180,2026,6
2026-06-30,,0.5006741,,0,181,2026,6
2026-07-01,,0.47082242,,0,182,2026,7
2026-07-02,,0.5398103,,0,183,2026,7
2026-07-03,,0.5569657,,0,184,2026,7
2026-07-04,,0.6005016,,0,185,2026,7
2026-07-05,,0.70957595,,0,186,2026,7
2026-07-06,,0.37167764,,0,187,2026,7
2026-07-07,,0.5290201,,0,188,2026,7
2026-07-08,,0.35714692,,0,189,2026,7
2026-07-09,,0.30888262,,0,190,2026,7
2026-07-10,,0.3547046,,0,191,2026,7
2026-07-11,,0.34451437,,0,192,2026,7
2026-07-12,,0.4738129,,0,193,2026,7
2026-07-13,,0.47741252,,0,194,2026,7
2026-07-14,,0.48069122,,0,195,2026,7
2026-07-15,,0.67723584,,0,196,2026,7
2026-07-16,,0.4293044,,0,197,2026,7
2026-07-17,,0.43157178,,0,198,2026,7
2026-07-18,,0.27342036,,0,199,2026,7
2026-07-19,,0.28403553,,0,200,2026,7
2026-07-20,,0.21075802,,0,201,2026,7
2026-07-21,,0.30727008,,0,202,2026,7
2026-07-22,,0.30874425,,0,203,2026,7
2026-07-23,,0.31282523,,0,204,2026,7
2026-07-24,,0.3144726,,0,205,2026,7
2026-07-25,,0.29139185,,0,206,2026,7
2026-07-26,,0.3517737,,0,207,2026,7
2026-07-27,,0.33338687,,0,208,2026,7
2026-07-28,,0.31215945,,0,209,2026,7
2026-07-29,,0.35496485,,0,210,2026,7
2026-07-30,,0.35709247,,0,211,2026,7
2026-07-31,,0.3176384,,0,212,2026,7
2026-08-01,,0.33916768,,0,213,2026,8
2026-08-02,,0.2869693,,0,214,2026,8
2026-08-03,,0.30340403,,0,215,2026,8
2026-08-04,,0.3697098,,0,216,2026,8
2026-08-05,,0.34365797,,0,217,2026,8
2026-08-06,,0.34223038,,0,218,2026,8
2026-08-07,,0.34216368,,0,219,2026,8
2026-08-08,,0.3815106,,0,220,2026,8
2026-08-09,,0.38066658,,0,221,2026,8
2026-08-10,,0.2942949,,0,222,2026,8
2026-08-11,,0.27150476,,0,223,2026,8
2026-08-12,,0.28484014,,0,224,2026,8
2026-08-13,,0.27330896,,0,225,2026,8
2026-08-14,,0.27170587,,0,226,2026,8
2026-08-15,,0.2159867,,0,227,2026,8
2026-08-16,,0.2404539,,0,228,2026,8
2026-08-17,,0.24045436,,0,229,2026,8
2026-08-18,,0.24044637,,0,230,2026,8
2026-08-19,,0.2885865,,0,231,2026,8
2026-08-20,,0.28858477,,0,232,2026,8
2026-08-21,,0.3037672,,0,233,2026,8
2026-08-22,,0.22634736,,0,234,2026,8
2026-08-23,,0.23193432,,0,235,2026,8
2026-08-24,,0.23907606,,0,236,2026,8
2026-08-25,,0.22120593,,0,237,2026,8
2026-08-26,,0.22167554,,0,238,2026,8
2026-08-27,,0.21216093,,0,239,2026,8
2026-08-28,,0.21366438,,0,240,2026,8
2026-08-29,,0.19466305,,0,241,2026,8
2026-08-30,,0.24873762,,0,242,2026,8
2026-08-31,,0.25302383,,0,243,2026,8
2026-09-01,,0.19895388,,0,244,2026,9
2026-09-02,,0.32104254,,0,245,2026,9
2026-09-03,,0.1328617,,0,246,2026,9
2026-09-04,,0.17187124,,0,247,2026,9
2026-09-05,,0.18694334,,0,248,2026,9
2026-09-06,,0.17453252,,0,249,2026,9
2026-09-07,,0.18421802,,0,250,2026,9
2026-09-08,,0.18423928,,0,251,2026,9
2026-09-09,,0.18476471,,0,252,2026,9
2026-09-10,,0.18848641,,0,253,2026,9
2026-09-11,,0.20156364,,0,254,2026,9
2026-09-12,,0.20140795,,0,255,2026,9
2026-09-13,,0.27597868,,0,256,2026,9
