date,sst,chl,sss,sightings,doy,year,month
1990-01-01,27.669993278011702,,,0,1,1990,1
1990-01-02,27.599993279576324,,,0,2,1990,1
1990-01-03,27.69999327734115,,,0,3,1990,1
1990-01-04,27.909993272647284,,,0,4,1990,1
1990-01-05,28.00999327041211,,,0,5,1990,1
1990-01-06,28.03999326974156,,,0,6,1990,1
1990-01-07,28.029993269965075,,,0,7,1990,1
1990-01-08,28.00999327041211,,,0,8,1990,1
1990-01-09,27.94999327175321,,,0,9,1990,1
1990-01-10,27.839993274211903,,,0,10,1990,1
1990-01-11,27.81999327465894,,,0,11,1990,1
1990-01-12,27.77999327555301,,,0,12,1990,1
1990-01-13,27.829993274435424,,,0,13,1990,1
1990-01-14,27.919993272423767,,,0,14,1990,1
1990-01-15,27.979993271082662,,,0,15,1990,1
1990-01-16,27.959993271529697,,,0,16,1990,1
1990-01-17,27.87999327331784,,,0,17,1990,1
1990-01-18,27.909993272647284,,,0,18,1990,1
1990-01-19,27.94999327175321,,,0,19,1990,1
1990-01-20,28.019993270188596,,,0,20,1990,1
1990-01-21,28.019993270188596,,,0,21,1990,1
1990-01-22,28.029993269965075,,,0,22,1990,1
1990-01-23,28.1299932677299,,,0,23,1990,1
1990-01-24,28.11999326795342,,,0,24,1990,1
1990-01-25,28.1299932677299,,,0,25,1990,1
1990-01-26,28.099993268400453,,,0,26,1990,1
1990-01-27,28.019993270188596,,,0,27,1990,1
1990-01-28,27.999993270635628,,,0,28,1990,1
1990-01-29,27.96999327130618,,,0,29,1990,1
1990-01-30,27.92999327220025,,,0,30,1990,1
1990-01-31,27.999993270635628,,,0,31,1990,1
1990-02-01,28.11999326795342,,,0,32,1990,2
1990-02-02,28.20999326594176,,,0,33,1990,2
1990-02-03,28.24999326504769,,,0,34,1990,2
1990-02-04,28.23999326527121,,,0,35,1990,2
1990-02-05,28.15999326705935,,,0,36,1990,2
1990-02-06,28.139993267506384,,,0,37,1990,2
1990-02-07,28.179993266612318,,,0,38,1990,2
1990-02-08,28.179993266612318,,,0,39,1990,2
1990-02-09,28.08999326862397,,,0,40,1990,2
1990-02-10,27.989993270859145,,,0,41,1990,2
1990-02-11,27.959993271529697,,,0,42,1990,2
1990-02-12,27.93999327197673,,,0,43,1990,2
1990-02-13,27.909993272647284,,,0,44,1990,2
1990-02-14,27.96999327130618,,,0,45,1990,2
1990-02-15,27.92999327220025,,,0,46,1990,2
1990-02-16,27.839993274211903,,,0,47,1990,2
1990-02-17,27.73999327644708,,,0,48,1990,2
1990-02-18,27.799993275105976,,,0,49,1990,2
1990-02-19,27.919993272423767,,,0,50,1990,2
1990-02-20,27.979993271082662,,,0,51,1990,2
1990-02-21,28.00999327041211,,,0,52,1990,2
1990-02-22,27.959993271529697,,,0,53,1990,2
1990-02-23,27.909993272647284,,,0,54,1990,2
1990-02-24,27.88999327309432,,,0,55,1990,2
1990-02-25,27.839993274211903,,,0,56,1990,2
1990-02-26,27.839993274211903,,,0,57,1990,2
1990-02-27,28.03999326974156,,,0,58,1990,2
1990-02-28,28.1299932677299,,,0,59,1990,2
1990-03-01,28.03999326974156,,,0,60,1990,3
1990-03-02,28.019993270188596,,,0,61,1990,3
1990-03-03,28.04999326951804,,,0,62,1990,3
1990-03-04,28.08999326862397,,,0,63,1990,3
1990-03-05,27.87999327331784,,,0,64,1990,3
1990-03-06,27.77999327555301,,,0,65,1990,3
1990-03-07,27.80999327488246,,,0,66,1990,3
1990-03-08,27.719993276894115,,,0,67,1990,3
1990-03-09,27.839993274211903,,,0,68,1990,3
1990-03-10,27.85999327376487,,,0,69,1990,3
1990-03-11,27.989993270859145,,,0,70,1990,3
1990-03-12,28.019993270188596,,,0,71,1990,3
1990-03-13,27.999993270635628,,,0,72,1990,3
1990-03-14,27.94999327175321,,,0,73,1990,3
1990-03-15,27.919993272423767,,,0,74,1990,3
1990-03-16,27.92999327220025,,,0,75,1990,3
1990-03-17,27.94999327175321,,,0,76,1990,3
1990-03-18,27.94999327175321,,,0,77,1990,3
1990-03-19,27.959993271529697,,,0,78,1990,3
1990-03-20,27.979993271082662,,,0,79,1990,3
1990-03-21,27.989993270859145,,,0,80,1990,3
1990-03-22,28.059993269294523,,,0,81,1990,3
1990-03-23,27.959993271529697,,,0,82,1990,3
1990-03-24,27.94999327175321,,,0,83,1990,3
1990-03-25,27.88999327309432,,,0,84,1990,3
1990-03-26,27.81999327465894,,,0,85,1990,3
1990-03-27,27.77999327555301,,,0,86,1990,3
1990-03-28,27.77999327555301,,,0,87,1990,3
1990-03-29,27.719993276894115,,,0,88,1990,3
1990-03-30,27.62999327890577,,,0,89,1990,3
1990-03-31,27.599993279576324,,,0,90,1990,3
1990-04-01,27.529993281140943,,,0,91,1990,4
1990-04-02,27.41999328359964,,,0,92,1990,4
1990-04-03,27.41999328359964,,,0,93,1990,4
1990-04-04,27.42999328337612,,,0,94,1990,4
1990-04-05,27.38999328427019,,,0,95,1990,4
1990-04-06,27.34999328516426,,,0,96,1990,4
1990-04-07,27.27999328672888,,,0,97,1990,4
1990-04-08,27.209993288293504,,,0,98,1990,4
1990-04-09,27.129993290081643,,,0,99,1990,4
1990-04-10,27.18999328874054,,,0,100,1990,4
1990-04-11,27.19999328851702,,,0,101,1990,4
1990-04-12,27.099993290752195,,,0,102,1990,4
1990-04-13,27.179993288964056,,,0,103,1990,4
1990-04-14,27.22999328784647,,,0,104,1990,4
1990-04-15,27.209993288293504,,,0,105,1990,4
1990-04-16,27.099993290752195,,,0,106,1990,4
1990-04-17,27.059993291646265,,,0,107,1990,4
1990-04-18,26.99999329298737,,,0,108,1990,4
1990-04-19,27.049993291869782,,,0,109,1990,4
1990-04-20,27.07999329119923,,,0,110,1990,4
1990-04-21,27.049993291869782,,,0,111,1990,4
1990-04-22,27.15999328941109,,,0,112,1990,4
1990-04-23,27.179993288964056,,,0,113,1990,4
1990-04-24,27.13999328985813,,,0,114,1990,4
1990-04-25,27.07999329119923,,,0,115,1990,4
1990-04-26,27.059993291646265,,,0,116,1990,4
1990-04-27,26.909993294999023,,,0,117,1990,4
1990-04-28,26.72999329902234,,,0,118,1990,4
1990-04-29,26.479993304610275,,,0,119,1990,4
1990-04-30,26.65999330058696,,,0,120,1990,4
1990-05-01,26.859993296116613,,,0,121,1990,5
1990-05-02,26.629993301257517,,,0,122,1990,5
1990-05-03,26.529993303492688,,,0,123,1990,5
1990-05-04,26.479993304610275,,,0,124,1990,5
1990-05-05,26.429993305727866,,,0,125,1990,5
1990-05-06,26.37999330684545,,,0,126,1990,5
1990-05-07,26.37999330684545,,,0,127,1990,5
1990-05-08,26.33999330773952,,,0,128,1990,5
1990-05-09,26.49999330416324,,,0,129,1990,5
1990-05-10,26.64999330081048,,,0,130,1990,5
1990-05-11,26.64999330081048,,,0,131,1990,5
1990-05-12,26.369993307068967,,,0,132,1990,5
1990-05-13,26.359993307292484,,,0,133,1990,5
1990-05-14,26.45999330505731,,,0,134,1990,5
1990-05-15,26.49999330416324,,,0,135,1990,5
1990-05-16,26.45999330505731,,,0,136,1990,5
1990-05-17,26.30999330841007,,,0,137,1990,5
1990-05-18,25.749993320927047,,,0,138,1990,5
1990-05-19,25.44999332763257,,,0,139,1990,5
1990-05-20,25.389993328973677,,,0,140,1990,5
1990-05-21,25.46999332718553,,,0,141,1990,5
1990-05-22,25.70999332182112,,,0,142,1990,5
1990-05-23,25.749993320927047,,,0,143,1990,5
1990-05-24,25.669993322715182,,,0,144,1990,5
1990-05-25,25.739993321150564,,,0,145,1990,5
1990-05-26,25.699993322044637,,,0,146,1990,5
1990-05-27,25.33999333009126,,,0,147,1990,5
1990-05-28,25.049993336573262,,,0,148,1990,5
1990-05-29,24.93999333903196,,,0,149,1990,5
1990-05-30,24.929993339255475,,,0,150,1990,5
1990-05-31,24.979993338137888,,,0,151,1990,5
1990-06-01,24.979993338137888,,,0,152,1990,6
1990-06-02,24.999993337690853,,,0,153,1990,6
1990-06-03,25.049993336573262,,,0,154,1990,6
1990-06-04,24.98999333791437,,,0,155,1990,6
1990-06-05,24.86999334059658,,,0,156,1990,6
1990-06-06,24.889993340149545,,,0,157,1990,6
1990-06-07,24.86999334059658,,,0,158,1990,6
1990-06-08,24.809993341937684,,,0,159,1990,6
1990-06-09,24.74999334327879,,,0,160,1990,6
1990-06-10,24.689993344619893,,,0,161,1990,6
1990-06-11,24.689993344619893,,,0,162,1990,6
1990-06-12,24.71999334394934,,,0,163,1990,6
1990-06-13,24.649993345513963,,,0,164,1990,6
1990-06-14,24.609993346408032,,,0,165,1990,6
1990-06-15,24.51999334841969,,,0,166,1990,6
1990-06-16,24.609993346408032,,,0,167,1990,6
1990-06-17,24.629993345961,,,0,168,1990,6
1990-06-18,24.809993341937684,,,0,169,1990,6
1990-06-19,24.689993344619893,,,0,170,1990,6
1990-06-20,24.47999334931376,,,0,171,1990,6
1990-06-21,24.1699933562428,,,0,172,1990,6
1990-06-22,24.00999335981908,,,0,173,1990,6
1990-06-23,24.00999335981908,,,0,174,1990,6
1990-06-24,24.20999335534873,,,0,175,1990,6
1990-06-25,23.86999336294832,,,0,176,1990,6
1990-06-26,23.7099933665246,,,0,177,1990,6
1990-06-27,23.739993365854048,,,0,178,1990,6
1990-06-28,23.84999336339536,,,0,179,1990,6
1990-06-29,23.889993362501286,,,0,180,1990,6
1990-06-30,23.86999336294832,,,0,181,1990,6
1990-07-01,23.839993363618877,,,0,182,1990,7
1990-07-02,23.86999336294832,,,0,183,1990,7
1990-07-03,23.71999336630108,,,0,184,1990,7
1990-07-04,23.659993367642187,,,0,185,1990,7
1990-07-05,23.66999336741867,,,0,186,1990,7
1990-07-06,23.839993363618877,,,0,187,1990,7
1990-07-07,23.90999336205425,,,0,188,1990,7
1990-07-08,23.85999336317184,,,0,189,1990,7
1990-07-09,23.84999336339536,,,0,190,1990,7
1990-07-10,23.889993362501286,,,0,191,1990,7
1990-07-11,23.799993364512943,,,0,192,1990,7
1990-07-12,23.50999337099495,,,0,193,1990,7
1990-07-13,23.619993368536257,,,0,194,1990,7
1990-07-14,23.639993368089225,,,0,195,1990,7
1990-07-15,23.66999336741867,,,0,196,1990,7
1990-07-16,23.4799933716655,,,0,197,1990,7
1990-07-17,23.23999337702992,,,0,198,1990,7
1990-07-18,23.23999337702992,,,0,199,1990,7
1990-07-19,23.309993375465297,,,0,200,1990,7
1990-07-20,23.20999337770047,,,0,201,1990,7
1990-07-21,23.28999337591233,,,0,202,1990,7
1990-07-22,23.219993377476957,,,0,203,1990,7
1990-07-23,23.219993377476957,,,0,204,1990,7
1990-07-24,23.40999337323012,,,0,205,1990,7
1990-07-25,23.569993369653844,,,0,206,1990,7
1990-07-26,23.55999336987736,,,0,207,1990,7
1990-07-27,23.50999337099495,,,0,208,1990,7
1990-07-28,23.50999337099495,,,0,209,1990,7
1990-07-29,23.39999337345364,,,0,210,1990,7
1990-07-30,23.4799933716655,,,0,211,1990,7
1990-07-31,23.449993372336053,,,0,212,1990,7
1990-08-01,23.51999337077143,,,0,213,1990,8
1990-08-02,23.86999336294832,,,0,214,1990,8
1990-08-03,24.029993359372043,,,0,215,1990,8
1990-08-04,23.949993361160185,,,0,216,1990,8
1990-08-05,23.759993365407013,,,0,217,1990,8
1990-08-06,23.54999337010088,,,0,218,1990,8
1990-08-07,23.43999337255957,,,0,219,1990,8
1990-08-08,23.379993373900675,,,0,220,1990,8
1990-08-09,23.54999337010088,,,0,221,1990,8
1990-08-10,23.58999336920681,,,0,222,1990,8
1990-08-11,23.71999336630108,,,0,223,1990,8
1990-08-12,23.97999336048963,,,0,224,1990,8
1990-08-13,23.89999336227777,,,0,225,1990,8
1990-08-14,23.81999336406591,,,0,226,1990,8
1990-08-15,23.86999336294832,,,0,227,1990,8
1990-08-16,23.839993363618877,,,0,228,1990,8
1990-08-17,23.82999336384239,,,0,229,1990,8
1990-08-18,23.55999336987736,,,0,230,1990,8
1990-08-19,23.50999337099495,,,0,231,1990,8
1990-08-20,23.489993371441983,,,0,232,1990,8
1990-08-21,23.27999337613585,,,0,233,1990,8
1990-08-22,22.999993382394337,,,0,234,1990,8
1990-08-23,22.949993383511924,,,0,235,1990,8
1990-08-24,23.069993380829715,,,0,236,1990,8
1990-08-25,23.28999337591233,,,0,237,1990,8
1990-08-26,23.419993373006605,,,0,238,1990,8
1990-08-27,23.499993371218466,,,0,239,1990,8
1990-08-28,23.569993369653844,,,0,240,1990,8
1990-08-29,23.60999336875977,,,0,241,1990,8
1990-08-30,23.66999336741867,,,0,242,1990,8
1990-08-31,23.639993368089225,,,0,243,1990,8
1990-09-01,23.38999337367716,,,0,244,1990,9
1990-09-02,23.269993376359366,,,0,245,1990,9
1990-09-03,23.20999337770047,,,0,246,1990,9
1990-09-04,23.29999337568881,,,0,247,1990,9
1990-09-05,23.269993376359366,,,0,248,1990,9
1990-09-06,23.189993378147506,,,0,249,1990,9
1990-09-07,23.159993378818054,,,0,250,1990,9
1990-09-08,23.119993379712128,,,0,251,1990,9
1990-09-09,23.059993381053232,,,0,252,1990,9
1990-09-10,23.54999337010088,,,0,253,1990,9
1990-09-11,23.779993364959974,,,0,254,1990,9
1990-09-12,23.81999336406591,,,0,255,1990,9
1990-09-13,23.81999336406591,,,0,256,1990,9
1990-09-14,23.959993360936664,,,0,257,1990,9
1990-09-15,23.679993367195152,,,0,258,1990,9
1990-09-16,23.929993361607217,,,0,259,1990,9
1990-09-17,24.21999335512521,,,0,260,1990,9
1990-09-18,24.429993350431342,,,0,261,1990,9
1990-09-19,24.299993353337072,,,0,262,1990,9
1990-09-20,24.199993355572246,,,0,263,1990,9
1990-09-21,24.119993357360386,,,0,264,1990,9
1990-09-22,24.119993357360386,,,0,265,1990,9
1990-09-23,24.149993356689837,,,0,266,1990,9
1990-09-24,24.279993353784107,,,0,267,1990,9
1990-09-25,24.279993353784107,,,0,268,1990,9
1990-09-26,24.31999335289004,,,0,269,1990,9
1990-09-27,24.619993346184515,,,0,270,1990,9
1990-09-28,24.619993346184515,,,0,271,1990,9
1990-09-29,24.619993346184515,,,0,272,1990,9
1990-09-30,24.609993346408032,,,0,273,1990,9
1990-10-01,24.589993346855067,,,0,274,1990,10
1990-10-02,24.48999334909024,,,0,275,1990,10
1990-10-03,24.459993349760797,,,0,276,1990,10
1990-10-04,23.879993362724804,,,0,277,1990,10
1990-10-05,23.86999336294832,,,0,278,1990,10
1990-10-06,23.91999336183073,,,0,279,1990,10
1990-10-07,23.97999336048963,,,0,280,1990,10
1990-10-08,24.109993357583903,,,0,281,1990,10
1990-10-09,24.309993353113555,,,0,282,1990,10
1990-10-10,24.44999334998431,,,0,283,1990,10
1990-10-11,24.589993346855067,,,0,284,1990,10
1990-10-12,24.739993343502302,,,0,285,1990,10
1990-10-13,25.29999333098533,,,0,286,1990,10
1990-10-14,25.37999332919719,,,0,287,1990,10
1990-10-15,24.98999333791437,,,0,288,1990,10
1990-10-16,24.299993353337072,,,0,289,1990,10
1990-10-17,24.24999335445466,,,0,290,1990,10
1990-10-18,24.279993353784107,,,0,291,1990,10
1990-10-19,24.399993351101894,,,0,292,1990,10
1990-10-20,24.47999334931376,,,0,293,1990,10
1990-10-21,24.499993348866724,,,0,294,1990,10
1990-10-22,24.609993346408032,,,0,295,1990,10
1990-10-23,24.59999334663155,,,0,296,1990,10
1990-10-24,24.729993343725823,,,0,297,1990,10
1990-10-25,24.819993341714166,,,0,298,1990,10
1990-10-26,24.889993340149545,,,0,299,1990,10
1990-10-27,24.919993339478992,,,0,300,1990,10
1990-10-28,24.94999333880844,,,0,301,1990,10
1990-10-29,24.959993338584923,,,0,302,1990,10
1990-10-30,24.729993343725823,,,0,303,1990,10
1990-10-31,24.689993344619893,,,0,304,1990,10
1990-11-01,24.729993343725823,,,0,305,1990,11
1990-11-02,24.93999333903196,,,0,306,1990,11
1990-11-03,25.599993324279808,,,0,307,1990,11
1990-11-04,25.619993323832773,,,0,308,1990,11
1990-11-05,25.599993324279808,,,0,309,1990,11
1990-11-06,25.669993322715182,,,0,310,1990,11
1990-11-07,25.70999332182112,,,0,311,1990,11
1990-11-08,25.659993322938703,,,0,312,1990,11
1990-11-09,25.599993324279808,,,0,313,1990,11
1990-11-10,25.41999332830312,,,0,314,1990,11
1990-11-11,24.53999334797265,,,0,315,1990,11
1990-11-12,24.609993346408032,,,0,316,1990,11
1990-11-13,24.7999933421612,,,0,317,1990,11
1990-11-14,24.979993338137888,,,0,318,1990,11
1990-11-15,24.889993340149545,,,0,319,1990,11
1990-11-16,24.959993338584923,,,0,320,1990,11
1990-11-17,24.959993338584923,,,0,321,1990,11
1990-11-18,24.999993337690853,,,0,322,1990,11
1990-11-19,25.189993333444026,,,0,323,1990,11
1990-11-20,25.359993329644222,,,0,324,1990,11
1990-11-21,25.389993328973677,,,0,325,1990,11
1990-11-22,25.439993327856087,,,0,326,1990,11
1990-11-23,25.499993326514986,,,0,327,1990,11
1990-11-24,25.55999332517388,,,0,328,1990,11
1990-11-25,25.629993323609256,,,0,329,1990,11
1990-11-26,25.60999332405629,,,0,330,1990,11
1990-11-27,25.579993324726843,,,0,331,1990,11
1990-11-28,25.589993324503325,,,0,332,1990,11
1990-11-29,24.879993340373066,,,0,333,1990,11
1990-11-30,24.739993343502302,,,0,334,1990,11
1990-12-01,24.74999334327879,,,0,335,1990,12
1990-12-02,24.889993340149545,,,0,336,1990,12
1990-12-03,25.079993335902717,,,0,337,1990,12
1990-12-04,25.37999332919719,,,0,338,1990,12
1990-12-05,25.52999332584443,,,0,339,1990,12
1990-12-06,25.7199933215976,,,0,340,1990,12
1990-12-07,25.87999331802132,,,0,341,1990,12
1990-12-08,26.319993308186557,,,0,342,1990,12
1990-12-09,26.279993309080623,,,0,343,1990,12
1990-12-10,26.289993308857103,,,0,344,1990,12
1990-12-11,26.199993310868763,,,0,345,1990,12
1990-12-12,26.249993309751176,,,0,346,1990,12
1990-12-13,26.349993307516,,,0,347,1990,12
1990-12-14,26.359993307292484,,,0,348,1990,12
1990-12-15,26.509993303939723,,,0,349,1990,12
1990-12-16,26.68999329991641,,,0,350,1990,12
1990-12-17,26.909993294999023,,,0,351,1990,12
1990-12-18,26.989993293210887,,,0,352,1990,12
1990-12-19,26.859993296116613,,,0,353,1990,12
1990-12-20,26.899993295222544,,,0,354,1990,12
1990-12-21,26.91999329477551,,,0,355,1990,12
1990-12-22,26.759993298351787,,,0,356,1990,12
1990-12-23,26.749993298575305,,,0,357,1990,12
1990-12-24,26.84999329634013,,,0,358,1990,12
1990-12-25,26.88999329544606,,,0,359,1990,12
1990-12-26,26.899993295222544,,,0,360,1990,12
1990-12-27,26.88999329544606,,,0,361,1990,12
1990-12-28,26.95999329388144,,,0,362,1990,12
1990-12-29,27.0399932920933,,,0,363,1990,12
1990-12-30,27.10999329052868,,,0,364,1990,12
1990-12-31,27.11999329030516,,,0,365,1990,12
1991-01-01,27.219993288069983,,,0,1,1991,1
1991-01-02,27.2699932869524,,,0,2,1991,1
1991-01-03,27.219993288069983,,,0,3,1991,1
1991-01-04,27.299993286281847,,,0,4,1991,1
1991-01-05,27.249993287399437,,,0,5,1991,1
1991-01-06,27.209993288293504,,,0,6,1991,1
1991-01-07,27.2699932869524,,,0,7,1991,1
1991-01-08,27.34999328516426,,,0,8,1991,1
1991-01-09,27.359993284940742,,,0,9,1991,1
1991-01-10,27.31999328583481,,,0,10,1991,1
1991-01-11,27.339993285387777,,,0,11,1991,1
1991-01-12,27.34999328516426,,,0,12,1991,1
1991-01-13,27.439993283152603,,,0,13,1991,1
1991-01-14,27.54999328069391,,,0,14,1991,1
1991-01-15,27.62999327890577,,,0,15,1991,1
1991-01-16,27.62999327890577,,,0,16,1991,1
1991-01-17,27.58999327979984,,,0,17,1991,1
1991-01-18,27.63999327868225,,,0,18,1991,1
1991-01-19,27.69999327734115,,,0,19,1991,1
1991-01-20,27.789993275329493,,,0,20,1991,1
1991-01-21,27.80999327488246,,,0,21,1991,1
1991-01-22,27.839993274211903,,,0,22,1991,1
1991-01-23,27.979993271082662,,,0,23,1991,1
1991-01-24,28.019993270188596,,,0,24,1991,1
1991-01-25,28.07999326884749,,,0,25,1991,1
1991-01-26,28.07999326884749,,,0,26,1991,1
1991-01-27,28.019993270188596,,,0,27,1991,1
1991-01-28,27.999993270635628,,,0,28,1991,1
1991-01-29,28.03999326974156,,,0,29,1991,1
1991-01-30,28.099993268400453,,,0,30,1991,1
1991-01-31,28.449993260577344,,,0,31,1991,1
1991-02-01,28.69999325498941,,,0,32,1991,2
1991-02-02,28.719993254542374,,,0,33,1991,2
1991-02-03,28.73999325409534,,,0,34,1991,2
1991-02-04,28.68999325521293,,,0,35,1991,2
1991-02-05,28.599993257224583,,,0,36,1991,2
1991-02-06,28.54999325834217,,,0,37,1991,2
1991-02-07,28.55999325811865,,,0,38,1991,2
1991-02-08,28.599993257224583,,,0,39,1991,2
1991-02-09,28.31999326348307,,,0,40,1991,2
1991-02-10,28.42999326102438,,,0,41,1991,2
1991-02-11,28.449993260577344,,,0,42,1991,2
1991-02-12,28.39999326169493,,,0,43,1991,2
1991-02-13,28.309993263706588,,,0,44,1991,2
1991-02-14,28.309993263706588,,,0,45,1991,2
1991-02-15,28.23999326527121,,,0,46,1991,2
1991-02-16,28.109993268176936,,,0,47,1991,2
1991-02-17,27.989993270859145,,,0,48,1991,2
1991-02-18,28.019993270188596,,,0,49,1991,2
1991-02-19,28.11999326795342,,,0,50,1991,2
1991-02-20,28.15999326705935,,,0,51,1991,2
1991-02-21,28.16999326683583,,,0,52,1991,2
1991-02-22,28.11999326795342,,,0,53,1991,2
1991-02-23,28.04999326951804,,,0,54,1991,2
1991-02-24,28.029993269965075,,,0,55,1991,2
1991-02-25,27.999993270635628,,,0,56,1991,2
1991-02-26,27.96999327130618,,,0,57,1991,2
1991-02-27,28.00999327041211,,,0,58,1991,2
1991-02-28,28.019993270188596,,,0,59,1991,2
1991-03-01,27.92999327220025,,,0,60,1991,3
1991-03-02,27.909993272647284,,,0,61,1991,3
1991-03-03,27.93999327197673,,,0,62,1991,3
1991-03-04,27.979993271082662,,,0,63,1991,3
1991-03-05,27.77999327555301,,,0,64,1991,3
1991-03-06,27.099993290752195,,,0,65,1991,3
1991-03-07,26.96999329365792,,,0,66,1991,3
1991-03-08,26.88999329544606,,,0,67,1991,3
1991-03-09,27.069993291422747,,,0,68,1991,3
1991-03-10,27.13999328985813,,,0,69,1991,3
1991-03-11,27.31999328583481,,,0,70,1991,3
1991-03-12,27.38999328427019,,,0,71,1991,3
1991-03-13,27.41999328359964,,,0,72,1991,3
1991-03-14,27.409993283823155,,,0,73,1991,3
1991-03-15,27.41999328359964,,,0,74,1991,3
1991-03-16,27.46999328248205,,,0,75,1991,3
1991-03-17,27.529993281140943,,,0,76,1991,3
1991-03-18,27.54999328069391,,,0,77,1991,3
1991-03-19,27.599993279576324,,,0,78,1991,3
1991-03-20,27.63999327868225,,,0,79,1991,3
1991-03-21,27.679993277788185,,,0,80,1991,3
1991-03-22,27.769993275776528,,,0,81,1991,3
1991-03-23,27.689993277564668,,,0,82,1991,3
1991-03-24,27.69999327734115,,,0,83,1991,3
1991-03-25,27.65999327823522,,,0,84,1991,3
1991-03-26,27.62999327890577,,,0,85,1991,3
1991-03-27,27.599993279576324,,,0,86,1991,3
1991-03-28,27.599993279576324,,,0,87,1991,3
1991-03-29,27.559993280470398,,,0,88,1991,3
1991-03-30,27.489993282035016,,,0,89,1991,3
1991-03-31,27.459993282705568,,,0,90,1991,3
1991-04-01,27.38999328427019,,,0,91,1991,4
1991-04-02,27.289993286505364,,,0,92,1991,4
1991-04-03,27.299993286281847,,,0,93,1991,4
1991-04-04,27.34999328516426,,,0,94,1991,4
1991-04-05,27.299993286281847,,,0,95,1991,4
1991-04-06,27.25999328717592,,,0,96,1991,4
1991-04-07,27.22999328784647,,,0,97,1991,4
1991-04-08,27.15999328941109,,,0,98,1991,4
1991-04-09,27.01999329254033,,,0,99,1991,4
1991-04-10,26.87999329566958,,,0,100,1991,4
1991-04-11,26.719993299245857,,,0,101,1991,4
1991-04-12,26.60999330170455,,,0,102,1991,4
1991-04-13,26.61999330148103,,,0,103,1991,4
1991-04-14,26.599993301928063,,,0,104,1991,4
1991-04-15,26.559993302822136,,,0,105,1991,4
1991-04-16,26.439993305504345,,,0,106,1991,4
1991-04-17,26.39999330639841,,,0,107,1991,4
1991-04-18,26.409993306174897,,,0,108,1991,4
1991-04-19,26.76999329812827,,,0,109,1991,4
1991-04-20,26.819993297010683,,,0,110,1991,4
1991-04-21,27.069993291422747,,,0,111,1991,4
1991-04-22,27.27999328672888,,,0,112,1991,4
1991-04-23,27.30999328605833,,,0,113,1991,4
1991-04-24,27.22999328784647,,,0,114,1991,4
1991-04-25,27.149993289634608,,,0,115,1991,4
1991-04-26,27.029993292316817,,,0,116,1991,4
1991-04-27,26.859993296116613,,,0,117,1991,4
1991-04-28,26.72999329902234,,,0,118,1991,4
1991-04-29,26.8099932972342,,,0,119,1991,4
1991-04-30,26.869993295893096,,,0,120,1991,4
1991-05-01,27.11999329030516,,,0,121,1991,5
1991-05-02,27.30999328605833,,,0,122,1991,5
1991-05-03,27.339993285387777,,,0,123,1991,5
1991-05-04,27.25999328717592,,,0,124,1991,5
1991-05-05,26.869993295893096,,,0,125,1991,5
1991-05-06,26.79999329745772,,,0,126,1991,5
1991-05-07,26.749993298575305,,,0,127,1991,5
1991-05-08,26.739993298798822,,,0,128,1991,5
1991-05-09,26.739993298798822,,,0,129,1991,5
1991-05-10,26.76999329812827,,,0,130,1991,5
1991-05-11,26.68999329991641,,,0,131,1991,5
1991-05-12,26.549993303045653,,,0,132,1991,5
1991-05-13,26.41999330595138,,,0,133,1991,5
1991-05-14,26.10999331288042,,,0,134,1991,5
1991-05-15,25.899993317574285,,,0,135,1991,5
1991-05-16,25.859993318468355,,,0,136,1991,5
1991-05-17,25.819993319362425,,,0,137,1991,5
1991-05-18,25.789993320032977,,,0,138,1991,5
1991-05-19,25.749993320927047,,,0,139,1991,5
1991-05-20,25.669993322715182,,,0,140,1991,5
1991-05-21,25.60999332405629,,,0,141,1991,5
1991-05-22,25.639993323385735,,,0,142,1991,5
1991-05-23,25.859993318468355,,,0,143,1991,5
1991-05-24,25.4899933267385,,,0,144,1991,5
1991-05-25,25.329993330314775,,,0,145,1991,5
1991-05-26,25.279993331432365,,,0,146,1991,5
1991-05-27,25.2599933318794,,,0,147,1991,5
1991-05-28,25.229993332549952,,,0,148,1991,5
1991-05-29,25.14999333433809,,,0,149,1991,5
1991-05-30,25.05999333634975,,,0,150,1991,5
1991-05-31,25.06999333612623,,,0,151,1991,5
1991-06-01,24.98999333791437,,,0,152,1991,6
1991-06-02,24.739993343502302,,,0,153,1991,6
1991-06-03,24.48999334909024,,,0,154,1991,6
1991-06-04,24.389993351325412,,,0,155,1991,6
1991-06-05,24.359993351995968,,,0,156,1991,6
1991-06-06,24.44999334998431,,,0,157,1991,6
1991-06-07,24.48999334909024,,,0,158,1991,6
1991-06-08,24.47999334931376,,,0,159,1991,6
1991-06-09,24.339993352443003,,,0,160,1991,6
1991-06-10,24.22999335490169,,,0,161,1991,6
1991-06-11,24.28999335356059,,,0,162,1991,6
1991-06-12,24.259993354231145,,,0,163,1991,6
1991-06-13,24.22999335490169,,,0,164,1991,6
1991-06-14,24.22999335490169,,,0,165,1991,6
1991-06-15,24.259993354231145,,,0,166,1991,6
1991-06-16,24.44999334998431,,,0,167,1991,6
1991-06-17,24.47999334931376,,,0,168,1991,6
1991-06-18,24.299993353337072,,,0,169,1991,6
1991-06-19,24.039993359148525,,,0,170,1991,6
1991-06-20,23.91999336183073,,,0,171,1991,6
1991-06-21,23.729993366077565,,,0,172,1991,6
1991-06-22,23.69999336674812,,,0,173,1991,6
1991-06-23,23.769993365183492,,,0,174,1991,6
1991-06-24,23.879993362724804,,,0,175,1991,6
1991-06-25,23.71999336630108,,,0,176,1991,6
1991-06-26,23.50999337099495,,,0,177,1991,6
1991-06-27,23.51999337077143,,,0,178,1991,6
1991-06-28,23.71999336630108,,,0,179,1991,6
1991-06-29,24.00999335981908,,,0,180,1991,6
1991-06-30,24.069993358477973,,,0,181,1991,6
1991-07-01,24.069993358477973,,,0,182,1991,7
1991-07-02,23.969993360713147,,,0,183,1991,7
1991-07-03,23.959993360936664,,,0,184,1991,7
1991-07-04,23.959993360936664,,,0,185,1991,7
1991-07-05,23.949993361160185,,,0,186,1991,7
1991-07-06,23.639993368089225,,,0,187,1991,7
1991-07-07,23.39999337345364,,,0,188,1991,7
1991-07-08,23.43999337255957,,,0,189,1991,7
1991-07-09,23.66999336741867,,,0,190,1991,7
1991-07-10,23.59999336898329,,,0,191,1991,7
1991-07-11,23.469993371889014,,,0,192,1991,7
1991-07-12,23.35999337434771,,,0,193,1991,7
1991-07-13,23.32999337501826,,,0,194,1991,7
1991-07-14,23.32999337501826,,,0,195,1991,7
1991-07-15,23.32999337501826,,,0,196,1991,7
1991-07-16,23.39999337345364,,,0,197,1991,7
1991-07-17,23.35999337434771,,,0,198,1991,7
1991-07-18,23.32999337501826,,,0,199,1991,7
1991-07-19,23.32999337501826,,,0,200,1991,7
1991-07-20,23.349993374571227,,,0,201,1991,7
1991-07-21,23.39999337345364,,,0,202,1991,7
1991-07-22,23.379993373900675,,,0,203,1991,7
1991-07-23,23.0199933819473,,,0,204,1991,7
1991-07-24,22.54999339245262,,,0,205,1991,7
1991-07-25,22.60999339111152,,,0,206,1991,7
1991-07-26,22.689993389323377,,,0,207,1991,7
1991-07-27,22.69999338909986,,,0,208,1991,7
1991-07-28,22.54999339245262,,,0,209,1991,7
1991-07-29,22.619993390888,,,0,210,1991,7
1991-07-30,22.729993388429307,,,0,211,1991,7
1991-07-31,22.7899933870882,,,0,212,1991,7
1991-08-01,22.759993387758755,,,0,213,1991,8
1991-08-02,22.849993385747094,,,0,214,1991,8
1991-08-03,23.309993375465297,,,0,215,1991,8
1991-08-04,23.39999337345364,,,0,216,1991,8
1991-08-05,23.40999337323012,,,0,217,1991,8
1991-08-06,23.55999336987736,,,0,218,1991,8
1991-08-07,23.489993371441983,,,0,219,1991,8
1991-08-08,23.309993375465297,,,0,220,1991,8
1991-08-09,23.349993374571227,,,0,221,1991,8
1991-08-10,23.2499933768064,,,0,222,1991,8
1991-08-11,23.119993379712128,,,0,223,1991,8
1991-08-12,23.069993380829715,,,0,224,1991,8
1991-08-13,23.09999338015916,,,0,225,1991,8
1991-08-14,23.12999337948861,,,0,226,1991,8
1991-08-15,23.29999337568881,,,0,227,1991,8
1991-08-16,23.379993373900675,,,0,228,1991,8
1991-08-17,23.469993371889014,,,0,229,1991,8
1991-08-18,23.799993364512943,,,0,230,1991,8
1991-08-19,23.769993365183492,,,0,231,1991,8
1991-08-20,23.74999336563053,,,0,232,1991,8
1991-08-21,23.74999336563053,,,0,233,1991,8
1991-08-22,23.949993361160185,,,0,234,1991,8
1991-08-23,24.299993353337072,,,0,235,1991,8
1991-08-24,24.389993351325412,,,0,236,1991,8
1991-08-25,24.299993353337072,,,0,237,1991,8
1991-08-26,24.119993357360386,,,0,238,1991,8
1991-08-27,24.049993358925008,,,0,239,1991,8
1991-08-28,23.619993368536257,,,0,240,1991,8
1991-08-29,23.569993369653844,,,0,241,1991,8
1991-08-30,23.649993367865704,,,0,242,1991,8
1991-08-31,23.86999336294832,,,0,243,1991,8
1991-09-01,23.969993360713147,,,0,244,1991,9
1991-09-02,23.799993364512943,,,0,245,1991,9
1991-09-03,23.66999336741867,,,0,246,1991,9
1991-09-04,23.429993372783088,,,0,247,1991,9
1991-09-05,22.879993385076546,,,0,248,1991,9
1991-09-06,22.65999338999393,,,0,249,1991,9
1991-09-07,22.559993392229103,,,0,250,1991,9
1991-09-08,22.62999339066448,,,0,251,1991,9
1991-09-09,22.73999338820579,,,0,252,1991,9
1991-09-10,22.749993387982272,,,0,253,1991,9
1991-09-11,22.81999338641765,,,0,254,1991,9
1991-09-12,22.77999338731172,,,0,255,1991,9
1991-09-13,22.799993386864685,,,0,256,1991,9
1991-09-14,22.879993385076546,,,0,257,1991,9
1991-09-15,22.229993399605178,,,0,258,1991,9
1991-09-16,22.07999340295794,,,0,259,1991,9
1991-09-17,22.16999340094628,,,0,260,1991,9
1991-09-18,22.46999339424076,,,0,261,1991,9
1991-09-19,22.599993391335037,,,0,262,1991,9
1991-09-20,23.029993381723784,,,0,263,1991,9
1991-09-21,23.469993371889014,,,0,264,1991,9
1991-09-22,23.55999336987736,,,0,265,1991,9
1991-09-23,23.29999337568881,,,0,266,1991,9
1991-09-24,23.16999337859454,,,0,267,1991,9
1991-09-25,23.179993378371023,,,0,268,1991,9
1991-09-26,23.32999337501826,,,0,269,1991,9
1991-09-27,23.469993371889014,,,0,270,1991,9
1991-09-28,23.5399933703244,,,0,271,1991,9
1991-09-29,23.60999336875977,,,0,272,1991,9
1991-09-30,23.619993368536257,,,0,273,1991,9
1991-10-01,23.60999336875977,,,0,274,1991,10
1991-10-02,23.29999337568881,,,0,275,1991,10
1991-10-03,23.04999338127675,,,0,276,1991,10
1991-10-04,23.12999337948861,,,0,277,1991,10
1991-10-05,23.16999337859454,,,0,278,1991,10
1991-10-06,23.28999337591233,,,0,279,1991,10
1991-10-07,23.31999337524178,,,0,280,1991,10
1991-10-08,23.74999336563053,,,0,281,1991,10
1991-10-09,23.9399933613837,,,0,282,1991,10
1991-10-10,24.05999335870149,,,0,283,1991,10
1991-10-11,24.199993355572246,,,0,284,1991,10
1991-10-12,24.389993351325412,,,0,285,1991,10
1991-10-13,24.53999334797265,,,0,286,1991,10
1991-10-14,24.609993346408032,,,0,287,1991,10
1991-10-15,24.59999334663155,,,0,288,1991,10
1991-10-16,24.579993347078585,,,0,289,1991,10
1991-10-17,24.31999335289004,,,0,290,1991,10
1991-10-18,24.309993353113555,,,0,291,1991,10
1991-10-19,24.309993353113555,,,0,292,1991,10
1991-10-20,24.43999335020783,,,0,293,1991,10
1991-10-21,24.52999334819617,,,0,294,1991,10
1991-10-22,24.699993344396376,,,0,295,1991,10
1991-10-23,24.94999333880844,,,0,296,1991,10
1991-10-24,24.94999333880844,,,0,297,1991,10
1991-10-25,24.959993338584923,,,0,298,1991,10
1991-10-26,25.389993328973677,,,0,299,1991,10
1991-10-27,25.52999332584443,,,0,300,1991,10
1991-10-28,25.55999332517388,,,0,301,1991,10
1991-10-29,25.439993327856087,,,0,302,1991,10
1991-10-30,25.049993336573262,,,0,303,1991,10
1991-10-31,24.979993338137888,,,0,304,1991,10
1991-11-01,25.039993336796783,,,0,305,1991,11
1991-11-02,25.09999333545568,,,0,306,1991,11
1991-11-03,24.859993340820097,,,0,307,1991,11
1991-11-04,24.55999334752562,,,0,308,1991,11
1991-11-05,24.47999334931376,,,0,309,1991,11
1991-11-06,24.279993353784107,,,0,310,1991,11
1991-11-07,26.199993310868763,,,0,311,1991,11
1991-11-08,26.32999330796304,,,0,312,1991,11
1991-11-09,26.349993307516,,,0,313,1991,11
1991-11-10,26.439993305504345,,,1,314,1991,11
1991-11-11,26.279993309080623,,,0,315,1991,11
1991-11-12,26.249993309751176,,,0,316,1991,11
1991-11-13,25.98999331556263,,,0,317,1991,11
1991-11-14,26.059993313998007,,,0,318,1991,11
1991-11-15,26.02999331466856,,,0,319,1991,11
1991-11-16,25.99999331533911,,,0,320,1991,11
1991-11-17,25.98999331556263,,,0,321,1991,11
1991-11-18,26.169993311539315,,,0,322,1991,11
1991-11-19,26.359993307292484,,,0,323,1991,11
1991-11-20,26.479993304610275,,,0,324,1991,11
1991-11-21,26.219993310421728,,,0,325,1991,11
1991-11-22,26.07999331355097,,,3,326,1991,11
1991-11-23,25.969993316009663,,,0,327,1991,11
1991-11-24,25.939993316680216,,,0,328,1991,11
1991-11-25,25.809993319585946,,,0,329,1991,11
1991-11-26,25.68999332226815,,,0,330,1991,11
1991-11-27,25.579993324726843,,,0,331,1991,11
1991-11-28,26.14999331198635,,,0,332,1991,11
1991-11-29,26.219993310421728,,,0,333,1991,11
1991-11-30,26.22999331019821,,,0,334,1991,11
1991-12-01,26.119993312656906,,,0,335,1991,12
1991-12-02,26.14999331198635,,,0,336,1991,12
1991-12-03,26.30999330841007,,,0,337,1991,12
1991-12-04,26.469993304833796,,,0,338,1991,12
1991-12-05,26.509993303939723,,,0,339,1991,12
1991-12-06,26.209993310645245,,,0,340,1991,12
1991-12-07,25.619993323832773,,,0,341,1991,12
1991-12-08,25.509993326291465,,,0,342,1991,12
1991-12-09,25.39999332875016,,,0,343,1991,12
1991-12-10,25.549993325397395,,,0,344,1991,12
1991-12-11,25.60999332405629,,,0,345,1991,12
1991-12-12,25.579993324726843,,,0,346,1991,12
1991-12-13,25.72999332137408,,,0,347,1991,12
1991-12-14,26.1799933113158,,,0,348,1991,12
1991-12-15,26.33999330773952,,,0,349,1991,12
1991-12-16,26.279993309080623,,,0,350,1991,12
1991-12-17,26.29999330863359,,,0,351,1991,12
1991-12-18,25.87999331802132,,,0,352,1991,12
1991-12-19,25.889993317797803,,,0,353,1991,12
1991-12-20,26.119993312656906,,,0,354,1991,12
1991-12-21,26.29999330863359,,,0,355,1991,12
1991-12-22,26.18999331109228,,,0,356,1991,12
1991-12-23,26.219993310421728,,,0,357,1991,12
1991-12-24,26.779993297904756,,,0,358,1991,12
1991-12-25,26.96999329365792,,,0,359,1991,12
1991-12-26,27.01999329254033,,,0,360,1991,12
1991-12-27,27.029993292316817,,,0,361,1991,12
1991-12-28,27.7299932766706,,,0,362,1991,12
1991-12-29,27.769993275776528,,,0,363,1991,12
1991-12-30,27.58999327979984,,,0,364,1991,12
1991-12-31,27.22999328784647,,,0,365,1991,12
1992-01-01,27.34999328516426,,,0,1,1992,1
1992-01-02,27.069993291422747,,,0,2,1992,1
1992-01-03,26.92999329455199,,,0,3,1992,1
1992-01-04,26.91999329477551,,,0,4,1992,1
1992-01-05,26.819993297010683,,,0,5,1992,1
1992-01-06,27.2699932869524,,,0,6,1992,1
1992-01-07,27.299993286281847,,,0,7,1992,1
1992-01-08,27.179993288964056,,,0,8,1992,1
1992-01-09,26.96999329365792,,,0,9,1992,1
1992-01-10,26.96999329365792,,,0,10,1992,1
1992-01-11,26.94999329410496,,,0,11,1992,1
1992-01-12,26.99999329298737,,,0,12,1992,1
1992-01-13,27.089993290975716,,,0,13,1992,1
1992-01-14,27.22999328784647,,,0,14,1992,1
1992-01-15,28.11999326795342,,,0,15,1992,1
1992-01-16,28.15999326705935,,,0,16,1992,1
1992-01-17,28.1299932677299,,,0,17,1992,1
1992-01-18,27.87999327331784,,,0,18,1992,1
1992-01-19,27.87999327331784,,,0,19,1992,1
1992-01-20,27.8999932728708,,,0,20,1992,1
1992-01-21,27.909993272647284,,,0,21,1992,1
1992-01-22,27.92999327220025,,,0,22,1992,1
1992-01-23,27.829993274435424,,,0,23,1992,1
1992-01-24,27.719993276894115,,,0,24,1992,1
1992-01-25,27.649993278458737,,,0,25,1992,1
1992-01-26,27.63999327868225,,,0,26,1992,1
1992-01-27,28.15999326705935,,,0,27,1992,1
1992-01-28,28.20999326594176,,,0,28,1992,1
1992-01-29,28.1899932663888,,,0,29,1992,1
1992-01-30,28.179993266612318,,,0,30,1992,1
1992-01-31,28.599993257224583,,,0,31,1992,1
1992-02-01,28.43999326080086,,,0,32,1992,2
1992-02-02,28.359993262589,,,0,33,1992,2
1992-02-03,28.289993264153622,,,0,34,1992,2
1992-02-04,27.94999327175321,,,0,35,1992,2
1992-02-05,27.919993272423767,,,0,36,1992,2
1992-02-06,27.96999327130618,,,0,37,1992,2
1992-02-07,28.139993267506384,,,0,38,1992,2
1992-02-08,28.289993264153622,,,0,39,1992,2
1992-02-09,28.20999326594176,,,0,40,1992,2
1992-02-10,28.229993265494727,,,0,41,1992,2
1992-02-11,27.92999327220025,,,0,42,1992,2
1992-02-12,27.719993276894115,,,0,43,1992,2
1992-02-13,27.669993278011702,,,0,44,1992,2
1992-02-14,28.289993264153622,,,0,45,1992,2
1992-02-15,28.23999326527121,,,0,46,1992,2
1992-02-16,28.23999326527121,,,0,47,1992,2
1992-02-17,28.029993269965075,,,0,48,1992,2
1992-02-18,28.019993270188596,,,0,49,1992,2
1992-02-19,27.93999327197673,,,0,50,1992,2
1992-02-20,27.81999327465894,,,0,51,1992,2
1992-02-21,27.829993274435424,,,0,52,1992,2
1992-02-22,27.87999327331784,,,0,53,1992,2
1992-02-23,28.679993255436443,,,0,54,1992,2
1992-02-24,28.49999325945976,,,0,55,1992,2
1992-02-25,28.25999326482417,,,0,56,1992,2
1992-02-26,28.00999327041211,,,0,57,1992,2
1992-02-27,28.00999327041211,,,0,58,1992,2
1992-02-28,27.749993276223563,,,0,59,1992,2
1992-02-29,28.989993248507403,,,0,60,1992,2
1992-03-01,29.379993239790224,,,0,61,1992,3
1992-03-02,29.40999323911967,,,0,62,1992,3
1992-03-03,28.5899932574481,,,0,63,1992,3
1992-03-04,28.50999325923624,,,0,64,1992,3
1992-03-05,28.449993260577344,,,0,65,1992,3
1992-03-06,28.42999326102438,,,0,66,1992,3
1992-03-07,28.409993261471413,,,0,67,1992,3
1992-03-08,28.39999326169493,,,0,68,1992,3
1992-03-09,28.11999326795342,,,0,69,1992,3
1992-03-10,28.03999326974156,,,0,70,1992,3
1992-03-11,28.11999326795342,,,0,71,1992,3
1992-03-12,28.47999325990679,,,0,72,1992,3
1992-03-13,28.49999325945976,,,0,73,1992,3
1992-03-14,28.47999325990679,,,0,74,1992,3
1992-03-15,27.75999327600005,,,0,75,1992,3
1992-03-16,27.609993279352807,,,0,76,1992,3
1992-03-17,27.609993279352807,,,0,77,1992,3
1992-03-18,27.869993273541358,,,0,78,1992,3
1992-03-19,28.409993261471413,,,0,79,1992,3
1992-03-20,28.56999325789513,,,0,80,1992,3
1992-03-21,28.339993263036035,,,0,81,1992,3
1992-03-22,27.96999327130618,,,0,82,1992,3
1992-03-23,27.869993273541358,,,0,83,1992,3
1992-03-24,27.88999327309432,,,0,84,1992,3
1992-03-25,27.84999327398839,,,0,85,1992,3
1992-03-26,27.689993277564668,,,0,86,1992,3
1992-03-27,27.409993283823155,,,0,87,1992,3
1992-03-28,27.409993283823155,,,0,88,1992,3
1992-03-29,27.27999328672888,,,0,89,1992,3
1992-03-30,27.129993290081643,,,0,90,1992,3
1992-03-31,27.19999328851702,,,0,91,1992,3
1992-04-01,27.19999328851702,,,0,92,1992,4
1992-04-02,27.15999328941109,,,0,93,1992,4
1992-04-03,27.149993289634608,,,0,94,1992,4
1992-04-04,27.11999329030516,,,0,95,1992,4
1992-04-05,27.19999328851702,,,0,96,1992,4
1992-04-06,27.289993286505364,,,0,97,1992,4
1992-04-07,27.41999328359964,,,0,98,1992,4
1992-04-08,27.73999327644708,,,0,99,1992,4
1992-04-09,27.789993275329493,,,0,100,1992,4
1992-04-10,27.57999328002336,,,0,101,1992,4
1992-04-11,27.289993286505364,,,0,102,1992,4
1992-04-12,27.07999329119923,,,0,103,1992,4
1992-04-13,26.96999329365792,,,0,104,1992,4
1992-04-14,27.00999329276385,,,0,105,1992,4
1992-04-15,26.739993298798822,,,0,106,1992,4
1992-04-16,26.72999329902234,,,0,107,1992,4
1992-04-17,26.69999329969289,,,0,108,1992,4
1992-04-18,26.79999329745772,,,0,109,1992,4
1992-04-19,27.0399932920933,,,0,110,1992,4
1992-04-20,27.069993291422747,,,0,111,1992,4
1992-04-21,26.41999330595138,,,0,112,1992,4
1992-04-22,26.639993301034,,,0,113,1992,4
1992-04-23,26.939993294328477,,,0,114,1992,4
1992-04-24,27.10999329052868,,,0,115,1992,4
1992-04-25,27.13999328985813,,,0,116,1992,4
1992-04-26,27.22999328784647,,,0,117,1992,4
1992-04-27,26.95999329388144,,,0,118,1992,4
1992-04-28,26.64999330081048,,,0,119,1992,4
1992-04-29,26.639993301034,,,0,120,1992,4
1992-04-30,26.61999330148103,,,0,121,1992,4
1992-05-01,26.429993305727866,,,0,122,1992,5
1992-05-02,26.359993307292484,,,0,123,1992,5
1992-05-03,26.25999330952766,,,0,124,1992,5
1992-05-04,26.119993312656906,,,0,125,1992,5
1992-05-05,26.22999331019821,,,0,126,1992,5
1992-05-06,26.26999330930414,,,0,127,1992,5
1992-05-07,25.76999332048001,,,0,128,1992,5
1992-05-08,25.579993324726843,,,0,129,1992,5
1992-05-09,25.859993318468355,,,0,130,1992,5
1992-05-10,26.169993311539315,,,0,131,1992,5
1992-05-11,26.22999331019821,,,0,132,1992,5
1992-05-12,26.25999330952766,,,0,133,1992,5
1992-05-13,26.279993309080623,,,0,134,1992,5
1992-05-14,26.29999330863359,,,0,135,1992,5
1992-05-15,26.219993310421728,,,0,136,1992,5
1992-05-16,26.22999331019821,,,0,137,1992,5
1992-05-17,26.169993311539315,,,0,138,1992,5
1992-05-18,26.1799933113158,,,0,139,1992,5
1992-05-19,26.239993309974693,,,0,140,1992,5
1992-05-20,25.95999331623318,,,0,141,1992,5
1992-05-21,25.79999331980946,,,0,142,1992,5
1992-05-22,25.72999332137408,,,0,143,1992,5
1992-05-23,25.599993324279808,,,0,144,1992,5
1992-05-24,25.809993319585946,,,0,145,1992,5
1992-05-25,25.929993316903733,,,0,146,1992,5
1992-05-26,25.86999331824484,,,0,147,1992,5
1992-05-27,25.499993326514986,,,0,148,1992,5
1992-05-28,25.2599933318794,,,0,149,1992,5
1992-05-29,25.209993332996987,,,0,150,1992,5
1992-05-30,25.14999333433809,,,0,151,1992,5
1992-05-31,25.039993336796783,,,0,152,1992,5
1992-06-01,25.189993333444026,,,0,153,1992,6
1992-06-02,25.41999332830312,,,0,154,1992,6
1992-06-03,25.4899933267385,,,0,155,1992,6
1992-06-04,25.549993325397395,,,0,156,1992,6
1992-06-05,25.479993326962017,,,0,157,1992,6
1992-06-06,25.4899933267385,,,0,158,1992,6
1992-06-07,25.189993333444026,,,0,159,1992,6
1992-06-08,25.039993336796783,,,0,160,1992,6
1992-06-09,24.929993339255475,,,0,161,1992,6
1992-06-10,24.819993341714166,,,0,162,1992,6
1992-06-11,24.83999334126713,,,0,163,1992,6
1992-06-12,24.899993339926027,,,0,164,1992,6
1992-06-13,24.889993340149545,,,0,165,1992,6
1992-06-14,24.86999334059658,,,0,166,1992,6
1992-06-15,24.90999333970251,,,0,167,1992,6
1992-06-16,25.17999333366754,,,0,168,1992,6
1992-06-17,25.36999332942071,,,0,169,1992,6
1992-06-18,24.879993340373066,,,0,170,1992,6
1992-06-19,24.429993350431342,,,0,171,1992,6
1992-06-20,24.029993359372043,,,0,172,1992,6
1992-06-21,23.86999336294832,,,0,173,1992,6
1992-06-22,23.759993365407013,,,0,174,1992,6
1992-06-23,23.66999336741867,,,0,175,1992,6
1992-06-24,23.50999337099495,,,0,176,1992,6
1992-06-25,23.43999337255957,,,0,177,1992,6
1992-06-26,23.45999337211253,,,0,178,1992,6
1992-06-27,23.29999337568881,,,0,179,1992,6
1992-06-28,23.35999337434771,,,0,180,1992,6
1992-06-29,23.429993372783088,,,0,181,1992,6
1992-06-30,23.5399933703244,,,0,182,1992,6
1992-07-01,23.55999336987736,,,0,183,1992,7
1992-07-02,23.689993366971635,,,0,184,1992,7
1992-07-03,23.809993364289426,,,0,185,1992,7
1992-07-04,23.799993364512943,,,0,186,1992,7
1992-07-05,23.50999337099495,,,0,187,1992,7
1992-07-06,23.2499933768064,,,0,188,1992,7
1992-07-07,23.08999338038268,,,0,189,1992,7
1992-07-08,23.139993379265093,,,0,190,1992,7
1992-07-09,23.259993376582884,,,0,191,1992,7
1992-07-10,23.489993371441983,,,0,192,1992,7
1992-07-11,23.50999337099495,,,0,193,1992,7
1992-07-12,23.51999337077143,,,0,194,1992,7
1992-07-13,23.91999336183073,,,0,195,1992,7
1992-07-14,23.999993360042595,,,0,196,1992,7
1992-07-15,24.109993357583903,,,0,197,1992,7
1992-07-16,24.039993359148525,,,0,198,1992,7
1992-07-17,23.86999336294832,,,0,199,1992,7
1992-07-18,23.85999336317184,,,0,200,1992,7
1992-07-19,24.32999335266652,,,0,201,1992,7
1992-07-20,24.419993350654863,,,0,202,1992,7
1992-07-21,24.22999335490169,,,0,203,1992,7
1992-07-22,24.05999335870149,,,0,204,1992,7
1992-07-23,23.779993364959974,,,0,205,1992,7
1992-07-24,23.639993368089225,,,0,206,1992,7
1992-07-25,23.729993366077565,,,0,207,1992,7
1992-07-26,23.82999336384239,,,0,208,1992,7
1992-07-27,23.85999336317184,,,0,209,1992,7
1992-07-28,23.949993361160185,,,0,210,1992,7
1992-07-29,24.12999335713687,,,0,211,1992,7
1992-07-30,23.949993361160185,,,0,212,1992,7
1992-07-31,23.78999336473646,,,0,213,1992,7
1992-08-01,23.779993364959974,,,0,214,1992,8
1992-08-02,23.69999336674812,,,0,215,1992,8
1992-08-03,23.579993369430326,,,0,216,1992,8
1992-08-04,23.429993372783088,,,0,217,1992,8
1992-08-05,23.35999337434771,,,0,218,1992,8
1992-08-06,23.58999336920681,,,0,219,1992,8
1992-08-07,23.31999337524178,,,0,220,1992,8
1992-08-08,23.189993378147506,,,0,221,1992,8
1992-08-09,23.189993378147506,,,0,222,1992,8
1992-08-10,23.269993376359366,,,0,223,1992,8
1992-08-11,23.159993378818054,,,0,224,1992,8
1992-08-12,23.179993378371023,,,0,225,1992,8
1992-08-13,23.179993378371023,,,0,226,1992,8
1992-08-14,23.39999337345364,,,0,227,1992,8
1992-08-15,23.429993372783088,,,0,228,1992,8
1992-08-16,23.39999337345364,,,0,229,1992,8
1992-08-17,23.349993374571227,,,0,230,1992,8
1992-08-18,23.2499933768064,,,0,231,1992,8
1992-08-19,23.119993379712128,,,0,232,1992,8
1992-08-20,22.97999338284137,,,0,233,1992,8
1992-08-21,23.039993381500267,,,0,234,1992,8
1992-08-22,23.039993381500267,,,0,235,1992,8
1992-08-23,22.76999338753524,,,0,236,1992,8
1992-08-24,22.809993386641167,,,0,237,1992,8
1992-08-25,22.83999338597061,,,0,238,1992,8
1992-08-26,22.949993383511924,,,0,239,1992,8
1992-08-27,22.91999338418248,,,0,240,1992,8
1992-08-28,23.0199933819473,,,0,241,1992,8
1992-08-29,23.12999337948861,,,0,242,1992,8
1992-08-30,22.909993384405997,,,0,243,1992,8
1992-08-31,22.89999338462951,,,0,244,1992,8
1992-09-01,22.829993386194133,,,0,245,1992,9
1992-09-02,22.7899933870882,,,0,246,1992,9
1992-09-03,22.729993388429307,,,0,247,1992,9
1992-09-04,22.91999338418248,,,0,248,1992,9
1992-09-05,22.83999338597061,,,0,249,1992,9
1992-09-06,22.70999338887634,,,0,250,1992,9
1992-09-07,22.519993393123173,,,0,251,1992,9
1992-09-08,23.08999338038268,,,0,252,1992,9
1992-09-09,22.92999338395896,,,0,253,1992,9
1992-09-10,22.639993390440964,,,0,254,1992,9
1992-09-11,22.52999339289965,,,0,255,1992,9
1992-09-12,22.21999339982869,,,0,256,1992,9
1992-09-13,22.1599934011698,,,0,257,1992,9
1992-09-14,22.099993402510904,,,0,258,1992,9
1992-09-15,23.469993371889014,,,0,259,1992,9
1992-09-16,23.569993369653844,,,0,260,1992,9
1992-09-17,23.579993369430326,,,0,261,1992,9
1992-09-18,23.659993367642187,,,0,262,1992,9
1992-09-19,23.60999336875977,,,0,263,1992,9
1992-09-20,23.759993365407013,,,0,264,1992,9
1992-09-21,23.659993367642187,,,0,265,1992,9
1992-09-22,23.29999337568881,,,0,266,1992,9
1992-09-23,23.039993381500267,,,0,267,1992,9
1992-09-24,24.549993347749137,,,0,268,1992,9
1992-09-25,24.689993344619893,,,0,269,1992,9
1992-09-26,24.689993344619893,,,0,270,1992,9
1992-09-27,24.43999335020783,,,0,271,1992,9
1992-09-28,24.359993351995968,,,0,272,1992,9
1992-09-29,24.259993354231145,,,0,273,1992,9
1992-09-30,24.089993358030934,,,0,274,1992,9
1992-10-01,23.929993361607217,,,0,275,1992,10
1992-10-02,24.379993351548933,,,0,276,1992,10
1992-10-03,24.44999334998431,,,0,277,1992,10
1992-10-04,24.1699933562428,,,0,278,1992,10
1992-10-05,24.029993359372043,,,0,279,1992,10
1992-10-06,24.13999335691335,,,0,280,1992,10
1992-10-07,24.21999335512521,,,0,281,1992,10
1992-10-08,24.119993357360386,,,0,282,1992,10
1992-10-09,24.1699933562428,,,0,283,1992,10
1992-10-10,24.28999335356059,,,0,284,1992,10
1992-10-11,24.349993352219485,,,0,285,1992,10
1992-10-12,24.31999335289004,,,0,286,1992,10
1992-10-13,24.659993345290445,,,0,287,1992,10
1992-10-14,24.09999335780742,,,0,288,1992,10
1992-10-15,24.039993359148525,,,0,289,1992,10
1992-10-16,24.549993347749137,,,0,290,1992,10
1992-10-17,24.7999933421612,,,0,291,1992,10
1992-10-18,24.86999334059658,,,0,292,1992,10
1992-10-19,24.879993340373066,,,0,293,1992,10
1992-10-20,25.52999332584443,,,0,294,1992,10
1992-10-21,25.499993326514986,,,0,295,1992,10
1992-10-22,25.499993326514986,,,0,296,1992,10
1992-10-23,25.359993329644222,,,0,297,1992,10
1992-10-24,25.319993330538296,,,0,298,1992,10
1992-10-25,25.289993331208848,,,0,299,1992,10
1992-10-26,25.33999333009126,,,0,300,1992,10
1992-10-27,25.329993330314775,,,0,301,1992,10
1992-10-28,25.329993330314775,,,0,302,1992,10
1992-10-29,25.629993323609256,,,0,303,1992,10
1992-10-30,25.849993318691872,,,0,304,1992,10
1992-10-31,25.86999331824484,,,0,305,1992,10
1992-11-01,25.789993320032977,,,0,306,1992,11
1992-11-02,25.72999332137408,,,0,307,1992,11
1992-11-03,25.72999332137408,,,0,308,1992,11
1992-11-04,25.599993324279808,,,0,309,1992,11
1992-11-05,25.44999332763257,,,0,310,1992,11
1992-11-06,25.39999332875016,,,0,311,1992,11
1992-11-07,25.14999333433809,,,0,312,1992,11
1992-11-08,25.0899933356792,,,0,313,1992,11
1992-11-09,25.169993333891057,,,0,314,1992,11
1992-11-10,25.289993331208848,,,0,315,1992,11
1992-11-11,25.45999332740905,,,0,316,1992,11
1992-11-12,25.509993326291465,,,0,317,1992,11
1992-11-13,25.499993326514986,,,0,318,1992,11
1992-11-14,25.67999332249167,,,0,319,1992,11
1992-11-15,25.72999332137408,,,0,320,1992,11
1992-11-16,25.739993321150564,,,0,321,1992,11
1992-11-17,25.64999332316222,,,0,322,1992,11
1992-11-18,25.929993316903733,,,0,323,1992,11
1992-11-19,26.1799933113158,,,0,324,1992,11
1992-11-20,26.279993309080623,,,0,325,1992,11
1992-11-21,26.169993311539315,,,0,326,1992,11
1992-11-22,26.14999331198635,,,0,327,1992,11
1992-11-23,26.65999330058696,,,0,328,1992,11
1992-11-24,26.869993295893096,,,0,329,1992,11
1992-11-25,26.869993295893096,,,0,330,1992,11
1992-11-26,26.64999330081048,,,0,331,1992,11
1992-11-27,26.48999330438676,,,0,332,1992,11
1992-11-28,26.409993306174897,,,0,333,1992,11
1992-11-29,26.359993307292484,,,0,334,1992,11
1992-11-30,26.289993308857103,,,0,335,1992,11
1992-12-01,25.2599933318794,,,0,336,1992,12
1992-12-02,25.189993333444026,,,0,337,1992,12
1992-12-03,25.44999332763257,,,0,338,1992,12
1992-12-04,25.579993324726843,,,0,339,1992,12
1992-12-05,25.789993320032977,,,0,340,1992,12
1992-12-06,26.30999330841007,,,0,341,1992,12
1992-12-07,27.209993288293504,,,0,342,1992,12
1992-12-08,27.77999327555301,,,0,343,1992,12
1992-12-09,27.7299932766706,,,0,344,1992,12
1992-12-10,27.679993277788185,,,0,345,1992,12
1992-12-11,27.559993280470398,,,0,346,1992,12
1992-12-12,27.489993282035016,,,0,347,1992,12
1992-12-13,27.489993282035016,,,0,348,1992,12
1992-12-14,27.409993283823155,,,0,349,1992,12
1992-12-15,27.44999328292909,,,0,350,1992,12
1992-12-16,27.679993277788185,,,0,351,1992,12
1992-12-17,27.85999327376487,,,0,352,1992,12
1992-12-18,27.93999327197673,,,0,353,1992,12
1992-12-19,27.58999327979984,,,0,354,1992,12
1992-12-20,27.57999328002336,,,0,355,1992,12
1992-12-21,27.56999328024688,,,0,356,1992,12
1992-12-22,27.719993276894115,,,0,357,1992,12
1992-12-23,27.69999327734115,,,0,358,1992,12
1992-12-24,27.7299932766706,,,0,359,1992,12
1992-12-25,27.30999328605833,,,0,360,1992,12
1992-12-26,26.61999330148103,,,0,361,1992,12
1992-12-27,26.39999330639841,,,0,362,1992,12
1992-12-28,26.369993307068967,,,0,363,1992,12
1992-12-29,27.19999328851702,,,0,364,1992,12
1992-12-30,27.18999328874054,,,0,365,1992,12
1992-12-31,27.15999328941109,,,0,366,1992,12
1993-01-01,26.87999329566958,,34.775841515511274,0,1,1993,1
1993-01-02,26.749993298575305,,34.37147126533091,0,2,1993,1
1993-01-03,26.70999329946937,,34.03729358687997,0,3,1993,1
1993-01-04,26.56999330259862,,34.17004910297692,0,4,1993,1
1993-01-05,26.72999329902234,,34.33332312852144,0,5,1993,1
1993-01-06,26.739993298798822,,34.41114532761276,0,6,1993,1
1993-01-07,27.359993284940742,,34.408093476668,0,7,1993,1
1993-01-08,27.489993282035016,,34.437086060643196,0,8,1993,1
1993-01-09,27.4999932818115,,34.45997494272888,0,9,1993,1
1993-01-10,27.439993283152603,,34.440137911587954,0,10,1993,1
1993-01-11,27.44999328292909,,34.41877495497465,0,11,1993,1
1993-01-12,27.42999328337612,,34.426404582336545,0,12,1993,1
1993-01-13,27.07999329119923,,34.61256748996675,0,13,1993,1
1993-01-14,27.089993290975716,,34.58815268240869,0,14,1993,1
1993-01-15,27.099993290752195,,34.620197117328644,0,15,1993,1
1993-01-16,26.88999329544606,,34.71022672019899,0,16,1993,1
1993-01-17,26.829993296787165,,34.75905633531511,0,17,1993,1
1993-01-18,26.909993294999023,,34.78499706834555,0,18,1993,1
1993-01-19,27.129993290081643,,34.7956785466522,0,19,1993,1
1993-01-20,27.22999328784647,,34.76821188814938,0,20,1993,1
1993-01-21,27.289993286505364,,34.7453230060637,0,21,1993,1
1993-01-22,27.92999327220025,,34.727011900395155,0,22,1993,1
1993-01-23,27.96999327130618,,34.73006375133991,0,23,1993,1
1993-01-24,27.789993275329493,,34.74074522964656,0,24,1993,1
1993-01-25,27.749993276223563,,34.72243412397802,0,25,1993,1
1993-01-26,27.23999328762295,,34.737693378701806,0,26,1993,1
1993-01-27,27.169993289187573,,34.83993038535118,0,27,1993,1
1993-01-28,27.10999329052868,,34.91622665897012,0,28,1993,1
1993-01-29,27.179993288964056,,34.94827109389007,0,29,1993,1
1993-01-30,26.899993295222544,,34.97726367786527,0,30,1993,1
1993-01-31,26.749993298575305,,34.98641923069954,0,31,1993,1
1993-02-01,26.69999329969289,,34.97115997597575,0,32,1993,2
1993-02-02,27.679993277788185,,34.8887600004673,0,33,1993,2
1993-02-03,27.4999932818115,,34.75295263342559,0,34,1993,2
1993-02-04,27.459993282705568,,34.665974881500006,0,35,1993,2
1993-02-05,27.299993286281847,,34.71785634756088,0,36,1993,2
1993-02-06,27.489993282035016,,34.86434519290924,0,37,1993,2
1993-02-07,27.519993281364464,,34.96963405050337,0,38,1993,2
1993-02-08,27.58999327979984,,35.02151551656425,0,39,1993,2
1993-02-09,27.56999328024688,,35.06729328073561,0,40,1993,2
1993-02-10,27.4999932818115,,35.076448833569884,0,41,1993,2
1993-02-11,27.69999327734115,,35.04287847317755,0,42,1993,2
1993-02-12,27.829993274435424,,34.97573775239289,0,43,1993,2
1993-02-13,27.77999327555301,,34.943693317472935,0,44,1993,2
1993-02-14,27.61999327912929,,34.929959988221526,0,45,1993,2
1993-02-15,27.58999327979984,,34.90249332971871,0,46,1993,2
1993-02-16,27.80999327488246,,34.85213778913021,0,47,1993,2
1993-02-17,27.85999327376487,,34.84908593818545,0,48,1993,2
1993-02-18,27.669993278011702,,34.92233036085963,0,49,1993,2
1993-02-19,27.63999327868225,,35.01235996372998,0,50,1993,2
1993-02-20,27.92999327220025,,35.02151551656425,0,51,1993,2
1993-02-21,28.46999326013031,,35.00625626184046,0,52,1993,2
1993-02-22,28.419993261247896,,34.99710070900619,0,53,1993,2
1993-02-23,28.37999326214197,,34.99557478353381,0,54,1993,2
1993-02-24,28.339993263036035,,35.015411814674735,0,55,1993,2
1993-02-25,27.77999327555301,,35.03372292034328,0,56,1993,2
1993-02-26,27.57999328002336,,35.04135254770517,0,57,1993,2
1993-02-27,27.69999327734115,,35.01846366561949,0,58,1993,2
1993-02-28,27.80999327488246,,34.92538221180439,0,59,1993,2
1993-03-01,27.63999327868225,,34.79262669570744,0,60,1993,3
1993-03-02,27.56999328024688,,34.71785634756088,0,61,1993,3
1993-03-03,27.63999327868225,,34.69649339094758,0,62,1993,3
1993-03-04,27.65999327823522,,34.7239600494504,0,63,1993,3
1993-03-05,27.689993277564668,,34.737693378701806,0,64,1993,3
1993-03-06,27.869993273541358,,34.75447855889797,0,65,1993,3
1993-03-07,28.06999326907101,,34.77736744098365,0,66,1993,3
1993-03-08,27.96999327130618,,34.79262669570744,0,67,1993,3
1993-03-09,27.999993270635628,,34.800256323069334,0,68,1993,3
1993-03-10,28.419993261247896,,34.80636002495885,0,69,1993,3
1993-03-11,28.459993260353823,,34.81398965232074,0,70,1993,3
1993-03-12,28.369993262365483,,34.809411875903606,0,71,1993,3
1993-03-13,28.25999326482417,,34.74074522964656,0,72,1993,3
1993-03-14,28.179993266612318,,34.643085999414325,0,73,1993,3
1993-03-15,28.339993263036035,,34.55305639654398,0,74,1993,3
1993-03-16,28.24999326504769,,34.44471568800509,0,75,1993,3
1993-03-17,28.1899932663888,,34.353160159662366,0,76,1993,3
1993-03-18,28.07999326884749,,34.328745352104306,0,77,1993,3
1993-03-19,27.989993270859145,,34.35163423418999,0,78,1993,3
1993-03-20,28.179993266612318,,34.389782370999455,0,79,1993,3
1993-03-21,28.369993262365483,,34.44166383706033,0,80,1993,3
1993-03-22,28.51999325901272,,34.47676012292504,0,81,1993,3
1993-03-23,28.38999326191845,,34.559160098433495,0,82,1993,3
1993-03-24,28.15999326705935,,34.72090819850564,0,83,1993,3
1993-03-25,28.04999326951804,,34.79262669570744,0,84,1993,3
1993-03-26,27.919993272423767,,34.82619705609977,0,85,1993,3
1993-03-27,27.80999327488246,,34.859767416492105,0,86,1993,3
1993-03-28,27.339993285387777,,34.89333777688444,0,87,1993,3
1993-03-29,27.2699932869524,,34.92385628633201,0,88,1993,3
1993-03-30,27.219993288069983,,34.93758961558342,0,89,1993,3
1993-03-31,26.99999329298737,,34.929959988221526,0,90,1993,3
1993-04-01,26.95999329388144,,34.96353034861386,0,91,1993,4
1993-04-02,26.95999329388144,,34.99710070900619,0,92,1993,4
1993-04-03,27.23999328762295,,35.027619218453765,0,93,1993,4
1993-04-04,27.249993287399437,,35.01846366561949,0,94,1993,4
1993-04-05,27.2699932869524,,34.907071106135845,0,95,1993,4
1993-04-06,27.219993288069983,,34.846034087240696,0,96,1993,4
1993-04-07,27.23999328762295,,34.84298223629594,0,97,1993,4
1993-04-08,27.249993287399437,,34.882656298577785,0,98,1993,4
1993-04-09,27.22999328784647,,34.92538221180439,0,99,1993,4
1993-04-10,27.099993290752195,,34.968108125030994,0,100,1993,4
1993-04-11,26.91999329477551,,34.99862663447857,0,101,1993,4
1993-04-12,26.599993301928063,,35.026093292981386,0,102,1993,4
1993-04-13,26.39999330639841,,34.871974820271134,0,103,1993,4
1993-04-14,26.359993307292484,,34.800256323069334,0,104,1993,4
1993-04-15,26.479993304610275,,34.89333777688444,0,105,1993,4
1993-04-16,26.61999330148103,,34.882656298577785,0,106,1993,4
1993-04-17,26.69999329969289,,34.8887600004673,0,107,1993,4
1993-04-18,26.64999330081048,,34.907071106135845,0,108,1993,4
1993-04-19,26.159993311762832,,34.91317480802536,0,109,1993,4
1993-04-20,26.139993312209867,,34.896389627829194,0,110,1993,4
1993-04-21,26.139993312209867,,34.88570814952254,0,111,1993,4
1993-04-22,26.319993308186557,,34.85518964007497,0,112,1993,4
1993-04-23,26.509993303939723,,34.68581191264093,0,113,1993,4
1993-04-24,26.559993302822136,,34.23871574923396,0,114,1993,4
1993-04-25,26.669993300363444,,33.84197512641549,0,115,1993,4
1993-04-26,26.76999329812827,,33.790093660354614,0,116,1993,4
1993-04-27,26.64999330081048,,33.980834344401956,0,117,1993,4
1993-04-28,26.319993308186557,,34.197515761479735,0,118,1993,4
1993-04-29,26.479993304610275,,34.26618240773678,0,119,1993,4
1993-04-30,26.759993298351787,,34.36384163796902,0,120,1993,4
1993-05-01,26.94999329410496,,34.44166383706033,0,121,1993,5
1993-05-02,26.70999329946937,,34.59120453335345,0,122,1993,5
1993-05-03,26.68999329991641,,34.62782674469054,0,123,1993,5
1993-05-04,26.69999329969289,,34.51490825973451,0,124,1993,5
1993-05-05,26.84999329634013,,34.269234258681536,0,125,1993,5
1993-05-06,26.87999329566958,,34.24939722754061,0,126,1993,5
1993-05-07,26.95999329388144,,34.24024167470634,0,127,1993,5
1993-05-08,27.129993290081643,,34.26770833320916,0,128,1993,5
1993-05-09,27.129993290081643,,34.38825644552708,0,129,1993,5
1993-05-10,27.059993291646265,,34.438611986115575,0,130,1993,5
1993-05-11,26.909993294999023,,34.56526380032301,0,131,1993,5
1993-05-12,26.779993297904756,,34.69801931641996,0,132,1993,5
1993-05-13,26.639993301034,,34.77278966456652,0,133,1993,5
1993-05-14,26.589993302151584,,34.751426707953215,0,134,1993,5
1993-05-15,26.549993303045653,,34.702597092837095,0,135,1993,5
1993-05-16,26.48999330438676,,34.6949674654752,0,136,1993,5
1993-05-17,26.289993308857103,,34.727011900395155,0,137,1993,5
1993-05-18,26.049993314221524,,34.763634111732244,0,138,1993,5
1993-05-19,25.979993315786142,,34.75905633531511,0,139,1993,5
1993-05-20,25.9499933164567,,34.70107116736472,0,140,1993,5
1993-05-21,25.939993316680216,,34.653767477720976,0,141,1993,5
1993-05-22,25.91999331712725,,34.607989713549614,0,142,1993,5
1993-05-23,25.849993318691872,,34.56678972579539,0,143,1993,5
1993-05-24,25.83999331891539,,34.56678972579539,0,144,1993,5
1993-05-25,25.83999331891539,,34.559160098433495,0,145,1993,5
1993-05-26,25.809993319585946,,34.58662675693631,0,146,1993,5
1993-05-27,25.619993323832773,,34.57441935315728,0,147,1993,5
1993-05-28,25.519993326067947,,34.545426769182086,0,148,1993,5
1993-05-29,25.519993326067947,,34.53779714182019,0,149,1993,5
1993-05-30,25.45999332740905,,34.533219365403056,0,150,1993,5
1993-05-31,25.329993330314775,,34.54847862012684,0,151,1993,5
1993-06-01,25.33999333009126,,34.594256384298205,0,152,1993,6
1993-06-02,25.079993335902717,,34.6949674654752,0,153,1993,6
1993-06-03,24.929993339255475,,34.82009335421026,0,154,1993,6
1993-06-04,24.74999334327879,,34.9604784976691,0,155,1993,6
1993-06-05,24.689993344619893,,35.039826622232795,0,156,1993,6
1993-06-06,24.90999333970251,,35.05661180242896,0,157,1993,6
1993-06-07,24.919993339478992,,35.064241429790854,0,158,1993,6
1993-06-08,24.90999333970251,,35.07187105715275,0,159,1993,6
1993-06-09,24.899993339926027,,35.07187105715275,0,160,1993,6
1993-06-10,24.86999334059658,,35.06729328073561,0,161,1993,6
1993-06-11,24.84999334104361,,35.05508587695658,0,162,1993,6
1993-06-12,24.52999334819617,,35.015411814674735,0,163,1993,6
1993-06-13,24.44999334998431,,34.93606369011104,0,164,1993,6
1993-06-14,24.429993350431342,,34.86434519290924,0,165,1993,6
1993-06-15,24.1699933562428,,34.858241491019726,0,166,1993,6
1993-06-16,24.55999334752562,,34.882656298577785,0,167,1993,6
1993-06-17,24.729993343725823,,34.88113037310541,0,168,1993,6
1993-06-18,24.7999933421612,,34.84298223629594,0,169,1993,6
1993-06-19,24.659993345290445,,34.7956785466522,0,170,1993,6
1993-06-20,24.659993345290445,,34.737693378701806,0,171,1993,6
1993-06-21,24.499993348866724,,34.6949674654752,0,172,1993,6
1993-06-22,24.47999334931376,,34.60493786260486,0,173,1993,6
1993-06-23,24.589993346855067,,34.45692309178412,0,174,1993,6
1993-06-24,24.53999334797265,,34.44166383706033,0,175,1993,6
1993-06-25,24.259993354231145,,34.485915675759315,0,176,1993,6
1993-06-26,24.13999335691335,,34.498123079538345,0,177,1993,6
1993-06-27,23.959993360936664,,34.49201937764883,0,178,1993,6
1993-06-28,24.109993357583903,,34.46760457009077,0,179,1993,6
1993-06-29,24.28999335356059,,34.45997494272888,0,180,1993,6
1993-06-30,24.429993350431342,,34.3867305200547,0,181,1993,6
1993-07-01,23.989993360266112,,34.2432935256511,0,182,1993,7
1993-07-02,23.90999336205425,,34.078493574634194,0,183,1993,7
1993-07-03,23.90999336205425,,34.06018246896565,0,184,1993,7
1993-07-04,23.779993364959974,,34.20209353789687,0,185,1993,7
1993-07-05,23.78999336473646,,34.42335273139179,0,186,1993,7
1993-07-06,23.999993360042595,,34.44624161347747,0,187,1993,7
1993-07-07,24.199993355572246,,34.35163423418999,0,188,1993,7
1993-07-08,24.15999335646632,,34.293649066239595,0,189,1993,7
1993-07-09,23.7099933665246,,34.27533796057105,0,190,1993,7
1993-07-10,23.339993374794744,,34.26770833320916,0,191,1993,7
1993-07-11,23.779993364959974,,34.28449351340532,0,192,1993,7
1993-07-12,23.889993362501286,,34.26618240773678,0,193,1993,7
1993-07-13,23.85999336317184,,34.318063873797655,0,194,1993,7
1993-07-14,23.779993364959974,,34.427930507808924,0,195,1993,7
1993-07-15,23.799993364512943,,34.49507122859359,0,196,1993,7
1993-07-16,23.809993364289426,,34.50422678142786,0,197,1993,7
1993-07-17,23.90999336205425,,34.47828604839742,0,198,1993,7
1993-07-18,23.959993360936664,,34.40656755119562,0,199,1993,7
1993-07-19,23.97999336048963,,34.391308296471834,0,200,1993,7
1993-07-20,23.889993362501286,,34.412671253085136,0,201,1993,7
1993-07-21,23.81999336406591,,34.49507122859359,0,202,1993,7
1993-07-22,23.85999336317184,,34.559160098433495,0,203,1993,7
1993-07-23,23.759993365407013,,34.5515304710716,0,204,1993,7
1993-07-24,23.499993371218466,,34.49507122859359,0,205,1993,7
1993-07-25,23.379993373900675,,34.42030088044703,0,206,1993,7
1993-07-26,23.60999336875977,,34.36231571249664,0,207,1993,7
1993-07-27,23.51999337077143,,34.29822684265673,0,208,1993,7
1993-07-28,23.55999336987736,,34.2646564822644,0,209,1993,7
1993-07-29,23.66999336741867,,34.14105651900172,0,210,1993,7
1993-07-30,23.62999336831274,,34.017456555739045,0,211,1993,7
1993-07-31,23.59999336898329,,33.95947138778865,0,212,1993,7
1993-08-01,23.58999336920681,,33.91369362361729,0,213,1993,8
1993-08-02,23.62999336831274,,33.85723438113928,0,214,1993,8
1993-08-03,23.529993370547917,,33.800775138661265,0,215,1993,8
1993-08-04,23.45999337211253,,33.73821219429374,0,216,1993,8
1993-08-05,23.349993374571227,,33.71379738673568,0,217,1993,8
1993-08-06,23.339993374794744,,33.63750111311674,0,218,1993,8
1993-08-07,23.349993374571227,,33.59935297630727,0,219,1993,8
1993-08-08,23.29999337568881,,33.52916040457785,0,220,1993,8
1993-08-09,23.2499933768064,,33.1598864402622,0,221,1993,8
1993-08-10,23.20999337770047,,32.9447309486568,0,222,1993,8
1993-08-11,23.20999337770047,,33.00119019113481,0,223,1993,8
1993-08-12,23.159993378818054,,33.342997496947646,0,224,1993,8
1993-08-13,23.179993378371023,,34.08459727652371,0,225,1993,8
1993-08-14,23.12999337948861,,34.522537887096405,0,226,1993,8
1993-08-15,22.96999338306489,,34.61104156449437,0,227,1993,8
1993-08-16,22.98999338261785,,34.73616745322943,0,228,1993,8
1993-08-17,23.0199933819473,,34.8384044598788,0,229,1993,8
1993-08-18,23.16999337859454,,34.8887600004673,0,230,1993,8
1993-08-19,23.179993378371023,,34.94827109389007,0,231,1993,8
1993-08-20,23.0799933806062,,35.004730336368084,0,232,1993,8
1993-08-21,23.029993381723784,,35.03524884581566,0,233,1993,8
1993-08-22,23.069993380829715,,35.064241429790854,0,234,1993,8
1993-08-23,23.0799933806062,,35.04593032412231,0,235,1993,8
1993-08-24,23.0199933819473,,35.026093292981386,0,236,1993,8
1993-08-25,23.039993381500267,,35.0108340382576,0,237,1993,8
1993-08-26,22.97999338284137,,34.98794515617192,0,238,1993,8
1993-08-27,22.98999338261785,,34.955900721251965,0,239,1993,8
1993-08-28,22.97999338284137,,34.92690813727677,0,240,1993,8
1993-08-29,23.00999338217082,,34.89791555330157,0,241,1993,8
1993-08-30,22.89999338462951,,34.90554518066347,0,242,1993,8
1993-08-31,22.809993386641167,,34.93606369011104,0,243,1993,8
1993-09-01,22.829993386194133,,34.9604784976691,0,244,1993,9
1993-09-02,22.909993384405997,,34.992522932589054,0,245,1993,9
1993-09-03,23.269993376359366,,35.01846366561949,0,246,1993,9
1993-09-04,23.269993376359366,,35.026093292981386,0,247,1993,9
1993-09-05,23.269993376359366,,35.04135254770517,0,248,1993,9
1993-09-06,23.04999338127675,,35.05661180242896,0,249,1993,9
1993-09-07,23.159993378818054,,35.064241429790854,0,250,1993,9
1993-09-08,23.269993376359366,,35.0825525354594,0,251,1993,9
1993-09-09,23.469993371889014,,35.087130311876535,0,252,1993,9
1993-09-10,23.58999336920681,,35.087130311876535,0,253,1993,9
1993-09-11,23.619993368536257,,35.087130311876535,0,254,1993,9
1993-09-12,23.62999336831274,,35.08560438640416,0,255,1993,9
1993-09-13,23.499993371218466,,35.07950068451464,0,256,1993,9
1993-09-14,23.309993375465297,,34.95742664672434,0,257,1993,9
1993-09-15,23.269993376359366,,34.94064146652818,0,258,1993,9
1993-09-16,23.5399933703244,,35.03372292034328,0,259,1993,9
1993-09-17,23.4799933716655,,34.98794515617192,0,260,1993,9
1993-09-18,23.38999337367716,,34.95742664672434,0,261,1993,9
1993-09-19,23.419993373006605,,34.76821188814938,0,262,1993,9
1993-09-20,23.889993362501286,,34.583574905991554,0,263,1993,9
1993-09-21,23.9399933613837,,34.66139710508287,0,264,1993,9
1993-09-22,23.949993361160185,,34.762108186259866,0,265,1993,9
1993-09-23,23.839993363618877,,34.75753040984273,0,266,1993,9
1993-09-24,23.86999336294832,,34.728537825867534,0,267,1993,9
1993-09-25,24.44999334998431,,34.71022672019899,0,268,1993,9
1993-09-26,24.47999334931376,,34.594256384298205,0,269,1993,9
1993-09-27,24.47999334931376,,34.36078978702426,0,270,1993,9
1993-09-28,24.32999335266652,,34.09375282935798,0,271,1993,9
1993-09-29,24.339993352443003,,33.72142701409757,0,272,1993,9
1993-09-30,24.339993352443003,,33.57493816874921,0,273,1993,9
1993-10-01,24.299993353337072,,33.87554548680782,0,274,1993,10
1993-10-02,24.189993355795764,,34.21277501620352,0,275,1993,10
1993-10-03,24.119993357360386,,34.35926386155188,0,276,1993,10
1993-10-04,24.13999335691335,,34.4584490172565,0,277,1993,10
1993-10-05,24.24999335445466,,34.53932306729257,0,278,1993,10
1993-10-06,24.149993356689837,,34.61561934091151,0,279,1993,10
1993-10-07,24.109993357583903,,34.64766377583146,0,280,1993,10
1993-10-08,25.13999333456161,,34.66444895602763,0,281,1993,10
1993-10-09,25.21999333277347,,34.71022672019899,0,282,1993,10
1993-10-10,25.229993332549952,,34.64918970130384,0,283,1993,10
1993-10-11,24.889993340149545,,34.68123413622379,0,284,1993,10
1993-10-12,24.659993345290445,,34.716330422088504,0,285,1993,10
1993-10-13,24.619993346184515,,34.65834525413811,0,286,1993,10
1993-10-14,24.659993345290445,,34.56678972579539,0,287,1993,10
1993-10-15,24.819993341714166,,34.594256384298205,0,288,1993,10
1993-10-16,24.59999334663155,,34.56221194937825,0,289,1993,10
1993-10-17,24.32999335266652,,34.499649005010724,0,290,1993,10
1993-10-18,24.20999335534873,,34.46913049556315,0,291,1993,10
1993-10-19,24.739993343502302,,34.51643418520689,0,292,1993,10
1993-10-20,24.7999933421612,,34.524063812568784,0,293,1993,10
1993-10-21,24.7999933421612,,34.511856408789754,0,294,1993,10
1993-10-22,24.999993337690853,,34.498123079538345,0,295,1993,10
1993-10-23,25.349993329867743,,34.498123079538345,0,296,1993,10
1993-10-24,25.39999332875016,,34.50575270690024,0,297,1993,10
1993-10-25,25.119993335008644,,34.559160098433495,0,298,1993,10
1993-10-26,25.119993335008644,,34.63850822299719,0,299,1993,10
1993-10-27,25.21999333277347,,34.62630081921816,0,300,1993,10
1993-10-28,25.589993324503325,,34.58510083146393,0,301,1993,10
1993-10-29,25.929993316903733,,34.61104156449437,0,302,1993,10
1993-10-30,25.849993318691872,,34.68123413622379,0,303,1993,10
1993-10-31,25.67999332249167,,34.67055265791714,0,304,1993,10
1993-11-01,25.64999332316222,,34.751426707953215,0,305,1993,11
1993-11-02,25.539993325620912,,34.89028592593968,0,306,1993,11
1993-11-03,25.439993327856087,,34.95284887030721,0,307,1993,11
1993-11-04,25.36999332942071,,34.91622665897012,0,308,1993,11
1993-11-05,25.4899933267385,,34.92385628633201,0,309,1993,11
1993-11-06,25.499993326514986,,34.96353034861386,0,310,1993,11
1993-11-07,25.46999332718553,,35.0108340382576,0,311,1993,11
1993-11-08,25.45999332740905,,35.04745624959469,0,312,1993,11
1993-11-09,25.749993320927047,,35.064241429790854,0,313,1993,11
1993-11-10,25.739993321150564,,35.088656237348914,0,314,1993,11
1993-11-11,25.749993320927047,,35.1039154920727,0,315,1993,11
1993-11-12,25.36999332942071,,35.111545119434595,0,316,1993,11
1993-11-13,25.199993333220505,,35.14206362888217,0,317,1993,11
1993-11-14,25.199993333220505,,35.17410806380212,0,318,1993,11
1993-11-15,25.699993322044637,,35.18784139305353,0,319,1993,11
1993-11-16,25.899993317574285,,35.20004879683256,0,320,1993,11
1993-11-17,25.91999331712725,,35.20310064777732,0,321,1993,11
1993-11-18,26.06999331377449,,35.20157472230494,0,322,1993,11
1993-11-19,25.979993315786142,,35.20157472230494,0,323,1993,11
1993-11-20,25.9499933164567,,35.19089324399829,0,324,1993,11
1993-11-21,26.169993311539315,,35.13901177793741,0,325,1993,11
1993-11-22,26.10999331288042,,35.06576735526323,0,326,1993,11
1993-11-23,26.26999330930414,,35.016937740147114,0,327,1993,11
1993-11-24,25.95999331623318,,34.933011839166284,0,328,1993,11
1993-11-25,26.009993315115597,,34.762108186259866,0,329,1993,11
1993-11-26,25.99999331533911,,34.6949674654752,0,330,1993,11
1993-11-27,25.9499933164567,,34.8170415032655,0,331,1993,11
1993-11-28,25.939993316680216,,34.89944147877395,0,332,1993,11
1993-11-29,25.899993317574285,,34.86434519290924,0,333,1993,11
1993-11-30,25.87999331802132,,34.85061186365783,0,334,1993,11
1993-12-01,26.239993309974693,,34.87807852216065,0,335,1993,12
1993-12-02,26.32999330796304,,34.84450816176832,0,336,1993,12
1993-12-03,26.589993302151584,,34.70870079472661,0,337,1993,12
1993-12-04,27.769993275776528,,34.545426769182086,0,338,1993,12
1993-12-05,27.869993273541358,,34.354686085134745,0,339,1993,12
1993-12-06,27.369993284717225,,34.20667131431401,0,340,1993,12
1993-12-07,26.48999330438676,,34.403515700250864,0,341,1993,12
1993-12-08,26.479993304610275,,34.59730823524296,0,342,1993,12
1993-12-09,26.479993304610275,,34.71785634756088,0,343,1993,12
1993-12-10,26.38999330662193,,34.60951563902199,0,344,1993,12
1993-12-11,26.209993310645245,,34.23108612187207,0,345,1993,12
1993-12-12,26.139993312209867,,34.58967860788107,0,346,1993,12
1993-12-13,26.409993306174897,,34.71938227303326,0,347,1993,12
1993-12-14,26.479993304610275,,34.847560012713075,0,348,1993,12
1993-12-15,26.38999330662193,,34.92538221180439,0,349,1993,12
1993-12-16,26.469993304833796,,34.9604784976691,0,350,1993,12
1993-12-17,27.489993282035016,,34.99710070900619,0,351,1993,12
1993-12-18,27.7299932766706,,34.943693317472935,0,352,1993,12
1993-12-19,27.77999327555301,,34.94064146652818,0,353,1993,12
1993-12-20,27.169993289187573,,35.074922908097506,0,354,1993,12
1993-12-21,27.15999328941109,,35.09323401376605,0,355,1993,12
1993-12-22,27.169993289187573,,35.05966365337372,0,356,1993,12
1993-12-23,26.91999329477551,,35.04898217506707,0,357,1993,12
1993-12-24,26.719993299245857,,35.09170808829367,0,358,1993,12
1993-12-25,26.639993301034,,35.076448833569884,0,359,1993,12
1993-12-26,26.629993301257517,,34.990997007116675,0,360,1993,12
1993-12-27,26.5799933023751,,34.94521924294531,0,361,1993,12
1993-12-28,26.60999330170455,,34.85671556554735,0,362,1993,12
1993-12-29,26.789993297681235,,34.82924890704453,0,363,1993,12
1993-12-30,26.839993296563648,,34.86892296932638,0,364,1993,12
1993-12-31,26.939993294328477,,34.81398965232074,0,365,1993,12
1994-01-01,27.999993270635628,,34.76516003720462,0,1,1994,1
1994-01-02,28.149993267282863,,34.69954524189234,0,2,1994,1
1994-01-03,28.139993267506384,,34.617145266383886,0,3,1994,1
1994-01-04,27.919993272423767,,34.47676012292504,0,4,1994,1
1994-01-05,27.61999327912929,,34.389782370999455,0,5,1994,1
1994-01-06,27.25999328717592,,34.02661210857332,0,6,1994,1
1994-01-07,27.049993291869782,,33.753471449017525,0,7,1994,1
1994-01-08,27.01999329254033,,33.70006405748427,0,8,1994,1
1994-01-09,26.95999329388144,,33.52916040457785,0,9,1994,1
1994-01-10,28.38999326191845,,33.07138276286423,0,10,1994,1
1994-01-11,28.599993257224583,,33.068330911919475,0,11,1994,1
1994-01-12,28.39999326169493,,33.24533826671541,0,12,1994,1
1994-01-13,27.75999327600005,,33.27585677616298,0,13,1994,1
1994-01-14,27.689993277564668,,33.30027158372104,0,14,1994,1
1994-01-15,27.749993276223563,,33.88927881605923,0,15,1994,1
1994-01-16,27.439993283152603,,34.48438975028694,0,16,1994,1
1994-01-17,27.13999328985813,,34.67513043433428,0,17,1994,1
1994-01-18,26.869993295893096,,34.66444895602763,0,18,1994,1
1994-01-19,26.549993303045653,,34.62630081921816,0,19,1994,1
1994-01-20,26.84999329634013,,34.55610824748874,0,20,1994,1
1994-01-21,27.32999328561129,,34.427930507808924,0,21,1994,1
1994-01-22,27.44999328292909,,34.19446391053498,0,22,1994,1
1994-01-23,27.56999328024688,,34.18073058128357,0,23,1994,1
1994-01-24,27.679993277788185,,34.340952755883336,0,24,1994,1
1994-01-25,27.709993277117636,,34.653767477720976,0,25,1994,1
1994-01-26,27.63999327868225,,34.74837485700846,0,26,1994,1
1994-01-27,27.559993280470398,,34.766685962677,0,27,1994,1
1994-01-28,27.88999327309432,,34.78347114287317,0,28,1994,1
1994-01-29,27.94999327175321,,34.763634111732244,0,29,1994,1
1994-01-30,27.869993273541358,,34.94521924294531,0,30,1994,1
1994-01-31,27.769993275776528,,35.027619218453765,0,31,1994,1
1994-02-01,28.1299932677299,,34.99557478353381,0,32,1994,2
1994-02-02,28.11999326795342,,34.98336737975478,0,33,1994,2
1994-02-03,28.19999326616528,,35.027619218453765,0,34,1994,2
1994-02-04,28.339993263036035,,35.1039154920727,0,35,1994,2
1994-02-05,28.37999326214197,,35.12833029963076,0,36,1994,2
1994-02-06,28.00999327041211,,35.13138215057552,0,37,1994,2
1994-02-07,27.93999327197673,,35.13901177793741,0,38,1994,2
1994-02-08,27.919993272423767,,35.18021176569164,0,39,1994,2
1994-02-09,27.7299932766706,,35.21225620061159,0,40,1994,2
1994-02-10,27.80999327488246,,35.23514508269727,0,41,1994,2
1994-02-11,27.81999327465894,,35.24124878458679,0,42,1994,2
1994-02-12,27.46999328248205,,35.22751545533538,0,43,1994,2
1994-02-13,27.219993288069983,,35.21683397702873,0,44,1994,2
1994-02-14,27.399993284046676,,35.19089324399829,0,45,1994,2
1994-02-15,27.56999328024688,,35.13901177793741,0,46,1994,2
1994-02-16,27.63999327868225,,35.07797475904226,0,47,1994,2
1994-02-17,27.42999328337612,,35.04593032412231,0,48,1994,2
1994-02-18,27.77999327555301,,35.03524884581566,0,49,1994,2
1994-02-19,27.94999327175321,,35.02304144203663,0,50,1994,2
1994-02-20,27.94999327175321,,35.00015255995095,0,51,1994,2
1994-02-21,27.69999327734115,,35.01998959109187,0,52,1994,2
1994-02-22,27.65999327823522,,35.04287847317755,0,53,1994,2
1994-02-23,27.63999327868225,,35.016937740147114,0,54,1994,2
1994-02-24,27.379993284493708,,34.917752584442496,0,55,1994,2
1994-02-25,27.299993286281847,,34.77278966456652,0,56,1994,2
1994-02-26,27.30999328605833,,34.64613785035908,0,57,1994,2
1994-02-27,27.01999329254033,,34.62477489374578,0,58,1994,2
1994-02-28,26.92999329455199,,34.64003414846957,0,59,1994,2
1994-03-01,26.839993296563648,,34.69649339094758,0,60,1994,3
1994-03-02,26.61999330148103,,34.74837485700846,0,61,1994,3
1994-03-03,26.53999330326917,,34.762108186259866,0,62,1994,3
1994-03-04,26.69999329969289,,34.77126373909414,0,63,1994,3
1994-03-05,26.899993295222544,,34.798730397596955,0,64,1994,3
1994-03-06,27.069993291422747,,34.85518964007497,0,65,1994,3
1994-03-07,27.049993291869782,,34.91164888255298,0,66,1994,3
1994-03-08,26.839993296563648,,34.933011839166284,0,67,1994,3
1994-03-09,27.01999329254033,,34.94674516841769,0,68,1994,3
1994-03-10,27.10999329052868,,34.95284887030721,0,69,1994,3
1994-03-11,27.369993284717225,,34.93758961558342,0,70,1994,3
1994-03-12,27.4999932818115,,34.90096740424633,0,71,1994,3
1994-03-13,26.65999330058696,,34.85213778913021,0,72,1994,3
1994-03-14,26.61999330148103,,34.821619279682636,0,73,1994,3
1994-03-15,26.669993300363444,,34.84145631082356,0,74,1994,3
1994-03-16,26.739993298798822,,34.91317480802536,0,75,1994,3
1994-03-17,27.059993291646265,,35.087130311876535,0,76,1994,3
1994-03-18,27.13999328985813,,35.113071044906974,0,77,1994,3
1994-03-19,27.169993289187573,,35.10696734301746,0,78,1994,3
1994-03-20,27.179993288964056,,35.134434001520276,0,79,1994,3
1994-03-21,26.79999329745772,,35.13748585246503,0,80,1994,3
1994-03-22,26.87999329566958,,35.110019193962216,0,81,1994,3
1994-03-23,26.829993296787165,,35.07034513168037,0,82,1994,3
1994-03-24,26.859993296116613,,35.08560438640416,0,83,1994,3
1994-03-25,26.789993297681235,,35.1039154920727,0,84,1994,3
1994-03-26,26.8099932972342,,35.099337715655565,0,85,1994,3
1994-03-27,26.839993296563648,,35.06881920620799,0,86,1994,3
1994-03-28,26.909993294999023,,35.01846366561949,0,87,1994,3
1994-03-29,27.25999328717592,,35.03067106939852,0,88,1994,3
1994-03-30,27.22999328784647,,35.03524884581566,0,89,1994,3
1994-03-31,26.72999329902234,,35.004730336368084,0,90,1994,3
1994-04-01,26.68999329991641,,34.98336737975478,0,91,1994,4
1994-04-02,26.789993297681235,,34.97573775239289,0,92,1994,4
1994-04-03,26.88999329544606,,34.9894710816443,0,93,1994,4
1994-04-04,26.859993296116613,,35.02304144203663,0,94,1994,4
1994-04-05,26.989993293210887,,35.052034026011825,0,95,1994,4
1994-04-06,26.96999329365792,,35.0535599514842,0,96,1994,4
1994-04-07,26.739993298798822,,35.00930811278522,0,97,1994,4
1994-04-08,26.65999330058696,,34.96353034861386,0,98,1994,4
1994-04-09,26.759993298351787,,34.92843406274915,0,99,1994,4
1994-04-10,26.829993296787165,,34.89944147877395,0,100,1994,4
1994-04-11,26.859993296116613,,34.95284887030721,0,101,1994,4
1994-04-12,26.839993296563648,,35.029145143926144,0,102,1994,4
1994-04-13,26.70999329946937,,35.113071044906974,0,103,1994,4
1994-04-14,26.589993302151584,,35.207678424194455,0,104,1994,4
1994-04-15,26.479993304610275,,35.24887841194868,0,105,1994,4
1994-04-16,26.38999330662193,,35.256508039310575,0,106,1994,4
1994-04-17,26.37999330684545,,35.17868584021926,0,107,1994,4
1994-04-18,26.29999330863359,,35.04440439864993,0,108,1994,4
1994-04-19,26.159993311762832,,34.99557478353381,0,109,1994,4
1994-04-20,26.369993307068967,,34.95132294483483,0,110,1994,4
1994-04-21,26.409993306174897,,34.92385628633201,0,111,1994,4
1994-04-22,26.07999331355097,,34.871974820271134,0,112,1994,4
1994-04-23,25.98999331556263,,34.79262669570744,0,113,1994,4
1994-04-24,25.91999331712725,,34.749900782480836,0,114,1994,4
1994-04-25,25.809993319585946,,34.86892296932638,0,115,1994,4
1994-04-26,25.739993321150564,,35.00930811278522,0,116,1994,4
1994-04-27,25.36999332942071,,35.07950068451464,0,117,1994,4
1994-04-28,25.289993331208848,,35.0825525354594,0,118,1994,4
1994-04-29,25.329993330314775,,35.07187105715275,0,119,1994,4
1994-04-30,25.55999332517388,,35.14206362888217,0,120,1994,4
1994-05-01,25.519993326067947,,35.18936731852591,0,121,1994,5
1994-05-02,25.329993330314775,,35.24582656100392,0,122,1994,5
1994-05-03,25.199993333220505,,35.242774710059166,0,123,1994,5
1994-05-04,25.36999332942071,,35.19852287136018,0,124,1994,5
1994-05-05,25.589993324503325,,35.15732288360596,0,125,1994,5
1994-05-06,25.70999332182112,,35.11612289585173,0,126,1994,5
1994-05-07,25.859993318468355,,35.07950068451464,0,127,1994,5
1994-05-08,25.91999331712725,,35.06729328073561,0,128,1994,5
1994-05-09,25.859993318468355,,35.026093292981386,0,129,1994,5
1994-05-10,25.349993329867743,,34.95284887030721,0,130,1994,5
1994-05-11,25.269993331655883,,34.91470073349774,0,131,1994,5
1994-05-12,25.36999332942071,,34.87807852216065,0,132,1994,5
1994-05-13,25.4899933267385,,34.821619279682636,0,133,1994,5
1994-05-14,25.629993323609256,,34.75447855889797,0,134,1994,5
1994-05-15,25.91999331712725,,34.72243412397802,0,135,1994,5
1994-05-16,26.059993313998007,,34.728537825867534,0,136,1994,5
1994-05-17,25.76999332048001,,34.679708210751414,0,137,1994,5
1994-05-18,25.829993319138907,,34.62172304280102,0,138,1994,5
1994-05-19,25.79999331980946,,34.65987117961049,0,139,1994,5
1994-05-20,25.76999332048001,,34.70717486925423,0,140,1994,5
1994-05-21,25.77999332025649,,34.76058226078749,0,141,1994,5
1994-05-22,25.739993321150564,,34.78499706834555,0,142,1994,5
1994-05-23,25.14999333433809,,34.80788595043123,0,143,1994,5
1994-05-24,25.359993329644222,,34.8384044598788,0,144,1994,5
1994-05-25,25.4899933267385,,34.867397043854,0,145,1994,5
1994-05-26,25.68999332226815,,34.88723407499492,0,146,1994,5
1994-05-27,25.68999332226815,,34.86587111838162,0,147,1994,5
1994-05-28,25.67999332249167,,34.833826683461666,0,148,1994,5
1994-05-29,25.579993324726843,,34.83230075798929,0,149,1994,5
1994-05-30,25.519993326067947,,34.84908593818545,0,150,1994,5
1994-05-31,25.24999333210292,,34.84908593818545,0,151,1994,5
1994-06-01,25.209993332996987,,34.85518964007497,0,152,1994,6
1994-06-02,25.0899933356792,,34.87502667121589,0,153,1994,6
1994-06-03,24.859993340820097,,34.89791555330157,0,154,1994,6
1994-06-04,24.959993338584923,,34.94064146652818,0,155,1994,6
1994-06-05,24.94999333880844,,34.98489330522716,0,156,1994,6
1994-06-06,24.93999333903196,,34.99404885806143,0,157,1994,6
1994-06-07,24.859993340820097,,35.06881920620799,0,158,1994,6
1994-06-08,24.809993341937684,,35.14358955435455,0,159,1994,6
1994-06-09,24.299993353337072,,35.12070067226887,0,160,1994,6
1994-06-10,24.17999335601928,,35.14053770340979,0,161,1994,6
1994-06-11,24.189993355795764,,35.19089324399829,0,162,1994,6
1994-06-12,24.31999335289004,,35.230567306280136,0,163,1994,6
1994-06-13,24.399993351101894,,35.280922846868634,0,164,1994,6
1994-06-14,24.389993351325412,,35.31296728178859,0,165,1994,6
1994-06-15,24.28999335356059,,35.3480635676533,0,166,1994,6
1994-06-16,24.32999335266652,,35.3694265242666,0,167,1994,6
1994-06-17,24.269993354007624,,35.36637467332184,0,168,1994,6
1994-06-18,23.74999336563053,,35.34653764218092,0,169,1994,6
1994-06-19,23.649993367865704,,35.317545058205724,0,170,1994,6
1994-06-20,23.60999336875977,,35.29007839970291,0,171,1994,6
1994-06-21,23.62999336831274,,35.25955989025533,0,172,1994,6
1994-06-22,23.71999336630108,,35.21378212608397,0,173,1994,6
1994-06-23,23.769993365183492,,35.148167330771685,0,174,1994,6
1994-06-24,23.809993364289426,,35.148167330771685,0,175,1994,6
1994-06-25,23.889993362501286,,35.16953028738499,0,176,1994,6
1994-06-26,23.579993369430326,,35.184789542108774,0,177,1994,6
1994-06-27,23.269993376359366,,35.195471020415425,0,178,1994,6
1994-06-28,23.09999338015916,,35.20157472230494,0,179,1994,6
1994-06-29,22.85999338552358,,35.206152498722076,0,180,1994,6
1994-06-30,23.04999338127675,,35.21530805155635,0,181,1994,6
1994-07-01,23.12999337948861,,35.207678424194455,0,182,1994,7
1994-07-02,23.20999337770047,,35.122226597741246,0,183,1994,7
1994-07-03,23.639993368089225,,35.0321969948709,0,184,1994,7
1994-07-04,23.469993371889014,,35.16342658549547,0,185,1994,7
1994-07-05,23.35999337434771,,35.148167330771685,0,186,1994,7
1994-07-06,23.349993374571227,,35.09323401376605,0,187,1994,7
1994-07-07,23.369993374124192,,35.015411814674735,0,188,1994,7
1994-07-08,23.45999337211253,,35.026093292981386,0,189,1994,7
1994-07-09,23.54999337010088,,34.97726367786527,0,190,1994,7
1994-07-10,23.51999337077143,,34.966582199558616,0,191,1994,7
1994-07-11,23.219993377476957,,34.92690813727677,0,192,1994,7
1994-07-12,23.08999338038268,,34.810937801375985,0,193,1994,7
1994-07-13,23.429993372783088,,34.86892296932638,0,194,1994,7
1994-07-14,23.45999337211253,,34.89028592593968,0,195,1994,7
1994-07-15,23.40999337323012,,34.89333777688444,0,196,1994,7
1994-07-16,23.119993379712128,,34.8887600004673,0,197,1994,7
1994-07-17,22.889993384853028,,34.91164888255298,0,198,1994,7
1994-07-18,22.89999338462951,,34.955900721251965,0,199,1994,7
1994-07-19,22.869993385300063,,35.02304144203663,0,200,1994,7
1994-07-20,22.949993383511924,,35.05813772790134,0,201,1994,7
1994-07-21,22.829993386194133,,35.052034026011825,0,202,1994,7
1994-07-22,22.91999338418248,,35.04898217506707,0,203,1994,7
1994-07-23,23.159993378818054,,35.038300696760416,0,204,1994,7
1994-07-24,23.269993376359366,,35.026093292981386,0,205,1994,7
1994-07-25,23.32999337501826,,35.004730336368084,0,206,1994,7
1994-07-26,23.259993376582884,,34.99710070900619,0,207,1994,7
1994-07-27,23.219993377476957,,34.99404885806143,0,208,1994,7
1994-07-28,23.179993378371023,,35.04898217506707,0,209,1994,7
1994-07-29,23.20999337770047,,35.07797475904226,0,210,1994,7
1994-07-30,22.76999338753524,,35.07797475904226,0,211,1994,7
1994-07-31,22.65999338999393,,35.0825525354594,0,212,1994,7
1994-08-01,22.599993391335037,,35.07797475904226,0,213,1994,8
1994-08-02,22.489993393793725,,35.06576735526323,0,214,1994,8
1994-08-03,22.52999339289965,,35.04745624959469,0,215,1994,8
1994-08-04,22.58999339155855,,35.027619218453765,0,216,1994,8
1994-08-05,22.849993385747094,,35.01235996372998,0,217,1994,8
1994-08-06,22.909993384405997,,34.99710070900619,0,218,1994,8
1994-08-07,22.91999338418248,,34.990997007116675,0,219,1994,8
1994-08-08,22.879993385076546,,34.99710070900619,0,220,1994,8
1994-08-09,22.879993385076546,,35.015411814674735,0,221,1994,8
1994-08-10,22.879993385076546,,35.029145143926144,0,222,1994,8
1994-08-11,22.639993390440964,,35.027619218453765,0,223,1994,8
1994-08-12,22.42999339513483,,35.027619218453765,0,224,1994,8
1994-08-13,22.45999339446428,,35.01846366561949,0,225,1994,8
1994-08-14,22.42999339513483,,35.015411814674735,0,226,1994,8
1994-08-15,22.46999339424076,,35.013885889202356,0,227,1994,8
1994-08-16,22.489993393793725,,35.015411814674735,0,228,1994,8
1994-08-17,22.67999338954689,,34.97726367786527,0,229,1994,8
1994-08-18,22.60999339111152,,34.920804435387254,0,230,1994,8
1994-08-19,22.569993392005586,,34.919278509914875,0,231,1994,8
1994-08-20,22.639993390440964,,34.919278509914875,0,232,1994,8
1994-08-21,22.65999338999393,,34.800256323069334,0,233,1994,8
1994-08-22,22.73999338820579,,34.80636002495885,0,234,1994,8
1994-08-23,22.799993386864685,,34.8170415032655,0,235,1994,8
1994-08-24,22.93999338373544,,34.82009335421026,0,236,1994,8
1994-08-25,22.67999338954689,,34.82924890704453,0,237,1994,8
1994-08-26,22.66999338977041,,34.80483409948647,0,238,1994,8
1994-08-27,22.89999338462951,,34.809411875903606,0,239,1994,8
1994-08-28,23.039993381500267,,34.859767416492105,0,240,1994,8
1994-08-29,22.92999338395896,,34.90401925519109,0,241,1994,8
1994-08-30,22.619993390888,,34.94521924294531,0,242,1994,8
1994-08-31,22.58999339155855,,34.9894710816443,0,243,1994,8
1994-09-01,22.73999338820579,,35.01235996372998,0,244,1994,9
1994-09-02,22.869993385300063,,35.01998959109187,0,245,1994,9
1994-09-03,22.81999338641765,,35.03677477128804,0,246,1994,9
1994-09-04,22.879993385076546,,35.05661180242896,0,247,1994,9
1994-09-05,23.54999337010088,,35.04440439864993,0,248,1994,9
1994-09-06,23.55999336987736,,35.03677477128804,0,249,1994,9
1994-09-07,23.55999336987736,,35.03677477128804,0,250,1994,9
1994-09-08,23.55999336987736,,35.04440439864993,0,251,1994,9
1994-09-09,23.55999336987736,,35.06881920620799,0,252,1994,9
1994-09-10,23.499993371218466,,35.09018216282129,0,253,1994,9
1994-09-11,23.9399933613837,,35.10849326848984,0,254,1994,9
1994-09-12,23.949993361160185,,35.11764882132411,0,255,1994,9
1994-09-13,23.959993360936664,,35.09170808829367,0,256,1994,9
1994-09-14,23.949993361160185,,35.08102660998702,0,257,1994,9
1994-09-15,23.879993362724804,,35.09018216282129,0,258,1994,9
1994-09-16,24.28999335356059,,35.099337715655565,0,259,1994,9
1994-09-17,24.549993347749137,,35.10238956660032,0,260,1994,9
1994-09-18,24.55999334752562,,35.09781179018319,0,261,1994,9
1994-09-19,24.15999335646632,,35.08560438640416,0,262,1994,9
1994-09-20,24.109993357583903,,35.07187105715275,0,263,1994,9
1994-09-21,24.119993357360386,,35.05966365337372,0,264,1994,9
1994-09-22,23.769993365183492,,35.062715504318476,0,265,1994,9
1994-09-23,23.69999336674812,,35.07797475904226,0,266,1994,9
1994-09-24,23.85999336317184,,35.10238956660032,0,267,1994,9
1994-09-25,24.049993358925008,,35.12070067226887,0,268,1994,9
1994-09-26,24.01999335959556,,35.08407846093178,0,269,1994,9
1994-09-27,24.399993351101894,,35.06729328073561,0,270,1994,9
1994-09-28,24.459993349760797,,35.062715504318476,0,271,1994,9
1994-09-29,24.44999334998431,,35.052034026011825,0,272,1994,9
1994-09-30,24.419993350654863,,34.94674516841769,0,273,1994,9
1994-10-01,24.15999335646632,,34.96505627408624,0,274,1994,10
1994-10-02,23.879993362724804,,34.98794515617192,0,275,1994,10
1994-10-03,23.82999336384239,,35.02456736750901,0,276,1994,10
1994-10-04,23.9399933613837,,35.0611895788461,0,277,1994,10
1994-10-05,24.089993358030934,,35.11459697037935,0,278,1994,10
1994-10-06,24.149993356689837,,35.135959926992655,0,279,1994,10
1994-10-07,24.00999335981908,,35.14511547982693,0,280,1994,10
1994-10-08,23.969993360713147,,35.15121918171644,0,281,1994,10
1994-10-09,24.029993359372043,,35.1542710326612,0,282,1994,10
1994-10-10,24.089993358030934,,35.160374734550714,0,283,1994,10
1994-10-11,24.1699933562428,,35.16342658549547,0,284,1994,10
1994-10-12,24.1699933562428,,35.16800436191261,0,285,1994,10
1994-10-13,24.22999335490169,,35.16342658549547,0,286,1994,10
1994-10-14,24.20999335534873,,35.16342658549547,0,287,1994,10
1994-10-15,23.97999336048963,,35.16495251096785,0,288,1994,10
1994-10-16,23.78999336473646,,35.16342658549547,0,289,1994,10
1994-10-17,23.759993365407013,,35.14053770340979,0,290,1994,10
1994-10-18,23.799993364512943,,35.113071044906974,0,291,1994,10
1994-10-19,23.91999336183073,,35.074922908097506,0,292,1994,10
1994-10-20,23.7099933665246,,35.04440439864993,0,293,1994,10
1994-10-21,23.739993365854048,,35.0611895788461,0,294,1994,10
1994-10-22,23.839993363618877,,35.029145143926144,0,295,1994,10
1994-10-23,23.82999336384239,,34.96963405050337,0,296,1994,10
1994-10-24,23.91999336183073,,34.954374795779586,0,297,1994,10
1994-10-25,24.05999335870149,,34.96200442314148,0,298,1994,10
1994-10-26,24.189993355795764,,34.95284887030721,0,299,1994,10
1994-10-27,24.40999335087838,,34.954374795779586,0,300,1994,10
1994-10-28,24.579993347078585,,34.97115997597575,0,301,1994,10
1994-10-29,24.59999334663155,,34.97421182692051,0,302,1994,10
1994-10-30,24.47999334931376,,34.97573775239289,0,303,1994,10
1994-10-31,24.52999334819617,,34.97115997597575,0,304,1994,10
1994-11-01,24.55999334752562,,34.98641923069954,0,305,1994,11
1994-11-02,24.609993346408032,,34.992522932589054,0,306,1994,11
1994-11-03,24.67999334484341,,34.99404885806143,0,307,1994,11
1994-11-04,25.0899933356792,,35.02304144203663,0,308,1994,11
1994-11-05,25.119993335008644,,35.064241429790854,0,309,1994,11
1994-11-06,25.119993335008644,,35.09170808829367,0,310,1994,11
1994-11-07,25.699993322044637,,35.11612289585173,0,311,1994,11
1994-11-08,25.749993320927047,,35.13138215057552,0,312,1994,11
1994-11-09,25.789993320032977,,35.12985622510314,0,313,1994,11
1994-11-10,25.46999332718553,,35.07339698262513,0,314,1994,11
1994-11-11,25.269993331655883,,34.98489330522716,0,315,1994,11
1994-11-12,25.229993332549952,,34.84908593818545,0,316,1994,11
1994-11-13,25.389993328973677,,34.57441935315728,0,317,1994,11
1994-11-14,25.7199933215976,,34.2860194388777,0,318,1994,11
1994-11-15,26.01999331489208,,34.040345437824726,0,319,1994,11
1994-11-16,26.099993313103937,,34.090700978413224,0,320,1994,11
1994-11-17,26.07999331355097,,34.12274541333318,0,321,1994,11
1994-11-18,26.349993307516,,34.10748615860939,0,322,1994,11
1994-11-19,26.45999330505731,,34.10901208408177,0,323,1994,11
1994-11-20,26.469993304833796,,34.11053800955415,0,324,1994,11
1994-11-21,26.409993306174897,,34.173100953921676,0,325,1994,11
1994-11-22,26.359993307292484,,34.25092315301299,0,326,1994,11
1994-11-23,26.319993308186557,,34.35163423418999,0,327,1994,11
1994-11-24,26.289993308857103,,34.643085999414325,0,328,1994,11
1994-11-25,26.289993308857103,,34.93758961558342,0,329,1994,11
1994-11-26,25.44999332763257,,35.050508100539446,0,330,1994,11
1994-11-27,25.079993335902717,,35.12985622510314,0,331,1994,11
1994-11-28,25.079993335902717,,35.16800436191261,0,332,1994,11
1994-11-29,25.049993336573262,,35.232093231752515,0,333,1994,11
1994-11-30,25.049993336573262,,35.27329321950674,0,334,1994,11
1994-12-01,25.44999332763257,,35.293130250647664,0,335,1994,12
1994-12-02,25.899993317574285,,35.29923395253718,0,336,1994,12
1994-12-03,25.939993316680216,,35.2763450704515,0,337,1994,12
1994-12-04,26.169993311539315,,35.25345618836582,0,338,1994,12
1994-12-05,26.25999330952766,,35.23819693364203,0,339,1994,12
1994-12-06,26.209993310645245,,35.218359902501106,0,340,1994,12
1994-12-07,26.08999331332745,,35.18021176569164,0,341,1994,12
1994-12-08,26.92999329455199,,35.09018216282129,0,342,1994,12
1994-12-09,27.129993290081643,,35.0321969948709,0,343,1994,12
1994-12-10,27.169993289187573,,35.00015255995095,0,344,1994,12
1994-12-11,26.64999330081048,,34.882656298577785,0,345,1994,12
1994-12-12,26.429993305727866,,35.03372292034328,0,346,1994,12
1994-12-13,26.38999330662193,,35.11612289585173,0,347,1994,12
1994-12-14,25.909993317350768,,35.15732288360596,0,348,1994,12
1994-12-15,25.41999332830312,,35.183263616636395,0,349,1994,12
1994-12-16,25.619993323832773,,35.196996945887804,0,350,1994,12
1994-12-17,25.86999331824484,,35.123752523213625,0,351,1994,12
1994-12-18,25.789993320032977,,34.95284887030721,0,352,1994,12
1994-12-19,25.639993323385735,,34.823145205155015,0,353,1994,12
1994-12-20,26.789993297681235,,34.81551557779312,0,354,1994,12
1994-12-21,27.13999328985813,,34.823145205155015,0,355,1994,12
1994-12-22,27.10999329052868,,34.786522993817925,0,356,1994,12
1994-12-23,27.00999329276385,,34.821619279682636,0,357,1994,12
1994-12-24,27.07999329119923,,34.83230075798929,0,358,1994,12
1994-12-25,27.10999329052868,,34.84298223629594,0,359,1994,12
1994-12-26,27.13999328985813,,34.749900782480836,0,360,1994,12
1994-12-27,27.13999328985813,,34.64613785035908,0,361,1994,12
1994-12-28,27.25999328717592,,34.55000454559922,0,362,1994,12
1994-12-29,27.2699932869524,,34.39893792383373,0,363,1994,12
1994-12-30,26.829993296787165,,34.48133789934218,0,364,1994,12
1994-12-31,26.839993296563648,,34.498123079538345,0,365,1994,12
1995-01-01,26.739993298798822,,34.35926386155188,0,1,1995,1
1995-01-02,26.69999329969289,,33.73668626882136,0,2,1995,1
1995-01-03,26.96999329365792,,33.14920496195555,0,3,1995,1
1995-01-04,26.87999329566958,,33.07138276286423,0,4,1995,1
1995-01-05,26.909993294999023,,33.32773824222386,0,5,1995,1
1995-01-06,26.8099932972342,,33.3033234346658,0,6,1995,1
1995-01-07,27.299993286281847,,33.187353098765016,0,7,1995,1
1995-01-08,27.689993277564668,,33.814508467912674,0,8,1995,1
1995-01-09,27.789993275329493,,34.21887871809304,0,9,1995,1
1995-01-10,27.62999327890577,,34.12884911522269,0,10,1995,1
1995-01-11,27.57999328002336,,34.93758961558342,0,11,1995,1
1995-01-12,28.08999326862397,,34.98336737975478,0,12,1995,1
1995-01-13,28.019993270188596,,34.94674516841769,0,13,1995,1
1995-01-14,27.63999327868225,,34.908597031608224,0,14,1995,1
1995-01-15,27.42999328337612,,34.80178224854171,0,15,1995,1
1995-01-16,27.57999328002336,,34.69801931641996,0,16,1995,1
1995-01-17,27.839993274211903,,34.64003414846957,0,17,1995,1
1995-01-18,28.00999327041211,,34.617145266383886,0,18,1995,1
1995-01-19,28.11999326795342,,34.545426769182086,0,19,1995,1
1995-01-20,28.109993268176936,,34.64918970130384,0,20,1995,1
1995-01-21,27.529993281140943,,34.91164888255298,0,21,1995,1
1995-01-22,27.32999328561129,,35.07797475904226,0,22,1995,1
1995-01-23,27.559993280470398,,35.12070067226887,0,23,1995,1
1995-01-24,27.63999327868225,,35.05966365337372,0,24,1995,1
1995-01-25,27.57999328002336,,35.02304144203663,0,25,1995,1
1995-01-26,28.1299932677299,,34.96353034861386,0,26,1995,1
1995-01-27,28.139993267506384,,34.87807852216065,0,27,1995,1
1995-01-28,28.04999326951804,,34.81551557779312,0,28,1995,1
1995-01-29,27.88999327309432,,34.80636002495885,0,29,1995,1
1995-01-30,27.84999327398839,,34.89181185141206,0,30,1995,1
1995-01-31,28.099993268400453,,34.9391155410558,0,31,1995,1
1995-02-01,28.099993268400453,,34.9604784976691,0,32,1995,2
1995-02-02,28.059993269294523,,35.04287847317755,0,33,1995,2
1995-02-03,27.63999327868225,,35.15121918171644,0,34,1995,2
1995-02-04,27.73999327644708,,35.20157472230494,0,35,1995,2
1995-02-05,28.03999326974156,,35.206152498722076,0,36,1995,2
1995-02-06,28.329993263259556,,35.20310064777732,0,37,1995,2
1995-02-07,28.229993265494727,,35.18021176569164,0,38,1995,2
1995-02-08,28.16999326683583,,35.123752523213625,0,39,1995,2
1995-02-09,28.19999326616528,,35.158848809078336,0,40,1995,2
1995-02-10,28.179993266612318,,35.219885827973485,0,41,1995,2
1995-02-11,28.309993263706588,,35.233619157224894,0,42,1995,2
1995-02-12,28.329993263259556,,35.21378212608397,0,43,1995,2
1995-02-13,28.19999326616528,,35.16800436191261,0,44,1995,2
1995-02-14,27.23999328762295,,35.146641405299306,0,45,1995,2
1995-02-15,26.869993295893096,,35.111545119434595,0,46,1995,2
1995-02-16,26.819993297010683,,35.06881920620799,0,47,1995,2
1995-02-17,26.8099932972342,,35.03067106939852,0,48,1995,2
1995-02-18,27.19999328851702,,34.99862663447857,0,49,1995,2
1995-02-19,28.00999327041211,,34.9818414542824,0,50,1995,2
1995-02-20,28.529993258789204,,34.96963405050337,0,51,1995,2
1995-02-21,28.719993254542374,,34.84450816176832,0,52,1995,2
1995-02-22,28.66999325565996,,34.59730823524296,0,53,1995,2
1995-02-23,28.15999326705935,,34.48438975028694,0,54,1995,2
1995-02-24,27.909993272647284,,34.522537887096405,0,55,1995,2
1995-02-25,27.979993271082662,,34.594256384298205,0,56,1995,2
1995-02-26,28.27999326437714,,34.69801931641996,0,57,1995,2
1995-02-27,28.27999326437714,,34.75447855889797,0,58,1995,2
1995-02-28,28.179993266612318,,34.690389689058065,0,59,1995,2
1995-03-01,28.00999327041211,,34.51796011067927,0,60,1995,3
1995-03-02,28.00999327041211,,34.354686085134745,0,61,1995,3
1995-03-03,27.96999327130618,,34.31043424643576,0,62,1995,3
1995-03-04,27.919993272423767,,34.353160159662366,0,63,1995,3
1995-03-05,27.989993270859145,,34.42182680591941,0,64,1995,3
1995-03-06,28.1899932663888,,34.438611986115575,0,65,1995,3
1995-03-07,28.339993263036035,,34.450819389894605,0,66,1995,3
1995-03-08,28.03999326974156,,34.44776753894985,0,67,1995,3
1995-03-09,28.06999326907101,,34.408093476668,0,68,1995,3
1995-03-10,28.019993270188596,,34.42182680591941,0,69,1995,3
1995-03-11,28.099993268400453,,34.47218234650791,0,70,1995,3
1995-03-12,27.719993276894115,,34.39893792383373,0,71,1995,3
1995-03-13,27.46999328248205,,34.235663898289204,0,72,1995,3
1995-03-14,27.379993284493708,,34.29822684265673,0,73,1995,3
1995-03-15,27.339993285387777,,34.59120453335345,0,74,1995,3
1995-03-16,27.439993283152603,,34.76058226078749,0,75,1995,3
1995-03-17,27.46999328248205,,34.66292303055525,0,76,1995,3
1995-03-18,27.479993282258533,,34.354686085134745,0,77,1995,3
1995-03-19,27.73999327644708,,33.921323250979185,0,78,1995,3
1995-03-20,27.93999327197673,,33.74889367260039,0,79,1995,3
1995-03-21,28.25999326482417,,33.70769368484616,0,80,1995,3
1995-03-22,28.099993268400453,,33.764152927324176,0,81,1995,3
1995-03-23,27.979993271082662,,33.85723438113928,0,82,1995,3
1995-03-24,27.999993270635628,,33.935056580230594,0,83,1995,3
1995-03-25,28.00999327041211,,34.06933802179992,0,84,1995,3
1995-03-26,28.03999326974156,,34.19598983600736,0,85,1995,3
1995-03-27,28.00999327041211,,34.20209353789687,0,86,1995,3
1995-03-28,27.93999327197673,,34.17004910297692,0,87,1995,3
1995-03-29,27.979993271082662,,34.29822684265673,0,88,1995,3
1995-03-30,27.789993275329493,,34.37452311627567,0,89,1995,3
1995-03-31,27.62999327890577,,34.19446391053498,0,90,1995,3
1995-04-01,27.4999932818115,,34.25550092943013,0,91,1995,4
1995-04-02,27.42999328337612,,34.36231571249664,0,92,1995,4
1995-04-03,27.519993281364464,,34.45387124083936,0,93,1995,4
1995-04-04,27.399993284046676,,34.33942683041096,0,94,1995,4
1995-04-05,27.129993290081643,,34.450819389894605,0,95,1995,4
1995-04-06,27.53999328091743,,34.653767477720976,0,96,1995,4
1995-04-07,27.609993279352807,,34.6018860116601,0,97,1995,4
1995-04-08,27.61999327912929,,34.56373787485063,0,98,1995,4
1995-04-09,27.54999328069391,,34.56373787485063,0,99,1995,4
1995-04-10,27.65999327823522,,34.69344154000282,0,100,1995,4
1995-04-11,27.65999327823522,,34.907071106135845,0,101,1995,4
1995-04-12,26.96999329365792,,34.968108125030994,0,102,1995,4
1995-04-13,26.84999329634013,,34.94521924294531,0,103,1995,4
1995-04-14,26.869993295893096,,34.933011839166284,0,104,1995,4
1995-04-15,26.95999329388144,,34.933011839166284,0,105,1995,4
1995-04-16,26.96999329365792,,34.91622665897012,0,106,1995,4
1995-04-17,27.0399932920933,,34.9604784976691,0,107,1995,4
1995-04-18,26.939993294328477,,34.96963405050337,0,108,1995,4
1995-04-19,26.989993293210887,,34.955900721251965,0,109,1995,4
1995-04-20,27.129993290081643,,34.94674516841769,0,110,1995,4
1995-04-21,27.19999328851702,,34.92233036085963,0,111,1995,4
1995-04-22,26.64999330081048,,34.90249332971871,0,112,1995,4
1995-04-23,26.41999330595138,,34.90401925519109,0,113,1995,4
1995-04-24,26.30999330841007,,34.8887600004673,0,114,1995,4
1995-04-25,26.159993311762832,,34.85366371460259,0,115,1995,4
1995-04-26,26.14999331198635,,34.80330817401409,0,116,1995,4
1995-04-27,26.099993313103937,,34.72090819850564,0,117,1995,4
1995-04-28,26.01999331489208,,34.583574905991554,0,118,1995,4
1995-04-29,26.03999331444504,,34.545426769182086,0,119,1995,4
1995-04-30,26.049993314221524,,34.50727863237262,0,120,1995,4
1995-05-01,26.049993314221524,,34.44318976253271,0,121,1995,5
1995-05-02,25.909993317350768,,34.379100892692804,0,122,1995,5
1995-05-03,25.859993318468355,,34.3150120228529,0,123,1995,5
1995-05-04,26.29999330863359,,34.293649066239595,0,124,1995,5
1995-05-05,26.449993305280827,,34.281441662460566,0,125,1995,5
1995-05-06,26.45999330505731,,34.29059721529484,0,126,1995,5
1995-05-07,26.429993305727866,,34.27991573698819,0,127,1995,5
1995-05-08,26.30999330841007,,34.246345376595855,0,128,1995,5
1995-05-09,26.199993310868763,,34.28907128982246,0,129,1995,5
1995-05-10,26.14999331198635,,34.534745290875435,0,130,1995,5
1995-05-11,26.169993311539315,,34.80788595043123,0,131,1995,5
1995-05-12,26.139993312209867,,34.824671130627394,0,132,1995,5
1995-05-13,26.01999331489208,,34.68581191264093,0,133,1995,5
1995-05-14,25.849993318691872,,34.39893792383373,0,134,1995,5
1995-05-15,25.819993319362425,,34.10748615860939,0,135,1995,5
1995-05-16,25.819993319362425,,33.95031583495438,0,136,1995,5
1995-05-17,25.77999332025649,,33.93047880381346,0,137,1995,5
1995-05-18,25.739993321150564,,33.980834344401956,0,138,1995,5
1995-05-19,25.739993321150564,,34.13190096616745,0,139,1995,5
1995-05-20,25.429993328079604,,34.25550092943013,0,140,1995,5
1995-05-21,25.359993329644222,,34.32569350115955,0,141,1995,5
1995-05-22,25.37999332919719,,34.38062681816518,0,142,1995,5
1995-05-23,25.36999332942071,,34.51796011067927,0,143,1995,5
1995-05-24,25.439993327856087,,34.69801931641996,0,144,1995,5
1995-05-25,25.539993325620912,,34.76821188814938,0,145,1995,5
1995-05-26,25.579993324726843,,34.763634111732244,0,146,1995,5
1995-05-27,25.549993325397395,,34.75447855889797,0,147,1995,5
1995-05-28,25.499993326514986,,34.81398965232074,0,148,1995,5
1995-05-29,25.37999332919719,,34.87807852216065,0,149,1995,5
1995-05-30,25.209993332996987,,34.90554518066347,0,150,1995,5
1995-05-31,25.24999333210292,,34.908597031608224,0,151,1995,5
1995-06-01,25.2599933318794,,34.908597031608224,0,152,1995,6
1995-06-02,25.209993332996987,,34.89791555330157,0,153,1995,6
1995-06-03,25.10999333523216,,34.89333777688444,0,154,1995,6
1995-06-04,24.86999334059658,,34.89028592593968,0,155,1995,6
1995-06-05,24.77999334260824,,34.89791555330157,0,156,1995,6
1995-06-06,24.729993343725823,,34.9101229570806,0,157,1995,6
1995-06-07,24.689993344619893,,34.96353034861386,0,158,1995,6
1995-06-08,24.609993346408032,,34.99862663447857,0,159,1995,6
1995-06-09,24.22999335490169,,35.003204410895705,0,160,1995,6
1995-06-10,24.119993357360386,,35.01846366561949,0,161,1995,6
1995-06-11,24.039993359148525,,35.05661180242896,0,162,1995,6
1995-06-12,24.079993358254452,,35.088656237348914,0,163,1995,6
1995-06-13,24.17999335601928,,35.123752523213625,0,164,1995,6
1995-06-14,24.239993354678177,,35.14511547982693,0,165,1995,6
1995-06-15,24.079993358254452,,35.14358955435455,0,166,1995,6
1995-06-16,23.989993360266112,,35.125278448686004,0,167,1995,6
1995-06-17,23.929993361607217,,35.06729328073561,0,168,1995,6
1995-06-18,23.9399933613837,,34.94674516841769,0,169,1995,6
1995-06-19,23.84999336339536,,35.003204410895705,0,170,1995,6
1995-06-20,23.839993363618877,,34.98336737975478,0,171,1995,6
1995-06-21,23.969993360713147,,34.98336737975478,0,172,1995,6
1995-06-22,24.00999335981908,,34.97726367786527,0,173,1995,6
1995-06-23,23.91999336183073,,34.992522932589054,0,174,1995,6
1995-06-24,23.71999336630108,,35.0108340382576,0,175,1995,6
1995-06-25,23.74999336563053,,35.013885889202356,0,176,1995,6
1995-06-26,23.74999336563053,,35.026093292981386,0,177,1995,6
1995-06-27,23.74999336563053,,35.01846366561949,0,178,1995,6
1995-06-28,23.9399933613837,,34.97115997597575,0,179,1995,6
1995-06-29,24.039993359148525,,35.015411814674735,0,180,1995,6
1995-06-30,24.029993359372043,,35.05813772790134,0,181,1995,6
1995-07-01,23.999993360042595,,35.05813772790134,0,182,1995,7
1995-07-02,23.97999336048963,,35.0611895788461,0,183,1995,7
1995-07-03,24.00999335981908,,35.06881920620799,0,184,1995,7
1995-07-04,24.13999335691335,,35.07950068451464,0,185,1995,7
1995-07-05,24.21999335512521,,35.09170808829367,0,186,1995,7
1995-07-06,24.149993356689837,,35.09018216282129,0,187,1995,7
1995-07-07,23.90999336205425,,35.087130311876535,0,188,1995,7
1995-07-08,23.86999336294832,,35.074922908097506,0,189,1995,7
1995-07-09,23.91999336183073,,35.074922908097506,0,190,1995,7
1995-07-10,23.809993364289426,,35.07950068451464,0,191,1995,7
1995-07-11,23.769993365183492,,35.07339698262513,0,192,1995,7
1995-07-12,24.269993354007624,,35.06729328073561,0,193,1995,7
1995-07-13,24.53999334797265,,35.062715504318476,0,194,1995,7
1995-07-14,24.21999335512521,,35.05661180242896,0,195,1995,7
1995-07-15,24.079993358254452,,35.04135254770517,0,196,1995,7
1995-07-16,24.09999335780742,,35.01998959109187,0,197,1995,7
1995-07-17,23.71999336630108,,35.016937740147114,0,198,1995,7
1995-07-18,23.619993368536257,,35.01235996372998,0,199,1995,7
1995-07-19,23.579993369430326,,35.00930811278522,0,200,1995,7
1995-07-20,23.469993371889014,,34.992522932589054,0,201,1995,7
1995-07-21,23.4799933716655,,34.968108125030994,0,202,1995,7
1995-07-22,23.50999337099495,,34.933011839166284,0,203,1995,7
1995-07-23,23.58999336920681,,34.8887600004673,0,204,1995,7
1995-07-24,23.43999337255957,,34.89028592593968,0,205,1995,7
1995-07-25,23.31999337524178,,34.88113037310541,0,206,1995,7
1995-07-26,22.91999338418248,,34.89944147877395,0,207,1995,7
1995-07-27,22.829993386194133,,34.92538221180439,0,208,1995,7
1995-07-28,22.949993383511924,,34.89333777688444,0,209,1995,7
1995-07-29,23.349993374571227,,34.846034087240696,0,210,1995,7
1995-07-30,23.349993374571227,,34.82772298157215,0,211,1995,7
1995-07-31,23.309993375465297,,34.8384044598788,0,212,1995,7
1995-08-01,23.139993379265093,,34.836878534406424,0,213,1995,8
1995-08-02,23.119993379712128,,34.80636002495885,0,214,1995,8
1995-08-03,23.269993376359366,,34.78041929192841,0,215,1995,8
1995-08-04,23.31999337524178,,34.774315590038896,0,216,1995,8
1995-08-05,23.059993381053232,,34.8170415032655,0,217,1995,8
1995-08-06,23.09999338015916,,34.82009335421026,0,218,1995,8
1995-08-07,23.179993378371023,,34.83077483251691,0,219,1995,8
1995-08-08,23.14999337904157,,34.83993038535118,0,220,1995,8
1995-08-09,23.159993378818054,,34.812463726848364,0,221,1995,8
1995-08-10,23.2499933768064,,34.74837485700846,0,222,1995,8
1995-08-11,23.619993368536257,,34.73006375133991,0,223,1995,8
1995-08-12,23.689993366971635,,34.72090819850564,0,224,1995,8
1995-08-13,23.69999336674812,,34.69649339094758,0,225,1995,8
1995-08-14,23.55999336987736,,34.73006375133991,0,226,1995,8
1995-08-15,23.39999337345364,,34.76821188814938,0,227,1995,8
1995-08-16,23.429993372783088,,34.79262669570744,0,228,1995,8
1995-08-17,23.449993372336053,,34.82009335421026,0,229,1995,8
1995-08-18,23.569993369653844,,34.835352608934045,0,230,1995,8
1995-08-19,23.58999336920681,,34.84450816176832,0,231,1995,8
1995-08-20,23.449993372336053,,34.847560012713075,0,232,1995,8
1995-08-21,22.599993391335037,,34.85213778913021,0,233,1995,8
1995-08-22,22.54999339245262,,34.8887600004673,0,234,1995,8
1995-08-23,22.54999339245262,,34.917752584442496,0,235,1995,8
1995-08-24,23.4799933716655,,34.954374795779586,0,236,1995,8
1995-08-25,23.309993375465297,,34.968108125030994,0,237,1995,8
1995-08-26,23.32999337501826,,34.96200442314148,0,238,1995,8
1995-08-27,23.38999337367716,,34.95742664672434,0,239,1995,8
1995-08-28,23.529993370547917,,34.95742664672434,0,240,1995,8
1995-08-29,23.59999336898329,,34.97115997597575,0,241,1995,8
1995-08-30,23.35999337434771,,34.97268590144813,0,242,1995,8
1995-08-31,23.219993377476957,,34.98336737975478,0,243,1995,8
1995-09-01,23.20999337770047,,34.992522932589054,0,244,1995,9
1995-09-02,23.619993368536257,,34.99557478353381,0,245,1995,9
1995-09-03,23.619993368536257,,34.98489330522716,0,246,1995,9
1995-09-04,23.55999336987736,,34.96505627408624,0,247,1995,9
1995-09-05,23.529993370547917,,35.00167848542333,0,248,1995,9
1995-09-06,22.92999338395896,,35.050508100539446,0,249,1995,9
1995-09-07,22.91999338418248,,35.08102660998702,0,250,1995,9
1995-09-08,22.999993382394337,,35.09781179018319,0,251,1995,9
1995-09-09,23.23999337702992,,35.11764882132411,0,252,1995,9
1995-09-10,23.449993372336053,,35.14053770340979,0,253,1995,9
1995-09-11,23.59999336898329,,35.16800436191261,0,254,1995,9
1995-09-12,23.97999336048963,,35.195471020415425,0,255,1995,9
1995-09-13,23.66999336741867,,35.219885827973485,0,256,1995,9
1995-09-14,23.43999337255957,,35.24582656100392,0,257,1995,9
1995-09-15,23.769993365183492,,35.24887841194868,0,258,1995,9
1995-09-16,22.91999338418248,,35.23514508269727,0,259,1995,9
1995-09-17,22.579993391782068,,35.19394509494305,0,260,1995,9
1995-09-18,22.409993395581864,,35.09628586471081,0,261,1995,9
1995-09-19,22.58999339155855,,35.19852287136018,0,262,1995,9
1995-09-20,22.809993386641167,,35.340433940291405,0,263,1995,9
1995-09-21,22.949993383511924,,35.32364876009524,0,264,1995,9
1995-09-22,23.14999337904157,,35.242774710059166,0,265,1995,9
1995-09-23,23.679993367195152,,35.24124878458679,0,266,1995,9
1995-09-24,23.81999336406591,,35.125278448686004,0,267,1995,9
1995-09-25,23.85999336317184,,35.06576735526323,0,268,1995,9
1995-09-26,23.89999336227777,,35.09170808829367,0,269,1995,9
1995-09-27,23.969993360713147,,35.10849326848984,0,270,1995,9
1995-09-28,23.90999336205425,,35.11612289585173,0,271,1995,9
1995-09-29,23.9399933613837,,35.11917474679649,0,272,1995,9
1995-09-30,24.21999335512521,,35.123752523213625,0,273,1995,9
1995-10-01,24.01999335959556,,35.12833029963076,0,274,1995,10
1995-10-02,23.839993363618877,,35.14511547982693,0,275,1995,10
1995-10-03,23.78999336473646,,35.12833029963076,0,276,1995,10
1995-10-04,23.97999336048963,,35.12985622510314,0,277,1995,10
1995-10-05,24.309993353113555,,35.110019193962216,0,278,1995,10
1995-10-06,24.28999335356059,,35.099337715655565,0,279,1995,10
1995-10-07,24.47999334931376,,35.09018216282129,0,280,1995,10
1995-10-08,25.14999333433809,,35.08407846093178,0,281,1995,10
1995-10-09,24.899993339926027,,35.0825525354594,0,282,1995,10
1995-10-10,24.15999335646632,,35.087130311876535,0,283,1995,10
1995-10-11,22.98999338261785,,35.09018216282129,0,284,1995,10
1995-10-12,22.879993385076546,,35.09628586471081,0,285,1995,10
1995-10-13,22.849993385747094,,35.09018216282129,0,286,1995,10
1995-10-14,23.489993371441983,,35.026093292981386,0,287,1995,10
1995-10-15,23.90999336205425,,34.94979701936245,0,288,1995,10
1995-10-16,23.66999336741867,,34.88570814952254,0,289,1995,10
1995-10-17,23.759993365407013,,34.79415262117982,0,290,1995,10
1995-10-18,24.01999335959556,,34.71938227303326,0,291,1995,10
1995-10-19,24.05999335870149,,34.63698229752481,0,292,1995,10
1995-10-20,24.119993357360386,,34.45692309178412,0,293,1995,10
1995-10-21,24.51999334841969,,34.223456494510174,0,294,1995,10
1995-10-22,24.48999334909024,,33.860286232084036,0,295,1995,10
1995-10-23,24.569993347302105,,33.29264195635915,0,296,1995,10
1995-10-24,25.129993334785127,,33.271278999745846,0,297,1995,10
1995-10-25,25.079993335902717,,33.31705676391721,0,298,1995,10
1995-10-26,25.039993336796783,,33.67259739898145,0,299,1995,10
1995-10-27,25.17999333366754,,33.13241978175938,0,300,1995,10
1995-10-28,25.329993330314775,,32.970671681687236,0,301,1995,10
1995-10-29,24.83999334126713,,32.99050871282816,0,302,1995,10
1995-10-30,24.879993340373066,,33.17209384404123,0,303,1995,10
1995-10-31,24.899993339926027,,33.452864130958915,0,304,1995,10
1995-11-01,25.2599933318794,,33.69853813201189,0,305,1995,11
1995-11-02,25.289993331208848,,33.8557084556669,0,306,1995,11
1995-11-03,25.13999333456161,,33.95031583495438,0,307,1995,11
1995-11-04,25.119993335008644,,33.91369362361729,0,308,1995,11
1995-11-05,25.129993334785127,,33.74889367260039,0,309,1995,11
1995-11-06,25.499993326514986,,34.15326392278075,0,310,1995,11
1995-11-07,25.60999332405629,,34.07544172368944,0,311,1995,11
1995-11-08,25.629993323609256,,33.66344184614718,0,312,1995,11
1995-11-09,25.64999332316222,,33.67564924992621,0,313,1995,11
1995-11-10,25.599993324279808,,33.77483440563083,0,314,1995,11
1995-11-11,25.889993317797803,,33.93658250570297,0,315,1995,11
1995-11-12,26.29999330863359,,34.22498241998255,0,316,1995,11
1995-11-13,26.45999330505731,,34.58510083146393,0,317,1995,11
1995-11-14,26.479993304610275,,34.84298223629594,0,318,1995,11
1995-11-15,26.48999330438676,,34.82772298157215,0,319,1995,11
1995-11-16,26.37999330684545,,34.74837485700846,0,320,1995,11
1995-11-17,26.26999330930414,,34.73006375133991,0,321,1995,11
1995-11-18,26.249993309751176,,34.98794515617192,0,322,1995,11
1995-11-19,26.319993308186557,,35.146641405299306,0,323,1995,11
1995-11-20,26.38999330662193,,35.17715991474688,0,324,1995,11
1995-11-21,26.469993304833796,,35.12833029963076,0,325,1995,11
1995-11-22,26.479993304610275,,35.09170808829367,0,326,1995,11
1995-11-23,26.469993304833796,,35.052034026011825,0,327,1995,11
1995-11-24,26.439993305504345,,35.013885889202356,0,328,1995,11
1995-11-25,26.279993309080623,,35.05661180242896,0,329,1995,11
1995-11-26,26.249993309751176,,35.134434001520276,0,330,1995,11
1995-11-27,26.22999331019821,,35.19241916947067,0,331,1995,11
1995-11-28,25.91999331712725,,35.23972285911441,0,332,1995,11
1995-11-29,25.909993317350768,,35.25193026289344,0,333,1995,11
1995-11-30,25.87999331802132,,35.2473524864763,0,334,1995,11
1995-12-01,25.899993317574285,,35.22293767891824,0,335,1995,12
1995-12-02,25.98999331556263,,35.26413766667247,0,336,1995,12
1995-12-03,26.06999331377449,,35.27481914497912,0,337,1995,12
1995-12-04,26.10999331288042,,35.28397469781339,0,338,1995,12
1995-12-05,26.099993313103937,,35.27787099592388,0,339,1995,12
1995-12-06,26.14999331198635,,35.24887841194868,0,340,1995,12
1995-12-07,25.9499933164567,,35.218359902501106,0,341,1995,12
1995-12-08,26.02999331466856,,35.18631546758115,0,342,1995,12
1995-12-09,25.969993316009663,,35.183263616636395,0,343,1995,12
1995-12-10,26.06999331377449,,35.16800436191261,0,344,1995,12
1995-12-11,25.98999331556263,,35.14206362888217,0,345,1995,12
1995-12-12,25.9499933164567,,35.206152498722076,0,346,1995,12
1995-12-13,25.86999331824484,,35.244300635531545,0,347,1995,12
1995-12-14,25.549993325397395,,35.26261174120009,0,348,1995,12
1995-12-15,25.45999332740905,,35.27024136856198,0,349,1995,12
1995-12-16,25.40999332852664,,35.26566359214485,0,350,1995,12
1995-12-17,26.06999331377449,,35.2473524864763,0,351,1995,12
1995-12-18,26.14999331198635,,35.18936731852591,0,352,1995,12
1995-12-19,26.25999330952766,,35.088656237348914,0,353,1995,12
1995-12-20,26.41999330595138,,35.09781179018319,0,354,1995,12
1995-12-21,26.49999330416324,,35.14969325624406,0,355,1995,12
1995-12-22,26.38999330662193,,35.14206362888217,0,356,1995,12
1995-12-23,26.39999330639841,,35.088656237348914,0,357,1995,12
1995-12-24,26.49999330416324,,35.122226597741246,0,358,1995,12
1995-12-25,26.509993303939723,,35.10849326848984,0,359,1995,12
1995-12-26,26.92999329455199,,35.10696734301746,0,360,1995,12
1995-12-27,27.099993290752195,,35.05966365337372,0,361,1995,12
1995-12-28,27.029993292316817,,35.02151551656425,0,362,1995,12
1995-12-29,26.819993297010683,,35.01846366561949,0,363,1995,12
1995-12-30,26.859993296116613,,35.04440439864993,0,364,1995,12
1995-12-31,26.87999329566958,,35.026093292981386,0,365,1995,12
1996-01-01,26.95999329388144,,34.955900721251965,0,1,1996,1
1996-01-02,27.88999327309432,,34.920804435387254,0,2,1996,1
1996-01-03,28.219993265718244,,34.894863702356815,0,3,1996,1
1996-01-04,28.04999326951804,,34.917752584442496,0,4,1996,1
1996-01-05,27.789993275329493,,34.955900721251965,0,5,1996,1
1996-01-06,27.399993284046676,,34.96505627408624,0,6,1996,1
1996-01-07,27.089993290975716,,34.942167392000556,0,7,1996,1
1996-01-08,26.99999329298737,,34.91470073349774,0,8,1996,1
1996-01-09,27.18999328874054,,34.87807852216065,0,9,1996,1
1996-01-10,27.62999327890577,,34.75905633531511,0,10,1996,1
1996-01-11,27.919993272423767,,34.714804496616125,0,11,1996,1
1996-01-12,27.88999327309432,,34.80330817401409,0,12,1996,1
1996-01-13,27.789993275329493,,34.66139710508287,0,13,1996,1
1996-01-14,27.799993275105976,,34.618671191856265,0,14,1996,1
1996-01-15,27.75999327600005,,34.641560073941946,0,15,1996,1
1996-01-16,27.719993276894115,,34.499649005010724,0,16,1996,1
1996-01-17,27.65999327823522,,34.44624161347747,0,17,1996,1
1996-01-18,27.709993277117636,,34.44471568800509,0,18,1996,1
1996-01-19,27.749993276223563,,34.353160159662366,0,19,1996,1
1996-01-20,27.81999327465894,,34.26313055679202,0,20,1996,1
1996-01-21,27.77999327555301,,34.10748615860939,0,21,1996,1
1996-01-22,27.75999327600005,,33.90758992172778,0,22,1996,1
1996-01-23,27.85999327376487,,33.848078828305006,0,23,1996,1
1996-01-24,27.869993273541358,,33.6405529640615,0,24,1996,1
1996-01-25,27.88999327309432,,33.42234562151134,0,25,1996,1
1996-01-26,27.87999327331784,,33.033234626054764,0,26,1996,1
1996-01-27,27.829993274435424,,33.188879024237394,0,27,1996,1
1996-01-28,27.829993274435424,,33.138523483648896,0,28,1996,1
1996-01-29,27.799993275105976,,32.57087920792401,0,29,1996,1
1996-01-30,27.75999327600005,,31.35471660643816,0,30,1996,1
1996-01-31,27.789993275329493,,30.433057621121407,0,31,1996,1
1996-02-01,27.50999328158798,,31.01901300251484,0,32,1996,2
1996-02-02,27.029993292316817,,32.010864559561014,0,33,1996,2
1996-02-03,27.22999328784647,,32.563249580562115,0,34,1996,2
1996-02-04,27.19999328851702,,32.528153294697404,0,35,1996,2
1996-02-05,27.049993291869782,,32.28095336817205,0,36,1996,2
1996-02-06,27.029993292316817,,32.88979763165116,0,37,1996,2
1996-02-07,27.50999328158798,,33.2529678940773,0,38,1996,2
1996-02-08,27.529993281140943,,32.68684954382479,0,39,1996,2
1996-02-09,27.58999327979984,,32.46253849938512,0,40,1996,2
1996-02-10,27.599993279576324,,32.02002011239529,0,41,1996,2
1996-02-11,28.16999326683583,,32.24280523136258,0,42,1996,2
1996-02-12,27.46999328248205,,32.164983032271266,0,43,1996,2
1996-02-13,27.029993292316817,,32.177190436050296,0,44,1996,2
1996-02-14,26.859993296116613,,32.741782860830426,0,45,1996,2
1996-02-15,27.42999328337612,,33.52000485174358,0,46,1996,2
1996-02-16,27.65999327823522,,34.18988613411784,0,47,1996,2
1996-02-17,27.69999327734115,,34.11969356238842,0,48,1996,2
1996-02-18,27.77999327555301,,33.92437510192394,0,49,1996,2
1996-02-19,27.979993271082662,,34.21887871809304,0,50,1996,2
1996-02-20,27.999993270635628,,34.186834283173084,0,51,1996,2
1996-02-21,28.00999327041211,,33.91674547456205,0,52,1996,2
1996-02-22,27.8999932728708,,33.8770714122802,0,53,1996,2
1996-02-23,27.749993276223563,,33.82824179716408,0,54,1996,2
1996-02-24,27.769993275776528,,33.63750111311674,0,55,1996,2
1996-02-25,27.75999327600005,,33.77483440563083,0,56,1996,2
1996-02-26,27.769993275776528,,33.96404916420579,0,57,1996,2
1996-02-27,27.84999327398839,,34.28907128982246,0,58,1996,2
1996-02-28,27.88999327309432,,34.56678972579539,0,59,1996,2
1996-02-29,27.789993275329493,,34.63545637205243,0,60,1996,2
1996-03-01,27.799993275105976,,34.678182285279036,0,61,1996,3
1996-03-02,27.69999327734115,,34.71785634756088,0,62,1996,3
1996-03-03,28.029993269965075,,34.84298223629594,0,63,1996,3
1996-03-04,27.999993270635628,,34.94979701936245,0,64,1996,3
1996-03-05,27.679993277788185,,35.03524884581566,0,65,1996,3
1996-03-06,27.519993281364464,,34.919278509914875,0,66,1996,3
1996-03-07,27.54999328069391,,34.93453776463866,0,67,1996,3
1996-03-08,27.749993276223563,,34.90401925519109,0,68,1996,3
1996-03-09,27.839993274211903,,34.87502667121589,0,69,1996,3
1996-03-10,27.789993275329493,,34.86129334196448,0,70,1996,3
1996-03-11,27.85999327376487,,34.87502667121589,0,71,1996,3
1996-03-12,27.88999327309432,,34.90554518066347,0,72,1996,3
1996-03-13,27.869993273541358,,34.91622665897012,0,73,1996,3
1996-03-14,27.85999327376487,,34.94979701936245,0,74,1996,3
1996-03-15,27.62999327890577,,34.920804435387254,0,75,1996,3
1996-03-16,27.599993279576324,,34.91164888255298,0,76,1996,3
1996-03-17,27.519993281364464,,34.91622665897012,0,77,1996,3
1996-03-18,27.41999328359964,,34.91470073349774,0,78,1996,3
1996-03-19,27.42999328337612,,34.89944147877395,0,79,1996,3
1996-03-20,27.4999932818115,,34.89333777688444,0,80,1996,3
1996-03-21,27.749993276223563,,34.87960444763303,0,81,1996,3
1996-03-22,27.94999327175321,,34.823145205155015,0,82,1996,3
1996-03-23,27.94999327175321,,34.78957484476268,0,83,1996,3
1996-03-24,27.92999327220025,,34.846034087240696,0,84,1996,3
1996-03-25,27.909993272647284,,34.896389627829194,0,85,1996,3
1996-03-26,27.909993272647284,,34.95742664672434,0,86,1996,3
1996-03-27,27.84999327398839,,34.96353034861386,0,87,1996,3
1996-03-28,27.829993274435424,,34.94674516841769,0,88,1996,3
1996-03-29,27.799993275105976,,34.94674516841769,0,89,1996,3
1996-03-30,27.769993275776528,,35.003204410895705,0,90,1996,3
1996-03-31,27.77999327555301,,35.05508587695658,0,91,1996,3
1996-04-01,27.4999932818115,,35.09475993923843,0,92,1996,4
1996-04-02,27.34999328516426,,35.111545119434595,0,93,1996,4
1996-04-03,27.30999328605833,,35.09170808829367,0,94,1996,4
1996-04-04,27.19999328851702,,35.0535599514842,0,95,1996,4
1996-04-05,27.00999329276385,,34.978789603337646,0,96,1996,4
1996-04-06,26.94999329410496,,34.83993038535118,0,97,1996,4
1996-04-07,26.92999329455199,,34.70107116736472,0,98,1996,4
1996-04-08,26.60999330170455,,34.704123018309474,0,99,1996,4
1996-04-09,26.69999329969289,,34.73006375133991,0,100,1996,4
1996-04-10,26.669993300363444,,34.714804496616125,0,101,1996,4
1996-04-11,26.69999329969289,,34.66444895602763,0,102,1996,4
1996-04-12,26.64999330081048,,34.60341193713248,0,103,1996,4
1996-04-13,26.49999330416324,,34.52711566351354,0,104,1996,4
1996-04-14,26.429993305727866,,34.50422678142786,0,105,1996,4
1996-04-15,26.53999330326917,,34.510330483317375,0,106,1996,4
1996-04-16,26.759993298351787,,34.51338233426213,0,107,1996,4
1996-04-17,26.79999329745772,,34.54237491823733,0,108,1996,4
1996-04-18,26.68999329991641,,34.569841576740146,0,109,1996,4
1996-04-19,26.72999329902234,,34.55305639654398,0,110,1996,4
1996-04-20,26.759993298351787,,34.51643418520689,0,111,1996,4
1996-04-21,26.719993299245857,,34.50727863237262,0,112,1996,4
1996-04-22,26.519993303716205,,34.50422678142786,0,113,1996,4
1996-04-23,26.30999330841007,,34.50575270690024,0,114,1996,4
1996-04-24,26.359993307292484,,34.49354530312121,0,115,1996,4
1996-04-25,26.65999330058696,,34.487441601231694,0,116,1996,4
1996-04-26,26.69999329969289,,34.48286382481456,0,117,1996,4
1996-04-27,26.599993301928063,,34.511856408789754,0,118,1996,4
1996-04-28,26.529993303492688,,34.5728934276849,0,119,1996,4
1996-04-29,26.119993312656906,,34.64613785035908,0,120,1996,4
1996-04-30,26.01999331489208,,34.71175264567137,0,121,1996,4
1996-05-01,25.899993317574285,,34.7453230060637,0,122,1996,5
1996-05-02,25.549993325397395,,34.73616745322943,0,123,1996,5
1996-05-03,25.619993323832773,,34.71785634756088,0,124,1996,5
1996-05-04,25.75999332070353,,34.74074522964656,0,125,1996,5
1996-05-05,25.86999331824484,,34.74227115511894,0,126,1996,5
1996-05-06,25.95999331623318,,34.71022672019899,0,127,1996,5
1996-05-07,25.44999332763257,,34.6446119248867,0,128,1996,5
1996-05-08,24.93999333903196,,34.58662675693631,0,129,1996,5
1996-05-09,24.84999334104361,,34.58662675693631,0,130,1996,5
1996-05-10,25.40999332852664,,34.617145266383886,0,131,1996,5
1996-05-11,25.79999331980946,,34.620197117328644,0,132,1996,5
1996-05-12,25.889993317797803,,34.595782309770584,0,133,1996,5
1996-05-13,25.86999331824484,,34.53932306729257,0,134,1996,5
1996-05-14,25.859993318468355,,34.45387124083936,0,135,1996,5
1996-05-15,25.72999332137408,,34.26160463131964,0,136,1996,5
1996-05-16,25.579993324726843,,34.08612320199609,0,137,1996,5
1996-05-17,25.52999332584443,,34.0205084066838,0,138,1996,5
1996-05-18,25.509993326291465,,34.07238987274468,0,139,1996,5
1996-05-19,25.509993326291465,,34.20361946336925,0,140,1996,5
1996-05-20,25.4899933267385,,34.330271277576685,0,141,1996,5
1996-05-21,25.479993326962017,,34.38825644552708,0,142,1996,5
1996-05-22,25.539993325620912,,34.415723104029894,0,143,1996,5
1996-05-23,25.429993328079604,,34.44166383706033,0,144,1996,5
1996-05-24,25.359993329644222,,34.45997494272888,0,145,1996,5
1996-05-25,25.359993329644222,,34.45997494272888,0,146,1996,5
1996-05-26,25.269993331655883,,34.49659715406597,0,147,1996,5
1996-05-27,25.289993331208848,,34.56526380032301,0,148,1996,5
1996-05-28,24.669993345066928,,34.630878595635295,0,149,1996,5
1996-05-29,24.579993347078585,,34.68276006169617,0,150,1996,5
1996-05-30,24.579993347078585,,34.727011900395155,0,151,1996,5
1996-05-31,24.47999334931376,,34.7453230060637,0,152,1996,5
1996-06-01,24.419993350654863,,34.74684893153608,0,153,1996,6
1996-06-02,24.28999335356059,,34.73311560228467,0,154,1996,6
1996-06-03,24.419993350654863,,34.739219304174185,0,155,1996,6
1996-06-04,24.46999334953728,,34.72090819850564,0,156,1996,6
1996-06-05,24.44999334998431,,34.6949674654752,0,157,1996,6
1996-06-06,24.55999334752562,,34.702597092837095,0,158,1996,6
1996-06-07,24.48999334909024,,34.713278571143746,0,159,1996,6
1996-06-08,24.48999334909024,,34.716330422088504,0,160,1996,6
1996-06-09,24.509993348643206,,34.70107116736472,0,161,1996,6
1996-06-10,24.55999334752562,,34.665974881500006,0,162,1996,6
1996-06-11,24.569993347302105,,34.653767477720976,0,163,1996,6
1996-06-12,24.17999335601928,,34.70870079472661,0,164,1996,6
1996-06-13,24.239993354678177,,34.72090819850564,0,165,1996,6
1996-06-14,24.40999335087838,,34.75295263342559,0,166,1996,6
1996-06-15,24.52999334819617,,34.846034087240696,0,167,1996,6
1996-06-16,24.31999335289004,,34.920804435387254,0,168,1996,6
1996-06-17,24.22999335490169,,34.91317480802536,0,169,1996,6
1996-06-18,24.339993352443003,,34.87655259668827,0,170,1996,6
1996-06-19,24.429993350431342,,34.90096740424633,0,171,1996,6
1996-06-20,24.349993352219485,,34.91164888255298,0,172,1996,6
1996-06-21,24.17999335601928,,34.88113037310541,0,173,1996,6
1996-06-22,24.119993357360386,,34.84145631082356,0,174,1996,6
1996-06-23,24.149993356689837,,34.86129334196448,0,175,1996,6
1996-06-24,24.199993355572246,,34.96353034861386,0,176,1996,6
1996-06-25,24.17999335601928,,35.050508100539446,0,177,1996,6
1996-06-26,24.299993353337072,,35.113071044906974,0,178,1996,6
1996-06-27,24.259993354231145,,35.160374734550714,0,179,1996,6
1996-06-28,24.189993355795764,,35.20310064777732,0,180,1996,6
1996-06-29,23.969993360713147,,35.218359902501106,0,181,1996,6
1996-06-30,23.649993367865704,,35.22293767891824,0,182,1996,6
1996-07-01,23.69999336674812,,35.21378212608397,0,183,1996,7
1996-07-02,23.729993366077565,,35.19852287136018,0,184,1996,7
1996-07-03,23.689993366971635,,35.17410806380212,0,185,1996,7
1996-07-04,23.649993367865704,,35.18936731852591,0,186,1996,7
1996-07-05,23.69999336674812,,35.21530805155635,0,187,1996,7
1996-07-06,23.84999336339536,,35.218359902501106,0,188,1996,7
1996-07-07,23.779993364959974,,35.21225620061159,0,189,1996,7
1996-07-08,23.23999337702992,,35.20310064777732,0,190,1996,7
1996-07-09,23.039993381500267,,35.195471020415425,0,191,1996,7
1996-07-10,23.12999337948861,,35.18784139305353,0,192,1996,7
1996-07-11,23.579993369430326,,35.125278448686004,0,193,1996,7
1996-07-12,23.689993366971635,,35.10544141754508,0,194,1996,7
1996-07-13,23.569993369653844,,35.111545119434595,0,195,1996,7
1996-07-14,24.01999335959556,,35.11612289585173,0,196,1996,7
1996-07-15,24.12999335713687,,35.11764882132411,0,197,1996,7
1996-07-16,24.12999335713687,,35.10544141754508,0,198,1996,7
1996-07-17,23.999993360042595,,35.06576735526323,0,199,1996,7
1996-07-18,23.86999336294832,,35.05813772790134,0,200,1996,7
1996-07-19,23.689993366971635,,35.07187105715275,0,201,1996,7
1996-07-20,23.529993370547917,,35.09018216282129,0,202,1996,7
1996-07-21,23.419993373006605,,35.11917474679649,0,203,1996,7
1996-07-22,23.43999337255957,,35.146641405299306,0,204,1996,7
1996-07-23,23.39999337345364,,35.16647843644023,0,205,1996,7
1996-07-24,23.059993381053232,,35.183263616636395,0,206,1996,7
1996-07-25,22.91999338418248,,35.19852287136018,0,207,1996,7
1996-07-26,22.92999338395896,,35.207678424194455,0,208,1996,7
1996-07-27,22.999993382394337,,35.21530805155635,0,209,1996,7
1996-07-28,23.379993373900675,,35.219885827973485,0,210,1996,7
1996-07-29,23.40999337323012,,35.22293767891824,0,211,1996,7
1996-07-30,22.83999338597061,,35.22446360439062,0,212,1996,7
1996-07-31,22.749993387982272,,35.225989529863,0,213,1996,7
1996-08-01,22.719993388652824,,35.22446360439062,0,214,1996,8
1996-08-02,22.639993390440964,,35.209204349666834,0,215,1996,8
1996-08-03,22.60999339111152,,35.20004879683256,0,216,1996,8
1996-08-04,22.639993390440964,,35.207678424194455,0,217,1996,8
1996-08-05,22.62999339066448,,35.21378212608397,0,218,1996,8
1996-08-06,22.65999338999393,,35.21225620061159,0,219,1996,8
1996-08-07,22.639993390440964,,35.21378212608397,0,220,1996,8
1996-08-08,22.749993387982272,,35.22904138080776,0,221,1996,8
1996-08-09,22.62999339066448,,35.233619157224894,0,222,1996,8
1996-08-10,22.639993390440964,,35.233619157224894,0,223,1996,8
1996-08-11,22.689993389323377,,35.23819693364203,0,224,1996,8
1996-08-12,22.599993391335037,,35.23819693364203,0,225,1996,8
1996-08-13,22.579993391782068,,35.23667100816965,0,226,1996,8
1996-08-14,22.499993393570207,,35.21378212608397,0,227,1996,8
1996-08-15,22.54999339245262,,35.22904138080776,0,228,1996,8
1996-08-16,22.52999339289965,,35.24582656100392,0,229,1996,8
1996-08-17,22.52999339289965,,35.18173769116402,0,230,1996,8
1996-08-18,22.719993388652824,,35.14969325624406,0,231,1996,8
1996-08-19,22.719993388652824,,35.28244877234101,0,232,1996,8
1996-08-20,22.799993386864685,,35.22293767891824,0,233,1996,8
1996-08-21,22.069993403181456,,35.23972285911441,0,234,1996,8
1996-08-22,22.31999339759352,,35.2046265732497,0,235,1996,8
1996-08-23,22.34999339692297,,35.1039154920727,0,236,1996,8
1996-08-24,22.07999340295794,,35.12680437415838,0,237,1996,8
1996-08-25,21.84999340809884,,35.26413766667247,0,238,1996,8
1996-08-26,21.919993406534218,,34.9391155410558,0,239,1996,8
1996-08-27,22.129993401840352,,34.30433054454625,0,240,1996,8
1996-08-28,22.33999339714649,,34.36231571249664,0,241,1996,8
1996-08-29,22.579993391782068,,34.65987117961049,0,242,1996,8
1996-08-30,23.059993381053232,,34.72243412397802,0,243,1996,8
1996-08-31,23.689993366971635,,34.71175264567137,0,244,1996,8
1996-09-01,23.639993368089225,,34.6736045088619,0,245,1996,9
1996-09-02,23.529993370547917,,34.68581191264093,0,246,1996,9
1996-09-03,23.499993371218466,,34.70870079472661,0,247,1996,9
1996-09-04,23.529993370547917,,34.76516003720462,0,248,1996,9
1996-09-05,23.449993372336053,,34.763634111732244,0,249,1996,9
1996-09-06,23.449993372336053,,34.823145205155015,0,250,1996,9
1996-09-07,23.7099933665246,,34.82772298157215,0,251,1996,9
1996-09-08,23.45999337211253,,34.79415262117982,0,252,1996,9
1996-09-09,23.22999337725344,,34.79415262117982,0,253,1996,9
1996-09-10,23.27999337613585,,34.80636002495885,0,254,1996,9
1996-09-11,23.89999336227777,,34.824671130627394,0,255,1996,9
1996-09-12,23.90999336205425,,34.92843406274915,0,256,1996,9
1996-09-13,23.839993363618877,,34.97115997597575,0,257,1996,9
1996-09-14,23.39999337345364,,34.9604784976691,0,258,1996,9
1996-09-15,23.619993368536257,,34.94521924294531,0,259,1996,9
1996-09-16,23.58999336920681,,34.57899712957442,0,260,1996,9
1996-09-17,23.469993371889014,,34.27686388604343,0,261,1996,9
1996-09-18,23.40999337323012,,34.45692309178412,0,262,1996,9
1996-09-19,23.31999337524178,,34.57899712957442,0,263,1996,9
1996-09-20,23.469993371889014,,34.76821188814938,0,264,1996,9
1996-09-21,23.529993370547917,,34.84908593818545,0,265,1996,9
1996-09-22,23.91999336183073,,34.83230075798929,0,266,1996,9
1996-09-23,23.929993361607217,,34.84450816176832,0,267,1996,9
1996-09-24,24.049993358925008,,34.85518964007497,0,268,1996,9
1996-09-25,24.029993359372043,,34.79262669570744,0,269,1996,9
1996-09-26,23.969993360713147,,34.79262669570744,0,270,1996,9
1996-09-27,24.039993359148525,,34.84450816176832,0,271,1996,9
1996-09-28,23.97999336048963,,34.929959988221526,0,272,1996,9
1996-09-29,23.97999336048963,,34.9101229570806,0,273,1996,9
1996-09-30,23.759993365407013,,34.72243412397802,0,274,1996,9
1996-10-01,23.639993368089225,,34.545426769182086,0,275,1996,10
1996-10-02,23.9399933613837,,34.47828604839742,0,276,1996,10
1996-10-03,23.949993361160185,,34.461500868201256,0,277,1996,10
1996-10-04,24.029993359372043,,34.51490825973451,0,278,1996,10
1996-10-05,25.359993329644222,,34.499649005010724,0,279,1996,10
1996-10-06,25.549993325397395,,34.47828604839742,0,280,1996,10
1996-10-07,25.509993326291465,,34.440137911587954,0,281,1996,10
1996-10-08,25.329993330314775,,34.32721942663193,0,282,1996,10
1996-10-09,25.45999332740905,,34.26007870584726,0,283,1996,10
1996-10-10,25.319993330538296,,34.32264165021479,0,284,1996,10
1996-10-11,24.499993348866724,,34.36384163796902,0,285,1996,10
1996-10-12,24.379993351548933,,34.20056761242449,0,286,1996,10
1996-10-13,24.71999334394934,,34.14105651900172,0,287,1996,10
1996-10-14,25.40999332852664,,34.18836020864546,0,288,1996,10
1996-10-15,25.359993329644222,,34.13495281711221,0,289,1996,10
1996-10-16,25.269993331655883,,34.57899712957442,0,290,1996,10
1996-10-17,25.10999333523216,,34.91164888255298,0,291,1996,10
1996-10-18,24.269993354007624,,34.929959988221526,0,292,1996,10
1996-10-19,24.28999335356059,,34.78957484476268,0,293,1996,10
1996-10-20,24.299993353337072,,34.73158967681229,0,294,1996,10
1996-10-21,24.199993355572246,,34.74837485700846,0,295,1996,10
1996-10-22,24.389993351325412,,34.68276006169617,0,296,1996,10
1996-10-23,24.59999334663155,,34.546952694654465,0,297,1996,10
1996-10-24,25.129993334785127,,34.6018860116601,0,298,1996,10
1996-10-25,25.229993332549952,,34.68276006169617,0,299,1996,10
1996-10-26,25.279993331432365,,34.76973781362176,0,300,1996,10
1996-10-27,25.009993337467336,,34.81856742873788,0,301,1996,10
1996-10-28,24.94999333880844,,34.63850822299719,0,302,1996,10
1996-10-29,24.969993338361405,,34.15936762467027,0,303,1996,10
1996-10-30,24.879993340373066,,34.185308357700706,0,304,1996,10
1996-10-31,24.90999333970251,,34.33484905399382,0,305,1996,10
1996-11-01,26.059993313998007,,34.282967587932944,0,306,1996,11
1996-11-02,26.22999331019821,,34.209723165258765,0,307,1996,11
1996-11-03,26.279993309080623,,34.257026854902506,0,308,1996,11
1996-11-04,25.789993320032977,,34.27533796057105,0,309,1996,11
1996-11-05,25.819993319362425,,34.293649066239595,0,310,1996,11
1996-11-06,26.22999331019821,,34.20667131431401,0,311,1996,11
1996-11-07,26.369993307068967,,34.05102691613138,0,312,1996,11
1996-11-08,26.349993307516,,33.95031583495438,0,313,1996,11
1996-11-09,26.939993294328477,,33.98693804629147,0,314,1996,11
1996-11-10,26.749993298575305,,33.89996029436588,0,315,1996,11
1996-11-11,26.589993302151584,,33.596301125362515,0,316,1996,11
1996-11-12,25.889993317797803,,33.416241919621825,0,317,1996,11
1996-11-13,25.79999331980946,,33.67107147350907,0,318,1996,11
1996-11-14,25.829993319138907,,33.909115847200155,0,319,1996,11
1996-11-15,25.83999331891539,,33.910641772672534,0,320,1996,11
1996-11-16,25.83999331891539,,33.95184176042676,0,321,1996,11
1996-11-17,25.75999332070353,,34.018982481211424,0,322,1996,11
1996-11-18,25.749993320927047,,34.127323189750314,0,323,1996,11
1996-11-19,25.86999331824484,,34.281441662460566,0,324,1996,11
1996-11-20,26.049993314221524,,34.34400460682809,0,325,1996,11
1996-11-21,26.07999331355097,,34.3363749794662,0,326,1996,11
1996-11-22,26.08999331332745,,34.3867305200547,0,327,1996,11
1996-11-23,26.099993313103937,,34.46607864461839,0,328,1996,11
1996-11-24,25.99999331533911,,34.56678972579539,0,329,1996,11
1996-11-25,25.87999331802132,,34.62782674469054,0,330,1996,11
1996-11-26,25.819993319362425,,34.595782309770584,0,331,1996,11
1996-11-27,25.809993319585946,,34.60341193713248,0,332,1996,11
1996-11-28,25.56999332495036,,34.74227115511894,0,333,1996,11
1996-11-29,25.39999332875016,,34.76516003720462,0,334,1996,11
1996-11-30,25.36999332942071,,34.751426707953215,0,335,1996,11
1996-12-01,25.279993331432365,,34.76058226078749,0,336,1996,12
1996-12-02,25.10999333523216,,34.78041929192841,0,337,1996,12
1996-12-03,25.13999333456161,,34.68428598716855,0,338,1996,12
1996-12-04,24.669993345066928,,34.61561934091151,0,339,1996,12
1996-12-05,24.82999334149065,,34.5728934276849,0,340,1996,12
1996-12-06,24.84999334104361,,34.524063812568784,0,341,1996,12
1996-12-07,25.019993337243815,,34.667500806972384,0,342,1996,12
1996-12-08,25.64999332316222,,34.702597092837095,0,343,1996,12
1996-12-09,26.139993312209867,,34.74684893153608,0,344,1996,12
1996-12-10,26.369993307068967,,34.90554518066347,0,345,1996,12
1996-12-11,26.439993305504345,,34.93758961558342,0,346,1996,12
1996-12-12,26.48999330438676,,34.96200442314148,0,347,1996,12
1996-12-13,26.5799933023751,,35.01235996372998,0,348,1996,12
1996-12-14,26.599993301928063,,35.03524884581566,0,349,1996,12
1996-12-15,26.70999329946937,,35.05508587695658,0,350,1996,12
1996-12-16,26.70999329946937,,35.09781179018319,0,351,1996,12
1996-12-17,26.94999329410496,,35.11764882132411,0,352,1996,12
1996-12-18,26.979993293434404,,35.08560438640416,0,353,1996,12
1996-12-19,26.979993293434404,,35.07797475904226,0,354,1996,12
1996-12-20,27.10999329052868,,35.171056212857366,0,355,1996,12
1996-12-21,27.25999328717592,,35.19852287136018,0,356,1996,12
1996-12-22,27.07999329119923,,35.16647843644023,0,357,1996,12
1996-12-23,27.00999329276385,,35.206152498722076,0,358,1996,12
1996-12-24,27.00999329276385,,35.19852287136018,0,359,1996,12
1996-12-25,27.059993291646265,,35.23667100816965,0,360,1996,12
1996-12-26,27.099993290752195,,35.27787099592388,0,361,1996,12
1996-12-27,27.919993272423767,,35.303811728954315,0,362,1996,12
1996-12-28,28.06999326907101,,35.30228580348194,0,363,1996,12
1996-12-29,28.06999326907101,,35.30075987800956,0,364,1996,12
1996-12-30,28.08999326862397,,35.267189517617226,0,365,1996,12
1996-12-31,28.109993268176936,,35.195471020415425,0,366,1996,12
1997-01-01,28.15999326705935,,35.15121918171644,0,1,1997,1
1997-01-02,28.109993268176936,,35.16953028738499,0,2,1997,1
1997-01-03,27.979993271082662,,35.17410806380212,0,3,1997,1
1997-01-04,27.919993272423767,,34.96200442314148,0,4,1997,1
1997-01-05,27.41999328359964,,34.606463788077235,0,5,1997,1
1997-01-06,27.409993283823155,,34.46455271914601,0,6,1997,1
1997-01-07,27.379993284493708,,34.33332312852144,0,7,1997,1
1997-01-08,27.42999328337612,,34.13342689163983,0,8,1997,1
1997-01-09,27.41999328359964,,33.849604753777385,0,9,1997,1
1997-01-10,27.369993284717225,,33.63750111311674,0,10,1997,1
1997-01-11,27.38999328427019,,33.138523483648896,0,11,1997,1
1997-01-12,27.38999328427019,,32.659382885321975,0,12,1997,1
1997-01-13,27.459993282705568,,31.82164980098605,0,13,1997,1
1997-01-14,27.519993281364464,,30.883205635473132,0,14,1997,1
1997-01-15,28.099993268400453,,30.268257670104504,0,15,1997,1
1997-01-16,27.999993270635628,,30.06836143322289,0,16,1997,1
1997-01-17,28.03999326974156,,30.20111694931984,0,17,1997,1
1997-01-18,28.139993267506384,,30.748924193903804,0,18,1997,1
1997-01-19,28.19999326616528,,31.431012880057096,0,19,1997,1
1997-01-20,28.20999326594176,,32.152775628492236,0,20,1997,1
1997-01-21,29.17999324426057,,32.26416818797588,0,21,1997,1
1997-01-22,29.259993242472436,,32.18787191435695,0,22,1997,1
1997-01-23,29.31999324113133,,31.780449813231826,0,23,1997,1
1997-01-24,28.97999324873092,,31.566820247098804,0,24,1997,1
1997-01-25,29.00999324806037,,31.237220345064998,0,25,1997,1
1997-01-26,29.039993247389816,,31.421857327222824,0,26,1997,1
1997-01-27,28.949993249401476,,31.965086795389652,0,27,1997,1
1997-01-28,28.8199932523072,,31.94372383877635,0,28,1997,1
1997-01-29,28.46999326013031,,32.54646440036595,0,29,1997,1
1997-01-30,28.1899932663888,,33.68633072823286,0,30,1997,1
1997-01-31,28.16999326683583,,33.935056580230594,0,31,1997,1
1997-02-01,28.149993267282863,,34.089175052940845,0,32,1997,2
1997-02-02,28.139993267506384,,34.17615280486643,0,33,1997,2
1997-02-03,27.81999327465894,,34.25550092943013,0,34,1997,2
1997-02-04,27.749993276223563,,34.328745352104306,0,35,1997,2
1997-02-05,27.799993275105976,,34.36384163796902,0,36,1997,2
1997-02-06,28.00999327041211,,34.45387124083936,0,37,1997,2
1997-02-07,27.94999327175321,,34.54390084370971,0,38,1997,2
1997-02-08,27.96999327130618,,34.62172304280102,0,39,1997,2
1997-02-09,28.029993269965075,,34.68428598716855,0,40,1997,2
1997-02-10,28.04999326951804,,34.643085999414325,0,41,1997,2
1997-02-11,28.179993266612318,,34.328745352104306,0,42,1997,2
1997-02-12,28.359993262589,,33.84502697736025,0,43,1997,2
1997-02-13,28.309993263706588,,33.59172334894538,0,44,1997,2
1997-02-14,28.25999326482417,,34.211249090731144,0,45,1997,2
1997-02-15,28.149993267282863,,34.71022672019899,0,46,1997,2
1997-02-16,28.099993268400453,,35.02151551656425,0,47,1997,2
1997-02-17,27.94999327175321,,35.08560438640416,0,48,1997,2
1997-02-18,28.109993268176936,,35.10544141754508,0,49,1997,2
1997-02-19,27.84999327398839,,35.09781179018319,0,50,1997,2
1997-02-20,27.689993277564668,,35.07950068451464,0,51,1997,2
1997-02-21,27.669993278011702,,35.074922908097506,0,52,1997,2
1997-02-22,27.85999327376487,,35.08407846093178,0,53,1997,2
1997-02-23,27.92999327220025,,35.08407846093178,0,54,1997,2
1997-02-24,27.93999327197673,,35.08102660998702,0,55,1997,2
1997-02-25,27.84999327398839,,35.0825525354594,0,56,1997,2
1997-02-26,27.81999327465894,,35.09323401376605,0,57,1997,2
1997-02-27,27.829993274435424,,35.076448833569884,0,58,1997,2
1997-02-28,27.75999327600005,,35.0535599514842,0,59,1997,2
1997-03-01,27.649993278458737,,35.03677477128804,0,60,1997,3
1997-03-02,27.34999328516426,,35.03677477128804,0,61,1997,3
1997-03-03,27.299993286281847,,35.04593032412231,0,62,1997,3
1997-03-04,27.289993286505364,,35.052034026011825,0,63,1997,3
1997-03-05,27.19999328851702,,35.05508587695658,0,64,1997,3
1997-03-06,27.089993290975716,,35.04135254770517,0,65,1997,3
1997-03-07,28.269993264600657,,35.016937740147114,0,66,1997,3
1997-03-08,28.229993265494727,,34.97421182692051,0,67,1997,3
1997-03-09,28.289993264153622,,34.90249332971871,0,68,1997,3
1997-03-10,28.059993269294523,,34.8384044598788,0,69,1997,3
1997-03-11,28.029993269965075,,34.78347114287317,0,70,1997,3
1997-03-12,27.979993271082662,,34.71938227303326,0,71,1997,3
1997-03-13,27.80999327488246,,34.798730397596955,0,72,1997,3
1997-03-14,27.69999327734115,,34.95284887030721,0,73,1997,3
1997-03-15,27.679993277788185,,35.07950068451464,0,74,1997,3
1997-03-16,27.409993283823155,,35.135959926992655,0,75,1997,3
1997-03-17,27.38999328427019,,35.16953028738499,0,76,1997,3
1997-03-18,27.379993284493708,,35.19241916947067,0,77,1997,3
1997-03-19,27.19999328851702,,35.20004879683256,0,78,1997,3
1997-03-20,27.15999328941109,,35.19394509494305,0,79,1997,3
1997-03-21,27.149993289634608,,35.14511547982693,0,80,1997,3
1997-03-22,27.149993289634608,,35.158848809078336,0,81,1997,3
1997-03-23,27.10999329052868,,35.17868584021926,0,82,1997,3
1997-03-24,27.11999329030516,,35.16953028738499,0,83,1997,3
1997-03-25,27.069993291422747,,35.16342658549547,0,84,1997,3
1997-03-26,27.129993290081643,,35.16647843644023,0,85,1997,3
1997-03-27,27.34999328516426,,35.146641405299306,0,86,1997,3
1997-03-28,27.54999328069391,,34.91470073349774,0,87,1997,3
1997-03-29,27.409993283823155,,34.39436014741659,0,88,1997,3
1997-03-30,27.25999328717592,,34.49049345217645,0,89,1997,3
1997-03-31,27.23999328762295,,34.56373787485063,0,90,1997,3
1997-04-01,27.209993288293504,,34.51796011067927,0,91,1997,4
1997-04-02,27.129993290081643,,34.40504162572324,0,92,1997,4
1997-04-03,27.149993289634608,,34.09527875483036,0,93,1997,4
1997-04-04,27.179993288964056,,33.104953123256564,0,94,1997,4
1997-04-05,26.979993293434404,,32.837916165590286,0,95,1997,4
1997-04-06,26.749993298575305,,32.779930997639894,0,96,1997,4
1997-04-07,26.099993313103937,,32.93099761940539,0,97,1997,4
1997-04-08,25.79999331980946,,33.13699755817652,0,98,1997,4
1997-04-09,25.72999332137408,,33.60393075272441,0,99,1997,4
1997-04-10,25.889993317797803,,33.84197512641549,0,100,1997,4
1997-04-11,25.699993322044637,,34.052552841603756,0,101,1997,4
1997-04-12,25.519993326067947,,34.45234531536698,0,102,1997,4
1997-04-13,25.539993325620912,,34.728537825867534,0,103,1997,4
1997-04-14,25.619993323832773,,34.7956785466522,0,104,1997,4
1997-04-15,25.629993323609256,,34.79415262117982,0,105,1997,4
1997-04-16,25.64999332316222,,34.78499706834555,0,106,1997,4
1997-04-17,25.7199933215976,,34.35163423418999,0,107,1997,4
1997-04-18,25.669993322715182,,34.16699725203216,0,108,1997,4
1997-04-19,25.699993322044637,,34.1639454010874,0,109,1997,4
1997-04-20,26.01999331489208,,34.1715750284493,0,110,1997,4
1997-04-21,26.219993310421728,,34.34400460682809,0,111,1997,4
1997-04-22,26.60999330170455,,34.66139710508287,0,112,1997,4
1997-04-23,26.60999330170455,,34.71022672019899,0,113,1997,4
1997-04-24,26.53999330326917,,34.606463788077235,0,114,1997,4
1997-04-25,26.33999330773952,,34.80178224854171,0,115,1997,4
1997-04-26,26.279993309080623,,34.95132294483483,0,116,1997,4
1997-04-27,26.199993310868763,,34.8887600004673,0,117,1997,4
1997-04-28,26.07999331355097,,34.80636002495885,0,118,1997,4
1997-04-29,26.07999331355097,,34.992522932589054,0,119,1997,4
1997-04-30,25.55999332517388,,35.064241429790854,0,120,1997,4
1997-05-01,25.60999332405629,,35.00625626184046,0,121,1997,5
1997-05-02,25.619993323832773,,35.13138215057552,0,122,1997,5
1997-05-03,25.809993319585946,,35.24887841194868,0,123,1997,5
1997-05-04,25.809993319585946,,35.26413766667247,0,124,1997,5
1997-05-05,25.789993320032977,,35.28702654875815,0,125,1997,5
1997-05-06,25.60999332405629,,35.351115418598056,0,126,1997,5
1997-05-07,25.549993325397395,,35.387737629935145,0,127,1997,5
1997-05-08,25.549993325397395,,35.40604873560369,0,128,1997,5
1997-05-09,25.52999332584443,,35.387737629935145,0,129,1997,5
1997-05-10,25.629993323609256,,35.329752461984754,0,130,1997,5
1997-05-11,25.64999332316222,,35.26108581572771,0,131,1997,5
1997-05-12,24.7999933421612,,35.225989529863,0,132,1997,5
1997-05-13,24.7999933421612,,35.2046265732497,0,133,1997,5
1997-05-14,24.78999334238472,,35.19241916947067,0,134,1997,5
1997-05-15,24.769993342831757,,35.196996945887804,0,135,1997,5
1997-05-16,24.429993350431342,,35.15121918171644,0,136,1997,5
1997-05-17,24.44999334998431,,35.15579695813358,0,137,1997,5
1997-05-18,24.509993348643206,,35.16342658549547,0,138,1997,5
1997-05-19,24.51999334841969,,35.16647843644023,0,139,1997,5
1997-05-20,24.47999334931376,,35.172582138329744,0,140,1997,5
1997-05-21,24.46999334953728,,35.16953028738499,0,141,1997,5
1997-05-22,24.94999333880844,,35.16342658549547,0,142,1997,5
1997-05-23,25.079993335902717,,35.1542710326612,0,143,1997,5
1997-05-24,25.09999333545568,,35.15121918171644,0,144,1997,5
1997-05-25,25.05999333634975,,35.14969325624406,0,145,1997,5
1997-05-26,24.739993343502302,,35.15121918171644,0,146,1997,5
1997-05-27,24.32999335266652,,35.171056212857366,0,147,1997,5
1997-05-28,24.569993347302105,,35.16953028738499,0,148,1997,5
1997-05-29,24.629993345961,,35.160374734550714,0,149,1997,5
1997-05-30,24.669993345066928,,35.23972285911441,0,150,1997,5
1997-05-31,24.28999335356059,,35.23819693364203,0,151,1997,5
1997-06-01,24.299993353337072,,35.22904138080776,0,152,1997,6
1997-06-02,24.189993355795764,,35.219885827973485,0,153,1997,6
1997-06-03,24.13999335691335,,35.209204349666834,0,154,1997,6
1997-06-04,23.419993373006605,,35.206152498722076,0,155,1997,6
1997-06-05,23.35999337434771,,35.20157472230494,0,156,1997,6
1997-06-06,23.369993374124192,,35.196996945887804,0,157,1997,6
1997-06-07,23.43999337255957,,35.18936731852591,0,158,1997,6
1997-06-08,23.489993371441983,,35.18784139305353,0,159,1997,6
1997-06-09,23.45999337211253,,35.19241916947067,0,160,1997,6
1997-06-10,23.40999337323012,,35.18936731852591,0,161,1997,6
1997-06-11,23.419993373006605,,35.16953028738499,0,162,1997,6
1997-06-12,23.43999337255957,,35.15274510718882,0,163,1997,6
1997-06-13,23.45999337211253,,35.14358955435455,0,164,1997,6
1997-06-14,23.91999336183073,,35.099337715655565,0,165,1997,6
1997-06-15,23.989993360266112,,35.05661180242896,0,166,1997,6
1997-06-16,24.01999335959556,,35.0321969948709,0,167,1997,6
1997-06-17,23.949993361160185,,35.029145143926144,0,168,1997,6
1997-06-18,24.049993358925008,,35.03372292034328,0,169,1997,6
1997-06-19,24.049993358925008,,35.052034026011825,0,170,1997,6
1997-06-20,23.659993367642187,,35.06576735526323,0,171,1997,6
1997-06-21,23.619993368536257,,35.076448833569884,0,172,1997,6
1997-06-22,23.66999336741867,,35.08407846093178,0,173,1997,6
1997-06-23,23.529993370547917,,35.09475993923843,0,174,1997,6
1997-06-24,23.429993372783088,,35.09170808829367,0,175,1997,6
1997-06-25,23.39999337345364,,35.064241429790854,0,176,1997,6
1997-06-26,23.40999337323012,,35.07950068451464,0,177,1997,6
1997-06-27,23.489993371441983,,35.12985622510314,0,178,1997,6
1997-06-28,23.579993369430326,,35.1756339892745,0,179,1997,6
1997-06-29,23.969993360713147,,35.18936731852591,0,180,1997,6
1997-06-30,24.22999335490169,,35.184789542108774,0,181,1997,6
1997-07-01,24.32999335266652,,35.221411753445864,0,182,1997,7
1997-07-02,24.399993351101894,,35.244300635531545,0,183,1997,7
1997-07-03,24.309993353113555,,35.21225620061159,0,184,1997,7
1997-07-04,24.119993357360386,,35.20004879683256,0,185,1997,7
1997-07-05,23.949993361160185,,35.21530805155635,0,186,1997,7
1997-07-06,23.929993361607217,,35.232093231752515,0,187,1997,7
1997-07-07,23.809993364289426,,35.23972285911441,0,188,1997,7
1997-07-08,23.78999336473646,,35.26261174120009,0,189,1997,7
1997-07-09,23.269993376359366,,35.28702654875815,0,190,1997,7
1997-07-10,23.219993377476957,,35.30991543084383,0,191,1997,7
1997-07-11,23.0199933819473,,35.32517468556762,0,192,1997,7
1997-07-12,22.73999338820579,,35.33127838745713,0,193,1997,7
1997-07-13,22.69999338909986,,35.329752461984754,0,194,1997,7
1997-07-14,22.76999338753524,,35.326700611039996,0,195,1997,7
1997-07-15,22.98999338261785,,35.3190709836781,0,196,1997,7
1997-07-16,22.93999338373544,,35.30686357989907,0,197,1997,7
1997-07-17,22.89999338462951,,35.31296728178859,0,198,1997,7
1997-07-18,22.849993385747094,,35.31296728178859,0,199,1997,7
1997-07-19,22.83999338597061,,35.31144135631621,0,200,1997,7
1997-07-20,23.38999337367716,,35.314493207260966,0,201,1997,7
1997-07-21,23.4799933716655,,35.31296728178859,0,202,1997,7
1997-07-22,23.489993371441983,,35.30228580348194,0,203,1997,7
1997-07-23,23.50999337099495,,35.28702654875815,0,204,1997,7
1997-07-24,23.62999336831274,,35.27481914497912,0,205,1997,7
1997-07-25,23.689993366971635,,35.268715443089604,0,206,1997,7
1997-07-26,23.54999337010088,,35.21683397702873,0,207,1997,7
1997-07-27,23.259993376582884,,35.11459697037935,0,208,1997,7
1997-07-28,23.29999337568881,,35.07034513168037,0,209,1997,7
1997-07-29,23.489993371441983,,35.07034513168037,0,210,1997,7
1997-07-30,23.59999336898329,,35.05966365337372,0,211,1997,7
1997-07-31,23.679993367195152,,35.039826622232795,0,212,1997,7
1997-08-01,23.679993367195152,,35.0321969948709,0,213,1997,8
1997-08-02,23.659993367642187,,35.04898217506707,0,214,1997,8
1997-08-03,23.58999336920681,,35.06729328073561,0,215,1997,8
1997-08-04,23.569993369653844,,35.1039154920727,0,216,1997,8
1997-08-05,23.59999336898329,,35.110019193962216,0,217,1997,8
1997-08-06,23.59999336898329,,35.05966365337372,0,218,1997,8
1997-08-07,23.5399933703244,,35.029145143926144,0,219,1997,8
1997-08-08,23.569993369653844,,35.1039154920727,0,220,1997,8
1997-08-09,23.39999337345364,,35.04898217506707,0,221,1997,8
1997-08-10,23.569993369653844,,35.03677477128804,0,222,1997,8
1997-08-11,23.78999336473646,,35.0535599514842,0,223,1997,8
1997-08-12,23.879993362724804,,35.04898217506707,0,224,1997,8
1997-08-13,23.569993369653844,,35.04745624959469,0,225,1997,8
1997-08-14,23.349993374571227,,35.04287847317755,0,226,1997,8
1997-08-15,22.96999338306489,,35.038300696760416,0,227,1997,8
1997-08-16,23.799993364512943,,35.0321969948709,0,228,1997,8
1997-08-17,23.85999336317184,,35.027619218453765,0,229,1997,8
1997-08-18,23.769993365183492,,35.026093292981386,0,230,1997,8
1997-08-19,23.469993371889014,,35.0108340382576,0,231,1997,8
1997-08-20,23.429993372783088,,35.00930811278522,0,232,1997,8
1997-08-21,23.369993374124192,,34.97421182692051,0,233,1997,8
1997-08-22,23.22999337725344,,34.95284887030721,0,234,1997,8
1997-08-23,23.35999337434771,,34.93758961558342,0,235,1997,8
1997-08-24,23.40999337323012,,34.931485913693905,0,236,1997,8
1997-08-25,23.429993372783088,,34.92538221180439,0,237,1997,8
1997-08-26,23.269993376359366,,34.92233036085963,0,238,1997,8
1997-08-27,23.40999337323012,,34.907071106135845,0,239,1997,8
1997-08-28,23.51999337077143,,34.89181185141206,0,240,1997,8
1997-08-29,23.679993367195152,,34.89944147877395,0,241,1997,8
1997-08-30,23.50999337099495,,34.919278509914875,0,242,1997,8
1997-08-31,23.31999337524178,,34.95742664672434,0,243,1997,8
1997-09-01,23.039993381500267,,35.013885889202356,0,244,1997,9
1997-09-02,23.12999337948861,,35.03372292034328,0,245,1997,9
1997-09-03,23.179993378371023,,35.016937740147114,0,246,1997,9
1997-09-04,23.29999337568881,0.1395632,34.9818414542824,0,247,1997,9
1997-09-05,23.449993372336053,,34.87807852216065,0,248,1997,9
1997-09-06,23.529993370547917,0.1539535,34.595782309770584,0,249,1997,9
1997-09-07,23.639993368089225,,34.73006375133991,0,250,1997,9
1997-09-08,23.729993366077565,,34.75295263342559,0,251,1997,9
1997-09-09,23.71999336630108,0.14275646,34.77126373909414,0,252,1997,9
1997-09-10,23.62999336831274,0.14275646,34.86281926743686,0,253,1997,9
1997-09-11,23.58999336920681,,34.82619705609977,0,254,1997,9
1997-09-12,23.619993368536257,,34.870448894798756,0,255,1997,9
1997-09-13,23.62999336831274,,34.929959988221526,0,256,1997,9
1997-09-14,23.659993367642187,,34.9391155410558,0,257,1997,9
1997-09-15,23.769993365183492,0.13040109,34.980315528810024,0,258,1997,9
1997-09-16,23.989993360266112,0.13040109,35.03067106939852,0,259,1997,9
1997-09-17,24.149993356689837,,35.05966365337372,0,260,1997,9
1997-09-18,24.13999335691335,0.13203321,35.03372292034328,0,261,1997,9
1997-09-19,24.13999335691335,0.13494864,35.00930811278522,0,262,1997,9
1997-09-20,24.17999335601928,0.16461137,34.9818414542824,0,263,1997,9
1997-09-21,24.21999335512521,0.15992662,34.919278509914875,0,264,1997,9
1997-09-22,24.1699933562428,0.15752031,34.846034087240696,0,265,1997,9
1997-09-23,24.199993355572246,0.15067571,34.8384044598788,0,266,1997,9
1997-09-24,24.259993354231145,0.15067571,34.85366371460259,0,267,1997,9
1997-09-25,24.43999335020783,0.15068792,34.87502667121589,0,268,1997,9
1997-09-26,25.009993337467336,0.12900546,34.93606369011104,0,269,1997,9
1997-09-27,25.189993333444026,0.12899,34.955900721251965,0,270,1997,9
1997-09-28,25.0899933356792,0.18934411,34.94064146652818,0,271,1997,9
1997-09-29,25.009993337467336,0.25324,34.94064146652818,0,272,1997,9
1997-09-30,25.09999333545568,0.22179627,34.99710070900619,0,273,1997,9
1997-10-01,24.98999333791437,0.23840424,35.050508100539446,0,274,1997,10
1997-10-02,24.859993340820097,0.17691317,35.08407846093178,0,275,1997,10
1997-10-03,24.51999334841969,0.16324899,35.0825525354594,0,276,1997,10
1997-10-04,24.569993347302105,0.16636676,35.07034513168037,0,277,1997,10
1997-10-05,24.44999334998431,0.1663565,35.07034513168037,0,278,1997,10
1997-10-06,24.509993348643206,0.30058488,35.06729328073561,0,279,1997,10
1997-10-07,24.619993346184515,0.30060387,35.100863641127944,0,280,1997,10
1997-10-08,24.67999334484341,0.15167123,35.1542710326612,0,281,1997,10
1997-10-09,24.859993340820097,0.15158308,35.18021176569164,0,282,1997,10
1997-10-10,24.979993338137888,0.3053708,35.195471020415425,0,283,1997,10
1997-10-11,24.84999334104361,0.3053708,35.20157472230494,0,284,1997,10
1997-10-12,24.74999334327879,0.3053708,35.19241916947067,0,285,1997,10
1997-10-13,24.82999334149065,0.30535942,35.18936731852591,0,286,1997,10
1997-10-14,24.889993340149545,,35.18631546758115,0,287,1997,10
1997-10-15,24.90999333970251,,35.18631546758115,0,288,1997,10
1997-10-16,24.86999334059658,,35.18784139305353,0,289,1997,10
1997-10-17,24.86999334059658,,35.19394509494305,0,290,1997,10
1997-10-18,24.809993341937684,,35.19241916947067,0,291,1997,10
1997-10-19,24.859993340820097,0.22323912,35.17868584021926,0,292,1997,10
1997-10-20,24.879993340373066,0.2375214,35.1542710326612,0,293,1997,10
1997-10-21,24.83999334126713,0.22401495,35.12070067226887,0,294,1997,10
1997-10-22,24.94999333880844,0.22401111,35.029145143926144,0,295,1997,10
1997-10-23,24.969993338361405,0.22407281,34.954374795779586,0,296,1997,10
1997-10-24,24.979993338137888,0.224107,34.919278509914875,0,297,1997,10
1997-10-25,25.289993331208848,0.224107,34.920804435387254,0,298,1997,10
1997-10-26,25.539993325620912,0.22407015,34.94979701936245,0,299,1997,10
1997-10-27,25.659993322938703,0.21006997,34.96200442314148,0,300,1997,10
1997-10-28,25.52999332584443,0.19165473,35.01235996372998,0,301,1997,10
1997-10-29,25.36999332942071,0.18864213,35.074922908097506,0,302,1997,10
1997-10-30,25.21999333277347,0.1864908,35.111545119434595,0,303,1997,10
1997-10-31,25.169993333891057,0.14821373,35.13901177793741,0,304,1997,10
1997-11-01,25.169993333891057,0.15223774,35.1542710326612,0,305,1997,11
1997-11-02,25.169993333891057,0.16199148,35.1542710326612,0,306,1997,11
1997-11-03,25.15999333411457,0.19713406,35.12833029963076,0,307,1997,11
1997-11-04,25.09999333545568,0.21591286,35.10849326848984,0,308,1997,11
1997-11-05,25.05999333634975,0.21591286,35.099337715655565,0,309,1997,11
1997-11-06,25.189993333444026,0.16486733,35.09018216282129,0,310,1997,11
1997-11-07,25.2599933318794,0.16488086,35.076448833569884,0,311,1997,11
1997-11-08,25.289993331208848,0.26430488,35.0611895788461,0,312,1997,11
1997-11-09,25.269993331655883,0.26430488,35.0535599514842,0,313,1997,11
1997-11-10,25.269993331655883,0.41694015,35.04440439864993,0,314,1997,11
1997-11-11,25.46999332718553,0.46116394,35.026093292981386,0,315,1997,11
1997-11-12,25.4899933267385,0.5030485,35.013885889202356,0,316,1997,11
1997-11-13,25.909993317350768,0.4794718,35.02151551656425,0,317,1997,11
1997-11-14,25.739993321150564,0.5092447,35.0108340382576,0,318,1997,11
1997-11-15,25.739993321150564,0.5086379,34.98641923069954,0,319,1997,11
1997-11-16,25.70999332182112,0.51022094,34.96200442314148,0,320,1997,11
1997-11-17,25.629993323609256,0.51022166,34.894863702356815,0,321,1997,11
1997-11-18,25.629993323609256,0.5119077,34.798730397596955,0,322,1997,11
1997-11-19,25.56999332495036,0.5119976,34.96353034861386,0,323,1997,11
1997-11-20,25.829993319138907,0.6270619,34.990997007116675,0,324,1997,11
1997-11-21,25.909993317350768,0.18256402,34.88113037310541,0,325,1997,11
1997-11-22,25.95999331623318,0.16557229,34.80788595043123,0,326,1997,11
1997-11-23,25.859993318468355,0.15573417,34.78041929192841,0,327,1997,11
1997-11-24,26.03999331444504,0.1162251,34.6949674654752,0,328,1997,11
1997-11-25,26.119993312656906,0.116426006,34.56068602390587,0,329,1997,11
1997-11-26,26.119993312656906,0.104285605,34.45387124083936,0,330,1997,11
1997-11-27,26.049993314221524,0.122354016,34.424878656864166,0,331,1997,11
1997-11-28,25.979993315786142,0.12929611,34.403515700250864,0,332,1997,11
1997-11-29,25.929993316903733,0.12764859,34.427930507808924,0,333,1997,11
1997-11-30,25.909993317350768,0.1355752,34.41114532761276,0,334,1997,11
1997-12-01,26.009993315115597,0.14261284,34.43098235875368,0,335,1997,12
1997-12-02,26.239993309974693,0.15119338,34.35926386155188,0,336,1997,12
1997-12-03,26.209993310645245,0.16107447,34.270760184153914,0,337,1997,12
1997-12-04,26.209993310645245,0.16107447,34.269234258681536,0,338,1997,12
1997-12-05,26.08999331332745,0.16046822,34.37452311627567,0,339,1997,12
1997-12-06,26.279993309080623,0.17028753,34.52711566351354,0,340,1997,12
1997-12-07,26.32999330796304,0.14416675,34.487441601231694,0,341,1997,12
1997-12-08,26.409993306174897,0.17851375,34.41877495497465,0,342,1997,12
1997-12-09,27.129993290081643,0.18367803,34.379100892692804,0,343,1997,12
1997-12-10,27.30999328605833,0.18914886,34.07544172368944,0,344,1997,12
1997-12-11,27.2699932869524,0.18699986,33.53068633005023,0,345,1997,12
1997-12-12,27.18999328874054,0.1870012,33.162938291206956,0,346,1997,12
1997-12-13,27.23999328762295,0.17969033,32.83181246370077,0,347,1997,12
1997-12-14,27.249993287399437,0.2101088,32.850123569369316,0,348,1997,12
1997-12-15,27.559993280470398,0.2101826,32.96914575621486,0,349,1997,12
1997-12-16,27.54999328069391,0.12105847,32.935575395822525,0,350,1997,12
1997-12-17,27.46999328248205,0.12105854,33.162938291206956,0,351,1997,12
1997-12-18,27.23999328762295,0.121057175,33.07138276286423,0,352,1997,12
1997-12-19,27.219993288069983,0.121013284,33.45744190737605,0,353,1997,12
1997-12-20,27.209993288293504,0.10192203,34.13342689163983,0,354,1997,12
1997-12-21,26.839993296563648,0.10920954,34.366893488913774,0,355,1997,12
1997-12-22,26.76999329812827,0.1092138,34.32416757568717,0,356,1997,12
1997-12-23,26.76999329812827,0.106376104,34.46455271914601,0,357,1997,12
1997-12-24,26.88999329544606,0.11925755,34.5805230550468,0,358,1997,12
1997-12-25,26.92999329455199,0.1119476,34.56068602390587,0,359,1997,12
1997-12-26,26.989993293210887,0.111947775,34.31196017190814,0,360,1997,12
1997-12-27,27.00999329276385,0.11333246,34.07544172368944,0,361,1997,12
1997-12-28,27.19999328851702,0.10635629,33.957945462316275,0,362,1997,12
1997-12-29,27.219993288069983,0.11333246,33.85723438113928,0,363,1997,12
1997-12-30,27.289993286505364,0.13355626,33.921323250979185,0,364,1997,12
1997-12-31,27.31999328583481,0.15641625,33.98388619534671,0,365,1997,12
1998-01-01,27.31999328583481,0.19613273,33.945738058537245,0,1,1998,1
1998-01-02,27.339993285387777,0.20861328,33.96099731326103,0,2,1998,1
1998-01-03,27.19999328851702,0.19648929,34.11053800955415,0,3,1998,1
1998-01-04,27.11999329030516,0.18489337,34.30280461907387,0,4,1998,1
1998-01-05,27.01999329254033,0.18488228,34.44471568800509,0,5,1998,1
1998-01-06,26.65999330058696,0.15160026,34.52711566351354,0,6,1998,1
1998-01-07,26.629993301257517,0.15160015,34.437086060643196,0,7,1998,1
1998-01-08,26.64999330081048,0.15160015,34.089175052940845,0,8,1998,1
1998-01-09,26.72999329902234,0.15160015,34.20056761242449,0,9,1998,1
1998-01-10,26.739993298798822,0.21991341,34.473708271980286,0,10,1998,1
1998-01-11,26.819993297010683,0.24305241,34.64766377583146,0,11,1998,1
1998-01-12,26.87999329566958,0.26365468,34.80330817401409,0,12,1998,1
1998-01-13,27.089993290975716,0.26979557,34.26007870584726,0,13,1998,1
1998-01-14,27.179993288964056,0.34016246,33.30179750919342,0,14,1998,1
1998-01-15,27.149993289634608,0.33579415,33.86486400850117,0,15,1998,1
1998-01-16,28.099993268400453,0.12456526,33.14920496195555,0,16,1998,1
1998-01-17,28.359993262589,0.13173042,33.50627152249217,0,17,1998,1
1998-01-18,28.39999326169493,0.21349663,33.67564924992621,0,18,1998,1
1998-01-19,28.39999326169493,0.21118154,33.692434430122375,0,19,1998,1
1998-01-20,28.419993261247896,0.21621741,33.75957515090704,0,20,1998,1
1998-01-21,28.359993262589,0.21882041,33.57646409422159,0,21,1998,1
1998-01-22,28.329993263259556,0.21880573,33.06070128455758,0,22,1998,1
1998-01-23,28.24999326504769,0.21880656,32.6792199164629,0,23,1998,1
1998-01-24,28.24999326504769,0.22806211,32.432019989937544,0,24,1998,1
1998-01-25,28.109993268176936,0.24255675,32.2702718898654,0,25,1998,1
1998-01-26,28.06999326907101,0.161951,32.38624222576618,0,26,1998,1
1998-01-27,27.999993270635628,0.15429197,32.549516251310706,0,27,1998,1
1998-01-28,27.96999327130618,0.15483561,32.898953184485435,0,28,1998,1
1998-01-29,27.92999327220025,0.15099818,33.00424204207957,0,29,1998,1
1998-01-30,27.88999327309432,0.1503334,32.937101321294904,0,30,1998,1
1998-01-31,27.94999327175321,0.15036435,33.141575334593654,0,31,1998,1
1998-02-01,27.919993272423767,0.19489321,33.3964048884809,0,32,1998,2
1998-02-02,27.87999327331784,0.2004619,33.21939753368497,0,33,1998,2
1998-02-03,27.979993271082662,0.20087412,33.031708700582385,0,34,1998,2
1998-02-04,28.459993260353823,0.11976896,32.79976802878082,0,35,1998,2
1998-02-05,28.409993261471413,0.123113,32.9447309486568,0,36,1998,2
1998-02-06,28.449993260577344,0.12653023,33.442182652652264,0,37,1998,2
1998-02-07,28.27999326437714,0.20007406,33.63597518764436,0,38,1998,2
1998-02-08,28.329993263259556,0.19288567,33.704641833901405,0,39,1998,2
1998-02-09,28.43999326080086,0.14401272,34.06933802179992,0,40,1998,2
1998-02-10,28.27999326437714,0.14394857,34.437086060643196,0,41,1998,2
1998-02-11,28.179993266612318,0.14392905,34.73311560228467,0,42,1998,2
1998-02-12,28.139993267506384,0.12338657,34.85518964007497,0,43,1998,2
1998-02-13,28.00999327041211,0.12346818,34.835352608934045,0,44,1998,2
1998-02-14,27.94999327175321,0.12347273,34.702597092837095,0,45,1998,2
1998-02-15,27.88999327309432,0.2775005,34.58662675693631,0,46,1998,2
1998-02-16,27.81999327465894,0.16637267,34.536271216347814,0,47,1998,2
1998-02-17,27.749993276223563,0.16351075,34.620197117328644,0,48,1998,2
1998-02-18,28.059993269294523,0.1407781,34.74684893153608,0,49,1998,2
1998-02-19,28.07999326884749,0.12447596,34.76821188814938,0,50,1998,2
1998-02-20,28.109993268176936,0.12081862,34.73006375133991,0,51,1998,2
1998-02-21,28.20999326594176,0.12932748,34.73158967681229,0,52,1998,2
1998-02-22,28.24999326504769,0.15892906,34.7956785466522,0,53,1998,2
1998-02-23,28.8199932523072,0.1503672,34.810937801375985,0,54,1998,2
1998-02-24,29.159993244707607,0.122525066,34.83993038535118,0,55,1998,2
1998-02-25,28.87999325096609,0.12236881,34.84908593818545,0,56,1998,2
1998-02-26,28.339993263036035,0.099580586,34.83230075798929,0,57,1998,2
1998-02-27,28.49999325945976,0.1563062,34.77736744098365,0,58,1998,2
1998-02-28,28.56999325789513,0.17075923,34.76516003720462,0,59,1998,2
1998-03-01,28.839993251860164,0.1761303,34.79110077023506,0,60,1998,3
1998-03-02,28.82999325208368,0.17587917,34.76821188814938,0,61,1998,3
1998-03-03,28.82999325208368,0.20830838,34.678182285279036,0,62,1998,3
1998-03-04,28.799993252754238,0.20830238,34.68733783811331,0,63,1998,3
1998-03-05,28.539993258565687,0.16175452,34.77736744098365,0,64,1998,3
1998-03-06,29.229993243142985,0.17606921,34.859767416492105,0,65,1998,3
1998-03-07,29.379993239790224,0.17567189,34.87350074574351,0,66,1998,3
1998-03-08,29.349993240460776,0.16434585,34.92690813727677,0,67,1998,3
1998-03-09,29.32999324090781,0.13799395,34.92690813727677,0,68,1998,3
1998-03-10,28.719993254542374,0.13341464,34.907071106135845,0,69,1998,3
1998-03-11,28.359993262589,0.13701056,34.92385628633201,0,70,1998,3
1998-03-12,28.309993263706588,0.19884267,34.94064146652818,0,71,1998,3
1998-03-13,28.329993263259556,0.19884205,34.98641923069954,0,72,1998,3
1998-03-14,28.25999326482417,0.19960643,35.10696734301746,0,73,1998,3
1998-03-15,28.20999326594176,0.22906882,35.038300696760416,0,74,1998,3
1998-03-16,28.219993265718244,0.27762994,34.437086060643196,0,75,1998,3
1998-03-17,28.87999325096609,0.29540586,33.982360269874334,0,76,1998,3
1998-03-18,28.839993251860164,0.32246014,33.79314551129937,0,77,1998,3
1998-03-19,28.839993251860164,0.32246014,33.356730826199055,0,78,1998,3
1998-03-20,28.78999325297775,0.19447526,33.33994564600289,0,79,1998,3
1998-03-21,28.719993254542374,0.19322643,33.44981228001416,0,80,1998,3
1998-03-22,28.70999325476589,0.20819905,33.584093721583486,0,81,1998,3
1998-03-23,28.55999325811865,0.18584362,33.7122714612633,0,82,1998,3
1998-03-24,28.579993257671617,0.19038752,33.693960355594754,0,83,1998,3
1998-03-25,28.639993256330516,0.23898074,33.60698260366917,0,84,1998,3
1998-03-26,28.639993256330516,0.23898074,33.69701220653951,0,85,1998,3
1998-03-27,29.28999324180188,0.14516765,33.9060639962554,0,86,1998,3
1998-03-28,29.30999324135485,0.14776576,34.09680468030274,0,87,1998,3
1998-03-29,29.239993242919468,0.15958443,34.17920465581119,0,88,1998,3
1998-03-30,28.99999324828389,0.13967879,34.32416757568717,0,89,1998,3
1998-03-31,28.919993250072025,0.15829238,34.39893792383373,0,90,1998,3
1998-04-01,28.919993250072025,0.11289979,34.33332312852144,0,91,1998,4
1998-04-02,28.74999325387182,0.123608686,34.29059721529484,0,92,1998,4
1998-04-03,28.359993262589,0.13620192,34.438611986115575,0,93,1998,4
1998-04-04,28.37999326214197,0.1380136,34.461500868201256,0,94,1998,4
1998-04-05,28.51999325901272,0.22290799,34.340952755883336,0,95,1998,4
1998-04-06,28.679993255436443,0.2229115,34.38215274363756,0,96,1998,4
1998-04-07,28.5899932574481,0.17389193,34.63545637205243,0,97,1998,4
1998-04-08,28.19999326616528,0.17408708,34.67055265791714,0,98,1998,4
1998-04-09,28.059993269294523,0.26379415,34.606463788077235,0,99,1998,4
1998-04-10,28.06999326907101,0.20963936,34.36384163796902,0,100,1998,4
1998-04-11,28.11999326795342,0.12176455,33.727530715987086,0,101,1998,4
1998-04-12,28.07999326884749,0.13102314,33.631397411227226,0,102,1998,4
1998-04-13,27.94999327175321,0.1303832,33.88164918869734,0,103,1998,4
1998-04-14,27.69999327734115,0.1467031,34.18988613411784,0,104,1998,4
1998-04-15,27.62999327890577,0.14661339,34.41877495497465,0,105,1998,4
1998-04-16,27.58999327979984,0.17782196,34.48133789934218,0,106,1998,4
1998-04-17,27.46999328248205,0.22169304,34.23718982376158,0,107,1998,4
1998-04-18,27.2699932869524,0.22969161,34.01135285384953,0,108,1998,4
1998-04-19,27.19999328851702,0.27945513,34.078493574634194,0,109,1998,4
1998-04-20,27.219993288069983,0.252863,34.2143009416759,0,110,1998,4
1998-04-21,26.869993295893096,0.18698852,34.26313055679202,0,111,1998,4
1998-04-22,26.92999329455199,0.11301254,34.22650834545493,0,112,1998,4
1998-04-23,27.129993290081643,0.17799647,34.235663898289204,0,113,1998,4
1998-04-24,27.339993285387777,0.20941377,34.36231571249664,0,114,1998,4
1998-04-25,27.62999327890577,0.1677178,34.607989713549614,0,115,1998,4
1998-04-26,27.909993272647284,0.15742199,34.94674516841769,0,116,1998,4
1998-04-27,27.84999327398839,0.21698649,35.09323401376605,0,117,1998,4
1998-04-28,27.609993279352807,0.21409497,35.09323401376605,0,118,1998,4
1998-04-29,27.34999328516426,0.11448285,34.955900721251965,0,119,1998,4
1998-04-30,27.179993288964056,0.11452729,35.0535599514842,0,120,1998,4
1998-05-01,27.18999328874054,0.17866309,35.18784139305353,0,121,1998,5
1998-05-02,27.07999329119923,0.17811489,35.10849326848984,0,122,1998,5
1998-05-03,27.049993291869782,0.16945094,34.84908593818545,0,123,1998,5
1998-05-04,27.2699932869524,0.197106,34.867397043854,0,124,1998,5
1998-05-05,27.19999328851702,0.19948103,34.88570814952254,0,125,1998,5
1998-05-06,27.11999329030516,0.16686046,34.919278509914875,0,126,1998,5
1998-05-07,26.669993300363444,0.16686587,34.98336737975478,0,127,1998,5
1998-05-08,26.629993301257517,0.24786416,35.02151551656425,0,128,1998,5
1998-05-09,26.61999330148103,0.24780995,34.9604784976691,0,129,1998,5
1998-05-10,26.349993307516,0.46885726,34.96200442314148,0,130,1998,5
1998-05-11,26.37999330684545,0.46872142,35.09323401376605,0,131,1998,5
1998-05-12,26.48999330438676,0.35659912,35.10544141754508,0,132,1998,5
1998-05-13,27.07999329119923,0.19956595,35.1039154920727,0,133,1998,5
1998-05-14,27.169993289187573,0.21353507,34.97115997597575,0,134,1998,5
1998-05-15,27.0399932920933,0.21510513,34.728537825867534,0,135,1998,5
1998-05-16,26.839993296563648,0.21492615,34.85671556554735,0,136,1998,5
1998-05-17,26.559993302822136,0.30229467,35.00625626184046,0,137,1998,5
1998-05-18,26.559993302822136,0.24833146,34.76516003720462,0,138,1998,5
1998-05-19,26.549993303045653,0.20785572,34.41877495497465,0,139,1998,5
1998-05-20,26.439993305504345,0.20785572,34.2143009416759,0,140,1998,5
1998-05-21,26.39999330639841,0.20182101,34.15478984825313,0,141,1998,5
1998-05-22,26.41999330595138,0.20568463,34.342478681355715,0,142,1998,5
1998-05-23,26.359993307292484,0.19908355,34.379100892692804,0,143,1998,5
1998-05-24,26.39999330639841,0.30063492,34.39741199836135,0,144,1998,5
1998-05-25,26.369993307068967,0.23910695,34.38520459458232,0,145,1998,5
1998-05-26,26.589993302151584,0.25469062,34.330271277576685,0,146,1998,5
1998-05-27,26.5799933023751,0.2544262,34.29670091718435,0,147,1998,5
1998-05-28,26.53999330326917,0.16864076,34.330271277576685,0,148,1998,5
1998-05-29,26.409993306174897,0.1686648,34.330271277576685,0,149,1998,5
1998-05-30,26.319993308186557,0.24024644,34.21735279262066,0,150,1998,5
1998-05-31,26.06999331377449,0.2421699,34.017456555739045,0,151,1998,5
1998-06-01,26.10999331288042,0.2504434,33.92590102739632,0,152,1998,6
1998-06-02,26.18999331109228,0.41560736,33.96710101515055,0,153,1998,6
1998-06-03,26.239993309974693,0.18116462,33.96404916420579,0,154,1998,6
1998-06-04,25.539993325620912,0.2205998,34.01287877932191,0,155,1998,6
1998-06-05,25.519993326067947,0.26033777,34.00982692837715,0,156,1998,6
1998-06-06,25.629993323609256,0.18549488,34.14716022089124,0,157,1998,6
1998-06-07,25.67999332249167,0.18551159,34.29059721529484,0,158,1998,6
1998-06-08,25.72999332137408,0.19097045,34.42030088044703,0,159,1998,6
1998-06-09,25.739993321150564,0.1873562,34.48896752670407,0,160,1998,6
1998-06-10,25.70999332182112,0.17648546,34.53779714182019,0,161,1998,6
1998-06-11,25.229993332549952,0.1765019,34.53932306729257,0,162,1998,6
1998-06-12,25.189993333444026,0.18112014,34.54847862012684,0,163,1998,6
1998-06-13,25.17999333366754,0.20107244,34.61104156449437,0,164,1998,6
1998-06-14,25.21999333277347,0.17252946,34.66902673244476,0,165,1998,6
1998-06-15,25.21999333277347,0.4021522,34.63850822299719,0,166,1998,6
1998-06-16,25.239993332326435,0.32346332,34.582048980519176,0,167,1998,6
1998-06-17,25.06999333612623,0.2524273,34.58510083146393,0,168,1998,6
1998-06-18,25.079993335902717,0.2526963,34.606463788077235,0,169,1998,6
1998-06-19,25.309993330761813,0.2339601,34.594256384298205,0,170,1998,6
1998-06-20,25.209993332996987,0.2339601,34.51490825973451,0,171,1998,6
1998-06-21,25.14999333433809,0.226354,34.52711566351354,0,172,1998,6
1998-06-22,24.959993338584923,0.19746937,34.56831565126777,0,173,1998,6
1998-06-23,24.859993340820097,0.15083797,34.54390084370971,0,174,1998,6
1998-06-24,24.82999334149065,0.20977515,34.473708271980286,0,175,1998,6
1998-06-25,25.049993336573262,0.17373979,34.39588607288897,0,176,1998,6
1998-06-26,25.129993334785127,0.19907533,34.27838981151581,0,177,1998,6
1998-06-27,25.279993331432365,0.24789801,34.24024167470634,0,178,1998,6
1998-06-28,25.209993332996987,0.23727114,34.2646564822644,0,179,1998,6
1998-06-29,25.15999333411457,0.19157101,34.26007870584726,0,180,1998,6
1998-06-30,24.63999334573748,0.19183025,34.25244907848537,0,181,1998,6
1998-07-01,24.379993351548933,0.1918286,34.234137972816825,0,182,1998,7
1998-07-02,24.51999334841969,0.60285944,34.21735279262066,0,183,1998,7
1998-07-03,24.629993345961,0.6028579,34.22498241998255,0,184,1998,7
1998-07-04,24.46999334953728,0.34339252,34.27686388604343,0,185,1998,7
1998-07-05,24.359993351995968,0.3438795,34.38367866910994,0,186,1998,7
1998-07-06,24.499993348866724,0.35890633,34.461500868201256,0,187,1998,7
1998-07-07,24.629993345961,0.15260494,34.49659715406597,0,188,1998,7
1998-07-08,24.579993347078585,0.1557365,34.52558973804116,0,189,1998,7
1998-07-09,24.499993348866724,0.20405616,34.5515304710716,0,190,1998,7
1998-07-10,24.44999334998431,0.20405594,34.582048980519176,0,191,1998,7
1998-07-11,24.299993353337072,0.19213441,34.66292303055525,0,192,1998,7
1998-07-12,24.189993355795764,0.21007136,34.763634111732244,0,193,1998,7
1998-07-13,24.12999335713687,0.18687373,34.84145631082356,0,194,1998,7
1998-07-14,23.999993360042595,0.1895449,34.884182224050164,0,195,1998,7
1998-07-15,24.039993359148525,0.18709423,34.896389627829194,0,196,1998,7
1998-07-16,23.999993360042595,0.24718857,34.87807852216065,0,197,1998,7
1998-07-17,24.01999335959556,0.1910364,34.83077483251691,0,198,1998,7
1998-07-18,24.029993359372043,0.20389497,34.77278966456652,0,199,1998,7
1998-07-19,23.759993365407013,0.20676117,34.727011900395155,0,200,1998,7
1998-07-20,23.85999336317184,0.18069047,34.69649339094758,0,201,1998,7
1998-07-21,23.779993364959974,0.18069036,34.67207858338952,0,202,1998,7
1998-07-22,23.5399933703244,0.4299271,34.66444895602763,0,203,1998,7
1998-07-23,23.429993372783088,0.42992732,34.65987117961049,0,204,1998,7
1998-07-24,23.349993374571227,0.3785153,34.57594527862966,0,205,1998,7
1998-07-25,23.269993376359366,0.4046612,34.56831565126777,0,206,1998,7
1998-07-26,23.22999337725344,0.68392503,34.63393044658005,0,207,1998,7
1998-07-27,23.189993378147506,0.5648028,34.691915614530444,0,208,1998,7
1998-07-28,23.469993371889014,0.19316015,34.702597092837095,0,209,1998,7
1998-07-29,23.7099933665246,0.6525646,34.66444895602763,0,210,1998,7
1998-07-30,23.84999336339536,0.6528121,34.713278571143746,0,211,1998,7
1998-07-31,23.959993360936664,0.24768998,34.86434519290924,0,212,1998,7
1998-08-01,24.049993358925008,0.15896066,34.85366371460259,0,213,1998,8
1998-08-02,23.91999336183073,0.18770881,34.94979701936245,0,214,1998,8
1998-08-03,23.379993373900675,0.18929066,34.92538221180439,0,215,1998,8
1998-08-04,23.43999337255957,0.26577908,34.95132294483483,0,216,1998,8
1998-08-05,23.58999336920681,0.54553616,34.94979701936245,0,217,1998,8
1998-08-06,23.60999336875977,0.28690723,34.929959988221526,0,218,1998,8
1998-08-07,24.269993354007624,0.17776847,34.894863702356815,0,219,1998,8
1998-08-08,24.31999335289004,0.16123155,34.88570814952254,0,220,1998,8
1998-08-09,24.43999335020783,0.14884454,34.896389627829194,0,221,1998,8
1998-08-10,24.509993348643206,0.15081646,34.9101229570806,0,222,1998,8
1998-08-11,24.71999334394934,0.30856743,34.92690813727677,0,223,1998,8
1998-08-12,24.689993344619893,0.3087584,34.9391155410558,0,224,1998,8
1998-08-13,24.40999335087838,0.1467701,34.89028592593968,0,225,1998,8
1998-08-14,24.46999334953728,0.14925036,34.85518964007497,0,226,1998,8
1998-08-15,24.549993347749137,0.29745427,34.85671556554735,0,227,1998,8
1998-08-16,24.629993345961,0.32432258,34.812463726848364,0,228,1998,8
1998-08-17,23.929993361607217,0.3039641,34.75295263342559,0,229,1998,8
1998-08-18,23.84999336339536,0.33835214,34.72090819850564,0,230,1998,8
1998-08-19,23.889993362501286,0.3411684,34.704123018309474,0,231,1998,8
1998-08-20,24.429993350431342,0.3216489,34.641560073941946,0,232,1998,8
1998-08-21,24.379993351548933,0.33787403,34.5805230550468,0,233,1998,8
1998-08-22,24.239993354678177,0.33457357,34.64613785035908,0,234,1998,8
1998-08-23,23.84999336339536,0.33408087,34.71022672019899,0,235,1998,8
1998-08-24,24.079993358254452,0.28254366,34.800256323069334,0,236,1998,8
1998-08-25,24.05999335870149,0.25246003,34.87655259668827,0,237,1998,8
1998-08-26,23.89999336227777,0.19852608,34.92690813727677,0,238,1998,8
1998-08-27,24.09999335780742,0.19576739,34.98794515617192,0,239,1998,8
1998-08-28,24.28999335356059,0.22798485,35.02456736750901,0,240,1998,8
1998-08-29,24.279993353784107,0.20808376,35.00778218731284,0,241,1998,8
1998-08-30,24.20999335534873,0.20768662,34.96353034861386,0,242,1998,8
1998-08-31,24.239993354678177,0.21786192,34.89028592593968,0,243,1998,8
1998-09-01,24.15999335646632,0.23354754,34.80636002495885,0,244,1998,9
1998-09-02,24.22999335490169,0.25085783,34.78957484476268,0,245,1998,9
1998-09-03,24.15999335646632,0.25085562,34.75753040984273,0,246,1998,9
1998-09-04,24.049993358925008,0.29386002,34.896389627829194,0,247,1998,9
1998-09-05,24.119993357360386,0.35772452,34.86129334196448,0,248,1998,9
1998-09-06,24.17999335601928,0.42077714,34.74074522964656,0,249,1998,9
1998-09-07,24.15999335646632,0.5013365,34.77278966456652,0,250,1998,9
1998-09-08,23.51999337077143,1.0790524,34.77126373909414,0,251,1998,9
1998-09-09,23.4799933716655,0.8785486,34.714804496616125,0,252,1998,9
1998-09-10,23.489993371441983,0.88212013,34.78041929192841,0,253,1998,9
1998-09-11,23.32999337501826,0.8855096,34.86892296932638,0,254,1998,9
1998-09-12,23.43999337255957,0.32405558,34.94064146652818,0,255,1998,9
1998-09-13,23.97999336048963,0.28432935,34.94674516841769,0,256,1998,9
1998-09-14,23.71999336630108,0.2866022,34.95895257219672,0,257,1998,9
1998-09-15,23.769993365183492,0.1690221,34.95284887030721,0,258,1998,9
1998-09-16,24.15999335646632,0.17074865,34.9391155410558,0,259,1998,9
1998-09-17,24.569993347302105,0.19684453,34.92843406274915,0,260,1998,9
1998-09-18,24.739993343502302,0.18344049,34.919278509914875,0,261,1998,9
1998-09-19,24.77999334260824,0.16872108,34.92385628633201,0,262,1998,9
1998-09-20,24.75999334305527,0.2008988,34.93606369011104,0,263,1998,9
1998-09-21,24.59999334663155,0.20328489,34.92690813727677,0,264,1998,9
1998-09-22,23.649993367865704,0.18695973,34.9101229570806,0,265,1998,9
1998-09-23,24.429993350431342,0.18086225,34.91622665897012,0,266,1998,9
1998-09-24,24.709993344172855,0.17852367,34.91164888255298,0,267,1998,9
1998-09-25,24.669993345066928,0.17853044,34.920804435387254,0,268,1998,9
1998-09-26,24.709993344172855,0.21516469,34.91470073349774,0,269,1998,9
1998-09-27,24.90999333970251,0.20490985,34.91622665897012,0,270,1998,9
1998-09-28,24.90999333970251,7.6173606,34.91317480802536,0,271,1998,9
1998-09-29,24.919993339478992,7.623453,34.9101229570806,0,272,1998,9
1998-09-30,24.609993346408032,2.5126653,34.908597031608224,0,273,1998,9
1998-10-01,24.44999334998431,2.3674932,34.89791555330157,0,274,1998,10
1998-10-02,24.43999335020783,0.29279724,34.91317480802536,0,275,1998,10
1998-10-03,24.43999335020783,0.26900548,34.919278509914875,0,276,1998,10
1998-10-04,24.499993348866724,0.20183149,34.92690813727677,0,277,1998,10
1998-10-05,25.309993330761813,0.20077074,34.929959988221526,0,278,1998,10
1998-10-06,25.359993329644222,0.20080066,34.943693317472935,0,279,1998,10
1998-10-07,25.319993330538296,0.22209924,34.95895257219672,0,280,1998,10
1998-10-08,25.229993332549952,0.27232817,34.97115997597575,0,281,1998,10
1998-10-09,25.199993333220505,0.2438277,34.98641923069954,0,282,1998,10
1998-10-10,24.569993347302105,0.24642274,34.978789603337646,0,283,1998,10
1998-10-11,24.579993347078585,0.24618374,34.96963405050337,0,284,1998,10
1998-10-12,24.689993344619893,0.39277306,34.96353034861386,0,285,1998,10
1998-10-13,24.889993340149545,0.39159748,34.968108125030994,0,286,1998,10
1998-10-14,24.94999333880844,0.40276095,34.90554518066347,0,287,1998,10
1998-10-15,24.859993340820097,0.3987594,34.57747120410204,0,288,1998,10
1998-10-16,24.82999334149065,0.38950813,33.90453807078302,0,289,1998,10
1998-10-17,24.84999334104361,0.29708707,33.66496777161956,0,290,1998,10
1998-10-18,24.78999334238472,0.32673088,33.77025662921369,0,291,1998,10
1998-10-19,24.55999334752562,0.3266332,33.919797325506806,0,292,1998,10
1998-10-20,24.509993348643206,0.30087,34.56831565126777,0,293,1998,10
1998-10-21,24.44999334998431,0.23144953,34.90401925519109,0,294,1998,10
1998-10-22,24.09999335780742,0.23143266,34.6018860116601,0,295,1998,10
1998-10-23,24.299993353337072,0.22548741,34.50575270690024,0,296,1998,10
1998-10-24,24.429993350431342,0.2498268,34.54084899276495,0,297,1998,10
1998-10-25,24.55999334752562,0.26201108,34.38520459458232,0,298,1998,10
1998-10-26,24.569993347302105,0.2620178,34.545426769182086,0,299,1998,10
1998-10-27,24.809993341937684,0.13058817,34.641560073941946,0,300,1998,10
1998-10-28,24.98999333791437,0.41487858,34.847560012713075,0,301,1998,10
1998-10-29,25.189993333444026,0.3570818,34.96505627408624,0,302,1998,10
1998-10-30,25.21999333277347,0.25184187,34.84145631082356,0,303,1998,10
1998-10-31,25.24999333210292,0.16392986,34.76973781362176,0,304,1998,10
1998-11-01,24.889993340149545,0.16393605,34.76821188814938,0,305,1998,11
1998-11-02,24.86999334059658,0.4544663,34.87502667121589,0,306,1998,11
1998-11-03,24.889993340149545,0.4544663,34.91470073349774,0,307,1998,11
1998-11-04,24.959993338584923,0.4544663,34.83993038535118,0,308,1998,11
1998-11-05,25.549993325397395,0.45446455,34.86434519290924,0,309,1998,11
1998-11-06,25.77999332025649,0.4547882,34.85518964007497,0,310,1998,11
1998-11-07,25.79999331980946,0.31683588,34.942167392000556,0,311,1998,11
1998-11-08,25.439993327856087,0.32803518,35.004730336368084,0,312,1998,11
1998-11-09,25.17999333366754,0.32803476,35.04287847317755,0,313,1998,11
1998-11-10,25.13999333456161,0.29669052,35.06729328073561,0,314,1998,11
1998-11-11,24.82999334149065,0.29711366,35.08560438640416,0,315,1998,11
1998-11-12,24.74999334327879,0.2061155,35.10238956660032,0,316,1998,11
1998-11-13,24.739993343502302,0.20566733,35.113071044906974,0,317,1998,11
1998-11-14,25.749993320927047,0.22411613,35.09781179018319,0,318,1998,11
1998-11-15,25.76999332048001,0.22411188,35.062715504318476,0,319,1998,11
1998-11-16,25.79999331980946,0.22391865,35.01846366561949,0,320,1998,11
1998-11-17,25.86999331824484,,34.92233036085963,0,321,1998,11
1998-11-18,25.95999331623318,,34.85061186365783,0,322,1998,11
1998-11-19,26.359993307292484,,34.85061186365783,0,323,1998,11
1998-11-20,26.37999330684545,,34.87502667121589,0,324,1998,11
1998-11-21,26.10999331288042,0.15763488,34.92690813727677,0,325,1998,11
1998-11-22,25.979993315786142,0.1424247,34.713278571143746,0,326,1998,11
1998-11-23,25.56999332495036,0.14021613,34.45539716631174,0,327,1998,11
1998-11-24,25.429993328079604,0.1409176,34.53169343993068,0,328,1998,11
1998-11-25,25.439993327856087,0.13405171,34.64003414846957,0,329,1998,11
1998-11-26,25.64999332316222,0.12881851,34.68886376358569,0,330,1998,11
1998-11-27,25.72999332137408,0.1198446,34.74379708059132,0,331,1998,11
1998-11-28,25.79999331980946,0.121092364,34.76821188814938,0,332,1998,11
1998-11-29,25.819993319362425,0.12869704,34.84145631082356,0,333,1998,11
1998-11-30,26.559993302822136,0.1297059,34.88570814952254,0,334,1998,11
1998-12-01,26.819993297010683,0.122111425,34.858241491019726,0,335,1998,12
1998-12-02,26.869993295893096,0.1297059,34.85213778913021,0,336,1998,12
1998-12-03,26.009993315115597,0.12996733,34.84145631082356,0,337,1998,12
1998-12-04,25.849993318691872,0.13066414,34.89333777688444,0,338,1998,12
1998-12-05,25.83999331891539,0.12930654,34.87350074574351,0,339,1998,12
1998-12-06,25.99999331533911,0.13722354,34.78499706834555,0,340,1998,12
1998-12-07,26.059993313998007,0.14684683,34.73311560228467,0,341,1998,12
1998-12-08,26.07999331355097,0.13847825,34.82009335421026,0,342,1998,12
1998-12-09,26.02999331466856,0.14684081,34.8887600004673,0,343,1998,12
1998-12-10,26.08999331332745,0.2373251,33.81908624432981,0,344,1998,12
1998-12-11,26.119993312656906,0.23730941,33.34757527336478,0,345,1998,12
1998-12-12,26.18999331109228,0.23201746,33.70769368484616,0,346,1998,12
1998-12-13,26.199993310868763,0.23201746,33.87554548680782,0,347,1998,12
1998-12-14,26.249993309751176,0.23201746,33.90301214531064,0,348,1998,12
1998-12-15,26.369993307068967,0.14668362,34.17767873033881,0,349,1998,12
1998-12-16,26.449993305280827,0.14721021,34.595782309770584,0,350,1998,12
1998-12-17,26.549993303045653,,34.70107116736472,0,351,1998,12
1998-12-18,26.559993302822136,0.13052937,34.751426707953215,0,352,1998,12
1998-12-19,26.869993295893096,0.13052937,34.824671130627394,0,353,1998,12
1998-12-20,26.859993296116613,0.36361033,34.86129334196448,0,354,1998,12
1998-12-21,26.869993295893096,0.36403325,34.85518964007497,0,355,1998,12
1998-12-22,27.209993288293504,0.18918695,34.84298223629594,0,356,1998,12
1998-12-23,27.439993283152603,0.1891944,34.83230075798929,0,357,1998,12
1998-12-24,27.519993281364464,0.18819737,34.727011900395155,0,358,1998,12
1998-12-25,27.529993281140943,0.17921267,34.47218234650791,0,359,1998,12
1998-12-26,27.53999328091743,0.20394173,34.522537887096405,0,360,1998,12
1998-12-27,27.529993281140943,0.20815095,34.61561934091151,0,361,1998,12
1998-12-28,27.61999327912929,0.19591299,34.342478681355715,0,362,1998,12
1998-12-29,27.61999327912929,0.1846008,34.15478984825313,0,363,1998,12
1998-12-30,27.65999327823522,0.19208571,33.86944178491831,0,364,1998,12
1998-12-31,27.63999327868225,0.15662065,33.55815298855305,0,365,1998,12
1999-01-01,27.689993277564668,0.14070426,33.36588637903333,0,1,1999,1
1999-01-02,27.69999327734115,0.14437406,33.39793081395328,0,2,1999,1
1999-01-03,27.58999327979984,0.14437406,33.21481975726783,0,3,1999,1
1999-01-04,26.96999329365792,0.14437406,33.09884942136705,0,4,1999,1
1999-01-05,26.64999330081048,0.14437436,33.67870110087097,0,5,1999,1
1999-01-06,26.69999329969289,0.14437436,34.15631577372551,0,6,1999,1
1999-01-07,26.899993295222544,0.14439069,34.27228610962629,0,7,1999,1
1999-01-08,26.979993293434404,0.14439069,34.524063812568784,0,8,1999,1
1999-01-09,27.049993291869782,0.14438938,34.653767477720976,0,9,1999,1
1999-01-10,27.099993290752195,0.15332063,34.5301675144583,0,10,1999,1
1999-01-11,27.029993292316817,0.15332063,34.53169343993068,0,11,1999,1
1999-01-12,27.029993292316817,0.15332063,34.571367502212524,0,12,1999,1
1999-01-13,27.179993288964056,0.15332063,34.340952755883336,0,13,1999,1
1999-01-14,27.289993286505364,0.14796153,34.209723165258765,0,14,1999,1
1999-01-15,27.2699932869524,0.14796142,34.05102691613138,0,15,1999,1
1999-01-16,27.23999328762295,0.14796065,33.837397349998355,0,16,1999,1
1999-01-17,27.169993289187573,0.105135284,33.68480480276048,0,17,1999,1
1999-01-18,27.169993289187573,0.105135284,33.48033078946173,0,18,1999,1
1999-01-19,27.2699932869524,0.098432295,33.02865684963763,0,19,1999,1
1999-01-20,27.38999328427019,0.10627874,32.42286443710327,0,20,1999,1
1999-01-21,27.489993282035016,0.10627874,32.503738487139344,0,21,1999,1
1999-01-22,27.529993281140943,0.10627874,32.90658281184733,0,22,1999,1
1999-01-23,27.709993277117636,0.10628189,33.38877526111901,0,23,1999,1
1999-01-24,27.73999327644708,0.10628325,33.50627152249217,0,24,1999,1
1999-01-25,27.749993276223563,,33.56273076497018,0,25,1999,1
1999-01-26,27.829993274435424,0.097147234,33.62681963481009,0,26,1999,1
1999-01-27,27.789993275329493,0.09714929,33.56425669044256,0,27,1999,1
1999-01-28,27.799993275105976,0.09714929,33.442182652652264,0,28,1999,1
1999-01-29,27.77999327555301,0.09616131,33.38572341017425,0,29,1999,1
1999-01-30,27.75999327600005,0.09616506,33.2102419808507,0,30,1999,1
1999-01-31,27.839993274211903,0.09616509,33.056123508140445,0,31,1999,1
1999-02-01,27.80999327488246,0.09616509,32.77687914669514,0,32,1999,2
1999-02-02,27.84999327398839,0.085074276,32.71736805327237,0,33,1999,2
1999-02-03,27.84999327398839,0.08606359,33.03628647699952,0,34,1999,2
1999-02-04,27.909993272647284,0.08010798,33.211767906323075,0,35,1999,2
1999-02-05,27.84999327398839,0.20354137,33.34147157147527,0,36,1999,2
1999-02-06,27.399993284046676,0.19095199,33.590197423473,0,37,1999,2
1999-02-07,27.15999328941109,0.20646472,33.751945523545146,0,38,1999,2
1999-02-08,27.11999329030516,0.23011802,32.886745780706406,0,39,1999,2
1999-02-09,27.23999328762295,0.23266375,32.02917566522956,0,40,1999,2
1999-02-10,27.27999328672888,0.21882096,31.72551649622619,0,41,1999,2
1999-02-11,27.11999329030516,0.21883528,31.658375775441527,0,42,1999,2
1999-02-12,27.029993292316817,0.2182876,31.852168310433626,0,43,1999,2
1999-02-13,26.99999329298737,0.21837603,32.01696826145053,0,44,1999,2
1999-02-14,26.749993298575305,0.20529969,32.31604965403676,0,45,1999,2
1999-02-15,26.72999329902234,0.13655028,33.09884942136705,0,46,1999,2
1999-02-16,26.739993298798822,0.15257415,33.18582717329264,0,47,1999,2
1999-02-17,26.84999329634013,0.1523431,33.14462718553841,0,48,1999,2
1999-02-18,27.01999329254033,0.15120222,33.16904199309647,0,49,1999,2
1999-02-19,27.249993287399437,0.15702248,33.14920496195555,0,50,1999,2
1999-02-20,27.359993284940742,0.15702383,32.33741261065006,0,51,1999,2
1999-02-21,27.42999328337612,0.15702383,32.142094150185585,0,52,1999,2
1999-02-22,27.42999328337612,0.15702373,32.106997864320874,0,53,1999,2
1999-02-23,27.41999328359964,0.3846175,32.0978423114866,0,54,1999,2
1999-02-24,27.439993283152603,0.40441018,32.0764793548733,0,55,1999,2
1999-02-25,27.44999328292909,0.40510455,31.90557570196688,0,56,1999,2
1999-02-26,27.289993286505364,0.40555894,31.87200534157455,0,57,1999,2
1999-02-27,27.089993290975716,0.40577182,32.430494064465165,0,58,1999,2
1999-02-28,26.92999329455199,0.18135974,33.18582717329264,0,59,1999,2
1999-03-01,26.87999329566958,0.18086354,34.018982481211424,0,60,1999,3
1999-03-02,27.13999328985813,0.17485392,34.40046384930611,0,61,1999,3
1999-03-03,27.18999328874054,0.13983542,34.403515700250864,0,62,1999,3
1999-03-04,27.219993288069983,0.14639622,34.00067137554288,0,63,1999,3
1999-03-05,27.44999328292909,0.26809573,33.52000485174358,0,64,1999,3
1999-03-06,27.519993281364464,0.26798904,33.21481975726783,0,65,1999,3
1999-03-07,27.54999328069391,0.268448,32.98135315999389,0,66,1999,3
1999-03-08,27.249993287399437,0.1693156,32.77382729575038,0,67,1999,3
1999-03-09,27.299993286281847,0.15942942,32.718893978744745,0,68,1999,3
1999-03-10,27.2699932869524,0.16877212,32.65175325796008,0,69,1999,3
1999-03-11,27.369993284717225,0.19808975,32.502212561666965,0,70,1999,3
1999-03-12,27.65999327823522,0.18376744,32.178716361522675,0,71,1999,3
1999-03-13,27.69999327734115,0.24553992,31.85827201232314,0,72,1999,3
1999-03-14,27.719993276894115,0.16865866,31.827753502875566,0,73,1999,3
1999-03-15,28.409993261471413,0.16261975,31.754509080201387,0,74,1999,3
1999-03-16,28.339993263036035,0.17960103,31.756035005673766,0,75,1999,3
1999-03-17,28.359993262589,0.17961165,31.791131291538477,0,76,1999,3
1999-03-18,28.369993262365483,0.28373754,31.852168310433626,0,77,1999,3
1999-03-19,28.309993263706588,0.2829096,31.958983093500137,0,78,1999,3
1999-03-20,28.229993265494727,0.1482592,32.044434919953346,0,79,1999,3
1999-03-21,28.649993256106995,0.19223802,32.06732380203903,0,80,1999,3
1999-03-22,28.65999325588348,0.1724006,32.05359047278762,0,81,1999,3
1999-03-23,28.719993254542374,0.19614488,31.881160894408822,0,82,1999,3
1999-03-24,28.649993256106995,0.15551208,31.77739796228707,0,83,1999,3
1999-03-25,28.449993260577344,0.15271659,32.081057131290436,0,84,1999,3
1999-03-26,28.309993263706588,0.15280351,32.201605243608356,0,85,1999,3
1999-03-27,28.109993268176936,0.14855868,32.442701468244195,0,86,1999,3
1999-03-28,27.999993270635628,0.13714443,33.37809378281236,0,87,1999,3
1999-03-29,27.84999327398839,0.17397504,33.321634540334344,0,88,1999,3
1999-03-30,27.65999327823522,0.1796233,33.64818259142339,0,89,1999,3
1999-03-31,27.179993288964056,0.20472528,34.39283422194421,0,90,1999,3
1999-04-01,27.169993289187573,0.19378924,34.511856408789754,0,91,1999,4
1999-04-02,27.11999329030516,0.14148211,34.55305639654398,0,92,1999,4
1999-04-03,27.099993290752195,0.23861256,34.571367502212524,0,93,1999,4
1999-04-04,27.13999328985813,0.25700027,34.65681932866573,0,94,1999,4
1999-04-05,27.13999328985813,0.11684836,34.702597092837095,0,95,1999,4
1999-04-06,27.479993282258533,0.11682515,34.73311560228467,0,96,1999,4
1999-04-07,27.57999328002336,0.11656142,34.74379708059132,0,97,1999,4
1999-04-08,27.58999327979984,0.20676628,34.823145205155015,0,98,1999,4
1999-04-09,27.50999328158798,0.2067707,34.823145205155015,0,99,1999,4
1999-04-10,27.479993282258533,0.19671911,34.763634111732244,0,100,1999,4
1999-04-11,27.599993279576324,0.098955326,34.82619705609977,0,101,1999,4
1999-04-12,26.70999329946937,0.15612866,34.93606369011104,0,102,1999,4
1999-04-13,26.719993299245857,0.116565056,34.94064146652818,0,103,1999,4
1999-04-14,26.72999329902234,0.13533099,34.919278509914875,0,104,1999,4
1999-04-15,26.76999329812827,0.15706772,34.90249332971871,0,105,1999,4
1999-04-16,26.72999329902234,0.14780249,34.89944147877395,0,106,1999,4
1999-04-17,26.72999329902234,0.14780967,34.908597031608224,0,107,1999,4
1999-04-18,26.49999330416324,0.14657459,34.92385628633201,0,108,1999,4
1999-04-19,26.209993310645245,0.14656466,34.920804435387254,0,109,1999,4
1999-04-20,26.26999330930414,0.2608209,34.91622665897012,0,110,1999,4
1999-04-21,26.29999330863359,0.62516624,34.91317480802536,0,111,1999,4
1999-04-22,26.749993298575305,0.22600693,34.908597031608224,0,112,1999,4
1999-04-23,26.909993294999023,0.6311015,34.919278509914875,0,113,1999,4
1999-04-24,26.989993293210887,0.6311446,34.931485913693905,0,114,1999,4
1999-04-25,26.759993298351787,0.28222364,34.9391155410558,0,115,1999,4
1999-04-26,26.79999329745772,0.28321415,34.955900721251965,0,116,1999,4
1999-04-27,26.719993299245857,0.23885584,34.97115997597575,0,117,1999,4
1999-04-28,26.5799933023751,0.13510397,34.97115997597575,0,118,1999,4
1999-04-29,26.53999330326917,0.14454384,34.966582199558616,0,119,1999,4
1999-04-30,26.49999330416324,0.22116461,34.97268590144813,0,120,1999,4
1999-05-01,26.37999330684545,0.16254866,34.98641923069954,0,121,1999,5
1999-05-02,26.30999330841007,0.32055587,34.99862663447857,0,122,1999,5
1999-05-03,26.169993311539315,0.4647585,35.00930811278522,0,123,1999,5
1999-05-04,25.829993319138907,0.19576487,35.01998959109187,0,124,1999,5
1999-05-05,25.639993323385735,0.19455138,35.00778218731284,0,125,1999,5
1999-05-06,25.55999332517388,0.16625182,34.63393044658005,0,126,1999,5
1999-05-07,25.589993324503325,0.17395115,34.09833060577512,0,127,1999,5
1999-05-08,26.41999330595138,0.15168035,33.957945462316275,0,128,1999,5
1999-05-09,26.429993305727866,0.15168035,33.9777824934572,0,129,1999,5
1999-05-10,26.41999330595138,0.1849624,34.029663959518075,0,130,1999,5
1999-05-11,26.199993310868763,0.15386176,34.064760245382786,0,131,1999,5
1999-05-12,25.909993317350768,0.18004373,34.124271338805556,0,132,1999,5
1999-05-13,25.749993320927047,0.15229188,34.21277501620352,0,133,1999,5
1999-05-14,25.64999332316222,0.151771,34.319589799270034,0,134,1999,5
1999-05-15,25.64999332316222,0.20405217,34.41724902950227,0,135,1999,5
1999-05-16,25.72999332137408,0.20405217,34.50422678142786,0,136,1999,5
1999-05-17,25.67999332249167,0.2039263,34.5805230550468,0,137,1999,5
1999-05-18,25.619993323832773,0.1394238,34.62630081921816,0,138,1999,5
1999-05-19,25.509993326291465,0.13889064,34.630878595635295,0,139,1999,5
1999-05-20,25.39999332875016,0.17759122,34.58815268240869,0,140,1999,5
1999-05-21,25.319993330538296,0.33987564,34.56831565126777,0,141,1999,5
1999-05-22,25.319993330538296,0.2061203,34.61409341543913,0,142,1999,5
1999-05-23,25.289993331208848,0.1695661,34.64766377583146,0,143,1999,5
1999-05-24,25.359993329644222,0.22559226,34.6522415522486,0,144,1999,5
1999-05-25,25.4899933267385,0.22395737,34.620197117328644,0,145,1999,5
1999-05-26,25.499993326514986,0.18353021,34.59120453335345,0,146,1999,5
1999-05-27,25.05999333634975,0.1835128,34.583574905991554,0,147,1999,5
1999-05-28,24.90999333970251,0.69206613,34.57594527862966,0,148,1999,5
1999-05-29,24.919993339478992,0.6901253,34.57899712957442,0,149,1999,5
1999-05-30,25.119993335008644,0.18268718,34.61256748996675,0,150,1999,5
1999-05-31,25.14999333433809,0.18046655,34.67665635980666,0,151,1999,5
1999-06-01,25.10999333523216,0.17708062,34.70107116736472,0,152,1999,6
1999-06-02,25.14999333433809,0.18348612,34.73158967681229,0,153,1999,6
1999-06-03,25.209993332996987,0.19958627,34.74837485700846,0,154,1999,6
1999-06-04,25.079993335902717,0.26096687,34.75600448437035,0,155,1999,6
1999-06-05,25.13999333456161,0.24011175,34.739219304174185,0,156,1999,6
1999-06-06,25.209993332996987,0.2042747,34.716330422088504,0,157,1999,6
1999-06-07,25.0899933356792,0.2042747,34.70107116736472,0,158,1999,6
1999-06-08,24.98999333791437,0.25249812,34.69344154000282,0,159,1999,6
1999-06-09,24.86999334059658,0.24418396,34.67207858338952,0,160,1999,6
1999-06-10,24.82999334149065,0.19846407,34.71022672019899,0,161,1999,6
1999-06-11,24.859993340820097,1.1494396,34.737693378701806,0,162,1999,6
1999-06-12,24.359993351995968,0.7770153,34.75753040984273,0,163,1999,6
1999-06-13,24.379993351548933,0.20038617,34.775841515511274,0,164,1999,6
1999-06-14,24.379993351548933,0.20037602,34.77736744098365,0,165,1999,6
1999-06-15,24.119993357360386,0.45647123,34.78041929192841,0,166,1999,6
1999-06-16,24.09999335780742,0.4564341,34.76058226078749,0,167,1999,6
1999-06-17,24.189993355795764,0.47400084,34.74227115511894,0,168,1999,6
1999-06-18,24.859993340820097,0.48806536,34.74074522964656,0,169,1999,6
1999-06-19,24.83999334126713,0.33539778,34.73464152775705,0,170,1999,6
1999-06-20,24.729993343725823,0.33868638,34.70870079472661,0,171,1999,6
1999-06-21,24.509993348643206,0.6687393,34.65834525413811,0,172,1999,6
1999-06-22,24.28999335356059,0.36194456,34.643085999414325,0,173,1999,6
1999-06-23,24.149993356689837,0.36960825,34.6446119248867,0,174,1999,6
1999-06-24,24.119993357360386,0.34520385,34.65681932866573,0,175,1999,6
1999-06-25,23.97999336048963,0.34519622,34.66444895602763,0,176,1999,6
1999-06-26,23.949993361160185,0.46040028,34.557634172961116,0,177,1999,6
1999-06-27,23.949993361160185,0.44129446,33.49559004418552,0,178,1999,6
1999-06-28,23.949993361160185,0.25508705,32.9660939052701,0,179,1999,6
1999-06-29,23.91999336183073,0.2384657,32.90505688637495,0,180,1999,6
1999-06-30,23.91999336183073,0.4453295,32.63801992870867,0,181,1999,6
1999-07-01,24.339993352443003,0.36479944,32.863856898620725,0,182,1999,7
1999-07-02,24.499993348866724,0.17921194,33.14767903648317,0,183,1999,7
1999-07-03,24.459993349760797,0.25112885,33.40250859037042,0,184,1999,7
1999-07-04,24.589993346855067,0.2385421,33.84197512641549,0,185,1999,7
1999-07-05,24.619993346184515,0.21212675,34.365367563441396,0,186,1999,7
1999-07-06,24.629993345961,0.20949718,34.401989774778485,0,187,1999,7
1999-07-07,24.649993345513963,0.19115524,34.29822684265673,0,188,1999,7
1999-07-08,24.579993347078585,0.19128054,34.45234531536698,0,189,1999,7
1999-07-09,24.589993346855067,0.1899462,34.57594527862966,0,190,1999,7
1999-07-10,24.53999334797265,0.16609938,34.6446119248867,0,191,1999,7
1999-07-11,24.46999334953728,0.15622579,34.68428598716855,0,192,1999,7
1999-07-12,24.36999335177245,0.15612581,34.78041929192841,0,193,1999,7
1999-07-13,24.279993353784107,0.36466676,34.833826683461666,0,194,1999,7
1999-07-14,24.069993358477973,0.40916008,34.836878534406424,0,195,1999,7
1999-07-15,24.089993358030934,0.40867192,34.85366371460259,0,196,1999,7
1999-07-16,24.069993358477973,0.1830076,34.85061186365783,0,197,1999,7
1999-07-17,23.90999336205425,0.18300602,34.846034087240696,0,198,1999,7
1999-07-18,23.889993362501286,0.43431866,34.83993038535118,0,199,1999,7
1999-07-19,23.89999336227777,0.4047116,34.896389627829194,0,200,1999,7
1999-07-20,23.86999336294832,0.18755983,34.955900721251965,0,201,1999,7
1999-07-21,23.91999336183073,0.19495773,34.97421182692051,0,202,1999,7
1999-07-22,23.85999336317184,0.23718746,34.954374795779586,0,203,1999,7
1999-07-23,23.569993369653844,0.21127358,34.95284887030721,0,204,1999,7
1999-07-24,23.50999337099495,0.21152382,34.968108125030994,0,205,1999,7
1999-07-25,23.55999336987736,0.18813026,34.980315528810024,0,206,1999,7
1999-07-26,23.579993369430326,0.18765678,34.9818414542824,0,207,1999,7
1999-07-27,23.569993369653844,0.24854921,34.968108125030994,0,208,1999,7
1999-07-28,23.50999337099495,0.24852778,34.966582199558616,0,209,1999,7
1999-07-29,23.649993367865704,0.16565332,34.96505627408624,0,210,1999,7
1999-07-30,23.759993365407013,0.16176137,34.9604784976691,0,211,1999,7
1999-07-31,23.649993367865704,0.18061334,34.966582199558616,0,212,1999,7
1999-08-01,23.59999336898329,0.6896096,34.968108125030994,0,213,1999,8
1999-08-02,23.339993374794744,0.68941015,34.94521924294531,0,214,1999,8
1999-08-03,23.2499933768064,2.1394126,34.91622665897012,0,215,1999,8
1999-08-04,23.23999337702992,2.1404908,34.86434519290924,0,216,1999,8
1999-08-05,23.199993377923988,0.54021686,34.786522993817925,0,217,1999,8
1999-08-06,23.2499933768064,0.37167412,34.55458232201636,0,218,1999,8
1999-08-07,23.32999337501826,0.2016351,33.72142701409757,0,219,1999,8
1999-08-08,23.119993379712128,0.5713921,32.683797692880034,0,220,1999,8
1999-08-09,23.0799933806062,1.3363426,32.238227454945445,0,221,1999,8
1999-08-10,23.12999337948861,0.5179213,32.18787191435695,0,222,1999,8
1999-08-11,22.97999338284137,0.46505404,32.5357829220593,0,223,1999,8
1999-08-12,22.869993385300063,0.46503523,32.97372353263199,0,224,1999,8
1999-08-13,22.95999338328841,0.44500786,33.28806417994201,0,225,1999,8
1999-08-14,23.039993381500267,0.2018847,33.271278999745846,0,226,1999,8
1999-08-15,23.20999337770047,0.2018847,33.38267155922949,0,227,1999,8
1999-08-16,23.28999337591233,0.18325229,33.65276036784053,0,228,1999,8
1999-08-17,23.31999337524178,0.15622115,33.91674547456205,0,229,1999,8
1999-08-18,23.349993374571227,0.17020904,34.017456555739045,0,230,1999,8
1999-08-19,23.379993373900675,0.19419079,34.064760245382786,0,231,1999,8
1999-08-20,23.369993374124192,0.1726206,34.00830100290477,0,232,1999,8
1999-08-21,23.349993374571227,0.199736,33.82213809527457,0,233,1999,8
1999-08-22,23.369993374124192,0.21625163,33.66038999520242,0,234,1999,8
1999-08-23,23.339993374794744,0.38933736,33.55052336119115,0,235,1999,8
1999-08-24,23.199993377923988,0.3892873,33.62681963481009,0,236,1999,8
1999-08-25,23.38999337367716,0.38939562,34.08307135105133,0,237,1999,8
1999-08-26,23.4799933716655,0.17842817,34.408093476668,0,238,1999,8
1999-08-27,23.50999337099495,0.1777171,34.59730823524296,0,239,1999,8
1999-08-28,23.43999337255957,0.20315088,34.55458232201636,0,240,1999,8
1999-08-29,23.28999337591233,0.19447105,34.485915675759315,0,241,1999,8
1999-08-30,23.179993378371023,0.31885624,34.583574905991554,0,242,1999,8
1999-08-31,23.109993379935645,0.31892738,34.71785634756088,0,243,1999,8
1999-09-01,23.189993378147506,0.24727221,34.80330817401409,0,244,1999,9
1999-09-02,23.16999337859454,0.23548979,34.89028592593968,0,245,1999,9
1999-09-03,23.369993374124192,0.12389705,34.95132294483483,0,246,1999,9
1999-09-04,23.379993373900675,0.12393656,34.933011839166284,0,247,1999,9
1999-09-05,23.31999337524178,0.16282414,34.92843406274915,0,248,1999,9
1999-09-06,23.31999337524178,0.15527241,34.966582199558616,0,249,1999,9
1999-09-07,23.35999337434771,0.1309755,35.00015255995095,0,250,1999,9
1999-09-08,23.2499933768064,0.14803241,35.026093292981386,0,251,1999,9
1999-09-09,23.2499933768064,0.20803982,35.01235996372998,0,252,1999,9
1999-09-10,23.31999337524178,0.32073402,34.954374795779586,0,253,1999,9
1999-09-11,23.32999337501826,0.321541,34.90554518066347,0,254,1999,9
1999-09-12,23.579993369430326,0.26523575,34.978789603337646,0,255,1999,9
1999-09-13,23.5399933703244,0.26523575,35.0535599514842,0,256,1999,9
1999-09-14,23.469993371889014,0.22139464,35.09018216282129,0,257,1999,9
1999-09-15,23.179993378371023,0.2214221,35.09323401376605,0,258,1999,9
1999-09-16,23.20999337770047,0.20423327,35.09018216282129,0,259,1999,9
1999-09-17,23.22999337725344,0.22746332,35.08560438640416,0,260,1999,9
1999-09-18,23.579993369430326,0.2275677,35.09475993923843,0,261,1999,9
1999-09-19,23.58999336920681,0.20031455,35.11459697037935,0,262,1999,9
1999-09-20,22.92999338395896,0.20140278,35.11917474679649,0,263,1999,9
1999-09-21,22.89999338462951,0.20892999,35.11459697037935,0,264,1999,9
1999-09-22,23.219993377476957,0.20892999,35.10696734301746,0,265,1999,9
1999-09-23,23.419993373006605,0.19801272,35.10696734301746,0,266,1999,9
1999-09-24,23.499993371218466,0.19801272,35.100863641127944,0,267,1999,9
1999-09-25,23.22999337725344,0.19699211,35.09628586471081,0,268,1999,9
1999-09-26,23.22999337725344,0.2704586,35.09475993923843,0,269,1999,9
1999-09-27,23.20999337770047,0.28483814,35.0825525354594,0,270,1999,9
1999-09-28,23.23999337702992,0.3003698,35.04593032412231,0,271,1999,9
1999-09-29,23.309993375465297,0.2076588,35.12680437415838,0,272,1999,9
1999-09-30,23.38999337367716,0.21899758,35.184789542108774,0,273,1999,9
1999-10-01,23.039993381500267,0.2188521,35.221411753445864,0,274,1999,10
1999-10-02,23.04999338127675,0.23170996,35.24887841194868,0,275,1999,10
1999-10-03,23.069993380829715,0.23159665,35.2763450704515,0,276,1999,10
1999-10-04,23.179993378371023,0.20994045,35.293130250647664,0,277,1999,10
1999-10-05,23.28999337591233,0.20753516,35.2977080270648,0,278,1999,10
1999-10-06,23.38999337367716,0.17205422,35.30075987800956,0,279,1999,10
1999-10-07,23.39999337345364,0.17571701,35.30686357989907,0,280,1999,10
1999-10-08,23.569993369653844,0.16111279,35.28702654875815,0,281,1999,10
1999-10-09,23.809993364289426,0.20964074,35.280922846868634,0,282,1999,10
1999-10-10,24.09999335780742,0.20813856,35.26261174120009,0,283,1999,10
1999-10-11,23.879993362724804,0.22249177,35.09323401376605,0,284,1999,10
1999-10-12,23.91999336183073,0.22239114,35.09628586471081,0,285,1999,10
1999-10-13,23.929993361607217,0.21312256,35.10544141754508,0,286,1999,10
1999-10-14,23.959993360936664,0.17095065,35.11459697037935,0,287,1999,10
1999-10-15,23.999993360042595,0.17777145,35.146641405299306,0,288,1999,10
1999-10-16,24.15999335646632,0.3745704,35.18021176569164,0,289,1999,10
1999-10-17,24.46999334953728,0.22905561,35.171056212857366,0,290,1999,10
1999-10-18,24.53999334797265,0.3081695,35.17410806380212,0,291,1999,10
1999-10-19,24.549993347749137,0.26588646,35.1756339892745,0,292,1999,10
1999-10-20,24.44999334998431,0.26588646,35.171056212857366,0,293,1999,10
1999-10-21,24.419993350654863,0.2784026,35.16495251096785,0,294,1999,10
1999-10-22,24.659993345290445,0.14493944,35.16495251096785,0,295,1999,10
1999-10-23,24.769993342831757,0.14493944,35.17868584021926,0,296,1999,10
1999-10-24,24.77999334260824,0.13317454,35.18021176569164,0,297,1999,10
1999-10-25,24.75999334305527,0.13436702,35.17410806380212,0,298,1999,10
1999-10-26,24.809993341937684,0.13436744,35.1756339892745,0,299,1999,10
1999-10-27,24.84999334104361,0.16241379,35.16495251096785,0,300,1999,10
1999-10-28,25.0299933370203,0.16241409,35.15579695813358,0,301,1999,10
1999-10-29,25.079993335902717,0.21410769,35.14206362888217,0,302,1999,10
1999-10-30,25.039993336796783,0.21641968,35.122226597741246,0,303,1999,10
1999-10-31,25.009993337467336,0.13446315,35.09475993923843,0,304,1999,10
1999-11-01,25.06999333612623,0.13373436,35.08102660998702,0,305,1999,11
1999-11-02,25.189993333444026,0.11684208,35.08102660998702,0,306,1999,11
1999-11-03,25.119993335008644,0.11318467,35.076448833569884,0,307,1999,11
1999-11-04,25.10999333523216,0.12388226,35.05661180242896,0,308,1999,11
1999-11-05,25.15999333411457,0.12536466,35.04135254770517,0,309,1999,11
1999-11-06,25.44999332763257,0.4759826,35.05508587695658,0,310,1999,11
1999-11-07,25.659993322938703,0.42169508,35.08102660998702,0,311,1999,11
1999-11-08,25.789993320032977,0.42170167,35.07797475904226,0,312,1999,11
1999-11-09,26.02999331466856,0.10167518,35.08102660998702,0,313,1999,11
1999-11-10,25.979993315786142,0.101675294,35.09628586471081,0,314,1999,11
1999-11-11,26.25999330952766,0.100081846,35.100863641127944,0,315,1999,11
1999-11-12,26.359993307292484,0.10750462,35.111545119434595,0,316,1999,11
1999-11-13,26.359993307292484,0.107479885,35.125278448686004,0,317,1999,11
1999-11-14,25.509993326291465,0.13833307,35.1329080760479,0,318,1999,11
1999-11-15,25.079993335902717,0.107577994,35.13138215057552,0,319,1999,11
1999-11-16,25.229993332549952,0.107577994,35.12680437415838,0,320,1999,11
1999-11-17,25.76999332048001,,35.11917474679649,0,321,1999,11
1999-11-18,26.01999331489208,,35.12070067226887,0,322,1999,11
1999-11-19,26.139993312209867,0.10079589,35.110019193962216,0,323,1999,11
1999-11-20,26.249993309751176,0.12599169,35.08407846093178,0,324,1999,11
1999-11-21,26.219993310421728,0.117950924,35.09170808829367,0,325,1999,11
1999-11-22,26.209993310645245,0.16548385,35.1039154920727,0,326,1999,11
1999-11-23,26.209993310645245,0.17545508,35.111545119434595,0,327,1999,11
1999-11-24,26.219993310421728,0.17542832,35.099337715655565,0,328,1999,11
1999-11-25,26.22999331019821,0.18628058,35.09018216282129,0,329,1999,11
1999-11-26,26.18999331109228,0.21198161,35.088656237348914,0,330,1999,11
1999-11-27,26.409993306174897,0.21198161,35.05508587695658,0,331,1999,11
1999-11-28,26.839993296563648,0.21198161,34.96200442314148,0,332,1999,11
1999-11-29,27.209993288293504,0.21198161,34.809411875903606,0,333,1999,11
1999-11-30,27.219993288069983,0.21195124,34.7956785466522,0,334,1999,11
1999-12-01,26.61999330148103,0.21195714,34.91164888255298,0,335,1999,12
1999-12-02,26.279993309080623,0.1663465,35.02456736750901,0,336,1999,12
1999-12-03,26.25999330952766,0.16628222,35.05661180242896,0,337,1999,12
1999-12-04,26.96999329365792,0.16646366,35.0535599514842,0,338,1999,12
1999-12-05,26.88999329544606,0.16627106,35.03524884581566,0,339,1999,12
1999-12-06,26.859993296116613,0.111110434,34.978789603337646,0,340,1999,12
1999-12-07,27.089993290975716,0.1085459,34.942167392000556,0,341,1999,12
1999-12-08,27.099993290752195,0.10814068,34.933011839166284,0,342,1999,12
1999-12-09,27.10999329052868,0.10798533,34.867397043854,0,343,1999,12
1999-12-10,27.07999329119923,0.10641728,34.80330817401409,0,344,1999,12
1999-12-11,27.00999329276385,0.11579988,34.78957484476268,0,345,1999,12
1999-12-12,26.99999329298737,0.115890175,34.788048919290304,0,346,1999,12
1999-12-13,27.089993290975716,0.10896872,34.846034087240696,0,347,1999,12
1999-12-14,27.099993290752195,0.14514403,34.95895257219672,0,348,1999,12
1999-12-15,27.15999328941109,0.17372364,35.052034026011825,0,349,1999,12
1999-12-16,27.13999328985813,0.17372078,35.10696734301746,0,350,1999,12
1999-12-17,27.01999329254033,0.17363724,35.148167330771685,0,351,1999,12
1999-12-18,27.0399932920933,0.16897401,35.183263616636395,0,352,1999,12
1999-12-19,27.07999329119923,0.16567394,35.17410806380212,0,353,1999,12
1999-12-20,28.23999326527121,0.16566814,35.05966365337372,0,354,1999,12
1999-12-21,28.20999326594176,0.16566552,34.87502667121589,0,355,1999,12
1999-12-22,28.20999326594176,0.13191475,34.63393044658005,0,356,1999,12
1999-12-23,27.789993275329493,0.13195753,34.29059721529484,0,357,1999,12
1999-12-24,27.689993277564668,0.16022229,34.46760457009077,0,358,1999,12
1999-12-25,27.69999327734115,0.16057138,34.53169343993068,0,359,1999,12
1999-12-26,28.03999326974156,0.17810526,34.24787130206823,0,360,1999,12
1999-12-27,28.34999326281252,0.1779879,33.59172334894538,0,361,1999,12
1999-12-28,28.39999326169493,0.1779389,33.237708639353514,0,362,1999,12
1999-12-29,28.15999326705935,0.15181172,33.475753013044596,0,363,1999,12
1999-12-30,27.87999327331784,0.15168867,33.610034454613924,0,364,1999,12
1999-12-31,28.07999326884749,0.16505714,33.55204928666353,0,365,1999,12
2000-01-01,28.149993267282863,0.200857,33.475753013044596,0,1,2000,1
2000-01-02,28.219993265718244,0.18535604,33.4971159696579,0,2,2000,1
2000-01-03,28.15999326705935,0.18535604,33.60240482725203,0,3,2000,1
2000-01-04,28.139993267506384,0.18535604,33.919797325506806,0,4,2000,1
2000-01-05,28.66999325565996,0.19684026,34.353160159662366,0,5,2000,1
2000-01-06,28.77999325320127,0.18535617,34.60341193713248,0,6,2000,1
2000-01-07,28.759993253648304,0.17910855,34.62477489374578,0,7,2000,1
2000-01-08,28.609993257001065,0.19025712,34.51490825973451,0,8,2000,1
2000-01-09,28.47999325990679,0.1792143,34.62172304280102,0,9,2000,1
2000-01-10,28.37999326214197,0.13020456,34.78041929192841,0,10,2000,1
2000-01-11,28.489993259683278,0.13832156,34.89181185141206,0,11,2000,1
2000-01-12,28.5899932574481,0.095448814,35.03524884581566,0,12,2000,1
2000-01-13,28.66999325565996,0.095492266,35.15732288360596,0,13,2000,1
2000-01-14,28.609993257001065,0.10490609,35.26108581572771,0,14,2000,1
2000-01-15,28.5899932574481,0.1084271,35.31144135631621,0,15,2000,1
2000-01-16,28.54999325834217,0.11673714,35.340433940291405,0,16,2000,1
2000-01-17,28.529993258789204,0.10957102,35.34195986576378,0,17,2000,1
2000-01-18,28.489993259683278,0.11671704,35.35874504595995,0,18,2000,1
2000-01-19,28.449993260577344,0.11501596,35.36790059879422,0,19,2000,1
2000-01-20,28.309993263706588,0.13828987,35.36790059879422,0,20,2000,1
2000-01-21,27.80999327488246,0.13828987,35.36027097143233,0,21,2000,1
2000-01-22,27.87999327331784,0.15889885,35.351115418598056,0,22,2000,1
2000-01-23,27.85999327376487,0.15889885,35.34195986576378,0,23,2000,1
2000-01-24,28.16999326683583,0.1597494,35.33127838745713,0,24,2000,1
2000-01-25,28.099993268400453,0.2313914,35.329752461984754,0,25,2000,1
2000-01-26,28.03999326974156,0.23139125,35.33433023840189,0,26,2000,1
2000-01-27,27.749993276223563,0.23139308,35.34195986576378,0,27,2000,1
2000-01-28,27.69999327734115,0.2303467,35.3190709836781,0,28,2000,1
2000-01-29,27.69999327734115,0.15115035,35.256508039310575,0,29,2000,1
2000-01-30,27.81999327465894,0.15115035,35.24124878458679,0,30,2000,1
2000-01-31,27.87999327331784,0.23340108,35.268715443089604,0,31,2000,1
2000-02-01,27.85999327376487,0.23340094,35.351115418598056,0,32,2000,2
2000-02-02,27.839993274211903,0.23475367,35.39231540635228,0,33,2000,2
2000-02-03,27.93999327197673,0.23423015,35.40452281013131,0,34,2000,2
2000-02-04,27.96999327130618,0.21269192,35.399945033714175,0,35,2000,2
2000-02-05,27.93999327197673,0.20203039,35.35416726954281,0,36,2000,2
2000-02-06,27.94999327175321,0.21344869,35.244300635531545,0,37,2000,2
2000-02-07,28.00999327041211,0.21344975,35.158848809078336,0,38,2000,2
2000-02-08,28.029993269965075,0.16926022,35.111545119434595,0,39,2000,2
2000-02-09,28.07999326884749,0.31530148,34.72090819850564,0,40,2000,2
2000-02-10,28.1299932677299,0.32858706,34.16699725203216,0,41,2000,2
2000-02-11,28.07999326884749,0.30926648,33.98998989723623,0,42,2000,2
2000-02-12,28.31999326348307,0.20889859,34.03271581046283,0,43,2000,2
2000-02-13,28.599993257224583,0.1876368,34.090700978413224,0,44,2000,2
2000-02-14,28.8199932523072,0.18790679,34.136478742584586,0,45,2000,2
2000-02-15,28.87999325096609,0.23628134,34.211249090731144,0,46,2000,2
2000-02-16,28.65999325588348,0.23313954,34.22498241998255,0,47,2000,2
2000-02-17,28.489993259683278,0.24502611,34.44318976253271,0,48,2000,2
2000-02-18,28.539993258565687,0.2999754,34.60341193713248,0,49,2000,2
2000-02-19,28.679993255436443,0.29900527,34.858241491019726,0,50,2000,2
2000-02-20,28.65999325588348,0.2856947,34.93758961558342,0,51,2000,2
2000-02-21,28.5899932574481,0.28649366,34.966582199558616,0,52,2000,2
2000-02-22,28.329993263259556,0.26687995,34.89028592593968,0,53,2000,2
2000-02-23,28.139993267506384,0.25779563,34.75600448437035,0,54,2000,2
2000-02-24,28.08999326862397,0.2573875,34.68581191264093,0,55,2000,2
2000-02-25,28.27999326437714,0.2491815,34.582048980519176,0,56,2000,2
2000-02-26,28.369993262365483,0.18956605,34.461500868201256,0,57,2000,2
2000-02-27,28.339993263036035,0.28138188,34.36841941438615,0,58,2000,2
2000-02-28,28.20999326594176,0.272867,34.24176760017872,0,59,2000,2
2000-02-29,28.299993263930105,0.1424893,34.257026854902506,0,60,2000,2
2000-03-01,28.24999326504769,0.14473385,34.29670091718435,0,61,2000,3
2000-03-02,28.099993268400453,0.1515536,34.342478681355715,0,62,2000,3
2000-03-03,28.029993269965075,0.16223766,34.3867305200547,0,63,2000,3
2000-03-04,28.00999327041211,0.15942357,34.42182680591941,0,64,2000,3
2000-03-05,28.1899932663888,0.42181668,34.44624161347747,0,65,2000,3
2000-03-06,28.15999326705935,0.13162975,34.47065642103553,0,66,2000,3
2000-03-07,28.179993266612318,0.13308746,34.48438975028694,0,67,2000,3
2000-03-08,28.06999326907101,0.16182408,34.510330483317375,0,68,2000,3
2000-03-09,28.179993266612318,0.16063361,34.50727863237262,0,69,2000,3
2000-03-10,28.179993266612318,0.16067144,34.5011749304831,0,70,2000,3
2000-03-11,28.27999326437714,0.18366563,34.51338233426213,0,71,2000,3
2000-03-12,28.229993265494727,0.16540578,34.5515304710716,0,72,2000,3
2000-03-13,28.1899932663888,0.16711734,34.59883416071534,0,73,2000,3
2000-03-14,28.11999326795342,0.16739137,34.630878595635295,0,74,2000,3
2000-03-15,28.06999326907101,0.16863297,34.67055265791714,0,75,2000,3
2000-03-16,28.06999326907101,0.19174697,34.714804496616125,0,76,2000,3
2000-03-17,28.07999326884749,0.39016637,34.74074522964656,0,77,2000,3
2000-03-18,27.689993277564668,0.39005414,34.7239600494504,0,78,2000,3
2000-03-19,27.54999328069391,0.36297068,34.713278571143746,0,79,2000,3
2000-03-20,27.459993282705568,0.37150222,34.739219304174185,0,80,2000,3
2000-03-21,27.399993284046676,0.2295473,34.75295263342559,0,81,2000,3
2000-03-22,27.529993281140943,0.22746025,34.73006375133991,0,82,2000,3
2000-03-23,27.54999328069391,0.17367503,34.679708210751414,0,83,2000,3
2000-03-24,27.769993275776528,0.13781501,34.56068602390587,0,84,2000,3
2000-03-25,27.839993274211903,0.14208788,34.55458232201636,0,85,2000,3
2000-03-26,27.909993272647284,0.1410145,34.57441935315728,0,86,2000,3
2000-03-27,27.869993273541358,0.19501217,34.571367502212524,0,87,2000,3
2000-03-28,27.869993273541358,0.21116461,34.545426769182086,0,88,2000,3
2000-03-29,27.799993275105976,0.2106846,34.48896752670407,0,89,2000,3
2000-03-30,27.709993277117636,0.2753353,34.391308296471834,0,90,2000,3
2000-03-31,27.669993278011702,0.26389393,34.30127869360149,0,91,2000,3
2000-04-01,27.599993279576324,0.21239918,34.18225650675595,0,92,2000,4
2000-04-02,27.4999932818115,0.3535959,34.09833060577512,0,93,2000,4
2000-04-03,29.109993245825198,0.28739035,34.07391579821706,0,94,2000,4
2000-04-04,29.229993243142985,0.30435064,34.00830100290477,0,95,2000,4
2000-04-05,29.24999324269595,0.28957933,33.95947138778865,0,96,2000,4
2000-04-06,26.979993293434404,0.27292976,34.00830100290477,0,97,2000,4
2000-04-07,26.869993295893096,0.42357403,34.1212194878608,0,98,2000,4
2000-04-08,26.859993296116613,0.49204594,34.25550092943013,0,99,2000,4
2000-04-09,26.779993297904756,2.0941567,34.31043424643576,0,100,2000,4
2000-04-10,26.68999329991641,1.635324,34.235663898289204,0,101,2000,4
2000-04-11,26.669993300363444,1.4439011,34.20209353789687,0,102,2000,4
2000-04-12,26.629993301257517,0.5202645,34.211249090731144,0,103,2000,4
2000-04-13,26.60999330170455,0.4471019,34.17767873033881,0,104,2000,4
2000-04-14,26.5799933023751,0.4545952,34.211249090731144,0,105,2000,4
2000-04-15,26.549993303045653,0.5149535,34.26007870584726,0,106,2000,4
2000-04-16,26.429993305727866,0.41024703,34.28907128982246,0,107,2000,4
2000-04-17,26.369993307068967,0.28283677,34.27228610962629,0,108,2000,4
2000-04-18,26.30999330841007,0.35953167,34.20514538884163,0,109,2000,4
2000-04-19,26.749993298575305,0.209425,34.30890832096338,0,110,2000,4
2000-04-20,26.869993295893096,0.3999217,34.39436014741659,0,111,2000,4
2000-04-21,26.869993295893096,0.39212984,34.328745352104306,0,112,2000,4
2000-04-22,27.219993288069983,0.23227842,34.31043424643576,0,113,2000,4
2000-04-23,27.15999328941109,0.17780487,34.36994533985853,0,114,2000,4
2000-04-24,27.149993289634608,0.14519413,34.331797203049064,0,115,2000,4
2000-04-25,27.099993290752195,0.1877227,34.36231571249664,0,116,2000,4
2000-04-26,27.129993290081643,0.18766792,34.365367563441396,0,117,2000,4
2000-04-27,27.129993290081643,0.23204857,34.427930507808924,0,118,2000,4
2000-04-28,27.0399932920933,0.2242107,34.70870079472661,0,119,2000,4
2000-04-29,27.069993291422747,0.15479842,34.89944147877395,0,120,2000,4
2000-04-30,27.049993291869782,0.2310398,34.86129334196448,0,121,2000,4
2000-05-01,27.089993290975716,0.21959455,34.762108186259866,0,122,2000,5
2000-05-02,26.91999329477551,0.17548355,34.737693378701806,0,123,2000,5
2000-05-03,26.819993297010683,0.14245354,34.713278571143746,0,124,2000,5
2000-05-04,26.819993297010683,0.31096426,34.73158967681229,0,125,2000,5
2000-05-05,26.779993297904756,0.3109125,34.653767477720976,0,126,2000,5
2000-05-06,26.679993300139927,0.1492831,34.641560073941946,0,127,2000,5
2000-05-07,26.61999330148103,0.13751046,34.73464152775705,0,128,2000,5
2000-05-08,26.219993310421728,0.16788179,34.77889336645603,0,129,2000,5
2000-05-09,26.159993311762832,0.14445135,34.81551557779312,0,130,2000,5
2000-05-10,26.129993312433385,0.15475877,34.85671556554735,0,131,2000,5
2000-05-11,25.76999332048001,0.2750424,34.87350074574351,0,132,2000,5
2000-05-12,25.619993323832773,0.28139848,34.87960444763303,0,133,2000,5
2000-05-13,25.60999332405629,0.19032006,34.85213778913021,0,134,2000,5
2000-05-14,24.90999333970251,0.19431633,34.86434519290924,0,135,2000,5
2000-05-15,24.809993341937684,0.3827118,34.93606369011104,0,136,2000,5
2000-05-16,24.819993341714166,0.43053332,34.92538221180439,0,137,2000,5
2000-05-17,24.83999334126713,0.68858695,34.92538221180439,0,138,2000,5
2000-05-18,24.889993340149545,0.65329283,34.95284887030721,0,139,2000,5
2000-05-19,24.94999333880844,0.915636,34.98489330522716,0,140,2000,5
2000-05-20,24.729993343725823,0.89846635,35.00930811278522,0,141,2000,5
2000-05-21,24.59999334663155,0.89708483,35.0108340382576,0,142,2000,5
2000-05-22,24.669993345066928,0.22267532,34.99557478353381,0,143,2000,5
2000-05-23,24.689993344619893,0.21970803,35.00015255995095,0,144,2000,5
2000-05-24,24.739993343502302,0.21599063,35.039826622232795,0,145,2000,5
2000-05-25,24.609993346408032,0.29153892,35.06576735526323,0,146,2000,5
2000-05-26,24.589993346855067,0.3061828,35.0825525354594,0,147,2000,5
2000-05-27,24.74999334327879,0.3239282,35.08560438640416,0,148,2000,5
2000-05-28,24.77999334260824,0.32893577,35.09170808829367,0,149,2000,5
2000-05-29,24.769993342831757,0.2618343,35.09170808829367,0,150,2000,5
2000-05-30,24.569993347302105,0.26184338,35.1039154920727,0,151,2000,5
2000-05-31,24.55999334752562,0.1900145,35.12985622510314,0,152,2000,5
2000-06-01,24.549993347749137,0.18824579,35.146641405299306,0,153,2000,6
2000-06-02,24.569993347302105,0.17685926,35.171056212857366,0,154,2000,6
2000-06-03,24.63999334573748,0.16834548,35.206152498722076,0,155,2000,6
2000-06-04,24.63999334573748,0.18985686,35.25955989025533,0,156,2000,6
2000-06-05,24.24999335445466,0.18806043,35.291604325175285,0,157,2000,6
2000-06-06,24.199993355572246,0.24449418,35.317545058205724,0,158,2000,6
2000-06-07,24.21999335512521,0.24024199,35.303811728954315,0,159,2000,6
2000-06-08,24.22999335490169,0.29907793,35.21225620061159,0,160,2000,6
2000-06-09,24.429993350431342,0.34931895,35.123752523213625,0,161,2000,6
2000-06-10,24.47999334931376,0.31055826,35.07950068451464,0,162,2000,6
2000-06-11,24.48999334909024,0.19747129,35.07034513168037,0,163,2000,6
2000-06-12,24.619993346184515,0.43191218,35.074922908097506,0,164,2000,6
2000-06-13,24.899993339926027,0.33391234,35.08102660998702,0,165,2000,6
2000-06-14,25.049993336573262,0.18383965,35.06881920620799,0,166,2000,6
2000-06-15,25.21999333277347,0.18383965,35.0611895788461,0,167,2000,6
2000-06-16,25.359993329644222,0.18282822,35.0535599514842,0,168,2000,6
2000-06-17,25.479993326962017,0.17692155,35.050508100539446,0,169,2000,6
2000-06-18,25.539993325620912,0.17126907,35.052034026011825,0,170,2000,6
2000-06-19,25.499993326514986,0.17111929,35.05661180242896,0,171,2000,6
2000-06-20,25.33999333009126,0.29856423,35.07034513168037,0,172,2000,6
2000-06-21,25.049993336573262,0.31961966,35.074922908097506,0,173,2000,6
2000-06-22,24.86999334059658,0.31552055,35.074922908097506,0,174,2000,6
2000-06-23,24.84999334104361,0.21755739,35.07950068451464,0,175,2000,6
2000-06-24,24.859993340820097,0.21756043,35.050508100539446,0,176,2000,6
2000-06-25,24.78999334238472,0.19125186,35.02151551656425,0,177,2000,6
2000-06-26,24.71999334394934,0.21125062,35.00167848542333,0,178,2000,6
2000-06-27,24.669993345066928,0.19555794,34.9604784976691,0,179,2000,6
2000-06-28,24.71999334394934,0.1932324,34.87350074574351,0,180,2000,6
2000-06-29,24.75999334305527,0.18347524,34.75753040984273,0,181,2000,6
2000-06-30,24.769993342831757,0.27988112,34.6949674654752,0,182,2000,6
2000-07-01,24.63999334573748,0.2598335,34.67207858338952,0,183,2000,7
2000-07-02,24.59999334663155,0.24038295,34.713278571143746,0,184,2000,7
2000-07-03,24.509993348643206,0.2340519,34.75447855889797,0,185,2000,7
2000-07-04,24.24999335445466,0.28920254,34.78499706834555,0,186,2000,7
2000-07-05,24.13999335691335,0.39906424,34.809411875903606,0,187,2000,7
2000-07-06,24.069993358477973,0.4710985,34.809411875903606,0,188,2000,7
2000-07-07,23.89999336227777,0.20520341,34.812463726848364,0,189,2000,7
2000-07-08,23.879993362724804,0.2804897,34.81398965232074,0,190,2000,7
2000-07-09,23.879993362724804,0.2762085,34.81856742873788,0,191,2000,7
2000-07-10,23.91999336183073,0.27525502,34.81551557779312,0,192,2000,7
2000-07-11,23.91999336183073,0.18257804,34.83993038535118,0,193,2000,7
2000-07-12,23.85999336317184,0.23088223,34.86892296932638,0,194,2000,7
2000-07-13,23.89999336227777,0.26850322,34.89791555330157,0,195,2000,7
2000-07-14,23.769993365183492,0.23567535,34.920804435387254,0,196,2000,7
2000-07-15,23.759993365407013,0.3093692,34.94827109389007,0,197,2000,7
2000-07-16,23.759993365407013,0.889201,34.97268590144813,0,198,2000,7
2000-07-17,23.369993374124192,0.23095259,35.0611895788461,0,199,2000,7
2000-07-18,23.369993374124192,0.59915745,35.099337715655565,0,200,2000,7
2000-07-19,23.43999337255957,0.8575075,35.099337715655565,0,201,2000,7
2000-07-20,23.58999336920681,3.6598058,35.11612289585173,0,202,2000,7
2000-07-21,23.35999337434771,3.522526,35.23972285911441,0,203,2000,7
2000-07-22,23.339993374794744,0.9678439,35.25955989025533,0,204,2000,7
2000-07-23,22.31999339759352,0.62526774,35.26108581572771,0,205,2000,7
2000-07-24,22.289993398264077,0.577707,35.24582656100392,0,206,2000,7
2000-07-25,22.329993397370004,0.37336874,35.267189517617226,0,207,2000,7
2000-07-26,22.36999339647593,0.301667,35.3190709836781,0,208,2000,7
2000-07-27,22.419993395358347,0.30662277,35.329752461984754,0,209,2000,7
2000-07-28,22.46999339424076,0.19799362,35.32517468556762,0,210,2000,7
2000-07-29,22.58999339155855,0.20852844,35.329752461984754,0,211,2000,7
2000-07-30,22.749993387982272,0.19209033,35.33127838745713,0,212,2000,7
2000-07-31,22.809993386641167,0.19243366,35.33433023840189,0,213,2000,7
2000-08-01,22.829993386194133,0.18511707,35.338908014819026,0,214,2000,8
2000-08-02,23.889993362501286,0.43208262,35.34653764218092,0,215,2000,8
2000-08-03,23.769993365183492,0.31836998,35.35416726954281,0,216,2000,8
2000-08-04,23.759993365407013,0.17404935,35.35874504595995,0,217,2000,8
2000-08-05,24.00999335981908,0.258368,35.363322822377086,0,218,2000,8
2000-08-06,24.069993358477973,0.25835034,35.37247837521136,0,219,2000,8
2000-08-07,24.049993358925008,0.23856638,35.35874504595995,0,220,2000,8
2000-08-08,23.799993364512943,0.1597644,35.328226536512375,0,221,2000,8
2000-08-09,23.729993366077565,0.1657888,35.29923395253718,0,222,2000,8
2000-08-10,23.74999336563053,1.1946421,35.293130250647664,0,223,2000,8
2000-08-11,23.78999336473646,0.38544413,35.33127838745713,0,224,2000,8
2000-08-12,23.7099933665246,0.39924493,35.340433940291405,0,225,2000,8
2000-08-13,23.71999336630108,0.39710346,35.352641344070435,0,226,2000,8
2000-08-14,23.119993379712128,0.32394728,35.352641344070435,0,227,2000,8
2000-08-15,23.23999337702992,0.209688,35.326700611039996,0,228,2000,8
2000-08-16,23.259993376582884,0.207343,35.30228580348194,0,229,2000,8
2000-08-17,23.35999337434771,0.17870916,35.27329321950674,0,230,2000,8
2000-08-18,23.59999336898329,0.1787049,35.26413766667247,0,231,2000,8
2000-08-19,23.529993370547917,0.24913533,35.27024136856198,0,232,2000,8
2000-08-20,23.529993370547917,0.17729522,35.27329321950674,0,233,2000,8
2000-08-21,23.59999336898329,0.36190853,35.279396921396255,0,234,2000,8
2000-08-22,23.659993367642187,0.16965526,35.291604325175285,0,235,2000,8
2000-08-23,23.689993366971635,0.1801245,35.30075987800956,0,236,2000,8
2000-08-24,23.739993365854048,0.20119183,35.30991543084383,0,237,2000,8
2000-08-25,23.809993364289426,0.18679948,35.316019132733345,0,238,2000,8
2000-08-26,23.81999336406591,0.18147554,35.32212283462286,0,239,2000,8
2000-08-27,23.59999336898329,0.15777478,35.328226536512375,0,240,2000,8
2000-08-28,23.649993367865704,0.29425052,35.33433023840189,0,241,2000,8
2000-08-29,23.649993367865704,0.17154734,35.340433940291405,0,242,2000,8
2000-08-30,23.12999337948861,0.18977615,35.33738208934665,0,243,2000,8
2000-08-31,23.139993379265093,0.19020088,35.340433940291405,0,244,2000,8
2000-09-01,23.159993378818054,0.7928154,35.34958949312568,0,245,2000,9
2000-09-02,23.059993381053232,0.25717407,35.351115418598056,0,246,2000,9
2000-09-03,22.999993382394337,0.70482415,35.34348579123616,0,247,2000,9
2000-09-04,23.119993379712128,0.70482415,35.33738208934665,0,248,2000,9
2000-09-05,23.119993379712128,0.70464665,35.34348579123616,0,249,2000,9
2000-09-06,23.139993379265093,0.68251365,35.34958949312568,0,250,2000,9
2000-09-07,23.09999338015916,0.3362936,35.36027097143233,0,251,2000,9
2000-09-08,23.109993379935645,0.29701024,35.36790059879422,0,252,2000,9
2000-09-09,22.759993387758755,0.3643308,35.38163392804563,0,253,2000,9
2000-09-10,22.69999338909986,0.467882,35.39231540635228,0,254,2000,9
2000-09-11,22.70999338887634,0.46791247,35.40299688465893,0,255,2000,9
2000-09-12,22.869993385300063,0.4490084,35.40757466107607,0,256,2000,9
2000-09-13,22.879993385076546,0.45589548,35.41825613938272,0,257,2000,9
2000-09-14,22.89999338462951,0.5072662,35.422833915799856,0,258,2000,9
2000-09-15,23.069993380829715,0.23630758,35.422833915799856,0,259,2000,9
2000-09-16,23.14999337904157,0.22646827,35.422833915799856,0,260,2000,9
2000-09-17,23.16999337859454,0.24744348,35.41825613938272,0,261,2000,9
2000-09-18,23.159993378818054,0.34875768,35.41825613938272,0,262,2000,9
2000-09-19,23.199993377923988,0.3179092,35.41825613938272,0,263,2000,9
2000-09-20,23.28999337591233,0.25534186,35.413678362965584,0,264,2000,9
2000-09-21,23.29999337568881,0.19416404,35.40452281013131,0,265,2000,9
2000-09-22,23.759993365407013,0.20027046,35.40299688465893,0,266,2000,9
2000-09-23,23.809993364289426,0.1642419,35.40604873560369,0,267,2000,9
2000-09-24,23.84999336339536,0.1317512,35.40452281013131,0,268,2000,9
2000-09-25,23.989993360266112,0.13335735,35.399945033714175,0,269,2000,9
2000-09-26,24.01999335959556,0.2768969,35.401470959186554,0,270,2000,9
2000-09-27,24.01999335959556,0.2739532,35.40299688465893,0,271,2000,9
2000-09-28,24.15999335646632,0.17771524,35.401470959186554,0,272,2000,9
2000-09-29,24.269993354007624,0.19729824,35.39231540635228,0,273,2000,9
2000-09-30,24.299993353337072,0.17937069,35.387737629935145,0,274,2000,9
2000-10-01,24.149993356689837,0.29956385,35.38010800257325,0,275,2000,10
2000-10-02,24.24999335445466,0.29320556,35.37247837521136,0,276,2000,10
2000-10-03,24.239993354678177,0.29352295,35.35721912048757,0,277,2000,10
2000-10-04,24.309993353113555,0.6843019,35.33738208934665,0,278,2000,10
2000-10-05,24.419993350654863,0.66990024,35.314493207260966,0,279,2000,10
2000-10-06,24.459993349760797,0.63514,35.32212283462286,0,280,2000,10
2000-10-07,24.419993350654863,0.64356285,35.28855247423053,0,281,2000,10
2000-10-08,24.51999334841969,0.27402434,35.28397469781339,0,282,2000,10
2000-10-09,24.689993344619893,0.27740446,35.28550062328577,0,283,2000,10
2000-10-10,24.78999334238472,0.36295003,35.26261174120009,0,284,2000,10
2000-10-11,24.84999334104361,0.36295003,35.20004879683256,0,285,2000,10
2000-10-12,24.819993341714166,0.36292443,35.04440439864993,0,286,2000,10
2000-10-13,24.899993339926027,0.1686154,34.89791555330157,0,287,2000,10
2000-10-14,24.7999933421612,0.16540395,34.86434519290924,0,288,2000,10
2000-10-15,24.78999334238472,0.1889695,34.85366371460259,0,289,2000,10
2000-10-16,24.77999334260824,0.1974932,34.835352608934045,0,290,2000,10
2000-10-17,24.93999333903196,0.30397394,34.79415262117982,0,291,2000,10
2000-10-18,24.7999933421612,0.30914116,34.766685962677,0,292,2000,10
2000-10-19,24.7999933421612,0.31444147,34.77278966456652,0,293,2000,10
2000-10-20,24.78999334238472,0.32708326,34.77278966456652,0,294,2000,10
2000-10-21,24.739993343502302,0.23048046,34.77126373909414,0,295,2000,10
2000-10-22,24.809993341937684,0.2269991,34.79415262117982,0,296,2000,10
2000-10-23,24.67999334484341,0.20386347,34.907071106135845,0,297,2000,10
2000-10-24,24.649993345513963,0.17808405,35.04593032412231,0,298,2000,10
2000-10-25,24.629993345961,0.17090437,35.00930811278522,0,299,2000,10
2000-10-26,24.74999334327879,0.26181194,35.00167848542333,0,300,2000,10
2000-10-27,24.63999334573748,0.34626442,35.029145143926144,0,301,2000,10
2000-10-28,24.53999334797265,0.24975324,35.074922908097506,0,302,2000,10
2000-10-29,24.549993347749137,0.16854303,35.10849326848984,0,303,2000,10
2000-10-30,24.609993346408032,0.12929848,35.12985622510314,0,304,2000,10
2000-10-31,24.649993345513963,0.12928678,35.10849326848984,0,305,2000,10
2000-11-01,24.739993343502302,0.20704342,35.015411814674735,0,306,2000,11
2000-11-02,24.879993340373066,0.20799291,35.0535599514842,0,307,2000,11
2000-11-03,24.969993338361405,0.20716277,35.18784139305353,0,308,2000,11
2000-11-04,24.929993339255475,0.21869999,35.16800436191261,0,309,2000,11
2000-11-05,25.809993319585946,0.14936435,35.195471020415425,0,310,2000,11
2000-11-06,25.86999331824484,0.13921554,35.26413766667247,0,311,2000,11
2000-11-07,25.86999331824484,0.16393195,35.29618210159242,0,312,2000,11
2000-11-08,25.809993319585946,0.1500461,35.27481914497912,0,313,2000,11
2000-11-09,25.859993318468355,0.15072078,35.25955989025533,0,314,2000,11
2000-11-10,25.849993318691872,0.33861035,35.254982113838196,0,315,2000,11
2000-11-11,25.91999331712725,0.3386099,35.24124878458679,0,316,2000,11
2000-11-12,25.929993316903733,0.3386099,35.232093231752515,0,317,2000,11
2000-11-13,25.849993318691872,0.33861014,35.21378212608397,0,318,2000,11
2000-11-14,25.909993317350768,0.19632924,34.77736744098365,0,319,2000,11
2000-11-15,25.87999331802132,0.21155004,33.97320471704006,0,320,2000,11
2000-11-16,25.849993318691872,0.20863172,32.79519025236368,0,321,2000,11
2000-11-17,25.75999332070353,,32.27790151722729,0,322,2000,11
2000-11-18,25.739993321150564,0.09425501,32.43812369182706,0,323,2000,11
2000-11-19,25.849993318691872,0.09328653,32.91879021562636,0,324,2000,11
2000-11-20,25.95999331623318,0.09366494,33.393353037536144,0,325,2000,11
2000-11-21,25.86999331824484,0.08529809,33.79161958582699,0,326,2000,11
2000-11-22,25.909993317350768,0.07935234,33.87554548680782,0,327,2000,11
2000-11-23,25.91999331712725,0.08583149,34.01135285384953,0,328,2000,11
2000-11-24,25.909993317350768,0.087417625,33.922849176451564,0,329,2000,11
2000-11-25,25.939993316680216,0.094407156,33.764152927324176,0,330,2000,11
2000-11-26,25.91999331712725,0.0950649,33.89233066700399,0,331,2000,11
2000-11-27,25.87999331802132,0.07200027,33.90301214531064,0,332,2000,11
2000-11-28,25.86999331824484,0.06895749,33.826715871691704,0,333,2000,11
2000-11-29,25.829993319138907,0.101415336,33.8557084556669,0,334,2000,11
2000-11-30,25.849993318691872,0.10095462,34.00372322648764,0,335,2000,11
2000-12-01,25.939993316680216,0.07902119,34.27533796057105,0,336,2000,12
2000-12-02,25.979993315786142,0.07926755,34.449293464422226,0,337,2000,12
2000-12-03,26.07999331355097,0.11769903,34.340952755883336,0,338,2000,12
2000-12-04,26.279993309080623,0.07720795,34.17004910297692,0,339,2000,12
2000-12-05,26.32999330796304,0.07744086,34.13037504069507,0,340,2000,12
2000-12-06,26.439993305504345,0.09545851,34.06323431991041,0,341,2000,12
2000-12-07,26.529993303492688,0.09561462,33.95184176042676,0,342,2000,12
2000-12-08,26.669993300363444,0.10569708,33.87554548680782,0,343,2000,12
2000-12-09,26.549993303045653,0.108866274,33.921323250979185,0,344,2000,12
2000-12-10,26.549993303045653,0.12950821,34.06781209632754,0,345,2000,12
2000-12-11,26.549993303045653,0.133456,34.04492321424186,0,346,2000,12
2000-12-12,26.589993302151584,0.14538379,34.08764912746847,0,347,2000,12
2000-12-13,26.65999330058696,0.15182047,34.51796011067927,0,348,2000,12
2000-12-14,26.639993301034,0.14155729,34.704123018309474,0,349,2000,12
2000-12-15,26.749993298575305,0.1340463,34.774315590038896,0,350,2000,12
2000-12-16,26.739993298798822,0.124370776,34.86434519290924,0,351,2000,12
2000-12-17,26.939993294328477,0.14112501,34.92538221180439,0,352,2000,12
2000-12-18,26.979993293434404,0.15365295,34.93606369011104,0,353,2000,12
2000-12-19,27.00999329276385,0.1370888,34.94521924294531,0,354,2000,12
2000-12-20,27.749993276223563,0.20590155,34.920804435387254,0,355,2000,12
2000-12-21,28.03999326974156,0.15294854,34.78194521740079,0,356,2000,12
2000-12-22,27.959993271529697,0.1523961,34.71022672019899,0,357,2000,12
2000-12-23,27.69999327734115,0.16439271,34.716330422088504,0,358,2000,12
2000-12-24,27.609993279352807,0.17209125,34.71175264567137,0,359,2000,12
2000-12-25,27.599993279576324,0.17318484,34.594256384298205,0,360,2000,12
2000-12-26,27.609993279352807,0.17320028,34.52558973804116,0,361,2000,12
2000-12-27,27.58999327979984,0.17960913,34.51490825973451,0,362,2000,12
2000-12-28,27.669993278011702,0.17052597,34.35926386155188,0,363,2000,12
2000-12-29,27.65999327823522,0.19112645,34.389782370999455,0,364,2000,12
2000-12-30,27.69999327734115,0.19110757,34.403515700250864,0,365,2000,12
2000-12-31,27.669993278011702,0.19616151,34.40046384930611,0,366,2000,12
2001-01-01,27.719993276894115,0.19480945,34.342478681355715,0,1,2001,1
2001-01-02,27.7299932766706,0.19624035,34.342478681355715,0,2,2001,1
2001-01-03,27.63999327868225,0.19730699,34.809411875903606,0,3,2001,1
2001-01-04,27.62999327890577,0.12731287,35.11764882132411,0,4,2001,1
2001-01-05,26.289993308857103,0.12447916,35.19852287136018,0,5,2001,1
2001-01-06,25.9499933164567,0.19777067,35.24582656100392,0,6,2001,1
2001-01-07,25.969993316009663,0.19912279,35.2763450704515,0,7,2001,1
2001-01-08,26.289993308857103,0.20020622,35.29923395253718,0,8,2001,1
2001-01-09,26.45999330505731,0.14006066,35.32212283462286,0,9,2001,1
2001-01-10,26.529993303492688,0.14012578,35.33280431292951,0,10,2001,1
2001-01-11,27.0399932920933,0.12682553,35.338908014819026,0,11,2001,1
2001-01-12,26.99999329298737,0.13702425,35.352641344070435,0,12,2001,1
2001-01-13,26.989993293210887,0.14765696,35.35721912048757,0,13,2001,1
2001-01-14,27.58999327979984,0.167282,35.338908014819026,0,14,2001,1
2001-01-15,27.669993278011702,0.167282,35.32059690915048,0,15,2001,1
2001-01-16,27.649993278458737,0.14116156,35.3907894808799,0,16,2001,1
2001-01-17,27.58999327979984,0.14013906,35.39689318276942,0,17,2001,1
2001-01-18,27.62999327890577,0.12110189,35.38010800257325,0,18,2001,1
2001-01-19,27.679993277788185,0.12804924,35.389263555407524,0,19,2001,1
2001-01-20,27.75999327600005,0.1381148,35.38621170446277,0,20,2001,1
2001-01-21,27.769993275776528,0.14231735,35.387737629935145,0,21,2001,1
2001-01-22,27.799993275105976,0.22858584,35.3984191082418,0,22,2001,1
2001-01-23,27.7299932766706,0.22823152,35.40910058654845,0,23,2001,1
2001-01-24,27.73999327644708,0.2281519,35.40910058654845,0,24,2001,1
2001-01-25,27.829993274435424,0.22792976,35.410626512020826,0,25,2001,1
2001-01-26,27.839993274211903,0.1688185,35.41825613938272,0,26,2001,1
2001-01-27,27.81999327465894,0.16785382,35.42741169221699,0,27,2001,1
2001-01-28,28.00999327041211,0.14600009,35.43809317052364,0,28,2001,1
2001-01-29,27.869993273541358,0.14383247,35.447248723357916,0,29,2001,1
2001-01-30,27.77999327555301,0.14087355,35.460982052609324,0,30,2001,1
2001-01-31,27.679993277788185,0.11177035,35.471663530915976,0,31,2001,1
2001-02-01,27.8999932728708,0.1395684,35.48234500922263,0,32,2001,2
2001-02-02,28.49999325945976,0.19139418,35.48234500922263,0,33,2001,2
2001-02-03,28.68999325521293,0.23380205,35.45182649977505,0,34,2001,2
2001-02-04,28.73999325409534,0.23113018,35.32517468556762,0,35,2001,2
2001-02-05,28.62999325655403,0.1346435,35.21225620061159,0,36,2001,2
2001-02-06,28.529993258789204,0.13309945,35.22751545533538,0,37,2001,2
2001-02-07,28.419993261247896,0.12470547,35.242774710059166,0,38,2001,2
2001-02-08,28.38999326191845,0.21156557,35.225989529863,0,39,2001,2
2001-02-09,28.38999326191845,0.21156557,35.218359902501106,0,40,2001,2
2001-02-10,28.39999326169493,0.21159957,35.209204349666834,0,41,2001,2
2001-02-11,28.329993263259556,0.15301786,35.18173769116402,0,42,2001,2
2001-02-12,28.31999326348307,0.15300882,35.134434001520276,0,43,2001,2
2001-02-13,28.25999326482417,0.15648423,35.10849326848984,0,44,2001,2
2001-02-14,28.27999326437714,0.14090857,35.07339698262513,0,45,2001,2
2001-02-15,28.229993265494727,0.12446155,35.064241429790854,0,46,2001,2
2001-02-16,28.029993269965075,0.12672177,35.11764882132411,0,47,2001,2
2001-02-17,27.829993274435424,0.14199258,35.13901177793741,0,48,2001,2
2001-02-18,27.379993284493708,0.13942468,35.14511547982693,0,49,2001,2
2001-02-19,27.359993284940742,0.14735427,35.15274510718882,0,50,2001,2
2001-02-20,27.359993284940742,0.148205,35.04593032412231,0,51,2001,2
2001-02-21,27.4999932818115,0.15539642,34.83993038535118,0,52,2001,2
2001-02-22,27.53999328091743,0.12554401,34.800256323069334,0,53,2001,2
2001-02-23,27.709993277117636,0.14478728,34.90249332971871,0,54,2001,2
2001-02-24,28.04999326951804,0.12395245,35.08102660998702,0,55,2001,2
2001-02-25,28.19999326616528,0.12406387,35.207678424194455,0,56,2001,2
2001-02-26,28.099993268400453,0.11739445,35.218359902501106,0,57,2001,2
2001-02-27,28.04999326951804,0.11712323,35.232093231752515,0,58,2001,2
2001-02-28,28.07999326884749,0.116407536,35.23514508269727,0,59,2001,2
2001-03-01,27.959993271529697,0.09908636,35.18784139305353,0,60,2001,3
2001-03-02,27.94999327175321,0.100922704,35.134434001520276,0,61,2001,3
2001-03-03,27.989993270859145,0.107316434,35.16953028738499,0,62,2001,3
2001-03-04,28.03999326974156,0.10932561,35.1756339892745,0,63,2001,3
2001-03-05,27.839993274211903,0.10287652,35.0108340382576,0,64,2001,3
2001-03-06,27.749993276223563,0.10096412,34.48438975028694,0,65,2001,3
2001-03-07,27.789993275329493,0.13038738,33.475753013044596,0,66,2001,3
2001-03-08,27.81999327465894,0.12205018,32.58308661170304,0,67,2001,3
2001-03-09,28.03999326974156,0.13717602,32.128360820934176,0,68,2001,3
2001-03-10,28.15999326705935,0.14695998,31.986449752002954,0,69,2001,3
2001-03-11,28.34999326281252,0.1675875,32.6502273324877,0,70,2001,3
2001-03-12,28.369993262365483,0.19701862,33.66038999520242,0,71,2001,3
2001-03-13,28.34999326281252,0.19701862,34.078493574634194,0,72,2001,3
2001-03-14,28.289993264153622,0.1970183,33.861812157556415,0,73,2001,3
2001-03-15,28.24999326504769,0.17400259,32.99356056377292,0,74,2001,3
2001-03-16,28.25999326482417,0.17585346,32.71279027685523,0,75,2001,3
2001-03-17,28.25999326482417,0.23525976,32.56630143150687,0,76,2001,3
2001-03-18,28.25999326482417,0.24045078,32.442701468244195,0,77,2001,3
2001-03-19,28.62999325655403,0.22436206,32.35114593990147,0,78,2001,3
2001-03-20,28.759993253648304,0.1673221,32.393871853128076,0,79,2001,3
2001-03-21,28.759993253648304,0.16745166,32.09021268412471,0,80,2001,3
2001-03-22,28.34999326281252,0.15787926,32.1268348954618,0,81,2001,3
2001-03-23,28.219993265718244,0.15206562,32.274849666282535,0,82,2001,3
2001-03-24,28.19999326616528,0.1443894,32.51899774186313,0,83,2001,3
2001-03-25,28.1299932677299,0.18150276,32.755516190081835,0,84,2001,3
2001-03-26,28.04999326951804,0.20295326,32.80739765614271,0,85,2001,3
2001-03-27,28.019993270188596,0.23896801,32.706686574965715,0,86,2001,3
2001-03-28,28.1299932677299,0.11191634,32.58308661170304,0,87,2001,3
2001-03-29,28.16999326683583,0.13325334,32.51136811450124,0,88,2001,3
2001-03-30,28.11999326795342,0.18616869,32.42591628804803,0,89,2001,3
2001-03-31,28.03999326974156,0.20815252,32.419812586158514,0,90,2001,3
2001-04-01,28.149993267282863,0.15645924,32.46864220127463,0,91,2001,4
2001-04-02,28.25999326482417,0.1886404,32.51747181639075,0,92,2001,4
2001-04-03,28.289993264153622,0.322244,32.58003476075828,0,93,2001,4
2001-04-04,28.229993265494727,0.32223964,32.743308786302805,0,94,2001,4
2001-04-05,28.19999326616528,0.14179897,33.381145633757114,0,95,2001,4
2001-04-06,28.24999326504769,0.10750818,33.88012326322496,0,96,2001,4
2001-04-07,27.839993274211903,0.08624187,33.99761952459812,0,97,2001,4
2001-04-08,27.4999932818115,0.1264564,34.05560469254851,0,98,2001,4
2001-04-09,27.38999328427019,0.13478768,34.15784169919789,0,99,2001,4
2001-04-10,27.41999328359964,0.14803942,34.36841941438615,0,100,2001,4
2001-04-11,27.38999328427019,0.14556341,34.27228610962629,0,101,2001,4
2001-04-12,27.379993284493708,0.1525603,33.94726398400962,0,102,2001,4
2001-04-13,27.489993282035016,0.10862025,33.90453807078302,0,103,2001,4
2001-04-14,27.54999328069391,0.1248129,34.05865654349327,0,104,2001,4
2001-04-15,27.53999328091743,0.16470481,34.415723104029894,0,105,2001,4
2001-04-16,27.339993285387777,0.17975545,34.766685962677,0,106,2001,4
2001-04-17,27.219993288069983,0.18806908,34.93758961558342,0,107,2001,4
2001-04-18,27.069993291422747,0.22239237,34.75753040984273,0,108,2001,4
2001-04-19,27.07999329119923,0.2020495,34.77278966456652,0,109,2001,4
2001-04-20,27.059993291646265,0.16981785,34.89791555330157,0,110,2001,4
2001-04-21,27.00999329276385,0.17299674,34.97115997597575,0,111,2001,4
2001-04-22,27.10999329052868,0.1685993,34.93453776463866,0,112,2001,4
2001-04-23,27.099993290752195,0.17175259,34.85213778913021,0,113,2001,4
2001-04-24,27.0399932920933,0.24079764,34.739219304174185,0,114,2001,4
2001-04-25,27.029993292316817,0.24381204,34.7956785466522,0,115,2001,4
2001-04-26,27.249993287399437,0.1466355,34.84450816176832,0,116,2001,4
2001-04-27,27.25999328717592,0.107377574,34.919278509914875,0,117,2001,4
2001-04-28,27.27999328672888,0.12993999,34.91470073349774,0,118,2001,4
2001-04-29,27.54999328069391,0.15239027,34.908597031608224,0,119,2001,4
2001-04-30,27.73999327644708,0.14413273,34.85061186365783,0,120,2001,4
2001-05-01,27.77999327555301,0.15390305,34.79110077023506,0,121,2001,5
2001-05-02,27.609993279352807,0.15314618,34.812463726848364,0,122,2001,5
2001-05-03,27.4999932818115,0.14411388,34.79720447212458,0,123,2001,5
2001-05-04,27.30999328605833,0.14572376,34.68428598716855,0,124,2001,5
2001-05-05,26.989993293210887,0.13556284,34.48896752670407,0,125,2001,5
2001-05-06,26.65999330058696,0.26849902,34.427930507808924,0,126,2001,5
2001-05-07,26.5799933023751,0.20381065,34.39893792383373,0,127,2001,5
2001-05-08,26.479993304610275,0.28321263,34.39588607288897,0,128,2001,5
2001-05-09,26.26999330930414,0.24356729,34.38520459458232,0,129,2001,5
2001-05-10,26.429993305727866,0.21181354,34.35621201060712,0,130,2001,5
2001-05-11,26.529993303492688,0.24174187,34.220404643565416,0,131,2001,5
2001-05-12,26.479993304610275,0.30531758,34.11664171144366,0,132,2001,5
2001-05-13,26.37999330684545,0.27625743,34.066286170855165,0,133,2001,5
2001-05-14,26.30999330841007,0.20645277,34.18225650675595,0,134,2001,5
2001-05-15,26.07999331355097,0.150179,34.32416757568717,0,135,2001,5
2001-05-16,26.01999331489208,0.13848762,34.426404582336545,0,136,2001,5
2001-05-17,25.929993316903733,0.17787349,34.49201937764883,0,137,2001,5
2001-05-18,25.829993319138907,0.19843715,34.51490825973451,0,138,2001,5
2001-05-19,25.359993329644222,0.16820133,34.53932306729257,0,139,2001,5
2001-05-20,25.509993326291465,0.18578796,34.56678972579539,0,140,2001,5
2001-05-21,25.4899933267385,0.20800148,34.63698229752481,0,141,2001,5
2001-05-22,25.52999332584443,0.27885014,34.655293403193355,0,142,2001,5
2001-05-23,25.509993326291465,0.27884707,34.67665635980666,0,143,2001,5
2001-05-24,25.509993326291465,0.18837667,34.69801931641996,0,144,2001,5
2001-05-25,25.44999332763257,0.28570342,34.70717486925423,0,145,2001,5
2001-05-26,25.359993329644222,0.20282741,34.68581191264093,0,146,2001,5
2001-05-27,25.269993331655883,0.32762852,34.69801931641996,0,147,2001,5
2001-05-28,25.2599933318794,0.32762632,34.86434519290924,0,148,2001,5
2001-05-29,25.199993333220505,0.22836266,34.95895257219672,0,149,2001,5
2001-05-30,25.049993336573262,0.21236108,35.026093292981386,0,150,2001,5
2001-05-31,25.199993333220505,0.17234105,35.062715504318476,0,151,2001,5
2001-06-01,25.17999333366754,0.1881425,35.087130311876535,0,152,2001,6
2001-06-02,25.049993336573262,0.18620342,35.11459697037935,0,153,2001,6
2001-06-03,24.739993343502302,0.18052375,35.135959926992655,0,154,2001,6
2001-06-04,24.71999334394934,0.16099566,35.1542710326612,0,155,2001,6
2001-06-05,25.05999333634975,0.18881547,35.18173769116402,0,156,2001,6
2001-06-06,25.06999333612623,0.20437215,35.21530805155635,0,157,2001,6
2001-06-07,25.189993333444026,0.20452237,35.23514508269727,0,158,2001,6
2001-06-08,25.209993332996987,0.1893299,35.25345618836582,0,159,2001,6
2001-06-09,25.05999333634975,0.17914039,35.27024136856198,0,160,2001,6
2001-06-10,24.889993340149545,0.17172667,35.280922846868634,0,161,2001,6
2001-06-11,24.84999334104361,0.19835876,35.29007839970291,0,162,2001,6
2001-06-12,24.84999334104361,0.24442208,35.2977080270648,0,163,2001,6
2001-06-13,24.359993351995968,0.2504574,35.303811728954315,0,164,2001,6
2001-06-14,24.379993351548933,0.3107309,35.30686357989907,0,165,2001,6
2001-06-15,24.46999334953728,0.31071186,35.303811728954315,0,166,2001,6
2001-06-16,24.729993343725823,0.267491,35.305337654426694,0,167,2001,6
2001-06-17,24.7999933421612,0.2065411,35.30991543084383,0,168,2001,6
2001-06-18,24.769993342831757,0.2872545,35.30838950537145,0,169,2001,6
2001-06-19,24.47999334931376,1.5313283,35.30838950537145,0,170,2001,6
2001-06-20,24.429993350431342,1.5315293,35.316019132733345,0,171,2001,6
2001-06-21,24.399993351101894,1.5315294,35.328226536512375,0,172,2001,6
2001-06-22,24.20999335534873,0.19951065,35.34501171670854,0,173,2001,6
2001-06-23,24.21999335512521,0.19978102,35.36027097143233,0,174,2001,6
2001-06-24,24.239993354678177,0.28352636,35.35416726954281,0,175,2001,6
2001-06-25,23.889993362501286,0.2626047,35.351115418598056,0,176,2001,6
2001-06-26,23.51999337077143,0.2606537,35.3480635676533,0,177,2001,6
2001-06-27,23.649993367865704,0.26107103,35.34195986576378,0,178,2001,6
2001-06-28,23.799993364512943,0.19713847,35.34348579123616,0,179,2001,6
2001-06-29,23.7099933665246,0.19709721,35.34501171670854,0,180,2001,6
2001-06-30,23.60999336875977,0.295699,35.34653764218092,0,181,2001,6
2001-07-01,23.619993368536257,0.29390624,35.34653764218092,0,182,2001,7
2001-07-02,24.05999335870149,0.347597,35.3480635676533,0,183,2001,7
2001-07-03,24.079993358254452,0.40606523,35.340433940291405,0,184,2001,7
2001-07-04,24.09999335780742,0.4032508,35.27787099592388,0,185,2001,7
2001-07-05,24.119993357360386,1.0658371,35.25345618836582,0,186,2001,7
2001-07-06,24.09999335780742,0.9390215,35.23972285911441,0,187,2001,7
2001-07-07,24.01999335959556,0.47254258,35.22904138080776,0,188,2001,7
2001-07-08,23.7099933665246,0.48220932,35.21073027513921,0,189,2001,7
2001-07-09,23.579993369430326,0.9360642,35.18021176569164,0,190,2001,7
2001-07-10,23.58999336920681,5.1680427,35.23514508269727,0,191,2001,7
2001-07-11,23.81999336406591,5.168102,35.2977080270648,0,192,2001,7
2001-07-12,23.989993360266112,0.32728523,35.30838950537145,0,193,2001,7
2001-07-13,23.969993360713147,0.24032189,35.2977080270648,0,194,2001,7
2001-07-14,23.889993362501286,0.19485895,35.2977080270648,0,195,2001,7
2001-07-15,23.89999336227777,0.19477855,35.291604325175285,0,196,2001,7
2001-07-16,24.01999335959556,0.20769021,35.15732288360596,0,197,2001,7
2001-07-17,23.969993360713147,0.2508844,35.06729328073561,0,198,2001,7
2001-07-18,23.55999336987736,0.27219316,35.110019193962216,0,199,2001,7
2001-07-19,23.529993370547917,0.69113326,35.088656237348914,0,200,2001,7
2001-07-20,23.50999337099495,0.6938934,35.0535599514842,0,201,2001,7
2001-07-21,23.69999336674812,0.381423,35.052034026011825,0,202,2001,7
2001-07-22,23.71999336630108,0.21490714,35.076448833569884,0,203,2001,7
2001-07-23,23.689993366971635,0.7814772,35.10238956660032,0,204,2001,7
2001-07-24,23.499993371218466,0.7814772,35.11764882132411,0,205,2001,7
2001-07-25,23.45999337211253,0.49916935,35.21073027513921,0,206,2001,7
2001-07-26,23.43999337255957,0.2572652,35.25193026289344,0,207,2001,7
2001-07-27,23.349993374571227,0.31610298,35.24124878458679,0,208,2001,7
2001-07-28,23.22999337725344,0.31839907,35.256508039310575,0,209,2001,7
2001-07-29,23.219993377476957,0.31963366,35.267189517617226,0,210,2001,7
2001-07-30,23.269993376359366,0.29746065,35.2763450704515,0,211,2001,7
2001-07-31,23.269993376359366,0.22789435,35.28550062328577,0,212,2001,7
2001-08-01,23.219993377476957,0.24110565,35.29618210159242,0,213,2001,8
2001-08-02,23.22999337725344,0.23354252,35.30075987800956,0,214,2001,8
2001-08-03,23.059993381053232,0.23294671,35.30228580348194,0,215,2001,8
2001-08-04,23.059993381053232,0.22084405,35.29618210159242,0,216,2001,8
2001-08-05,23.0199933819473,0.22084405,35.27329321950674,0,217,2001,8
2001-08-06,23.429993372783088,0.24103287,35.25040433742106,0,218,2001,8
2001-08-07,23.51999337077143,0.24321786,35.230567306280136,0,219,2001,8
2001-08-08,23.50999337099495,0.4072999,35.21225620061159,0,220,2001,8
2001-08-09,23.5399933703244,0.17858264,35.17868584021926,0,221,2001,8
2001-08-10,23.489993371441983,0.23009333,35.148167330771685,0,222,2001,8
2001-08-11,23.419993373006605,0.39031446,35.14969325624406,0,223,2001,8
2001-08-12,23.2499933768064,0.39090192,35.16342658549547,0,224,2001,8
2001-08-13,23.23999337702992,0.39208278,35.171056212857366,0,225,2001,8
2001-08-14,23.189993378147506,0.39208326,35.17868584021926,0,226,2001,8
2001-08-15,23.059993381053232,1.0838736,35.184789542108774,0,227,2001,8
2001-08-16,22.89999338462951,2.2939227,35.18784139305353,0,228,2001,8
2001-08-17,22.81999338641765,0.54723155,35.18936731852591,0,229,2001,8
2001-08-18,22.85999338552358,0.539104,35.184789542108774,0,230,2001,8
2001-08-19,23.119993379712128,0.38445362,35.16342658549547,0,231,2001,8
2001-08-20,23.54999337010088,0.37609586,35.14206362888217,0,232,2001,8
2001-08-21,23.649993367865704,0.37609586,35.134434001520276,0,233,2001,8
2001-08-22,23.71999336630108,1.3013492,35.14206362888217,0,234,2001,8
2001-08-23,23.74999336563053,1.3774751,35.14053770340979,0,235,2001,8
2001-08-24,23.809993364289426,0.67317003,35.14206362888217,0,236,2001,8
2001-08-25,23.38999337367716,0.67317057,35.14206362888217,0,237,2001,8
2001-08-26,23.23999337702992,0.7233476,35.14053770340979,0,238,2001,8
2001-08-27,23.20999337770047,0.579956,35.15579695813358,0,239,2001,8
2001-08-28,23.4799933716655,0.579956,35.16342658549547,0,240,2001,8
2001-08-29,23.529993370547917,0.5774521,35.171056212857366,0,241,2001,8
2001-08-30,23.60999336875977,0.5774521,35.18021176569164,0,242,2001,8
2001-08-31,23.769993365183492,0.19522546,35.19394509494305,0,243,2001,8
2001-09-01,23.639993368089225,0.19522546,35.21683397702873,0,244,2001,9
2001-09-02,23.679993367195152,0.19329908,35.23819693364203,0,245,2001,9
2001-09-03,23.649993367865704,0.18234009,35.23972285911441,0,246,2001,9
2001-09-04,23.659993367642187,0.21605699,35.22904138080776,0,247,2001,9
2001-09-05,23.659993367642187,0.22024152,35.22293767891824,0,248,2001,9
2001-09-06,23.619993368536257,0.21401404,35.242774710059166,0,249,2001,9
2001-09-07,23.759993365407013,0.22088727,35.13748585246503,0,250,2001,9
2001-09-08,23.759993365407013,0.18522741,34.86129334196448,0,251,2001,9
2001-09-09,23.769993365183492,0.18362825,34.61409341543913,0,252,2001,9
2001-09-10,23.4799933716655,0.28189996,34.690389689058065,0,253,2001,9
2001-09-11,23.50999337099495,0.27954167,34.919278509914875,0,254,2001,9
2001-09-12,23.529993370547917,0.3713466,34.90096740424633,0,255,2001,9
2001-09-13,23.529993370547917,0.3713466,34.78194521740079,0,256,2001,9
2001-09-14,23.55999336987736,0.3713544,34.4294564332813,0,257,2001,9
2001-09-15,23.649993367865704,0.5098796,34.23718982376158,0,258,2001,9
2001-09-16,23.569993369653844,0.5098796,34.28449351340532,0,259,2001,9
2001-09-17,23.55999336987736,0.43737003,34.31196017190814,0,260,2001,9
2001-09-18,23.55999336987736,0.43737555,34.340952755883336,0,261,2001,9
2001-09-19,23.619993368536257,0.18257304,34.38520459458232,0,262,2001,9
2001-09-20,23.66999336741867,0.18257304,34.41114532761276,0,263,2001,9
2001-09-21,23.66999336741867,0.20573872,34.426404582336545,0,264,2001,9
2001-09-22,23.759993365407013,0.3502695,34.42182680591941,0,265,2001,9
2001-09-23,23.84999336339536,0.32744792,34.37452311627567,0,266,2001,9
2001-09-24,23.7099933665246,0.39873374,34.34705645777285,0,267,2001,9
2001-09-25,23.689993366971635,0.39671156,34.37147126533091,0,268,2001,9
2001-09-26,23.649993367865704,0.42593753,34.38520459458232,0,269,2001,9
2001-09-27,23.7099933665246,0.4271457,34.39283422194421,0,270,2001,9
2001-09-28,23.689993366971635,0.2539652,34.56068602390587,0,271,2001,9
2001-09-29,23.50999337099495,0.22077659,34.77126373909414,0,272,2001,9
2001-09-30,23.449993372336053,0.23074855,34.76058226078749,0,273,2001,9
2001-10-01,23.45999337211253,0.58599555,34.77126373909414,0,274,2001,10
2001-10-02,24.309993353113555,0.42940003,34.775841515511274,0,275,2001,10
2001-10-03,24.379993351548933,0.15006323,34.74379708059132,0,276,2001,10
2001-10-04,24.389993351325412,0.14743292,34.73464152775705,0,277,2001,10
2001-10-05,24.259993354231145,0.17343827,34.76516003720462,0,278,2001,10
2001-10-06,24.32999335266652,0.17875536,34.821619279682636,0,279,2001,10
2001-10-07,24.919993339478992,0.21981366,34.84450816176832,0,280,2001,10
2001-10-08,25.06999333612623,0.19751051,34.82619705609977,0,281,2001,10
2001-10-09,25.0899933356792,0.19965318,34.78041929192841,0,282,2001,10
2001-10-10,25.10999333523216,0.21548606,34.835352608934045,0,283,2001,10
2001-10-11,25.229993332549952,0.15193586,34.91622665897012,0,284,2001,10
2001-10-12,25.669993322715182,0.17616387,34.93758961558342,0,285,2001,10
2001-10-13,25.819993319362425,0.21369156,34.942167392000556,0,286,2001,10
2001-10-14,25.809993319585946,0.17438388,34.9818414542824,0,287,2001,10
2001-10-15,25.44999332763257,0.27510452,35.03372292034328,0,288,2001,10
2001-10-16,25.329993330314775,0.24092425,35.064241429790854,0,289,2001,10
2001-10-17,25.2599933318794,0.2797329,35.04287847317755,0,290,2001,10
2001-10-18,25.129993334785127,0.26919034,35.04745624959469,0,291,2001,10
2001-10-19,25.129993334785127,0.26911098,35.029145143926144,0,292,2001,10
2001-10-20,25.119993335008644,0.27956483,35.07950068451464,0,293,2001,10
2001-10-21,25.049993336573262,0.18441384,35.13138215057552,0,294,2001,10
2001-10-22,25.09999333545568,0.105703235,35.146641405299306,0,295,2001,10
2001-10-23,25.0299933370203,0.111033395,35.13138215057552,0,296,2001,10
2001-10-24,25.05999333634975,0.111620195,35.1329080760479,0,297,2001,10
2001-10-25,25.17999333366754,0.10941036,35.13138215057552,0,298,2001,10
2001-10-26,25.199993333220505,0.108563624,35.134434001520276,0,299,2001,10
2001-10-27,25.21999333277347,0.11119289,35.14053770340979,0,300,2001,10
2001-10-28,25.33999333009126,0.11890977,35.148167330771685,0,301,2001,10
2001-10-29,25.289993331208848,0.12050967,35.15732288360596,0,302,2001,10
2001-10-30,25.199993333220505,0.13907284,35.15121918171644,0,303,2001,10
2001-10-31,25.14999333433809,0.21827725,35.135959926992655,0,304,2001,10
2001-11-01,25.15999333411457,0.23017895,35.12833029963076,0,305,2001,11
2001-11-02,25.229993332549952,0.1195198,35.14206362888217,0,306,2001,11
2001-11-03,26.129993312433385,0.123686105,35.158848809078336,0,307,2001,11
2001-11-04,26.07999331355097,0.1325674,35.13138215057552,0,308,2001,11
2001-11-05,26.119993312656906,0.13892935,35.12070067226887,0,309,2001,11
2001-11-06,26.279993309080623,0.25354785,35.14053770340979,0,310,2001,11
2001-11-07,26.29999330863359,0.25634187,35.158848809078336,0,311,2001,11
2001-11-08,26.349993307516,0.25634187,35.219885827973485,0,312,2001,11
2001-11-09,26.32999330796304,0.25634187,35.314493207260966,0,313,2001,11
2001-11-10,26.32999330796304,0.11769795,35.35721912048757,0,314,2001,11
2001-11-11,26.39999330639841,0.11775917,35.387737629935145,0,315,2001,11
2001-11-12,26.37999330684545,0.117758475,35.37858207710087,0,316,2001,11
2001-11-13,26.30999330841007,0.11482165,35.303811728954315,0,317,2001,11
2001-11-14,26.359993307292484,0.116330124,35.28702654875815,0,318,2001,11
2001-11-15,26.30999330841007,0.116330124,35.27787099592388,0,319,2001,11
2001-11-16,26.25999330952766,0.11617388,35.2473524864763,0,320,2001,11
2001-11-17,26.14999331198635,0.13730414,35.23514508269727,0,321,2001,11
2001-11-18,26.099993313103937,,35.22904138080776,0,322,2001,11
2001-11-19,26.03999331444504,0.13666256,35.22293767891824,0,323,2001,11
2001-11-20,26.009993315115597,0.13314046,35.22904138080776,0,324,2001,11
2001-11-21,25.98999331556263,0.14523272,35.233619157224894,0,325,2001,11
2001-11-22,26.169993311539315,0.14435032,35.16953028738499,0,326,2001,11
2001-11-23,26.32999330796304,0.18466452,35.14358955435455,0,327,2001,11
2001-11-24,26.519993303716205,0.18664412,35.13901177793741,0,328,2001,11
2001-11-25,26.899993295222544,0.18686149,35.125278448686004,0,329,2001,11
2001-11-26,26.87999329566958,0.15701759,35.11612289585173,0,330,2001,11
2001-11-27,26.84999329634013,0.1410404,35.09781179018319,0,331,2001,11
2001-11-28,26.68999329991641,0.14108549,35.087130311876535,0,332,2001,11
2001-11-29,26.53999330326917,0.14108466,35.10849326848984,0,333,2001,11
2001-11-30,26.519993303716205,0.14110734,35.113071044906974,0,334,2001,11
2001-12-01,26.56999330259862,0.14834106,35.0825525354594,0,335,2001,12
2001-12-02,26.559993302822136,0.17475505,35.04440439864993,0,336,2001,12
2001-12-03,26.679993300139927,0.17452699,34.96353034861386,0,337,2001,12
2001-12-04,26.869993295893096,0.17346728,34.77889336645603,0,338,2001,12
2001-12-05,26.899993295222544,0.16384646,34.73158967681229,0,339,2001,12
2001-12-06,26.96999329365792,0.16383596,34.749900782480836,0,340,2001,12
2001-12-07,27.049993291869782,0.16383666,34.7956785466522,0,341,2001,12
2001-12-08,27.609993279352807,0.2563838,34.836878534406424,0,342,2001,12
2001-12-09,27.69999327734115,0.2564177,34.85671556554735,0,343,2001,12
2001-12-10,27.689993277564668,0.24716814,34.86892296932638,0,344,2001,12
2001-12-11,27.30999328605833,0.24443762,34.82772298157215,0,345,2001,12
2001-12-12,27.289993286505364,0.2443423,34.81398965232074,0,346,2001,12
2001-12-13,27.31999328583481,0.2461825,34.88570814952254,0,347,2001,12
2001-12-14,27.249993287399437,0.24804688,34.728537825867534,0,348,2001,12
2001-12-15,27.359993284940742,0.23319209,34.41114532761276,0,349,2001,12
2001-12-16,27.41999328359964,0.23726587,34.09527875483036,0,350,2001,12
2001-12-17,27.519993281364464,0.21183576,33.8343454990536,0,351,2001,12
2001-12-18,27.56999328024688,0.1827395,33.17056791856885,0,352,2001,12
2001-12-19,27.54999328069391,0.19442654,32.947782799601555,0,353,2001,12
2001-12-20,27.58999327979984,0.17720653,33.17361976951361,0,354,2001,12
2001-12-21,28.08999326862397,0.14978535,34.32416757568717,0,355,2001,12
2001-12-22,28.11999326795342,0.13221787,34.810937801375985,0,356,2001,12
2001-12-23,28.149993267282863,0.16202715,34.94521924294531,0,357,2001,12
2001-12-24,27.80999327488246,3.0664012,34.74227115511894,0,358,2001,12
2001-12-25,27.749993276223563,2.8592646,34.25550092943013,0,359,2001,12
2001-12-26,27.73999327644708,2.8592634,33.932004729285836,0,360,2001,12
2001-12-27,27.709993277117636,2.8592634,33.812982542440295,0,361,2001,12
2001-12-28,27.789993275329493,0.4585806,33.77483440563083,0,362,2001,12
2001-12-29,27.42999328337612,0.099042445,34.03729358687997,0,363,2001,12
2001-12-30,27.609993279352807,0.09277016,34.5301675144583,0,364,2001,12
2001-12-31,27.769993275776528,0.09784405,34.92538221180439,0,365,2001,12
2002-01-01,27.80999327488246,0.09699587,34.968108125030994,0,1,2002,1
2002-01-02,27.689993277564668,0.094900854,35.013885889202356,0,2,2002,1
2002-01-03,27.489993282035016,0.10274905,35.10544141754508,0,3,2002,1
2002-01-04,27.439993283152603,0.13501605,35.16495251096785,0,4,2002,1
2002-01-05,27.32999328561129,0.13327661,35.1329080760479,0,5,2002,1
2002-01-06,27.719993276894115,0.13512747,34.9894710816443,0,6,2002,1
2002-01-07,27.93999327197673,0.1351431,34.812463726848364,0,7,2002,1
2002-01-08,27.85999327376487,0.5747397,34.71022672019899,0,8,2002,1
2002-01-09,27.87999327331784,0.31022054,34.82619705609977,0,9,2002,1
2002-01-10,27.8999932728708,0.30933362,34.968108125030994,0,10,2002,1
2002-01-11,27.88999327309432,0.30892134,35.016937740147114,0,11,2002,1
2002-01-12,28.1299932677299,0.18872134,34.907071106135845,0,12,2002,1
2002-01-13,28.23999326527121,0.1887171,34.82772298157215,0,13,2002,1
2002-01-14,28.25999326482417,0.1887164,34.91622665897012,0,14,2002,1
2002-01-15,28.31999326348307,0.18088633,35.0611895788461,0,15,2002,1
2002-01-16,28.309993263706588,0.19402413,35.1039154920727,1,16,2002,1
2002-01-17,28.339993263036035,0.19213526,35.05813772790134,0,17,2002,1
2002-01-18,28.55999325811865,0.1919789,34.95742664672434,0,18,2002,1
2002-01-19,28.55999325811865,0.14009014,34.93758961558342,0,19,2002,1
2002-01-20,28.55999325811865,0.13967901,35.038300696760416,0,20,2002,1
2002-01-21,28.55999325811865,0.1506985,34.990997007116675,0,21,2002,1
2002-01-22,28.55999325811865,0.1729319,34.800256323069334,0,22,2002,1
2002-01-23,28.419993261247896,0.19219401,34.46913049556315,0,23,2002,1
2002-01-24,28.219993265718244,0.24157822,34.18073058128357,0,24,2002,1
2002-01-25,28.179993266612318,0.16035897,34.28907128982246,0,25,2002,1
2002-01-26,28.07999326884749,0.12142423,34.73311560228467,0,26,2002,1
2002-01-27,28.059993269294523,0.105818816,35.06576735526323,0,27,2002,1
2002-01-28,27.73999327644708,0.11000373,35.18021176569164,0,28,2002,1
2002-01-29,27.709993277117636,0.18093678,35.11612289585173,0,29,2002,1
2002-01-30,27.719993276894115,0.14938867,35.09781179018319,0,30,2002,1
2002-01-31,28.1299932677299,0.15451196,35.11764882132411,0,31,2002,1
2002-02-01,28.31999326348307,0.17326728,35.14206362888217,0,32,2002,2
2002-02-02,28.31999326348307,0.17192052,35.113071044906974,0,33,2002,2
2002-02-03,27.829993274435424,0.15837166,35.06881920620799,0,34,2002,2
2002-02-04,27.56999328024688,0.2697121,35.15732288360596,0,35,2002,2
2002-02-05,27.519993281364464,0.25688076,35.242774710059166,0,36,2002,2
2002-02-06,27.93999327197673,0.19925073,35.27481914497912,0,37,2002,2
2002-02-07,28.06999326907101,0.22009963,35.24124878458679,0,38,2002,2
2002-02-08,28.08999326862397,0.23830058,35.27481914497912,0,39,2002,2
2002-02-09,28.08999326862397,0.17333335,35.317545058205724,0,40,2002,2
2002-02-10,27.81999327465894,0.1460477,35.254982113838196,0,41,2002,2
2002-02-11,27.649993278458737,0.18008466,35.13748585246503,0,42,2002,2
2002-02-12,27.519993281364464,0.2363448,35.12985622510314,0,43,2002,2
2002-02-13,27.46999328248205,0.17913269,35.08560438640416,0,44,2002,2
2002-02-14,28.019993270188596,0.16477694,34.54847862012684,0,45,2002,2
2002-02-15,28.25999326482417,0.21237901,34.47218234650791,0,46,2002,2
2002-02-16,28.24999326504769,0.23666506,34.44624161347747,0,47,2002,2
2002-02-17,28.19999326616528,0.2520729,34.51643418520689,0,48,2002,2
2002-02-18,28.229993265494727,0.13476117,34.70564894378185,0,49,2002,2
2002-02-19,27.989993270859145,0.13429856,34.89791555330157,0,50,2002,2
2002-02-20,27.92999327220025,0.15637736,34.96200442314148,0,51,2002,2
2002-02-21,27.8999932728708,0.1196801,34.95895257219672,0,52,2002,2
2002-02-22,28.019993270188596,0.1192628,34.884182224050164,0,53,2002,2
2002-02-23,27.959993271529697,0.12181423,34.86281926743686,0,54,2002,2
2002-02-24,27.999993270635628,0.15267842,34.86587111838162,0,55,2002,2
2002-02-25,27.979993271082662,0.163913,34.89944147877395,0,56,2002,2
2002-02-26,27.959993271529697,0.16391234,34.884182224050164,0,57,2002,2
2002-02-27,28.06999326907101,0.10391826,34.884182224050164,0,58,2002,2
2002-02-28,28.11999326795342,0.09993969,34.89028592593968,0,59,2002,2
2002-03-01,28.65999325588348,0.13650903,34.8887600004673,0,60,2002,3
2002-03-02,28.679993255436443,0.15696807,34.88723407499492,0,61,2002,3
2002-03-03,28.679993255436443,0.07990925,34.92843406274915,0,62,2002,3
2002-03-04,28.56999325789513,0.14832923,35.02151551656425,0,63,2002,3
2002-03-05,28.369993262365483,0.14958838,35.10544141754508,0,64,2002,3
2002-03-06,28.19999326616528,0.123818226,35.148167330771685,0,65,2002,3
2002-03-07,28.1899932663888,0.114718884,35.1039154920727,0,66,2002,3
2002-03-08,28.03999326974156,0.10626961,35.09628586471081,0,67,2002,3
2002-03-09,27.96999327130618,0.10153305,35.15274510718882,0,68,2002,3
2002-03-10,27.93999327197673,0.17479645,35.18173769116402,0,69,2002,3
2002-03-11,27.4999932818115,0.17332637,35.19852287136018,0,70,2002,3
2002-03-12,27.359993284940742,0.13422355,35.225989529863,0,71,2002,3
2002-03-13,27.749993276223563,0.09256159,35.2763450704515,0,72,2002,3
2002-03-14,27.93999327197673,0.09256159,35.314493207260966,0,73,2002,3
2002-03-15,27.96999327130618,0.12875007,35.33585616387427,0,74,2002,3
2002-03-16,27.93999327197673,0.14071701,35.34958949312568,0,75,2002,3
2002-03-17,27.85999327376487,0.14099978,35.3190709836781,0,76,2002,3
2002-03-18,27.769993275776528,0.10726852,35.27481914497912,0,77,2002,3
2002-03-19,27.73999327644708,0.1323688,35.25193026289344,0,78,2002,3
2002-03-20,27.77999327555301,0.13502319,35.218359902501106,0,79,2002,3
2002-03-21,28.07999326884749,0.16301586,35.232093231752515,0,80,2002,3
2002-03-22,28.23999326527121,0.12623928,35.230567306280136,0,81,2002,3
2002-03-23,28.1299932677299,0.14148386,35.21225620061159,0,82,2002,3
2002-03-24,28.059993269294523,0.14149167,35.23514508269727,0,83,2002,3
2002-03-25,27.979993271082662,0.12355143,35.232093231752515,0,84,2002,3
2002-03-26,27.8999932728708,0.1156414,35.209204349666834,0,85,2002,3
2002-03-27,27.959993271529697,0.1390113,35.20310064777732,0,86,2002,3
2002-03-28,27.999993270635628,0.1620409,35.184789542108774,0,87,2002,3
2002-03-29,27.88999327309432,0.16196504,35.17715991474688,0,88,2002,3
2002-03-30,27.80999327488246,0.2586508,35.206152498722076,0,89,2002,3
2002-03-31,27.77999327555301,0.2585843,35.218359902501106,0,90,2002,3
2002-04-01,27.709993277117636,0.20570612,35.21530805155635,0,91,2002,4
2002-04-02,27.63999327868225,0.2057215,35.20004879683256,0,92,2002,4
2002-04-03,27.69999327734115,0.20195384,35.183263616636395,0,93,2002,4
2002-04-04,27.65999327823522,0.18254288,35.1756339892745,0,94,2002,4
2002-04-05,27.85999327376487,0.1741401,35.16647843644023,0,95,2002,4
2002-04-06,27.87999327331784,0.16902384,35.07034513168037,0,96,2002,4
2002-04-07,27.8999932728708,0.16901655,34.968108125030994,0,97,2002,4
2002-04-08,27.909993272647284,0.19427535,34.85213778913021,0,98,2002,4
2002-04-09,27.88999327309432,0.19418237,34.713278571143746,0,99,2002,4
2002-04-10,27.92999327220025,0.20727704,34.704123018309474,0,100,2002,4
2002-04-11,27.869993273541358,0.20727704,34.74074522964656,0,101,2002,4
2002-04-12,27.719993276894115,0.21691443,34.72243412397802,0,102,2002,4
2002-04-13,27.599993279576324,0.19690314,34.69954524189234,0,103,2002,4
2002-04-14,27.479993282258533,0.19627292,34.6736045088619,0,104,2002,4
2002-04-15,27.379993284493708,0.18785179,34.70870079472661,0,105,2002,4
2002-04-16,27.249993287399437,0.18761484,34.835352608934045,0,106,2002,4
2002-04-17,27.18999328874054,0.13293712,34.920804435387254,0,107,2002,4
2002-04-18,27.099993290752195,0.14165072,34.95132294483483,0,108,2002,4
2002-04-19,27.11999329030516,0.15997764,34.95895257219672,0,109,2002,4
2002-04-20,27.099993290752195,0.17741644,34.9894710816443,0,110,2002,4
2002-04-21,26.94999329410496,0.13301475,35.050508100539446,0,111,2002,4
2002-04-22,26.87999329566958,0.11759613,35.08407846093178,0,112,2002,4
2002-04-23,26.84999329634013,0.17119995,35.07797475904226,0,113,2002,4
2002-04-24,26.589993302151584,0.15917863,35.062715504318476,0,114,2002,4
2002-04-25,26.45999330505731,0.2037739,35.03524884581566,0,115,2002,4
2002-04-26,26.39999330639841,0.18339571,35.02456736750901,0,116,2002,4
2002-04-27,26.589993302151584,0.17830618,35.03677477128804,0,117,2002,4
2002-04-28,26.589993302151584,0.15240012,35.0535599514842,0,118,2002,4
2002-04-29,26.599993301928063,0.13587841,35.06576735526323,0,119,2002,4
2002-04-30,26.589993302151584,0.14922099,35.074922908097506,0,120,2002,4
2002-05-01,26.639993301034,0.15715848,35.088656237348914,0,121,2002,5
2002-05-02,26.56999330259862,0.19489321,35.10544141754508,0,122,2002,5
2002-05-03,26.53999330326917,0.13613257,35.11459697037935,0,123,2002,5
2002-05-04,26.48999330438676,0.13513097,35.09475993923843,0,124,2002,5
2002-05-05,26.369993307068967,0.19998358,35.04593032412231,0,125,2002,5
2002-05-06,26.519993303716205,0.19791007,34.99862663447857,0,126,2002,5
2002-05-07,26.48999330438676,0.18711741,35.004730336368084,0,127,2002,5
2002-05-08,26.48999330438676,0.15435086,35.029145143926144,0,128,2002,5
2002-05-09,26.359993307292484,0.14287467,35.04593032412231,0,129,2002,5
2002-05-10,26.26999330930414,0.1768637,35.08102660998702,0,130,2002,5
2002-05-11,26.1799933113158,0.2858438,35.12070067226887,0,131,2002,5
2002-05-12,26.059993313998007,0.2017962,35.158848809078336,0,132,2002,5
2002-05-13,25.70999332182112,0.1974443,35.16953028738499,0,133,2002,5
2002-05-14,25.70999332182112,0.17724319,35.160374734550714,0,134,2002,5
2002-05-15,25.699993322044637,0.17276354,35.17715991474688,0,135,2002,5
2002-05-16,25.619993323832773,0.84336394,35.20004879683256,0,136,2002,5
2002-05-17,25.639993323385735,0.17869428,35.21225620061159,0,137,2002,5
2002-05-18,25.639993323385735,0.18867996,35.225989529863,0,138,2002,5
2002-05-19,25.599993324279808,0.29690352,35.242774710059166,0,139,2002,5
2002-05-20,25.509993326291465,0.24091949,35.25193026289344,0,140,2002,5
2002-05-21,25.46999332718553,0.36825976,35.25193026289344,0,141,2002,5
2002-05-22,25.479993326962017,0.2019255,35.24124878458679,0,142,2002,5
2002-05-23,25.629993323609256,0.23633774,35.230567306280136,0,143,2002,5
2002-05-24,25.55999332517388,0.26008168,35.21683397702873,0,144,2002,5
2002-05-25,25.06999333612623,0.3234068,35.218359902501106,0,145,2002,5
2002-05-26,25.009993337467336,0.35837525,35.219885827973485,0,146,2002,5
2002-05-27,24.979993338137888,0.34813628,35.21683397702873,0,147,2002,5
2002-05-28,24.98999333791437,0.30137023,35.21683397702873,0,148,2002,5
2002-05-29,24.94999333880844,0.3019106,35.21378212608397,0,149,2002,5
2002-05-30,24.969993338361405,0.26276255,35.207678424194455,0,150,2002,5
2002-05-31,24.94999333880844,0.27336946,35.18631546758115,0,151,2002,5
2002-06-01,24.889993340149545,0.5236994,35.14206362888217,0,152,2002,6
2002-06-02,24.899993339926027,0.4231755,35.111545119434595,0,153,2002,6
2002-06-03,24.93999333903196,0.25558275,35.09628586471081,0,154,2002,6
2002-06-04,24.889993340149545,0.22155799,35.10238956660032,0,155,2002,6
2002-06-05,24.78999334238472,0.29814807,35.088656237348914,0,156,2002,6
2002-06-06,24.7999933421612,0.23948462,35.088656237348914,0,157,2002,6
2002-06-07,24.769993342831757,0.2106386,35.09170808829367,0,158,2002,6
2002-06-08,24.48999334909024,0.52525806,35.09170808829367,0,159,2002,6
2002-06-09,24.40999335087838,0.43797293,35.088656237348914,0,160,2002,6
2002-06-10,24.399993351101894,0.30056155,35.087130311876535,0,161,2002,6
2002-06-11,24.429993350431342,0.24121682,35.088656237348914,0,162,2002,6
2002-06-12,24.889993340149545,0.35437644,35.09628586471081,0,163,2002,6
2002-06-13,24.969993338361405,0.18872647,35.087130311876535,0,164,2002,6
2002-06-14,24.86999334059658,0.2713408,35.00625626184046,0,165,2002,6
2002-06-15,24.879993340373066,0.21382253,34.859767416492105,0,166,2002,6
2002-06-16,24.899993339926027,0.32154432,34.74837485700846,0,167,2002,6
2002-06-17,24.509993348643206,0.41392,34.7239600494504,0,168,2002,6
2002-06-18,24.429993350431342,0.6013293,34.71938227303326,0,169,2002,6
2002-06-19,24.43999335020783,0.8649233,34.716330422088504,0,170,2002,6
2002-06-20,24.579993347078585,0.35975385,34.73311560228467,0,171,2002,6
2002-06-21,24.59999334663155,0.29275605,34.788048919290304,0,172,2002,6
2002-06-22,24.52999334819617,0.24446025,34.82009335421026,0,173,2002,6
2002-06-23,24.609993346408032,0.25335345,34.85518964007497,0,174,2002,6
2002-06-24,24.52999334819617,0.16425781,34.92538221180439,0,175,2002,6
2002-06-25,24.509993348643206,0.23234724,34.919278509914875,0,176,2002,6
2002-06-26,24.389993351325412,0.22931251,34.90554518066347,0,177,2002,6
2002-06-27,24.259993354231145,0.23233157,34.929959988221526,0,178,2002,6
2002-06-28,24.239993354678177,0.22406249,34.95132294483483,0,179,2002,6
2002-06-29,24.189993355795764,0.6943981,34.966582199558616,0,180,2002,6
2002-06-30,24.17999335601928,0.720757,34.97115997597575,0,181,2002,6
2002-07-01,24.12999335713687,0.46981037,34.98794515617192,0,182,2002,7
2002-07-02,24.13999335691335,0.30939072,35.013885889202356,0,183,2002,7
2002-07-03,24.039993359148525,0.3492985,35.02456736750901,0,184,2002,7
2002-07-04,24.049993358925008,0.39199448,35.027619218453765,0,185,2002,7
2002-07-05,24.01999335959556,0.3538817,35.07950068451464,0,186,2002,7
2002-07-06,23.81999336406591,0.41839764,35.172582138329744,0,187,2002,7
2002-07-07,23.879993362724804,0.37650898,35.18021176569164,0,188,2002,7
2002-07-08,23.84999336339536,0.4555473,35.16953028738499,0,189,2002,7
2002-07-09,23.639993368089225,0.3750381,35.17868584021926,0,190,2002,7
2002-07-10,23.649993367865704,0.47881866,35.18631546758115,0,191,2002,7
2002-07-11,23.659993367642187,0.54297066,35.2046265732497,0,192,2002,7
2002-07-12,23.639993368089225,0.5111237,35.22293767891824,0,193,2002,7
2002-07-13,23.62999336831274,0.6396603,35.225989529863,0,194,2002,7
2002-07-14,23.81999336406591,0.32204458,35.230567306280136,0,195,2002,7
2002-07-15,24.069993358477973,0.20864716,35.23819693364203,0,196,2002,7
2002-07-16,24.079993358254452,0.21055946,35.25193026289344,0,197,2002,7
2002-07-17,24.05999335870149,0.37705725,35.25955989025533,0,198,2002,7
2002-07-18,23.959993360936664,0.37687513,35.27176729403436,0,199,2002,7
2002-07-19,23.85999336317184,0.35431978,35.233619157224894,0,200,2002,7
2002-07-20,23.739993365854048,0.3525349,35.27024136856198,0,201,2002,7
2002-07-21,23.71999336630108,0.3750796,35.28550062328577,0,202,2002,7
2002-07-22,23.679993367195152,0.3750796,35.305337654426694,0,203,2002,7
2002-07-23,23.66999336741867,0.45197347,35.32059690915048,0,204,2002,7
2002-07-24,23.60999336875977,0.46584034,35.328226536512375,0,205,2002,7
2002-07-25,23.529993370547917,0.42369333,35.33738208934665,0,206,2002,7
2002-07-26,23.449993372336053,0.58734286,35.34348579123616,0,207,2002,7
2002-07-27,23.469993371889014,0.65297544,35.33280431292951,0,208,2002,7
2002-07-28,23.369993374124192,2.0966613,35.29007839970291,0,209,2002,7
2002-07-29,23.379993373900675,0.9416296,35.280922846868634,0,210,2002,7
2002-07-30,23.369993374124192,0.8294154,35.2977080270648,0,211,2002,7
2002-07-31,23.29999337568881,0.82940453,35.29923395253718,0,212,2002,7
2002-08-01,23.259993376582884,0.9460846,35.33127838745713,0,213,2002,8
2002-08-02,23.28999337591233,0.9816505,35.36027097143233,0,214,2002,8
2002-08-03,23.309993375465297,0.98907435,35.38468577899039,0,215,2002,8
2002-08-04,23.269993376359366,0.6535745,35.38163392804563,0,216,2002,8
2002-08-05,23.259993376582884,0.35947004,35.38163392804563,0,217,2002,8
2002-08-06,23.309993375465297,0.35854304,35.38621170446277,0,218,2002,8
2002-08-07,23.50999337099495,0.26284274,35.387737629935145,0,219,2002,8
2002-08-08,23.499993371218466,0.38849056,35.39536725729704,0,220,2002,8
2002-08-09,23.50999337099495,0.2263431,35.401470959186554,0,221,2002,8
2002-08-10,23.649993367865704,0.24446449,35.40604873560369,0,222,2002,8
2002-08-11,23.529993370547917,0.2622185,35.36637467332184,0,223,2002,8
2002-08-12,23.529993370547917,0.2504669,35.305337654426694,0,224,2002,8
2002-08-13,23.78999336473646,0.22531971,35.23514508269727,0,225,2002,8
2002-08-14,23.739993365854048,0.49794972,35.21683397702873,0,226,2002,8
2002-08-15,23.769993365183492,0.40348893,35.16800436191261,0,227,2002,8
2002-08-16,23.769993365183492,0.2594773,35.14969325624406,0,228,2002,8
2002-08-17,23.81999336406591,0.34673837,35.15732288360596,0,229,2002,8
2002-08-18,23.81999336406591,0.25015298,35.19089324399829,0,230,2002,8
2002-08-19,23.759993365407013,0.31721216,35.230567306280136,0,231,2002,8
2002-08-20,23.71999336630108,0.24969123,35.267189517617226,0,232,2002,8
2002-08-21,23.649993367865704,0.20383134,35.267189517617226,0,233,2002,8
2002-08-22,23.659993367642187,0.19523685,35.268715443089604,0,234,2002,8
2002-08-23,24.339993352443003,0.19486195,35.25955989025533,0,235,2002,8
2002-08-24,24.32999335266652,0.21969989,35.25345618836582,0,236,2002,8
2002-08-25,24.339993352443003,0.17519327,35.2473524864763,0,237,2002,8
2002-08-26,24.21999335512521,0.23046693,35.23514508269727,0,238,2002,8
2002-08-27,24.20999335534873,0.31465003,35.21530805155635,0,239,2002,8
2002-08-28,24.359993351995968,0.2349826,35.148167330771685,0,240,2002,8
2002-08-29,24.859993340820097,0.24074388,35.074922908097506,0,241,2002,8
2002-08-30,24.889993340149545,0.18730518,34.92690813727677,0,242,2002,8
2002-08-31,24.889993340149545,0.2121077,34.76821188814938,0,243,2002,8
2002-09-01,24.809993341937684,0.27936956,34.56526380032301,0,244,2002,9
2002-09-02,24.67999334484341,0.18633792,34.571367502212524,0,245,2002,9
2002-09-03,24.549993347749137,0.17862517,34.61409341543913,0,246,2002,9
2002-09-04,24.46999334953728,0.1801381,34.69954524189234,0,247,2002,9
2002-09-05,24.48999334909024,0.19668558,34.79720447212458,0,248,2002,9
2002-09-06,24.44999334998431,0.19784531,34.823145205155015,0,249,2002,9
2002-09-07,24.299993353337072,0.19509158,34.847560012713075,0,250,2002,9
2002-09-08,24.149993356689837,0.15728956,34.859767416492105,0,251,2002,9
2002-09-09,24.00999335981908,0.27987844,34.908597031608224,0,252,2002,9
2002-09-10,23.999993360042595,0.27993146,34.870448894798756,0,253,2002,9
2002-09-11,23.729993366077565,0.20857684,34.980315528810024,0,254,2002,9
2002-09-12,23.649993367865704,0.28562212,35.14206362888217,0,255,2002,9
2002-09-13,23.649993367865704,0.23343013,35.34501171670854,0,256,2002,9
2002-09-14,23.529993370547917,0.25320294,35.38010800257325,0,257,2002,9
2002-09-15,23.51999337077143,0.25933537,35.3907894808799,0,258,2002,9
2002-09-16,23.499993371218466,0.23847722,35.38468577899039,0,259,2002,9
2002-09-17,23.309993375465297,0.2099097,35.41520428843796,0,260,2002,9
2002-09-18,23.38999337367716,0.23646332,35.4411450214684,0,261,2002,9
2002-09-19,23.379993373900675,0.18171611,35.4625079780817,0,262,2002,9
2002-09-20,23.32999337501826,0.18874358,35.471663530915976,0,263,2002,9
2002-09-21,23.429993372783088,0.16384396,35.46861167997122,0,264,2002,9
2002-09-22,23.59999336898329,0.1994386,35.460982052609324,0,265,2002,9
2002-09-23,23.82999336384239,0.17659335,35.459456127136946,0,266,2002,9
2002-09-24,23.839993363618877,0.27045467,35.4411450214684,0,267,2002,9
2002-09-25,23.86999336294832,0.21582139,35.42741169221699,0,268,2002,9
2002-09-26,24.05999335870149,0.23319013,35.41673021391034,0,269,2002,9
2002-09-27,24.1699933562428,0.23685986,35.37400430068374,0,270,2002,9
2002-09-28,24.22999335490169,0.28467223,35.19394509494305,0,271,2002,9
2002-09-29,24.24999335445466,0.3536162,35.16800436191261,0,272,2002,9
2002-09-30,24.339993352443003,0.38090235,35.11764882132411,0,273,2002,9
2002-10-01,24.44999334998431,0.2123705,35.09018216282129,0,274,2002,10
2002-10-02,24.51999334841969,0.21270257,35.0611895788461,0,275,2002,10
2002-10-03,24.509993348643206,0.2744785,35.05813772790134,0,276,2002,10
2002-10-04,24.499993348866724,0.2761152,35.100863641127944,0,277,2002,10
2002-10-05,24.55999334752562,0.31492263,35.1329080760479,0,278,2002,10
2002-10-06,24.569993347302105,0.32312056,35.16953028738499,0,279,2002,10
2002-10-07,24.499993348866724,0.27471012,35.18936731852591,0,280,2002,10
2002-10-08,24.579993347078585,0.25058836,35.28702654875815,0,281,2002,10
2002-10-09,24.739993343502302,0.2549684,35.39689318276942,0,282,2002,10
2002-10-10,24.82999334149065,0.1724597,35.34958949312568,0,283,2002,10
2002-10-11,24.859993340820097,0.15136535,35.26261174120009,0,284,2002,10
2002-10-12,24.75999334305527,0.21105886,35.27481914497912,0,285,2002,10
2002-10-13,24.729993343725823,0.24923697,35.29007839970291,0,286,2002,10
2002-10-14,24.71999334394934,0.18204316,35.30838950537145,0,287,2002,10
2002-10-15,24.67999334484341,0.12560894,35.31296728178859,0,288,2002,10
2002-10-16,24.709993344172855,0.18053882,35.3190709836781,0,289,2002,10
2002-10-17,24.729993343725823,0.17136326,35.30991543084383,0,290,2002,10
2002-10-18,24.569993347302105,0.13915119,35.303811728954315,0,291,2002,10
2002-10-19,24.579993347078585,0.12940244,35.30991543084383,0,292,2002,10
2002-10-20,24.63999334573748,0.12931052,35.32059690915048,0,293,2002,10
2002-10-21,24.859993340820097,0.14210242,35.34653764218092,0,294,2002,10
2002-10-22,23.51999337077143,0.13523872,35.35721912048757,0,295,2002,10
2002-10-23,23.649993367865704,0.17903201,35.34501171670854,0,296,2002,10
2002-10-24,23.89999336227777,0.15173869,35.33585616387427,0,297,2002,10
2002-10-25,24.359993351995968,0.14856668,35.33738208934665,0,298,2002,10
2002-10-26,24.609993346408032,0.30578133,35.34958949312568,0,299,2002,10
2002-10-27,25.09999333545568,0.31160226,35.363322822377086,0,300,2002,10
2002-10-28,25.239993332326435,0.23147672,35.36179689690471,0,301,2002,10
2002-10-29,25.309993330761813,0.22289878,35.3480635676533,0,302,2002,10
2002-10-30,25.199993333220505,0.2228991,35.314493207260966,0,303,2002,10
2002-10-31,25.169993333891057,0.28477404,35.25803396478295,0,304,2002,10
2002-11-01,24.359993351995968,0.2950314,35.19852287136018,0,305,2002,11
2002-11-02,24.389993351325412,0.29495427,35.18784139305353,0,306,2002,11
2002-11-03,24.67999334484341,0.26669794,35.18173769116402,0,307,2002,11
2002-11-04,24.889993340149545,0.19328073,35.184789542108774,0,308,2002,11
2002-11-05,24.929993339255475,0.19328073,35.12680437415838,0,309,2002,11
2002-11-06,25.039993336796783,0.19335443,35.11764882132411,0,310,2002,11
2002-11-07,24.7999933421612,0.23111497,35.17868584021926,0,311,2002,11
2002-11-08,24.98999333791437,0.23111433,35.225989529863,0,312,2002,11
2002-11-09,24.959993338584923,0.2291374,35.244300635531545,0,313,2002,11
2002-11-10,24.90999333970251,0.18350571,35.242774710059166,0,314,2002,11
2002-11-11,24.809993341937684,0.18687546,35.279396921396255,0,315,2002,11
2002-11-12,24.879993340373066,0.19017056,35.291604325175285,0,316,2002,11
2002-11-13,24.59999334663155,0.17501679,35.28397469781339,0,317,2002,11
2002-11-14,24.459993349760797,0.13453905,35.267189517617226,0,318,2002,11
2002-11-15,24.569993347302105,0.12790535,35.279396921396255,0,319,2002,11
2002-11-16,25.119993335008644,0.17624186,35.30838950537145,0,320,2002,11
2002-11-17,25.279993331432365,0.16429892,35.32517468556762,0,321,2002,11
2002-11-18,25.44999332763257,0.16429892,35.351115418598056,0,322,2002,11
2002-11-19,26.01999331489208,0.119312935,35.38468577899039,0,323,2002,11
2002-11-20,25.809993319585946,0.11302166,35.413678362965584,0,324,2002,11
2002-11-21,25.749993320927047,0.113965586,35.41825613938272,0,325,2002,11
2002-11-22,25.7199933215976,0.13966878,35.42893761768937,0,326,2002,11
2002-11-23,25.749993320927047,0.11059769,35.43961909599602,0,327,2002,11
2002-11-24,25.659993322938703,0.11385348,35.425885766744614,0,328,2002,11
2002-11-25,25.7199933215976,0.15596367,35.44419687241316,0,329,2002,11
2002-11-26,25.599993324279808,0.1571978,35.45793020166457,0,330,2002,11
2002-11-27,25.509993326291465,0.1548635,35.4625079780817,0,331,2002,11
2002-11-28,25.439993327856087,0.13909033,35.473189456388354,0,332,2002,11
2002-11-29,25.359993329644222,0.13954034,35.48234500922263,0,333,2002,11
2002-11-30,25.40999332852664,0.1395397,35.48081908375025,0,334,2002,11
2002-12-01,25.56999332495036,0.14439593,35.48234500922263,0,335,2002,12
2002-12-02,25.619993323832773,0.14439599,35.47471538186073,0,336,2002,12
2002-12-03,25.739993321150564,0.13158572,35.471663530915976,0,337,2002,12
2002-12-04,25.349993329867743,0.13158749,35.471663530915976,0,338,2002,12
2002-12-05,25.209993332996987,0.13222899,35.473189456388354,0,339,2002,12
2002-12-06,25.229993332549952,0.12847231,35.47776723280549,0,340,2002,12
2002-12-07,25.599993324279808,0.13489534,35.48234500922263,0,341,2002,12
2002-12-08,25.9499933164567,0.12637137,35.4701376054436,0,342,2002,12
2002-12-09,26.37999330684545,0.113997,35.448774648830295,0,343,2002,12
2002-12-10,26.53999330326917,0.12303231,35.459456127136946,0,344,2002,12
2002-12-11,26.559993302822136,0.13281506,35.471663530915976,0,345,2002,12
2002-12-12,26.519993303716205,0.14068517,35.47624130733311,0,346,2002,12
2002-12-13,26.60999330170455,0.14406727,35.48997463658452,0,347,2002,12
2002-12-14,26.61999330148103,0.17040254,35.497604263946414,0,348,2002,12
2002-12-15,26.76999329812827,0.1698058,35.50065611489117,0,349,2002,12
2002-12-16,26.76999329812827,0.16979417,35.50218204036355,0,350,2002,12
2002-12-17,26.989993293210887,0.20859633,35.50065611489117,0,351,2002,12
2002-12-18,26.869993295893096,0.20186432,35.49302648752928,0,352,2002,12
2002-12-19,26.899993295222544,0.13548097,35.49302648752928,0,353,2002,12
2002-12-20,26.869993295893096,0.16439939,35.4915005620569,0,354,2002,12
2002-12-21,26.869993295893096,0.16391888,35.48997463658452,0,355,2002,12
2002-12-22,26.84999329634013,0.12755704,35.4915005620569,0,356,2002,12
2002-12-23,26.88999329544606,0.1559508,35.48692278563976,0,357,2002,12
2002-12-24,26.99999329298737,0.16510345,35.47624130733311,0,358,2002,12
2002-12-25,26.869993295893096,0.18430337,35.471663530915976,0,359,2002,12
2002-12-26,26.87999329566958,0.1685833,35.48234500922263,0,360,2002,12
2002-12-27,26.88999329544606,0.15631494,35.50370796583593,0,361,2002,12
2002-12-28,27.10999329052868,0.1395824,35.520493146032095,0,362,2002,12
2002-12-29,26.979993293434404,0.15926124,35.52354499697685,0,363,2002,12
2002-12-30,27.00999329276385,0.15079609,35.51744129508734,0,364,2002,12
2002-12-31,27.459993282705568,,35.45640427619219,0,365,2002,12
2003-01-01,27.34999328516426,0.1329253,35.43046354316175,0,1,2003,1
2003-01-02,27.409993283823155,0.14804694,35.471663530915976,0,2,2003,1
2003-01-03,27.339993285387777,0.261804,35.4625079780817,0,3,2003,1
2003-01-04,27.25999328717592,0.36814183,35.45335242524743,0,4,2003,1
2003-01-05,27.19999328851702,0.21699168,35.46403390355408,0,5,2003,1
2003-01-06,27.839993274211903,0.21752845,35.48997463658452,0,6,2003,1
2003-01-07,27.92999327220025,0.19851969,35.4625079780817,0,7,2003,1
2003-01-08,27.8999932728708,0.16945893,35.42741169221699,0,8,2003,1
2003-01-09,27.80999327488246,0.17817204,35.401470959186554,0,9,2003,1
2003-01-10,27.709993277117636,0.1781751,35.33433023840189,0,10,2003,1
2003-01-11,27.669993278011702,0.20074935,35.16190066002309,0,11,2003,1
2003-01-12,27.56999328024688,0.20060354,35.07950068451464,0,12,2003,1
2003-01-13,27.50999328158798,0.16616255,35.1039154920727,0,13,2003,1
2003-01-14,27.529993281140943,0.23355146,35.14969325624406,0,14,2003,1
2003-01-15,27.4999932818115,0.2333422,35.19394509494305,0,15,2003,1
2003-01-16,27.839993274211903,0.18868475,35.21378212608397,0,16,2003,1
2003-01-17,27.77999327555301,0.12995963,35.20310064777732,0,17,2003,1
2003-01-18,27.829993274435424,0.14153698,35.111545119434595,0,18,2003,1
2003-01-19,27.56999328024688,0.16160864,34.859767416492105,0,19,2003,1
2003-01-20,27.61999327912929,0.15515584,34.67513043433428,0,20,2003,1
2003-01-21,27.679993277788185,0.19211271,34.595782309770584,0,21,2003,1
2003-01-22,27.69999327734115,0.18626468,34.41877495497465,0,22,2003,1
2003-01-23,27.88999327309432,0.14923832,34.25244907848537,0,23,2003,1
2003-01-24,28.019993270188596,0.16196555,34.08612320199609,0,24,2003,1
2003-01-25,28.07999326884749,0.1334708,33.95336768589914,0,25,2003,1
2003-01-26,28.06999326907101,0.13198127,33.93658250570297,0,26,2003,1
2003-01-27,28.029993269965075,0.1845226,34.00067137554288,0,27,2003,1
2003-01-28,28.019993270188596,0.1581393,34.02508618310094,0,28,2003,1
2003-01-29,28.55999325811865,0.15536253,34.064760245382786,0,29,2003,1
2003-01-30,28.539993258565687,0.2147471,34.11816763691604,0,30,2003,1
2003-01-31,28.55999325811865,0.2131904,34.14716022089124,0,31,2003,1
2003-02-01,28.66999325565996,0.2669992,34.028138034045696,0,32,2003,2
2003-02-02,28.66999325565996,0.22669938,32.78450877405703,0,33,2003,2
2003-02-03,28.66999325565996,0.21492289,32.958464277908206,0,34,2003,2
2003-02-04,28.599993257224583,0.21592824,33.320108614861965,0,35,2003,2
2003-02-05,28.529993258789204,0.32520065,33.43150117434561,0,36,2003,2
2003-02-06,28.49999325945976,0.32514042,33.428449323400855,0,37,2003,2
2003-02-07,28.51999325901272,0.43110016,33.47422708757222,0,38,2003,2
2003-02-08,28.66999325565996,0.50975686,33.404034515842795,0,39,2003,2
2003-02-09,28.73999325409534,0.39543557,33.50627152249217,0,40,2003,2
2003-02-10,28.07999326884749,0.3130554,33.96710101515055,0,41,2003,2
2003-02-11,27.96999327130618,0.28767538,34.27533796057105,0,42,2003,2
2003-02-12,27.979993271082662,0.2773288,34.94064146652818,0,43,2003,2
2003-02-13,28.099993268400453,0.20062017,34.907071106135845,0,44,2003,2
2003-02-14,28.599993257224583,0.22478501,34.919278509914875,0,45,2003,2
2003-02-15,28.599993257224583,0.19694954,34.99404885806143,0,46,2003,2
2003-02-16,28.599993257224583,0.17099887,34.933011839166284,0,47,2003,2
2003-02-17,28.359993262589,0.17257227,34.91470073349774,0,48,2003,2
2003-02-18,28.34999326281252,0.20482303,35.013885889202356,0,49,2003,2
2003-02-19,28.42999326102438,0.16761357,35.07187105715275,0,50,2003,2
2003-02-20,28.459993260353823,0.13975357,35.04593032412231,0,51,2003,2
2003-02-21,28.55999325811865,0.1302238,35.013885889202356,0,52,2003,2
2003-02-22,28.489993259683278,0.13034149,35.039826622232795,0,53,2003,2
2003-02-23,28.649993256106995,0.11947849,35.14053770340979,0,54,2003,2
2003-02-24,28.54999325834217,0.1187399,35.135959926992655,0,55,2003,2
2003-02-25,28.55999325811865,0.12197051,35.15121918171644,0,56,2003,2
2003-02-26,28.50999325923624,0.11543949,35.195471020415425,0,57,2003,2
2003-02-27,28.529993258789204,0.11543744,35.206152498722076,0,58,2003,2
2003-02-28,28.50999325923624,0.11538405,35.14053770340979,0,59,2003,2
2003-03-01,28.369993262365483,0.11987444,35.09628586471081,0,60,2003,3
2003-03-02,28.31999326348307,0.26221487,35.123752523213625,0,61,2003,3
2003-03-03,28.329993263259556,0.25751603,35.06576735526323,0,62,2003,3
2003-03-04,28.339993263036035,0.25583175,34.992522932589054,0,63,2003,3
2003-03-05,28.1299932677299,0.2557789,35.01998959109187,0,64,2003,3
2003-03-06,27.999993270635628,0.2910992,35.00625626184046,0,65,2003,3
2003-03-07,27.909993272647284,0.29287264,35.027619218453765,0,66,2003,3
2003-03-08,26.94999329410496,0.2695471,35.09628586471081,0,67,2003,3
2003-03-09,26.939993294328477,0.21355766,35.148167330771685,0,68,2003,3
2003-03-10,26.94999329410496,0.20230803,35.15732288360596,0,69,2003,3
2003-03-11,26.92999329455199,0.17682214,35.160374734550714,0,70,2003,3
2003-03-12,26.989993293210887,0.13829502,35.16647843644023,0,71,2003,3
2003-03-13,26.989993293210887,0.14532878,35.16495251096785,0,72,2003,3
2003-03-14,27.00999329276385,0.1640851,35.14206362888217,0,73,2003,3
2003-03-15,27.18999328874054,0.1388647,35.13901177793741,0,74,2003,3
2003-03-16,27.049993291869782,0.14215751,35.13901177793741,0,75,2003,3
2003-03-17,26.789993297681235,0.13561466,35.146641405299306,0,76,2003,3
2003-03-18,26.779993297904756,0.13030978,35.146641405299306,0,77,2003,3
2003-03-19,26.95999329388144,0.11867627,35.12833029963076,0,78,2003,3
2003-03-20,27.099993290752195,0.14196418,35.09018216282129,0,79,2003,3
2003-03-21,27.909993272647284,0.14495617,35.06881920620799,0,80,2003,3
2003-03-22,27.959993271529697,0.1327824,35.0611895788461,0,81,2003,3
2003-03-23,27.979993271082662,0.19433759,35.0611895788461,0,82,2003,3
2003-03-24,27.93999327197673,0.1993414,35.0321969948709,0,83,2003,3
2003-03-25,27.87999327331784,0.22528474,34.95895257219672,0,84,2003,3
2003-03-26,27.789993275329493,0.2852578,34.88570814952254,0,85,2003,3
2003-03-27,26.679993300139927,0.2952779,34.97115997597575,0,86,2003,3
2003-03-28,26.70999329946937,0.21698634,35.09781179018319,0,87,2003,3
2003-03-29,26.69999329969289,0.1829979,35.135959926992655,0,88,2003,3
2003-03-30,27.34999328516426,0.28762245,35.146641405299306,0,89,2003,3
2003-03-31,27.479993282258533,0.12261959,35.15274510718882,0,90,2003,3
2003-04-01,27.57999328002336,0.20031065,35.15274510718882,0,91,2003,4
2003-04-02,27.4999932818115,0.15633504,35.14053770340979,0,92,2003,4
2003-04-03,27.62999327890577,0.26240948,35.12985622510314,0,93,2003,4
2003-04-04,27.709993277117636,0.20291057,35.12070067226887,0,94,2003,4
2003-04-05,27.459993282705568,0.1840114,35.135959926992655,0,95,2003,4
2003-04-06,27.31999328583481,0.19887747,35.14969325624406,0,96,2003,4
2003-04-07,27.459993282705568,0.20422769,35.15579695813358,0,97,2003,4
2003-04-08,27.599993279576324,0.1733974,35.16190066002309,0,98,2003,4
2003-04-09,27.529993281140943,0.16404814,35.172582138329744,0,99,2003,4
2003-04-10,27.519993281364464,0.25331974,35.18936731852591,0,100,2003,4
2003-04-11,27.54999328069391,0.25330007,35.18784139305353,0,101,2003,4
2003-04-12,27.46999328248205,0.2025951,35.18784139305353,0,102,2003,4
2003-04-13,27.44999328292909,0.20795652,35.18936731852591,0,103,2003,4
2003-04-14,27.4999932818115,0.21001247,35.19089324399829,0,104,2003,4
2003-04-15,27.53999328091743,0.21974328,35.18173769116402,0,105,2003,4
2003-04-16,27.58999327979984,0.20440318,35.15579695813358,0,106,2003,4
2003-04-17,27.57999328002336,0.19857623,35.16190066002309,0,107,2003,4
2003-04-18,27.44999328292909,0.19603881,35.158848809078336,0,108,2003,4
2003-04-19,27.41999328359964,0.20251185,35.1039154920727,0,109,2003,4
2003-04-20,27.38999328427019,0.19425964,35.09781179018319,0,110,2003,4
2003-04-21,27.30999328605833,0.20758611,35.15274510718882,0,111,2003,4
2003-04-22,27.249993287399437,0.15796778,35.16647843644023,0,112,2003,4
2003-04-23,27.169993289187573,0.20937917,35.16953028738499,0,113,2003,4
2003-04-24,27.059993291646265,0.21104403,35.15732288360596,0,114,2003,4
2003-04-25,26.739993298798822,0.23690476,35.13748585246503,0,115,2003,4
2003-04-26,26.869993295893096,0.30971864,35.12680437415838,0,116,2003,4
2003-04-27,26.84999329634013,0.25836754,35.122226597741246,0,117,2003,4
2003-04-28,26.209993310645245,0.23027799,35.11612289585173,0,118,2003,4
2003-04-29,26.02999331466856,0.29812083,35.11764882132411,0,119,2003,4
2003-04-30,26.10999331288042,0.27063867,35.052034026011825,0,120,2003,4
2003-05-01,26.76999329812827,0.2162977,34.871974820271134,0,121,2003,5
2003-05-02,26.839993296563648,0.26733604,35.00625626184046,0,122,2003,5
2003-05-03,26.8099932972342,0.2398537,35.04898217506707,0,123,2003,5
2003-05-04,26.64999330081048,0.22299948,35.07034513168037,0,124,2003,5
2003-05-05,26.5799933023751,0.4768868,35.07187105715275,0,125,2003,5
2003-05-06,26.5799933023751,0.2094856,35.10849326848984,0,126,2003,5
2003-05-07,26.39999330639841,0.20693552,35.134434001520276,0,127,2003,5
2003-05-08,26.30999330841007,0.21958281,35.135959926992655,0,128,2003,5
2003-05-09,26.199993310868763,0.19392876,35.1329080760479,0,129,2003,5
2003-05-10,26.119993312656906,0.23370834,35.12833029963076,0,130,2003,5
2003-05-11,26.07999331355097,0.31272393,35.1329080760479,0,131,2003,5
2003-05-12,25.939993316680216,0.20217313,35.1329080760479,0,132,2003,5
2003-05-13,25.86999331824484,0.16071884,35.125278448686004,0,133,2003,5
2003-05-14,25.87999331802132,0.14143741,35.1329080760479,0,134,2003,5
2003-05-15,25.87999331802132,0.20399943,35.14206362888217,0,135,2003,5
2003-05-16,25.86999331824484,0.19531709,35.14206362888217,0,136,2003,5
2003-05-17,25.75999332070353,0.27071714,35.122226597741246,0,137,2003,5
2003-05-18,25.629993323609256,0.19294198,35.110019193962216,0,138,2003,5
2003-05-19,25.56999332495036,0.21556523,35.10544141754508,0,139,2003,5
2003-05-20,25.33999333009126,0.21227175,35.10544141754508,0,140,2003,5
2003-05-21,25.39999332875016,0.24649665,35.111545119434595,0,141,2003,5
2003-05-22,25.37999332919719,0.20988257,35.111545119434595,0,142,2003,5
2003-05-23,25.24999333210292,0.21457262,35.100863641127944,0,143,2003,5
2003-05-24,25.2599933318794,0.1957797,35.0825525354594,0,144,2003,5
2003-05-25,25.29999333098533,0.16930741,35.05966365337372,0,145,2003,5
2003-05-26,25.33999333009126,0.20892459,35.050508100539446,0,146,2003,5
2003-05-27,25.29999333098533,0.20820346,35.05508587695658,0,147,2003,5
2003-05-28,25.269993331655883,0.27390635,35.04898217506707,0,148,2003,5
2003-05-29,25.189993333444026,0.18704191,35.04440439864993,0,149,2003,5
2003-05-30,25.439993327856087,0.2152443,35.02304144203663,0,150,2003,5
2003-05-31,25.41999332830312,0.20533249,34.978789603337646,0,151,2003,5
2003-06-01,25.429993328079604,0.19407302,34.954374795779586,0,152,2003,6
2003-06-02,25.269993331655883,0.4592744,34.942167392000556,0,153,2003,6
2003-06-03,25.17999333366754,0.32149225,34.93758961558342,0,154,2003,6
2003-06-04,25.209993332996987,0.51011854,34.917752584442496,0,155,2003,6
2003-06-05,25.269993331655883,0.28759164,34.858241491019726,0,156,2003,6
2003-06-06,25.44999332763257,0.20604289,34.79262669570744,0,157,2003,6
2003-06-07,25.46999332718553,0.23934177,34.76516003720462,0,158,2003,6
2003-06-08,24.969993338361405,0.29588962,34.74837485700846,0,159,2003,6
2003-06-09,24.86999334059658,0.46229675,34.66902673244476,0,160,2003,6
2003-06-10,24.889993340149545,0.45953825,34.67055265791714,0,161,2003,6
2003-06-11,24.83999334126713,0.27016753,34.70564894378185,0,162,2003,6
2003-06-12,24.859993340820097,0.356242,34.73616745322943,0,163,2003,6
2003-06-13,24.969993338361405,0.5453597,34.73616745322943,0,164,2003,6
2003-06-14,24.94999333880844,0.33759448,34.766685962677,0,165,2003,6
2003-06-15,24.90999333970251,0.2578385,34.800256323069334,0,166,2003,6
2003-06-16,25.049993336573262,0.24961421,34.86587111838162,0,167,2003,6
2003-06-17,25.05999333634975,0.23312901,34.90401925519109,0,168,2003,6
2003-06-18,24.499993348866724,0.21445699,34.91470073349774,0,169,2003,6
2003-06-19,24.549993347749137,0.326498,34.882656298577785,0,170,2003,6
2003-06-20,24.549993347749137,0.7198757,34.77889336645603,0,171,2003,6
2003-06-21,24.31999335289004,0.50861096,34.6232489682734,0,172,2003,6
2003-06-22,24.239993354678177,0.5144299,34.66139710508287,0,173,2003,6
2003-06-23,24.24999335445466,0.23779538,34.74074522964656,0,174,2003,6
2003-06-24,24.299993353337072,0.24838594,34.77736744098365,0,175,2003,6
2003-06-25,24.21999335512521,0.2648997,34.78957484476268,0,176,2003,6
2003-06-26,24.149993356689837,0.26574242,34.76058226078749,0,177,2003,6
2003-06-27,24.05999335870149,0.29669642,34.86129334196448,0,178,2003,6
2003-06-28,24.079993358254452,0.3269639,34.894863702356815,0,179,2003,6
2003-06-29,24.05999335870149,0.25537097,34.92843406274915,0,180,2003,6
2003-06-30,24.039993359148525,0.27224573,34.94827109389007,0,181,2003,6
2003-07-01,24.05999335870149,0.27224496,34.917752584442496,0,182,2003,7
2003-07-02,24.149993356689837,0.284813,34.87655259668827,0,183,2003,7
2003-07-03,24.15999335646632,0.30414626,34.79415262117982,0,184,2003,7
2003-07-04,24.199993355572246,0.2749418,34.74684893153608,0,185,2003,7
2003-07-05,24.349993352219485,0.24361075,34.78347114287317,0,186,2003,7
2003-07-06,24.36999335177245,0.2894655,34.81856742873788,0,187,2003,7
2003-07-07,24.28999335356059,0.26697055,34.836878534406424,0,188,2003,7
2003-07-08,24.13999335691335,0.28041875,34.833826683461666,0,189,2003,7
2003-07-09,24.1699933562428,0.2827327,34.823145205155015,0,190,2003,7
2003-07-10,24.1699933562428,0.28600103,34.8170415032655,0,191,2003,7
2003-07-11,24.119993357360386,0.28213957,34.812463726848364,0,192,2003,7
2003-07-12,24.029993359372043,0.34252328,34.7956785466522,0,193,2003,7
2003-07-13,23.58999336920681,0.48212793,34.766685962677,0,194,2003,7
2003-07-14,23.51999337077143,0.37299174,34.7239600494504,0,195,2003,7
2003-07-15,23.489993371441983,0.3364431,34.67055265791714,0,196,2003,7
2003-07-16,23.569993369653844,0.3408336,34.66292303055525,0,197,2003,7
2003-07-17,23.38999337367716,0.3909611,34.67513043433428,0,198,2003,7
2003-07-18,23.219993377476957,0.3839914,34.68733783811331,0,199,2003,7
2003-07-19,23.22999337725344,0.50840247,34.69801931641996,0,200,2003,7
2003-07-20,23.16999337859454,0.4933263,34.70870079472661,0,201,2003,7
2003-07-21,23.29999337568881,0.25252143,34.727011900395155,0,202,2003,7
2003-07-22,23.50999337099495,0.30450198,34.749900782480836,0,203,2003,7
2003-07-23,23.529993370547917,1.3441608,34.798730397596955,0,204,2003,7
2003-07-24,23.449993372336053,0.38542506,34.821619279682636,0,205,2003,7
2003-07-25,23.419993373006605,0.26067084,34.82619705609977,0,206,2003,7
2003-07-26,22.97999338284137,0.31590673,34.810937801375985,0,207,2003,7
2003-07-27,23.069993380829715,0.33662492,34.786522993817925,0,208,2003,7
2003-07-28,23.119993379712128,0.25789914,34.728537825867534,0,209,2003,7
2003-07-29,23.43999337255957,0.31919432,34.67665635980666,0,210,2003,7
2003-07-30,23.45999337211253,0.21163268,34.653767477720976,0,211,2003,7
2003-07-31,23.449993372336053,0.20340344,34.63698229752481,0,212,2003,7
2003-08-01,23.499993371218466,0.21293107,34.655293403193355,0,213,2003,8
2003-08-02,23.58999336920681,0.35681468,34.64613785035908,0,214,2003,8
2003-08-03,23.62999336831274,0.35681427,34.60341193713248,0,215,2003,8
2003-08-04,23.51999337077143,0.42599234,34.56831565126777,0,216,2003,8
2003-08-05,23.45999337211253,0.35302022,34.52864158898592,0,217,2003,8
2003-08-06,23.43999337255957,0.36400688,34.51338233426213,0,218,2003,8
2003-08-07,23.469993371889014,0.4156967,34.50727863237262,0,219,2003,8
2003-08-08,23.54999337010088,0.20491764,34.524063812568784,0,220,2003,8
2003-08-09,23.569993369653844,0.54668283,34.545426769182086,0,221,2003,8
2003-08-10,23.66999336741867,0.4033199,34.55610824748874,0,222,2003,8
2003-08-11,23.84999336339536,0.54287964,34.56373787485063,0,223,2003,8
2003-08-12,23.82999336384239,0.54287964,34.58510083146393,0,224,2003,8
2003-08-13,24.00999335981908,0.5428727,34.62477489374578,0,225,2003,8
2003-08-14,24.069993358477973,0.2725059,34.690389689058065,0,226,2003,8
2003-08-15,24.069993358477973,0.2725059,34.78041929192841,0,227,2003,8
2003-08-16,24.119993357360386,0.2919424,34.82619705609977,0,228,2003,8
2003-08-17,24.05999335870149,0.25140595,34.8384044598788,0,229,2003,8
2003-08-18,23.78999336473646,0.36153683,34.84145631082356,0,230,2003,8
2003-08-19,23.679993367195152,0.4002971,34.83077483251691,0,231,2003,8
2003-08-20,23.579993369430326,0.40029788,34.809411875903606,0,232,2003,8
2003-08-21,23.54999337010088,0.25331163,34.80330817401409,0,233,2003,8
2003-08-22,23.54999337010088,0.29306993,34.78194521740079,0,234,2003,8
2003-08-23,23.0799933806062,0.4850543,34.75447855889797,0,235,2003,8
2003-08-24,23.199993377923988,0.39635432,34.74227115511894,0,236,2003,8
2003-08-25,23.38999337367716,1.3597137,34.751426707953215,0,237,2003,8
2003-08-26,23.269993376359366,1.3345191,34.74837485700846,0,238,2003,8
2003-08-27,23.179993378371023,0.43625844,34.78041929192841,0,239,2003,8
2003-08-28,23.16999337859454,2.4585526,34.79720447212458,0,240,2003,8
2003-08-29,23.14999337904157,1.6023961,34.79110077023506,0,241,2003,8
2003-08-30,22.869993385300063,1.2079433,34.76973781362176,0,242,2003,8
2003-08-31,22.759993387758755,0.34276754,34.74837485700846,0,243,2003,8
2003-09-01,22.64999339021745,0.6548357,34.75600448437035,0,244,2003,9
2003-09-02,22.639993390440964,1.2707534,34.7956785466522,0,245,2003,9
2003-09-03,22.69999338909986,0.53789085,34.835352608934045,0,246,2003,9
2003-09-04,22.70999338887634,1.1837643,34.90554518066347,0,247,2003,9
2003-09-05,22.70999338887634,1.175515,34.9391155410558,0,248,2003,9
2003-09-06,22.81999338641765,0.30184445,34.931485913693905,0,249,2003,9
2003-09-07,22.889993384853028,0.29367393,34.95284887030721,0,250,2003,9
2003-09-08,22.60999339111152,0.497803,34.942167392000556,0,251,2003,9
2003-09-09,22.65999338999393,0.7962059,34.94827109389007,0,252,2003,9
2003-09-10,22.69999338909986,7.4676237,34.917752584442496,0,253,2003,9
2003-09-11,23.0199933819473,5.744892,34.84450816176832,0,254,2003,9
2003-09-12,23.569993369653844,2.508663,34.800256323069334,0,255,2003,9
2003-09-13,23.379993373900675,0.7031865,34.713278571143746,0,256,2003,9
2003-09-14,23.339993374794744,0.4390844,34.63698229752481,0,257,2003,9
2003-09-15,22.96999338306489,0.30375203,34.655293403193355,0,258,2003,9
2003-09-16,22.849993385747094,0.36911678,34.58967860788107,0,259,2003,9
2003-09-17,22.809993386641167,0.33089504,34.44318976253271,0,260,2003,9
2003-09-18,23.659993367642187,0.3342743,34.34553053230047,0,261,2003,9
2003-09-19,23.54999337010088,0.30367318,34.39741199836135,0,262,2003,9
2003-09-20,23.43999337255957,0.16189563,34.49049345217645,0,263,2003,9
2003-09-21,22.95999338328841,0.6299062,34.51948603615165,0,264,2003,9
2003-09-22,23.16999337859454,0.628041,34.594256384298205,0,265,2003,9
2003-09-23,23.379993373900675,0.24603887,34.74227115511894,0,266,2003,9
2003-09-24,23.39999337345364,0.25321114,34.8384044598788,0,267,2003,9
2003-09-25,23.419993373006605,0.38874504,34.82924890704453,0,268,2003,9
2003-09-26,23.7099933665246,0.41617444,34.84908593818545,0,269,2003,9
2003-09-27,23.959993360936664,0.28542626,34.92538221180439,0,270,2003,9
2003-09-28,23.91999336183073,0.26184726,34.92385628633201,0,271,2003,9
2003-09-29,24.039993359148525,0.33704257,34.93453776463866,0,272,2003,9
2003-09-30,24.389993351325412,0.27895093,35.00778218731284,0,273,2003,9
2003-10-01,24.48999334909024,0.46853036,35.0611895788461,0,274,2003,10
2003-10-02,24.55999334752562,0.24331684,35.03372292034328,0,275,2003,10
2003-10-03,24.609993346408032,0.36857164,35.052034026011825,0,276,2003,10
2003-10-04,25.189993333444026,0.38731283,35.088656237348914,0,277,2003,10
2003-10-05,25.359993329644222,0.22563012,35.11612289585173,0,278,2003,10
2003-10-06,25.349993329867743,0.37670743,35.11612289585173,0,279,2003,10
2003-10-07,25.15999333411457,0.37670743,35.148167330771685,0,280,2003,10
2003-10-08,24.98999333791437,0.37641758,35.16342658549547,0,281,2003,10
2003-10-09,24.739993343502302,0.34727222,35.16495251096785,0,282,2003,10
2003-10-10,24.67999334484341,0.16338012,35.15732288360596,0,283,2003,10
2003-10-11,24.71999334394934,0.16325827,35.15274510718882,0,284,2003,10
2003-10-12,24.7999933421612,0.16296913,35.16190066002309,0,285,2003,10
2003-10-13,24.84999334104361,0.11907502,35.171056212857366,0,286,2003,10
2003-10-14,24.729993343725823,0.11906578,35.16647843644023,0,287,2003,10
2003-10-15,24.48999334909024,0.22907212,35.160374734550714,0,288,2003,10
2003-10-16,24.399993351101894,0.30516714,35.15121918171644,0,289,2003,10
2003-10-17,24.40999335087838,0.30516714,35.135959926992655,0,290,2003,10
2003-10-18,24.399993351101894,0.30515328,35.09323401376605,0,291,2003,10
2003-10-19,24.499993348866724,0.30345425,35.05508587695658,0,292,2003,10
2003-10-20,24.569993347302105,0.35513422,35.03067106939852,0,293,2003,10
2003-10-21,24.55999334752562,0.35513422,35.027619218453765,0,294,2003,10
2003-10-22,24.499993348866724,0.35513422,35.02304144203663,0,295,2003,10
2003-10-23,24.379993351548933,0.36858132,35.016937740147114,0,296,2003,10
2003-10-24,24.459993349760797,0.38346732,35.00015255995095,0,297,2003,10
2003-10-25,24.47999334931376,0.3648441,34.96963405050337,0,298,2003,10
2003-10-26,24.32999335266652,0.49888405,34.9391155410558,0,299,2003,10
2003-10-27,24.119993357360386,0.49887896,34.907071106135845,0,300,2003,10
2003-10-28,24.15999335646632,0.3392569,34.88723407499492,0,301,2003,10
2003-10-29,24.48999334909024,0.34958524,34.907071106135845,0,302,2003,10
2003-10-30,24.71999334394934,0.33581617,34.93453776463866,0,303,2003,10
2003-10-31,24.819993341714166,0.2963794,34.97573775239289,0,304,2003,10
2003-11-01,24.899993339926027,0.26750237,35.00930811278522,0,305,2003,11
2003-11-02,24.999993337690853,0.2630789,35.039826622232795,0,306,2003,11
2003-11-03,25.079993335902717,0.2819888,35.08102660998702,0,307,2003,11
2003-11-04,24.90999333970251,0.2823438,35.088656237348914,0,308,2003,11
2003-11-05,24.859993340820097,0.28048587,35.0535599514842,0,309,2003,11
2003-11-06,24.98999333791437,0.27734953,34.99862663447857,0,310,2003,11
2003-11-07,25.14999333433809,0.26874802,35.08102660998702,0,311,2003,11
2003-11-08,24.86999334059658,0.26842397,35.110019193962216,0,312,2003,11
2003-11-09,24.919993339478992,0.33465198,35.11459697037935,0,313,2003,11
2003-11-10,24.969993338361405,0.18565106,35.125278448686004,0,314,2003,11
2003-11-11,26.26999330930414,0.19257738,35.134434001520276,0,315,2003,11
2003-11-12,26.33999330773952,0.16232398,35.13748585246503,0,316,2003,11
2003-11-13,26.359993307292484,0.16920131,35.14969325624406,0,317,2003,11
2003-11-14,26.37999330684545,0.18132076,35.16953028738499,0,318,2003,11
2003-11-15,26.29999330863359,0.1818024,35.184789542108774,0,319,2003,11
2003-11-16,26.22999331019821,0.24321315,35.19089324399829,0,320,2003,11
2003-11-17,26.10999331288042,0.19609801,35.21378212608397,0,321,2003,11
2003-11-18,26.02999331466856,0.19519527,35.23514508269727,0,322,2003,11
2003-11-19,26.519993303716205,0.15177044,35.23972285911441,0,323,2003,11
2003-11-20,26.739993298798822,0.16444641,35.25193026289344,0,324,2003,11
2003-11-21,26.87999329566958,0.16444641,35.24582656100392,0,325,2003,11
2003-11-22,26.829993296787165,0.15783514,35.242774710059166,1,326,2003,11
2003-11-23,26.839993296563648,0.15376043,35.230567306280136,1,327,2003,11
2003-11-24,26.41999330595138,0.14439937,35.22904138080776,0,328,2003,11
2003-11-25,26.359993307292484,0.15716422,35.22904138080776,0,329,2003,11
2003-11-26,26.29999330863359,0.1692664,35.22904138080776,0,330,2003,11
2003-11-27,26.249993309751176,0.1976292,35.22446360439062,0,331,2003,11
2003-11-28,26.22999331019821,0.197628,35.218359902501106,0,332,2003,11
2003-11-29,26.1799933113158,0.19763178,35.17715991474688,0,333,2003,11
2003-11-30,25.969993316009663,0.16876614,35.17715991474688,0,334,2003,11
2003-12-01,25.979993315786142,0.16878214,35.17868584021926,0,335,2003,12
2003-12-02,25.979993315786142,0.2319829,35.18021176569164,0,336,2003,12
2003-12-03,26.37999330684545,0.13327973,35.19241916947067,0,337,2003,12
2003-12-04,26.29999330863359,0.19748572,35.18631546758115,0,338,2003,12
2003-12-05,26.199993310868763,0.17890164,35.18021176569164,0,339,2003,12
2003-12-06,26.26999330930414,0.18066894,35.172582138329744,0,340,2003,12
2003-12-07,26.39999330639841,0.18048483,35.15732288360596,0,341,2003,12
2003-12-08,26.529993303492688,0.15387619,35.148167330771685,0,342,2003,12
2003-12-09,26.49999330416324,0.17296137,35.16953028738499,0,343,2003,12
2003-12-10,26.449993305280827,0.20028529,35.1329080760479,0,344,2003,12
2003-12-11,26.429993305727866,0.193836,35.016937740147114,0,345,2003,12
2003-12-12,26.549993303045653,0.19495083,34.966582199558616,0,346,2003,12
2003-12-13,27.439993283152603,0.15150027,34.80330817401409,0,347,2003,12
2003-12-14,27.46999328248205,0.14736378,34.77126373909414,0,348,2003,12
2003-12-15,27.519993281364464,0.15390442,34.751426707953215,0,349,2003,12
2003-12-16,27.19999328851702,0.1530203,34.66292303055525,0,350,2003,12
2003-12-17,27.27999328672888,0.15476322,34.64766377583146,0,351,2003,12
2003-12-18,27.30999328605833,0.13148008,34.653767477720976,0,352,2003,12
2003-12-19,27.15999328941109,0.13135275,34.786522993817925,0,353,2003,12
2003-12-20,27.15999328941109,0.13173486,34.917752584442496,0,354,2003,12
2003-12-21,27.15999328941109,0.13567272,34.97421182692051,0,355,2003,12
2003-12-22,26.979993293434404,0.13567209,34.94521924294531,0,356,2003,12
2003-12-23,26.8099932972342,0.14923674,34.896389627829194,0,357,2003,12
2003-12-24,26.679993300139927,0.14923674,34.85671556554735,0,358,2003,12
2003-12-25,26.629993301257517,0.23531549,34.80178224854171,0,359,2003,12
2003-12-26,26.84999329634013,0.23531562,34.75447855889797,0,360,2003,12
2003-12-27,26.909993294999023,0.23442163,34.79262669570744,0,361,2003,12
2003-12-28,26.989993293210887,0.14697544,34.99862663447857,0,362,2003,12
2003-12-29,27.18999328874054,0.14697544,35.09323401376605,0,363,2003,12
2003-12-30,27.22999328784647,0.14654787,35.07339698262513,0,364,2003,12
2003-12-31,27.22999328784647,0.18534228,35.01998959109187,0,365,2003,12
2004-01-01,27.529993281140943,0.18531643,34.98336737975478,0,1,2004,1
2004-01-02,27.50999328158798,0.18917985,35.027619218453765,0,2,2004,1
2004-01-03,27.4999932818115,0.18932424,35.038300696760416,0,3,2004,1
2004-01-04,27.07999329119923,0.18933053,35.09170808829367,0,4,2004,1
2004-01-05,27.11999329030516,0.1726927,35.13901177793741,0,5,2004,1
2004-01-06,27.289993286505364,0.18025997,35.14969325624406,0,6,2004,1
2004-01-07,28.03999326974156,0.18988237,35.14206362888217,0,7,2004,1
2004-01-08,27.92999327220025,0.18986507,35.10849326848984,0,8,2004,1
2004-01-09,27.75999327600005,0.17222342,35.076448833569884,0,9,2004,1
2004-01-10,27.789993275329493,0.3912445,35.03372292034328,0,10,2004,1
2004-01-11,27.869993273541358,0.39121178,35.003204410895705,0,11,2004,1
2004-01-12,27.69999327734115,0.19705571,35.02151551656425,0,12,2004,1
2004-01-13,27.58999327979984,0.152276,34.99862663447857,0,13,2004,1
2004-01-14,27.679993277788185,0.1734611,34.98794515617192,0,14,2004,1
2004-01-15,27.789993275329493,0.17080745,35.004730336368084,0,15,2004,1
2004-01-16,27.829993274435424,0.17945221,34.96963405050337,1,16,2004,1
2004-01-17,27.88999327309432,0.23188363,34.966582199558616,0,17,2004,1
2004-01-18,27.919993272423767,0.20635937,34.8170415032655,0,18,2004,1
2004-01-19,27.8999932728708,0.22434168,34.49354530312121,0,19,2004,1
2004-01-20,28.24999326504769,0.19714196,34.3867305200547,0,20,2004,1
2004-01-21,28.20999326594176,0.20189136,34.316537948325276,0,21,2004,1
2004-01-22,28.19999326616528,0.20200665,34.211249090731144,0,22,2004,1
2004-01-23,28.309993263706588,0.2028783,34.22956019639969,0,23,2004,1
2004-01-24,28.309993263706588,0.22933485,34.20819723978639,0,24,2004,1
2004-01-25,28.309993263706588,0.15755056,34.25550092943013,0,25,2004,1
2004-01-26,28.339993263036035,0.15436932,34.295174991711974,0,26,2004,1
2004-01-27,28.27999326437714,0.15431052,34.09527875483036,0,27,2004,1
2004-01-28,28.50999325923624,0.15148874,34.07238987274468,0,28,2004,1
2004-01-29,28.8199932523072,0.114701204,34.20209353789687,0,29,2004,1
2004-01-30,28.93999324962499,0.121574335,34.365367563441396,0,30,2004,1
2004-01-31,29.039993247389816,0.09484911,34.48896752670407,0,31,2004,1
2004-02-01,28.839993251860164,0.10519578,34.5515304710716,0,32,2004,2
2004-02-02,28.359993262589,0.17370042,34.606463788077235,0,33,2004,2
2004-02-03,28.269993264600657,0.20083627,34.62477489374578,0,34,2004,2
2004-02-04,28.24999326504769,0.14431696,34.57441935315728,0,35,2004,2
2004-02-05,28.099993268400453,0.14475738,34.58662675693631,0,36,2004,2
2004-02-06,28.289993264153622,0.14499706,34.62782674469054,0,37,2004,2
2004-02-07,28.27999326437714,0.14512776,34.66902673244476,0,38,2004,2
2004-02-08,28.299993263930105,0.24076754,34.7453230060637,0,39,2004,2
2004-02-09,28.219993265718244,0.19133136,34.81551557779312,0,40,2004,2
2004-02-10,28.099993268400453,0.14967498,34.871974820271134,1,41,2004,2
2004-02-11,27.979993271082662,0.19242378,34.88723407499492,0,42,2004,2
2004-02-12,27.96999327130618,0.17370564,34.88723407499492,0,43,2004,2
2004-02-13,27.959993271529697,0.17353234,34.88723407499492,0,44,2004,2
2004-02-14,28.019993270188596,0.127799,34.846034087240696,0,45,2004,2
2004-02-15,28.04999326951804,0.11681398,34.79262669570744,0,46,2004,2
2004-02-16,27.999993270635628,0.10990852,34.77278966456652,0,47,2004,2
2004-02-17,27.93999327197673,0.10930017,34.77736744098365,0,48,2004,2
2004-02-18,28.08999326862397,0.103557795,34.76516003720462,0,49,2004,2
2004-02-19,28.23999326527121,0.13321477,34.78041929192841,3,50,2004,2
2004-02-20,28.25999326482417,0.13599673,34.788048919290304,0,51,2004,2
2004-02-21,28.20999326594176,0.13502139,34.78194521740079,0,52,2004,2
2004-02-22,28.20999326594176,0.13710874,34.774315590038896,0,53,2004,2
2004-02-23,28.15999326705935,0.17006181,34.73616745322943,0,54,2004,2
2004-02-24,28.50999325923624,0.16366117,34.67055265791714,0,55,2004,2
2004-02-25,28.46999326013031,0.16011599,34.630878595635295,0,56,2004,2
2004-02-26,28.47999325990679,0.16101168,34.49659715406597,0,57,2004,2
2004-02-27,28.49999325945976,0.3141339,34.22498241998255,0,58,2004,2
2004-02-28,28.459993260353823,0.31375918,33.81603439338505,0,59,2004,2
2004-02-29,28.329993263259556,0.64742565,32.95541242696345,0,60,2004,2
2004-03-01,28.31999326348307,0.27334756,31.39133881777525,0,61,2004,3
2004-03-02,28.289993264153622,0.38052046,30.402539111673832,0,62,2004,3
2004-03-03,28.299993263930105,0.37906915,30.18890954554081,0,63,2004,3
2004-03-04,28.31999326348307,0.26077744,29.860835568979383,0,64,2004,3
2004-03-05,28.369993262365483,0.25149238,29.50376900844276,0,65,2004,3
2004-03-06,28.43999326080086,0.20676678,29.572435654699802,0,66,2004,3
2004-03-07,28.38999326191845,0.20665446,30.533768702298403,0,67,2004,3
2004-03-08,28.47999325990679,0.13229755,31.296731438487768,0,68,2004,3
2004-03-09,28.649993256106995,0.13004354,31.661427626386285,0,69,2004,3
2004-03-10,28.649993256106995,0.1456783,32.05206454731524,0,70,2004,3
2004-03-11,28.39999326169493,0.14994556,32.49305700883269,0,71,2004,3
2004-03-12,28.339993263036035,0.15335089,32.51136811450124,0,72,2004,3
2004-03-13,28.359993262589,0.13871898,32.261116337031126,0,73,2004,3
2004-03-14,28.24999326504769,0.13962986,32.24585708230734,0,74,2004,3
2004-03-15,28.229993265494727,0.14309101,32.88979763165116,0,75,2004,3
2004-03-16,28.219993265718244,0.16288398,32.309945952147245,0,76,2004,3
2004-03-17,28.219993265718244,0.12439102,32.07800528034568,0,77,2004,3
2004-03-18,28.1899932663888,0.12325817,32.514419965445995,0,78,2004,3
2004-03-19,28.1899932663888,0.12925725,32.636494003236294,0,79,2004,3
2004-03-20,28.1899932663888,0.12912557,32.81350135803223,0,80,2004,3
2004-03-21,28.27999326437714,0.099671945,33.16904199309647,0,81,2004,3
2004-03-22,28.299993263930105,0.18668135,33.451338205486536,0,82,2004,3
2004-03-23,28.139993267506384,0.18670864,33.34910119883716,0,83,2004,3
2004-03-24,27.959993271529697,0.18175304,33.837397349998355,0,84,2004,3
2004-03-25,27.87999327331784,0.17719057,34.26618240773678,1,85,2004,3
2004-03-26,27.8999932728708,0.17690977,34.29059721529484,0,86,2004,3
2004-03-27,28.50999325923624,0.14084888,34.26618240773678,0,87,2004,3
2004-03-28,28.54999325834217,0.13876007,33.98693804629147,0,88,2004,3
2004-03-29,28.529993258789204,0.22859992,33.54441965930164,0,89,2004,3
2004-03-30,28.38999326191845,0.15783922,33.30484936013818,0,90,2004,3
2004-03-31,28.16999326683583,0.20762639,32.99813834019005,0,91,2004,3
2004-04-01,28.03999326974156,0.20634215,32.970671681687236,0,92,2004,4
2004-04-02,27.869993273541358,0.13050185,33.27738270163536,0,93,2004,4
2004-04-03,27.87999327331784,0.13481326,33.307901211082935,0,94,2004,4
2004-04-04,27.989993270859145,0.12720513,33.297219732776284,0,95,2004,4
2004-04-05,28.00999327041211,0.24522991,33.2102419808507,0,96,2004,4
2004-04-06,27.96999327130618,0.24053575,32.94320502318442,0,97,2004,4
2004-04-07,27.88999327309432,0.18453223,32.802819879725575,0,98,2004,4
2004-04-08,27.909993272647284,0.2634197,32.95083465054631,0,99,2004,4
2004-04-09,28.06999326907101,0.15663193,33.19193087518215,0,100,2004,4
2004-04-10,28.03999326974156,0.1555505,33.104953123256564,0,101,2004,4
2004-04-11,28.00999327041211,0.11951146,33.042390178889036,0,102,2004,4
2004-04-12,27.769993275776528,0.14631607,33.561204839497805,0,103,2004,4
2004-04-13,27.63999327868225,0.1445089,34.29059721529484,0,104,2004,4
2004-04-14,27.489993282035016,0.1450516,34.50727863237262,0,105,2004,4
2004-04-15,27.359993284940742,0.3193356,34.127323189750314,0,106,2004,4
2004-04-16,27.32999328561129,0.3193356,33.89080474153161,0,107,2004,4
2004-04-17,27.32999328561129,0.20741521,33.6832788772881,0,108,2004,4
2004-04-18,27.209993288293504,0.24593523,33.63902703858912,0,109,2004,4
2004-04-19,27.249993287399437,0.23098437,33.62376778386533,0,110,2004,4
2004-04-20,27.249993287399437,0.10570525,33.70769368484616,0,111,2004,4
2004-04-21,27.41999328359964,0.23046589,33.74889367260039,0,112,2004,4
2004-04-22,27.489993282035016,0.15129763,33.872493635863066,0,113,2004,4
2004-04-23,27.41999328359964,0.14830174,34.09527875483036,0,114,2004,4
2004-04-24,27.27999328672888,0.21035886,34.4294564332813,0,115,2004,4
2004-04-25,27.169993289187573,0.12662248,34.56373787485063,0,116,2004,4
2004-04-26,27.0399932920933,0.13204245,34.667500806972384,0,117,2004,4
2004-04-27,26.94999329410496,0.118450135,34.91470073349774,0,118,2004,4
2004-04-28,26.8099932972342,0.15408717,35.04593032412231,0,119,2004,4
2004-04-29,26.639993301034,0.14042723,35.04745624959469,0,120,2004,4
2004-04-30,26.599993301928063,0.19072282,35.01998959109187,0,121,2004,4
2004-05-01,26.37999330684545,0.13298318,35.003204410895705,0,122,2004,5
2004-05-02,26.38999330662193,0.19107917,34.9894710816443,0,123,2004,5
2004-05-03,26.38999330662193,0.18726985,34.99862663447857,0,124,2004,5
2004-05-04,25.939993316680216,0.14754452,35.04898217506707,0,125,2004,5
2004-05-05,25.969993316009663,0.17326795,35.099337715655565,0,126,2004,5
2004-05-06,25.979993315786142,0.1653836,35.12985622510314,0,127,2004,5
2004-05-07,26.01999331489208,0.17611802,35.14969325624406,0,128,2004,5
2004-05-08,26.009993315115597,0.12014293,35.15121918171644,0,129,2004,5
2004-05-09,25.98999331556263,0.19868574,35.13901177793741,0,130,2004,5
2004-05-10,25.99999331533911,0.17594199,35.12833029963076,0,131,2004,5
2004-05-11,25.95999331623318,0.1274286,35.125278448686004,0,132,2004,5
2004-05-12,25.95999331623318,0.15581575,35.13901177793741,0,133,2004,5
2004-05-13,25.739993321150564,0.17825732,35.146641405299306,0,134,2004,5
2004-05-14,25.4899933267385,0.16811344,35.14969325624406,0,135,2004,5
2004-05-15,25.46999332718553,0.13611211,35.16342658549547,0,136,2004,5
2004-05-16,25.499993326514986,0.1557417,35.17410806380212,0,137,2004,5
2004-05-17,25.319993330538296,0.16928357,35.18784139305353,0,138,2004,5
2004-05-18,25.269993331655883,0.18661608,35.19852287136018,0,139,2004,5
2004-05-19,25.2599933318794,0.23271309,35.2046265732497,0,140,2004,5
2004-05-20,25.019993337243815,0.13878736,35.21225620061159,0,141,2004,5
2004-05-21,25.009993337467336,0.17021142,35.230567306280136,0,142,2004,5
2004-05-22,25.049993336573262,0.17562366,35.242774710059166,0,143,2004,5
2004-05-23,25.289993331208848,0.23503971,35.233619157224894,0,144,2004,5
2004-05-24,25.279993331432365,0.2382287,35.2046265732497,0,145,2004,5
2004-05-25,25.29999333098533,0.19542454,35.18173769116402,0,146,2004,5
2004-05-26,25.279993331432365,0.14056201,35.148167330771685,0,147,2004,5
2004-05-27,25.319993330538296,0.17076139,35.04745624959469,0,148,2004,5
2004-05-28,25.309993330761813,0.13619195,34.93606369011104,0,149,2004,5
2004-05-29,25.17999333366754,0.15395348,34.86434519290924,0,150,2004,5
2004-05-30,25.0299933370203,0.20096481,34.7956785466522,0,151,2004,5
2004-05-31,24.93999333903196,0.17258391,34.824671130627394,0,152,2004,5
2004-06-01,24.919993339478992,0.20397054,34.76973781362176,0,153,2004,6
2004-06-02,25.09999333545568,0.25007936,34.78194521740079,0,154,2004,6
2004-06-03,25.119993335008644,0.21627697,34.763634111732244,0,155,2004,6
2004-06-04,25.119993335008644,0.18603674,34.73158967681229,0,156,2004,6
2004-06-05,25.019993337243815,0.1961028,34.70107116736472,0,157,2004,6
2004-06-06,25.129993334785127,0.20747687,34.67513043433428,0,158,2004,6
2004-06-07,25.079993335902717,0.18541802,34.678182285279036,0,159,2004,6
2004-06-08,24.84999334104361,0.33697405,34.69954524189234,0,160,2004,6
2004-06-09,24.729993343725823,0.33697113,34.73616745322943,0,161,2004,6
2004-06-10,24.509993348643206,0.22042318,34.775841515511274,0,162,2004,6
2004-06-11,24.419993350654863,0.2401136,34.788048919290304,0,163,2004,6
2004-06-12,24.389993351325412,0.23068638,34.798730397596955,0,164,2004,6
2004-06-13,24.349993352219485,0.33346105,34.812463726848364,0,165,2004,6
2004-06-14,24.31999335289004,0.20816232,34.821619279682636,0,166,2004,6
2004-06-15,24.239993354678177,0.3761871,34.82772298157215,0,167,2004,6
2004-06-16,24.359993351995968,0.24345687,34.82924890704453,0,168,2004,6
2004-06-17,24.36999335177245,0.3019953,34.835352608934045,0,169,2004,6
2004-06-18,24.17999335601928,0.2595817,34.85061186365783,0,170,2004,6
2004-06-19,24.1699933562428,0.21431135,34.86892296932638,0,171,2004,6
2004-06-20,24.1699933562428,0.20763962,34.859767416492105,0,172,2004,6
2004-06-21,24.24999335445466,0.1757776,34.85213778913021,0,173,2004,6
2004-06-22,24.299993353337072,0.23586781,34.84298223629594,0,174,2004,6
2004-06-23,24.339993352443003,0.19051813,34.82619705609977,0,175,2004,6
2004-06-24,24.359993351995968,0.24281701,34.559160098433495,0,176,2004,6
2004-06-25,24.239993354678177,0.25451508,34.25244907848537,0,177,2004,6
2004-06-26,24.069993358477973,0.20877847,34.26160463131964,0,178,2004,6
2004-06-27,24.089993358030934,0.2986082,34.379100892692804,0,179,2004,6
2004-06-28,24.109993357583903,0.48222074,34.414197178557515,0,180,2004,6
2004-06-29,24.09999335780742,0.48419574,34.47676012292504,0,181,2004,6
2004-06-30,24.039993359148525,0.21258776,34.533219365403056,0,182,2004,6
2004-07-01,24.039993359148525,0.1999678,34.52864158898592,0,183,2004,7
2004-07-02,24.20999335534873,0.21898922,34.52558973804116,0,184,2004,7
2004-07-03,24.32999335266652,0.22632731,34.56831565126777,0,185,2004,7
2004-07-04,24.24999335445466,0.2137746,34.56831565126777,0,186,2004,7
2004-07-05,24.079993358254452,0.21086715,34.59883416071534,0,187,2004,7
2004-07-06,23.90999336205425,0.2851467,34.68733783811331,0,188,2004,7
2004-07-07,23.62999336831274,0.29041442,34.67207858338952,0,189,2004,7
2004-07-08,23.489993371441983,0.28237233,34.704123018309474,0,190,2004,7
2004-07-09,23.50999337099495,0.34359932,34.74837485700846,0,191,2004,7
2004-07-10,23.429993372783088,0.36079136,34.80788595043123,0,192,2004,7
2004-07-11,23.419993373006605,0.35777384,34.847560012713075,0,193,2004,7
2004-07-12,23.38999337367716,0.32804447,34.8887600004673,0,194,2004,7
2004-07-13,23.27999337613585,0.4260887,34.89333777688444,0,195,2004,7
2004-07-14,23.23999337702992,0.3908007,34.91622665897012,0,196,2004,7
2004-07-15,23.219993377476957,0.3668031,34.90554518066347,0,197,2004,7
2004-07-16,23.20999337770047,0.3962003,34.87655259668827,0,198,2004,7
2004-07-17,23.119993379712128,0.49772358,34.86587111838162,0,199,2004,7
2004-07-18,23.08999338038268,0.4947007,34.812463726848364,0,200,2004,7
2004-07-19,23.0799933806062,0.41189638,34.80330817401409,0,201,2004,7
2004-07-20,22.999993382394337,0.38123158,34.75753040984273,0,202,2004,7
2004-07-21,22.799993386864685,0.32370263,34.70564894378185,0,203,2004,7
2004-07-22,22.809993386641167,0.3169932,34.68123413622379,0,204,2004,7
2004-07-23,22.829993386194133,0.30546466,34.679708210751414,0,205,2004,7
2004-07-24,22.999993382394337,0.47560495,34.68886376358569,0,206,2004,7
2004-07-25,23.069993380829715,0.27888548,34.68886376358569,0,207,2004,7
2004-07-26,23.29999337568881,0.31800008,34.68123413622379,0,208,2004,7
2004-07-27,23.60999336875977,0.2654223,34.629352670162916,0,209,2004,7
2004-07-28,23.7099933665246,0.2654223,34.6232489682734,0,210,2004,7
2004-07-29,23.759993365407013,0.3094074,34.62782674469054,0,211,2004,7
2004-07-30,23.71999336630108,0.2391393,34.68123413622379,0,212,2004,7
2004-07-31,23.7099933665246,0.25532836,34.774315590038896,0,213,2004,7
2004-08-01,23.22999337725344,0.2608874,34.859767416492105,0,214,2004,8
2004-08-02,23.20999337770047,0.43559498,34.91164888255298,0,215,2004,8
2004-08-03,23.259993376582884,0.5650217,34.9604784976691,0,216,2004,8
2004-08-04,23.5399933703244,0.49960467,34.98336737975478,0,217,2004,8
2004-08-05,23.40999337323012,0.45677003,34.9894710816443,0,218,2004,8
2004-08-06,23.339993374794744,0.2963537,34.94521924294531,0,219,2004,8
2004-08-07,23.379993373900675,0.625816,34.91317480802536,0,220,2004,8
2004-08-08,23.179993378371023,0.62429184,34.968108125030994,0,221,2004,8
2004-08-09,23.039993381500267,0.6253159,35.013885889202356,0,222,2004,8
2004-08-10,23.04999338127675,0.5720514,35.03067106939852,0,223,2004,8
2004-08-11,23.059993381053232,0.25217727,35.05966365337372,0,224,2004,8
2004-08-12,22.96999338306489,0.25209218,35.10238956660032,0,225,2004,8
2004-08-13,23.0199933819473,0.36312124,35.10544141754508,0,226,2004,8
2004-08-14,22.1599934011698,0.45086837,35.09018216282129,0,227,2004,8
2004-08-15,22.179993400722765,0.31991786,35.09628586471081,0,228,2004,8
2004-08-16,22.249993399158143,0.36883542,35.09323401376605,0,229,2004,8
2004-08-17,22.809993386641167,1.0849973,35.05813772790134,0,230,2004,8
2004-08-18,22.7899933870882,0.33629438,35.00930811278522,0,231,2004,8
2004-08-19,22.91999338418248,0.26185694,35.016937740147114,0,232,2004,8
2004-08-20,23.449993372336053,0.19944873,34.99404885806143,0,233,2004,8
2004-08-21,23.679993367195152,0.27540094,34.96353034861386,0,234,2004,8
2004-08-22,23.59999336898329,0.370104,34.94827109389007,0,235,2004,8
2004-08-23,23.58999336920681,0.43050617,34.92538221180439,0,236,2004,8
2004-08-24,23.659993367642187,0.18615685,34.92690813727677,0,237,2004,8
2004-08-25,23.69999336674812,0.20260309,34.93758961558342,0,238,2004,8
2004-08-26,23.7099933665246,0.23509943,34.9818414542824,0,239,2004,8
2004-08-27,23.69999336674812,0.21450971,34.98641923069954,0,240,2004,8
2004-08-28,23.66999336741867,0.29343167,34.97115997597575,0,241,2004,8
2004-08-29,23.639993368089225,0.22104594,34.84145631082356,0,242,2004,8
2004-08-30,23.81999336406591,0.1938384,34.716330422088504,0,243,2004,8
2004-08-31,23.82999336384239,0.1331827,34.63393044658005,0,244,2004,8
2004-09-01,23.78999336473646,0.15883799,34.60341193713248,0,245,2004,9
2004-09-02,23.4799933716655,0.15927255,34.618671191856265,0,246,2004,9
2004-09-03,23.309993375465297,0.15940769,34.44166383706033,0,247,2004,9
2004-09-04,23.29999337568881,0.30156693,34.64613785035908,0,248,2004,9
2004-09-05,23.879993362724804,0.29695806,34.61256748996675,0,249,2004,9
2004-09-06,23.999993360042595,0.27814355,34.620197117328644,0,250,2004,9
2004-09-07,24.00999335981908,0.2781994,34.655293403193355,0,251,2004,9
2004-09-08,24.01999335959556,0.31975982,34.80636002495885,0,252,2004,9
2004-09-09,23.779993364959974,0.22572452,34.89028592593968,0,253,2004,9
2004-09-10,23.569993369653844,0.32317403,34.978789603337646,0,254,2004,9
2004-09-11,23.339993374794744,0.20387062,35.03372292034328,0,255,2004,9
2004-09-12,23.349993374571227,0.18597402,35.004730336368084,0,256,2004,9
2004-09-13,23.929993361607217,0.20763206,34.94674516841769,0,257,2004,9
2004-09-14,24.17999335601928,0.1632826,34.91317480802536,0,258,2004,9
2004-09-15,23.799993364512943,0.21516451,34.882656298577785,0,259,2004,9
2004-09-16,23.759993365407013,0.25286347,34.89791555330157,0,260,2004,9
2004-09-17,23.659993367642187,0.476806,34.8887600004673,0,261,2004,9
2004-09-18,23.28999337591233,0.39346376,34.846034087240696,0,262,2004,9
2004-09-19,23.159993378818054,0.39358577,34.79110077023506,0,263,2004,9
2004-09-20,23.12999337948861,0.7439218,34.84298223629594,0,264,2004,9
2004-09-21,23.179993378371023,0.73838323,34.91622665897012,0,265,2004,9
2004-09-22,23.199993377923988,0.8949352,34.97421182692051,0,266,2004,9
2004-09-23,23.2499933768064,2.582726,34.96353034861386,0,267,2004,9
2004-09-24,23.759993365407013,1.275005,34.94674516841769,0,268,2004,9
2004-09-25,23.839993363618877,0.3891167,34.96200442314148,0,269,2004,9
2004-09-26,23.839993363618877,0.38417536,34.97726367786527,0,270,2004,9
2004-09-27,23.89999336227777,0.22671002,35.02456736750901,0,271,2004,9
2004-09-28,23.86999336294832,0.22787802,35.06576735526323,0,272,2004,9
2004-09-29,23.929993361607217,0.22340237,35.09323401376605,0,273,2004,9
2004-09-30,23.969993360713147,0.19779383,35.11917474679649,0,274,2004,9
2004-10-01,23.97999336048963,0.25941098,35.12833029963076,0,275,2004,10
2004-10-02,24.029993359372043,0.23773792,35.11917474679649,0,276,2004,10
2004-10-03,24.039993359148525,0.27373138,35.088656237348914,0,277,2004,10
2004-10-04,23.809993364289426,0.2087034,35.05813772790134,0,278,2004,10
2004-10-05,23.689993366971635,0.4077141,35.038300696760416,0,279,2004,10
2004-10-06,23.43999337255957,0.43548393,35.01846366561949,0,280,2004,10
2004-10-07,22.52999339289965,0.7824848,35.04440439864993,0,281,2004,10
2004-10-08,22.65999338999393,0.7933952,35.09323401376605,0,282,2004,10
2004-10-09,23.039993381500267,0.79604673,35.11459697037935,0,283,2004,10
2004-10-10,23.309993375465297,1.0531391,35.148167330771685,0,284,2004,10
2004-10-11,23.43999337255957,0.59675026,35.16342658549547,0,285,2004,10
2004-10-12,23.569993369653844,0.59336907,35.146641405299306,0,286,2004,10
2004-10-13,23.759993365407013,0.37550086,35.11764882132411,0,287,2004,10
2004-10-14,24.05999335870149,0.3722562,35.10238956660032,0,288,2004,10
2004-10-15,24.09999335780742,0.37606618,35.10696734301746,0,289,2004,10
2004-10-16,24.24999335445466,0.37405193,35.09781179018319,0,290,2004,10
2004-10-17,24.549993347749137,0.6847217,34.98489330522716,0,291,2004,10
2004-10-18,24.979993338137888,0.35050762,34.98794515617192,0,292,2004,10
2004-10-19,25.189993333444026,0.22507434,34.98641923069954,0,293,2004,10
2004-10-20,25.439993327856087,0.23121573,35.004730336368084,0,294,2004,10
2004-10-21,25.45999332740905,0.18254863,35.027619218453765,0,295,2004,10
2004-10-22,25.55999332517388,0.12893789,35.04440439864993,0,296,2004,10
2004-10-23,25.289993331208848,0.13991803,35.07034513168037,0,297,2004,10
2004-10-24,25.15999333411457,0.20529471,35.09170808829367,0,298,2004,10
2004-10-25,25.129993334785127,0.16024125,35.09628586471081,0,299,2004,10
2004-10-26,25.279993331432365,0.18738526,35.09628586471081,0,300,2004,10
2004-10-27,25.289993331208848,0.18742973,35.09781179018319,0,301,2004,10
2004-10-28,25.10999333523216,0.31692085,35.09170808829367,0,302,2004,10
2004-10-29,24.999993337690853,0.505313,35.07797475904226,0,303,2004,10
2004-10-30,24.93999333903196,0.50568044,35.062715504318476,0,304,2004,10
2004-10-31,24.63999334573748,0.3980614,35.110019193962216,0,305,2004,10
2004-11-01,24.349993352219485,0.31795186,35.123752523213625,0,306,2004,11
2004-11-02,24.299993353337072,0.37784073,35.12680437415838,0,307,2004,11
2004-11-03,24.709993344172855,0.30895144,35.123752523213625,0,308,2004,11
2004-11-04,24.90999333970251,0.22260784,35.11764882132411,0,309,2004,11
2004-11-05,25.439993327856087,0.2213552,35.099337715655565,0,310,2004,11
2004-11-06,25.539993325620912,0.1664198,35.01235996372998,0,311,2004,11
2004-11-07,25.52999332584443,0.1664198,34.933011839166284,0,312,2004,11
2004-11-08,25.99999331533911,0.24950214,34.93453776463866,0,313,2004,11
2004-11-09,26.10999331288042,0.2561831,34.94827109389007,0,314,2004,11
2004-11-10,25.98999331556263,0.3906514,34.95284887030721,0,315,2004,11
2004-11-11,25.639993323385735,0.39037412,34.91622665897012,0,316,2004,11
2004-11-12,25.55999332517388,0.36885205,34.88570814952254,0,317,2004,11
2004-11-13,25.67999332249167,0.26016307,34.82772298157215,0,318,2004,11
2004-11-14,26.119993312656906,0.2539763,34.78041929192841,0,319,2004,11
2004-11-15,26.279993309080623,0.21555564,34.437086060643196,0,320,2004,11
2004-11-16,26.53999330326917,0.3217399,34.01287877932191,0,321,2004,11
2004-11-17,27.00999329276385,0.32152772,33.64970851689577,0,322,2004,11
2004-11-18,27.059993291646265,0.27524534,33.47422708757222,0,323,2004,11
2004-11-19,26.939993294328477,0.13649136,33.776360331103206,0,324,2004,11
2004-11-20,27.19999328851702,0.28594366,34.139530593529344,0,325,2004,11
2004-11-21,27.41999328359964,0.13339385,34.24939722754061,0,326,2004,11
2004-11-22,27.249993287399437,0.14392313,34.30433054454625,0,327,2004,11
2004-11-23,26.95999329388144,0.14368781,33.980834344401956,0,328,2004,11
2004-11-24,26.95999329388144,0.18567924,33.79619736224413,0,329,2004,11
2004-11-25,26.909993294999023,0.18638273,33.69090850465,0,330,2004,11
2004-11-26,26.92999329455199,0.18731202,33.70311590842903,0,331,2004,11
2004-11-27,27.22999328784647,0.1896546,33.86486400850117,0,332,2004,11
2004-11-28,27.31999328583481,0.1891139,33.80687884055078,0,333,2004,11
2004-11-29,27.22999328784647,0.17637303,33.596301125362515,0,334,2004,11
2004-11-30,27.30999328605833,0.23723362,33.41166414320469,0,335,2004,11
2004-12-01,27.46999328248205,0.17629048,33.37656785733998,0,336,2004,12
2004-12-02,27.41999328359964,0.16809955,33.55662706308067,0,337,2004,12
2004-12-03,27.399993284046676,0.16467237,33.53373818099499,0,338,2004,12
2004-12-04,27.599993279576324,0.23319449,33.18582717329264,0,339,2004,12
2004-12-05,27.84999327398839,0.2651587,32.873012451455,0,340,2004,12
2004-12-06,27.029993292316817,0.280881,33.32773824222386,0,341,2004,12
2004-12-07,26.939993294328477,0.28088355,33.99609359912574,0,342,2004,12
2004-12-08,26.869993295893096,0.43045554,34.17004910297692,0,343,2004,12
2004-12-09,26.76999329812827,0.43126234,34.078493574634194,0,344,2004,12
2004-12-10,26.779993297904756,0.4097232,34.06018246896565,0,345,2004,12
2004-12-11,26.76999329812827,0.12964427,34.186834283173084,0,346,2004,12
2004-12-12,26.92999329455199,0.13881883,34.066286170855165,0,347,2004,12
2004-12-13,27.399993284046676,0.13881849,34.174626879394054,0,348,2004,12
2004-12-14,27.679993277788185,0.11724947,34.22956019639969,0,349,2004,12
2004-12-15,27.679993277788185,0.23074028,34.29059721529484,0,350,2004,12
2004-12-16,27.359993284940742,0.17745633,34.37147126533091,0,351,2004,12
2004-12-17,27.379993284493708,0.23486266,34.42182680591941,0,352,2004,12
2004-12-18,27.489993282035016,0.23502503,34.39588607288897,0,353,2004,12
2004-12-19,27.869993273541358,0.15374143,34.40046384930611,0,354,2004,12
2004-12-20,27.84999327398839,0.13327082,34.61256748996675,0,355,2004,12
2004-12-21,27.87999327331784,0.1366161,34.49507122859359,0,356,2004,12
2004-12-22,28.179993266612318,0.13314275,33.60698260366917,1,357,2004,12
2004-12-23,28.109993268176936,0.12364043,33.17972347140312,0,358,2004,12
2004-12-24,27.88999327309432,0.14238116,33.559678914025426,0,359,2004,12
2004-12-25,27.80999327488246,0.12278712,33.59324927441776,0,360,2004,12
2004-12-26,28.07999326884749,0.104062654,33.39945673942566,0,361,2004,12
2004-12-27,28.1299932677299,0.14655985,33.28959010541439,0,362,2004,12
2004-12-28,28.099993268400453,0.14267708,33.31400491297245,0,363,2004,12
2004-12-29,28.649993256106995,0.12961933,33.451338205486536,0,364,2004,12
2004-12-30,28.78999325297775,0.14886945,33.573412243276834,0,365,2004,12
2004-12-31,28.599993257224583,0.22745939,33.634449262171984,0,366,2004,12
2005-01-01,28.68999325521293,0.116505764,33.79619736224413,0,1,2005,1
2005-01-02,28.799993252754238,0.110554755,34.06018246896565,0,2,2005,1
2005-01-03,28.85999325141313,0.11052168,34.209723165258765,0,3,2005,1
2005-01-04,29.16999324448409,0.17012954,34.316537948325276,0,4,2005,1
2005-01-05,29.13999324515464,0.16998838,34.42030088044703,0,5,2005,1
2005-01-06,29.2799932420254,0.2379743,34.58967860788107,0,6,2005,1
2005-01-07,28.70999325476589,0.18324478,34.76973781362176,0,7,2005,1
2005-01-08,28.69999325498941,0.14615357,34.85061186365783,0,8,2005,1
2005-01-09,28.69999325498941,0.20613179,34.8887600004673,0,9,2005,1
2005-01-10,28.679993255436443,0.20613179,34.92233036085963,0,10,2005,1
2005-01-11,28.529993258789204,0.17379497,34.75753040984273,0,11,2005,1
2005-01-12,28.42999326102438,0.17649595,34.2860194388777,0,12,2005,1
2005-01-13,28.34999326281252,0.17649595,34.4294564332813,1,13,2005,1
2005-01-14,28.1899932663888,0.13549012,34.595782309770584,0,14,2005,1
2005-01-15,28.219993265718244,0.19769344,34.533219365403056,0,15,2005,1
2005-01-16,28.149993267282863,0.19510718,34.679708210751414,0,16,2005,1
2005-01-17,27.839993274211903,0.16386735,34.931485913693905,0,17,2005,1
2005-01-18,27.869993273541358,0.16170752,34.92385628633201,0,18,2005,1
2005-01-19,27.909993272647284,0.11600454,34.933011839166284,0,19,2005,1
2005-01-20,28.109993268176936,0.13749558,34.9604784976691,0,20,2005,1
2005-01-21,28.08999326862397,0.13747993,34.942167392000556,0,21,2005,1
2005-01-22,28.11999326795342,0.13286187,34.89944147877395,0,22,2005,1
2005-01-23,28.299993263930105,0.116753966,34.85671556554735,9,23,2005,1
2005-01-24,28.34999326281252,0.14174172,34.8170415032655,0,24,2005,1
2005-01-25,28.62999325655403,0.14958659,34.80330817401409,0,25,2005,1
2005-01-26,28.68999325521293,0.1495626,34.821619279682636,0,26,2005,1
2005-01-27,28.70999325476589,0.15322113,34.88723407499492,0,27,2005,1
2005-01-28,28.8199932523072,0.16323553,34.89791555330157,0,28,2005,1
2005-01-29,29.00999324806037,0.1798,34.8170415032655,0,29,2005,1
2005-01-30,29.339993240684294,0.17232549,34.60493786260486,0,30,2005,1
2005-01-31,29.31999324113133,0.21713392,34.015930630266666,0,31,2005,1
2005-02-01,28.609993257001065,0.2672889,33.536790031939745,0,32,2005,2
2005-02-02,28.1299932677299,0.2588892,33.776360331103206,0,33,2005,2
2005-02-03,28.099993268400453,0.3845887,34.11206393502653,0,34,2005,2
2005-02-04,28.11999326795342,0.40521848,34.330271277576685,0,35,2005,2
2005-02-05,28.50999325923624,0.4052884,34.51490825973451,0,36,2005,2
2005-02-06,28.49999325945976,0.20798972,34.75753040984273,0,37,2005,2
2005-02-07,28.39999326169493,0.17020838,34.89944147877395,0,38,2005,2
2005-02-08,28.369993262365483,0.20400493,35.00167848542333,0,39,2005,2
2005-02-09,28.37999326214197,0.2167098,35.07034513168037,0,40,2005,2
2005-02-10,28.449993260577344,0.2927484,35.12070067226887,0,41,2005,2
2005-02-11,28.649993256106995,0.29274818,35.16342658549547,0,42,2005,2
2005-02-12,28.65999325588348,0.23224834,35.17868584021926,0,43,2005,2
2005-02-13,28.65999325588348,0.1715848,35.17868584021926,0,44,2005,2
2005-02-14,28.949993249401476,0.17356174,35.148167330771685,0,45,2005,2
2005-02-15,28.73999325409534,0.16523144,35.09475993923843,1,46,2005,2
2005-02-16,28.42999326102438,0.15331,35.050508100539446,0,47,2005,2
2005-02-17,28.16999326683583,0.14852165,35.015411814674735,0,48,2005,2
2005-02-18,28.42999326102438,0.16398002,34.99404885806143,0,49,2005,2
2005-02-19,28.49999325945976,0.18920253,34.99404885806143,0,50,2005,2
2005-02-20,28.43999326080086,0.18376225,35.00625626184046,0,51,2005,2
2005-02-21,28.85999325141313,0.1296893,35.013885889202356,0,52,2005,2
2005-02-22,28.889993250742577,0.12910397,34.99404885806143,0,53,2005,2
2005-02-23,28.65999325588348,0.16080463,34.95284887030721,0,54,2005,2
2005-02-24,28.54999325834217,0.22266968,34.8887600004673,0,55,2005,2
2005-02-25,28.70999325476589,0.1933677,34.762108186259866,0,56,2005,2
2005-02-26,28.579993257671617,0.21602601,34.641560073941946,0,57,2005,2
2005-02-27,28.78999325297775,0.21611296,34.68428598716855,0,58,2005,2
2005-02-28,28.87999325096609,0.1738008,34.82772298157215,0,59,2005,2
2005-03-01,28.929993249848508,0.17248552,34.96505627408624,0,60,2005,3
2005-03-02,28.799993252754238,0.17204982,35.016937740147114,0,61,2005,3
2005-03-03,28.74999325387182,0.19754757,35.04440439864993,0,62,2005,3
2005-03-04,28.70999325476589,0.21303873,35.07797475904226,0,63,2005,3
2005-03-05,28.46999326013031,0.21361594,35.099337715655565,0,64,2005,3
2005-03-06,28.309993263706588,0.16588691,35.113071044906974,0,65,2005,3
2005-03-07,28.39999326169493,0.16156071,35.100863641127944,0,66,2005,3
2005-03-08,28.69999325498941,0.15831703,35.003204410895705,0,67,2005,3
2005-03-09,28.65999325588348,0.20991616,34.86587111838162,0,68,2005,3
2005-03-10,28.62999325655403,0.27571073,34.725485974922776,0,69,2005,3
2005-03-11,28.599993257224583,0.27571088,34.61104156449437,0,70,2005,3
2005-03-12,28.47999325990679,0.30678266,34.810937801375985,0,71,2005,3
2005-03-13,28.339993263036035,0.2328451,35.00167848542333,0,72,2005,3
2005-03-14,28.269993264600657,0.20797215,35.110019193962216,0,73,2005,3
2005-03-15,28.219993265718244,0.20632295,35.183263616636395,0,74,2005,3
2005-03-16,28.339993263036035,0.18040287,35.17715991474688,0,75,2005,3
2005-03-17,28.34999326281252,0.16005741,35.111545119434595,0,76,2005,3
2005-03-18,28.019993270188596,0.1673494,35.039826622232795,0,77,2005,3
2005-03-19,27.87999327331784,0.35669327,35.00778218731284,0,78,2005,3
2005-03-20,27.789993275329493,0.33982292,35.00930811278522,0,79,2005,3
2005-03-21,27.87999327331784,0.44726467,35.0108340382576,0,80,2005,3
2005-03-22,27.8999932728708,0.19060858,34.99710070900619,0,81,2005,3
2005-03-23,27.88999327309432,0.18989024,34.97573775239289,0,82,2005,3
2005-03-24,27.88999327309432,0.19067709,34.954374795779586,0,83,2005,3
2005-03-25,27.479993282258533,0.18690005,34.94521924294531,1,84,2005,3
2005-03-26,27.46999328248205,0.21059792,34.93453776463866,0,85,2005,3
2005-03-27,27.54999328069391,0.15031868,34.92385628633201,0,86,2005,3
2005-03-28,27.719993276894115,0.21768282,34.92385628633201,0,87,2005,3
2005-03-29,27.65999327823522,0.2543986,34.93606369011104,0,88,2005,3
2005-03-30,27.829993274435424,0.33535618,34.96200442314148,0,89,2005,3
2005-03-31,27.769993275776528,0.41871718,34.96963405050337,0,90,2005,3
2005-04-01,27.73999327644708,0.46482578,34.97268590144813,0,91,2005,4
2005-04-02,27.679993277788185,0.40689272,34.97726367786527,0,92,2005,4
2005-04-03,27.829993274435424,0.27867502,34.9818414542824,0,93,2005,4
2005-04-04,27.789993275329493,0.37371033,34.99557478353381,0,94,2005,4
2005-04-05,27.789993275329493,0.25896186,35.00625626184046,0,95,2005,4
2005-04-06,27.519993281364464,0.27288395,35.015411814674735,0,96,2005,4
2005-04-07,27.399993284046676,0.16350535,35.02456736750901,0,97,2005,4
2005-04-08,27.339993285387777,0.2682381,34.978789603337646,0,98,2005,4
2005-04-09,27.339993285387777,0.30118045,34.87655259668827,0,99,2005,4
2005-04-10,27.049993291869782,0.27186522,34.85213778913021,0,100,2005,4
2005-04-11,26.94999329410496,0.23068221,34.79262669570744,0,101,2005,4
2005-04-12,26.72999329902234,0.35800055,34.68428598716855,0,102,2005,4
2005-04-13,26.639993301034,0.47088006,34.63545637205243,0,103,2005,4
2005-04-14,26.61999330148103,0.37714347,34.65987117961049,0,104,2005,4
2005-04-15,26.65999330058696,0.23477596,34.78957484476268,0,105,2005,4
2005-04-16,26.869993295893096,0.24203841,34.859767416492105,0,106,2005,4
2005-04-17,26.899993295222544,0.27325752,34.92385628633201,0,107,2005,4
2005-04-18,26.829993296787165,0.31575418,35.00015255995095,0,108,2005,4
2005-04-19,26.29999330863359,0.33143774,35.02151551656425,0,109,2005,4
2005-04-20,26.38999330662193,0.2506946,34.98641923069954,0,110,2005,4
2005-04-21,26.38999330662193,0.2885913,34.882656298577785,0,111,2005,4
2005-04-22,26.639993301034,0.2690424,34.704123018309474,0,112,2005,4
2005-04-23,26.749993298575305,0.25889522,34.13495281711221,0,113,2005,4
2005-04-24,26.53999330326917,0.6417728,33.994567673653364,0,114,2005,4
2005-04-25,26.39999330639841,0.5633725,34.06781209632754,0,115,2005,4
2005-04-26,26.39999330639841,0.31217447,34.1929379850626,0,116,2005,4
2005-04-27,26.26999330930414,0.32129496,34.473708271980286,0,117,2005,4
2005-04-28,26.08999331332745,0.39267758,34.73158967681229,0,118,2005,4
2005-04-29,25.98999331556263,0.230873,34.88570814952254,0,119,2005,4
2005-04-30,25.909993317350768,0.20770274,34.980315528810024,0,120,2005,4
2005-05-01,25.9499933164567,0.2868623,34.99557478353381,0,121,2005,5
2005-05-02,26.049993314221524,0.32852542,34.87655259668827,0,122,2005,5
2005-05-03,26.03999331444504,0.18851888,34.798730397596955,0,123,2005,5
2005-05-04,26.009993315115597,0.1476507,34.78194521740079,0,124,2005,5
2005-05-05,25.579993324726843,0.23582512,34.75447855889797,3,125,2005,5
2005-05-06,25.599993324279808,0.23533109,34.7239600494504,5,126,2005,5
2005-05-07,25.67999332249167,0.20059137,34.737693378701806,0,127,2005,5
2005-05-08,25.669993322715182,0.2005731,34.766685962677,0,128,2005,5
2005-05-09,25.55999332517388,0.16719873,34.824671130627394,4,129,2005,5
2005-05-10,25.55999332517388,0.198981,34.88570814952254,3,130,2005,5
2005-05-11,25.629993323609256,0.13135518,34.9101229570806,0,131,2005,5
2005-05-12,25.76999332048001,0.13669766,34.917752584442496,0,132,2005,5
2005-05-13,25.86999331824484,0.32871956,34.90096740424633,1,133,2005,5
2005-05-14,25.909993317350768,0.2145698,34.87350074574351,1,134,2005,5
2005-05-15,25.77999332025649,0.25466427,34.83993038535118,1,135,2005,5
2005-05-16,25.76999332048001,0.22513628,34.80483409948647,2,136,2005,5
2005-05-17,25.889993317797803,0.22060855,34.77126373909414,0,137,2005,5
2005-05-18,25.899993317574285,0.21642223,34.75447855889797,0,138,2005,5
2005-05-19,25.809993319585946,0.15306789,34.704123018309474,0,139,2005,5
2005-05-20,25.70999332182112,0.17296231,34.69344154000282,0,140,2005,5
2005-05-21,25.60999332405629,0.14586137,34.76058226078749,0,141,2005,5
2005-05-22,25.579993324726843,0.18000066,34.80483409948647,0,142,2005,5
2005-05-23,25.46999332718553,0.19300976,34.821619279682636,0,143,2005,5
2005-05-24,25.789993320032977,0.1783432,34.86281926743686,0,144,2005,5
2005-05-25,25.86999331824484,0.15809308,34.91164888255298,0,145,2005,5
2005-05-26,25.819993319362425,0.1594318,34.942167392000556,0,146,2005,5
2005-05-27,25.699993322044637,0.17964208,34.919278509914875,0,147,2005,5
2005-05-28,25.659993322938703,0.1823337,34.919278509914875,0,148,2005,5
2005-05-29,25.549993325397395,0.21557218,34.94979701936245,0,149,2005,5
2005-05-30,25.24999333210292,0.17255145,34.96505627408624,0,150,2005,5
2005-05-31,25.169993333891057,0.18489419,34.95895257219672,0,151,2005,5
2005-06-01,25.169993333891057,0.2578874,34.943693317472935,0,152,2005,6
2005-06-02,25.269993331655883,0.38510236,34.95284887030721,0,153,2005,6
2005-06-03,24.959993338584923,0.39355835,34.94827109389007,0,154,2005,6
2005-06-04,24.919993339478992,0.16023825,34.93606369011104,0,155,2005,6
2005-06-05,24.899993339926027,0.21090499,34.89944147877395,0,156,2005,6
2005-06-06,24.959993338584923,0.16102967,34.86587111838162,0,157,2005,6
2005-06-07,24.929993339255475,0.22132452,34.77126373909414,0,158,2005,6
2005-06-08,24.859993340820097,0.21707878,34.725485974922776,0,159,2005,6
2005-06-09,24.709993344172855,0.45829484,34.61256748996675,0,160,2005,6
2005-06-10,24.689993344619893,0.48539597,34.47676012292504,0,161,2005,6
2005-06-11,24.809993341937684,0.25468448,34.150212071835995,0,162,2005,6
2005-06-12,23.959993360936664,0.2805384,33.82824179716408,0,163,2005,6
2005-06-13,23.86999336294832,0.6104335,34.08764912746847,0,164,2005,6
2005-06-14,23.959993360936664,0.39071992,34.318063873797655,0,165,2005,6
2005-06-15,24.55999334752562,0.43137434,34.391308296471834,0,166,2005,6
2005-06-16,24.709993344172855,0.4318427,34.234137972816825,0,167,2005,6
2005-06-17,24.78999334238472,0.22990605,34.20056761242449,0,168,2005,6
2005-06-18,24.859993340820097,0.21703331,34.34400460682809,0,169,2005,6
2005-06-19,24.84999334104361,0.35903808,34.41114532761276,0,170,2005,6
2005-06-20,24.879993340373066,0.20276958,34.26160463131964,0,171,2005,6
2005-06-21,24.7999933421612,0.20660552,34.08612320199609,0,172,2005,6
2005-06-22,24.659993345290445,0.16570298,34.162419475615025,0,173,2005,6
2005-06-23,24.67999334484341,0.23727447,34.293649066239595,0,174,2005,6
2005-06-24,24.7999933421612,0.2095582,34.403515700250864,0,175,2005,6
2005-06-25,24.51999334841969,0.24259834,34.4584490172565,0,176,2005,6
2005-06-26,24.509993348643206,0.21667902,34.50727863237262,0,177,2005,6
2005-06-27,24.499993348866724,0.2763414,34.5515304710716,0,178,2005,6
2005-06-28,24.55999334752562,0.2502972,34.60036008618772,0,179,2005,6
2005-06-29,24.31999335289004,0.28177884,34.68886376358569,0,180,2005,6
2005-06-30,24.48999334909024,0.3096138,34.75600448437035,0,181,2005,6
2005-07-01,24.48999334909024,0.26092598,34.77278966456652,0,182,2005,7
2005-07-02,24.459993349760797,0.29001212,34.79262669570744,0,183,2005,7
2005-07-03,24.379993351548933,0.29221192,34.83993038535118,0,184,2005,7
2005-07-04,24.20999335534873,0.29633468,34.89333777688444,0,185,2005,7
2005-07-05,24.22999335490169,0.2832714,34.93453776463866,0,186,2005,7
2005-07-06,24.1699933562428,0.27466658,34.96353034861386,0,187,2005,7
2005-07-07,24.149993356689837,0.25569883,34.978789603337646,0,188,2005,7
2005-07-08,24.01999335959556,0.28751132,34.98336737975478,0,189,2005,7
2005-07-09,23.90999336205425,0.3205897,34.98794515617192,0,190,2005,7
2005-07-10,23.89999336227777,0.20677938,34.99710070900619,0,191,2005,7
2005-07-11,23.91999336183073,0.21455657,35.00778218731284,0,192,2005,7
2005-07-12,23.879993362724804,0.24939115,35.00778218731284,0,193,2005,7
2005-07-13,23.89999336227777,0.23335108,34.99862663447857,0,194,2005,7
2005-07-14,23.60999336875977,0.38244152,34.992522932589054,0,195,2005,7
2005-07-15,23.59999336898329,0.27107048,34.98489330522716,0,196,2005,7
2005-07-16,23.58999336920681,0.30836084,35.00167848542333,0,197,2005,7
2005-07-17,23.649993367865704,0.24650024,35.07950068451464,0,198,2005,7
2005-07-18,23.59999336898329,0.26018253,35.123752523213625,0,199,2005,7
2005-07-19,23.379993373900675,0.19743451,35.148167330771685,0,200,2005,7
2005-07-20,23.139993379265093,0.2361117,35.172582138329744,0,201,2005,7
2005-07-21,23.0799933806062,0.37028486,35.184789542108774,0,202,2005,7
2005-07-22,23.369993374124192,0.32507488,35.19394509494305,0,203,2005,7
2005-07-23,23.429993372783088,0.32406378,35.209204349666834,0,204,2005,7
2005-07-24,23.379993373900675,0.2097008,35.20004879683256,0,205,2005,7
2005-07-25,23.179993378371023,0.22028571,35.17715991474688,0,206,2005,7
2005-07-26,23.069993380829715,0.23213068,35.160374734550714,0,207,2005,7
2005-07-27,22.949993383511924,0.32000324,35.1542710326612,0,208,2005,7
2005-07-28,22.93999338373544,0.22104913,35.148167330771685,0,209,2005,7
2005-07-29,23.039993381500267,0.20872463,35.15732288360596,0,210,2005,7
2005-07-30,23.119993379712128,0.24469312,35.171056212857366,0,211,2005,7
2005-07-31,23.109993379935645,0.20113164,35.19241916947067,0,212,2005,7
2005-08-01,23.109993379935645,0.22571164,35.21073027513921,0,213,2005,8
2005-08-02,22.719993388652824,0.21435575,35.232093231752515,0,214,2005,8
2005-08-03,22.7899933870882,0.26492745,35.25345618836582,0,215,2005,8
2005-08-04,22.83999338597061,0.26492685,35.26566359214485,0,216,2005,8
2005-08-05,23.12999337948861,0.19886887,35.280922846868634,0,217,2005,8
2005-08-06,23.179993378371023,0.22362019,35.29007839970291,0,218,2005,8
2005-08-07,22.95999338328841,0.3277106,35.303811728954315,0,219,2005,8
2005-08-08,22.719993388652824,0.57671654,35.305337654426694,0,220,2005,8
2005-08-09,22.619993390888,0.5716196,35.23667100816965,0,221,2005,8
2005-08-10,22.689993389323377,0.91228956,35.099337715655565,0,222,2005,8
2005-08-11,23.039993381500267,0.6985127,34.99710070900619,0,223,2005,8
2005-08-12,23.08999338038268,0.95973814,34.978789603337646,0,224,2005,8
2005-08-13,23.12999337948861,0.42834583,35.02456736750901,0,225,2005,8
2005-08-14,23.179993378371023,0.47895798,35.09018216282129,0,226,2005,8
2005-08-15,23.339993374794744,0.2774688,35.12985622510314,0,227,2005,8
2005-08-16,23.28999337591233,0.36976305,35.09170808829367,0,228,2005,8
2005-08-17,23.2499933768064,1.0707443,35.027619218453765,0,229,2005,8
2005-08-18,23.27999337613585,1.0923227,35.087130311876535,0,230,2005,8
2005-08-19,23.189993378147506,0.61069405,35.09018216282129,0,231,2005,8
2005-08-20,23.349993374571227,0.5530952,35.113071044906974,0,232,2005,8
2005-08-21,23.219993377476957,0.5161045,35.11917474679649,0,233,2005,8
2005-08-22,23.16999337859454,0.41460124,35.113071044906974,0,234,2005,8
2005-08-23,23.139993379265093,0.47787723,35.09628586471081,0,235,2005,8
2005-08-24,22.849993385747094,0.47798136,35.09628586471081,0,236,2005,8
2005-08-25,22.759993387758755,0.4780624,35.11764882132411,0,237,2005,8
2005-08-26,22.67999338954689,0.5081246,35.1329080760479,0,238,2005,8
2005-08-27,22.45999339446428,0.33780745,35.15579695813358,0,239,2005,8
2005-08-28,22.579993391782068,0.31328085,35.15732288360596,0,240,2005,8
2005-08-29,23.529993370547917,0.31315732,35.1542710326612,0,241,2005,8
2005-08-30,23.81999336406591,0.313252,35.125278448686004,0,242,2005,8
2005-08-31,23.809993364289426,0.31152847,35.07187105715275,0,243,2005,8
2005-09-01,23.769993365183492,0.316584,34.97268590144813,0,244,2005,9
2005-09-02,23.809993364289426,0.6417107,34.8384044598788,0,245,2005,9
2005-09-03,23.759993365407013,0.47395372,34.713278571143746,0,246,2005,9
2005-09-04,23.74999336563053,1.3602525,34.716330422088504,0,247,2005,9
2005-09-05,23.7099933665246,1.4395236,34.78499706834555,0,248,2005,9
2005-09-06,23.839993363618877,0.9817581,34.788048919290304,0,249,2005,9
2005-09-07,24.1699933562428,0.27039567,34.75447855889797,0,250,2005,9
2005-09-08,24.46999334953728,0.25533754,34.73616745322943,0,251,2005,9
2005-09-09,24.46999334953728,0.20789959,34.629352670162916,0,252,2005,9
2005-09-10,24.43999335020783,0.1684917,34.32111572474241,0,253,2005,9
2005-09-11,24.549993347749137,0.20214999,33.91369362361729,0,254,2005,9
2005-09-12,24.53999334797265,0.2140157,33.66344184614718,0,255,2005,9
2005-09-13,24.509993348643206,0.27375478,33.50779744796455,0,256,2005,9
2005-09-14,24.459993349760797,0.2737278,33.22702716104686,0,257,2005,9
2005-09-15,24.389993351325412,0.320659,33.236182713881135,0,258,2005,9
2005-09-16,24.239993354678177,0.34465602,33.27890862710774,0,259,2005,9
2005-09-17,23.85999336317184,0.41740993,33.36588637903333,0,260,2005,9
2005-09-18,23.809993364289426,1.1245859,33.501693746075034,0,261,2005,9
2005-09-19,23.679993367195152,0.22503996,33.58867149800062,0,262,2005,9
2005-09-20,23.58999336920681,0.30086708,33.63750111311674,0,263,2005,9
2005-09-21,23.449993372336053,0.37104246,33.693960355594754,0,264,2005,9
2005-09-22,23.659993367642187,0.47847515,33.753471449017525,0,265,2005,9
2005-09-23,24.12999335713687,0.7608395,33.82976772263646,0,266,2005,9
2005-09-24,24.389993351325412,0.40617183,33.98388619534671,0,267,2005,9
2005-09-25,24.589993346855067,0.5180868,34.20667131431401,0,268,2005,9
2005-09-26,24.549993347749137,0.26388398,34.39588607288897,0,269,2005,9
2005-09-27,24.499993348866724,0.2701616,34.6446119248867,0,270,2005,9
2005-09-28,24.299993353337072,0.23589206,34.595782309770584,0,271,2005,9
2005-09-29,24.31999335289004,0.23577334,34.3577379360795,0,272,2005,9
2005-09-30,23.999993360042595,0.19843091,33.92590102739632,0,273,2005,9
2005-10-01,23.489993371441983,0.45597956,33.77941218204796,0,274,2005,10
2005-10-02,23.469993371889014,0.82179046,33.81908624432981,0,275,2005,10
2005-10-03,23.58999336920681,0.77440053,34.09375282935798,0,276,2005,10
2005-10-04,23.969993360713147,0.38208935,33.970152866095304,0,277,2005,10
2005-10-05,24.089993358030934,0.47060013,34.113589860498905,0,278,2005,10
2005-10-06,24.069993358477973,0.45613712,34.22956019639969,0,279,2005,10
2005-10-07,24.269993354007624,0.30892193,34.293649066239595,0,280,2005,10
2005-10-08,24.82999334149065,0.3291066,34.16852317750454,0,281,2005,10
2005-10-09,24.93999333903196,0.29601222,34.00219730101526,0,282,2005,10
2005-10-10,24.90999333970251,0.24775277,34.08764912746847,0,283,2005,10
2005-10-11,25.699993322044637,0.24681716,34.30433054454625,0,284,2005,10
2005-10-12,25.629993323609256,0.2303806,34.331797203049064,0,285,2005,10
2005-10-13,25.589993324503325,0.17893611,34.45234531536698,0,286,2005,10
2005-10-14,25.439993327856087,0.15959808,34.81398965232074,0,287,2005,10
2005-10-15,25.289993331208848,0.16539259,34.94064146652818,0,288,2005,10
2005-10-16,25.319993330538296,0.14204615,34.90096740424633,0,289,2005,10
2005-10-17,25.39999332875016,0.12185429,34.87807852216065,0,290,2005,10
2005-10-18,25.39999332875016,0.121885665,34.90249332971871,6,291,2005,10
2005-10-19,25.349993329867743,0.13920553,34.86892296932638,6,292,2005,10
2005-10-20,25.2599933318794,0.13745503,34.824671130627394,0,293,2005,10
2005-10-21,25.519993326067947,0.15163803,34.80788595043123,2,294,2005,10
2005-10-22,25.4899933267385,0.13831486,34.919278509914875,2,295,2005,10
2005-10-23,24.889993340149545,0.14414962,34.990997007116675,6,296,2005,10
2005-10-24,24.669993345066928,0.16932777,35.04593032412231,1,297,2005,10
2005-10-25,24.75999334305527,0.20665027,35.02151551656425,1,298,2005,10
2005-10-26,24.919993339478992,0.20664124,35.09475993923843,0,299,2005,10
2005-10-27,25.0899933356792,0.14777105,35.21225620061159,0,300,2005,10
2005-10-28,25.10999333523216,0.14561792,35.24887841194868,8,301,2005,10
2005-10-29,25.129993334785127,0.124937065,35.26108581572771,0,302,2005,10
2005-10-30,25.439993327856087,0.14337279,35.27481914497912,0,303,2005,10
2005-10-31,25.629993323609256,0.23976687,35.28855247423053,3,304,2005,10
2005-11-01,25.789993320032977,0.31837776,35.29923395253718,4,305,2005,11
2005-11-02,25.52999332584443,0.17384917,35.293130250647664,0,306,2005,11
2005-11-03,25.479993326962017,0.17385079,35.26413766667247,0,307,2005,11
2005-11-04,25.4899933267385,0.29370922,35.2046265732497,3,308,2005,11
2005-11-05,25.75999332070353,0.28768653,35.16342658549547,2,309,2005,11
2005-11-06,26.29999330863359,0.28760397,35.160374734550714,3,310,2005,11
2005-11-07,26.1799933113158,0.28493878,35.15121918171644,6,311,2005,11
2005-11-08,25.7199933215976,0.23050077,35.19089324399829,0,312,2005,11
2005-11-09,25.499993326514986,0.23827146,35.23819693364203,1,313,2005,11
2005-11-10,25.549993325397395,0.23827146,35.26566359214485,1,314,2005,11
2005-11-11,25.619993323832773,0.24995565,35.29465617612004,0,315,2005,11
2005-11-12,25.499993326514986,0.11344661,35.31144135631621,1,316,2005,11
2005-11-13,25.40999332852664,0.11335047,35.316019132733345,3,317,2005,11
2005-11-14,25.40999332852664,0.1388809,35.29618210159242,2,318,2005,11
2005-11-15,25.599993324279808,0.11973875,35.30838950537145,2,319,2005,11
2005-11-16,25.55999332517388,0.16025902,35.34348579123616,2,320,2005,11
2005-11-17,25.549993325397395,0.16025911,35.37858207710087,2,321,2005,11
2005-11-18,25.319993330538296,0.16026045,35.38315985351801,0,322,2005,11
2005-11-19,25.44999332763257,0.27443254,35.28244877234101,7,323,2005,11
2005-11-20,26.219993310421728,0.2748042,35.184789542108774,4,324,2005,11
2005-11-21,26.45999330505731,0.2744064,35.2046265732497,8,325,2005,11
2005-11-22,26.45999330505731,0.1787046,35.244300635531545,0,326,2005,11
2005-11-23,26.449993305280827,0.15771756,35.22446360439062,7,327,2005,11
2005-11-24,26.629993301257517,0.12498761,35.158848809078336,3,328,2005,11
2005-11-25,26.61999330148103,0.14857955,35.09170808829367,5,329,2005,11
2005-11-26,26.599993301928063,0.14993387,35.09628586471081,8,330,2005,11
2005-11-27,26.61999330148103,0.1208389,35.1039154920727,12,331,2005,11
2005-11-28,27.11999329030516,0.118898086,35.087130311876535,0,332,2005,11
2005-11-29,27.07999329119923,0.15275168,35.10544141754508,7,333,2005,11
2005-11-30,26.99999329298737,0.13572851,35.134434001520276,0,334,2005,11
2005-12-01,26.719993299245857,0.1357286,35.13138215057552,0,335,2005,12
2005-12-02,26.60999330170455,0.1457197,35.06576735526323,0,336,2005,12
2005-12-03,26.669993300363444,0.13127333,34.95742664672434,3,337,2005,12
2005-12-04,26.91999329477551,0.16230214,34.942167392000556,0,338,2005,12
2005-12-05,26.899993295222544,0.1630647,34.917752584442496,0,339,2005,12
2005-12-06,26.909993294999023,0.16333832,34.8384044598788,0,340,2005,12
2005-12-07,26.939993294328477,0.16914822,34.70870079472661,0,341,2005,12
2005-12-08,26.909993294999023,0.1468095,34.75447855889797,0,342,2005,12
2005-12-09,26.87999329566958,0.15030767,34.97115997597575,0,343,2005,12
2005-12-10,26.789993297681235,0.17209037,35.125278448686004,0,344,2005,12
2005-12-11,26.679993300139927,0.12547563,35.146641405299306,0,345,2005,12
2005-12-12,26.589993302151584,0.12516119,35.16953028738499,0,346,2005,12
2005-12-13,26.38999330662193,0.17338748,35.24582656100392,0,347,2005,12
2005-12-14,26.1799933113158,0.17378382,35.305337654426694,0,348,2005,12
2005-12-15,26.38999330662193,0.18735784,35.326700611039996,1,349,2005,12
2005-12-16,26.429993305727866,0.21220373,35.34348579123616,2,350,2005,12
2005-12-17,26.759993298351787,0.2101559,35.35721912048757,4,351,2005,12
2005-12-18,26.839993296563648,0.17430899,35.36790059879422,3,352,2005,12
2005-12-19,26.91999329477551,0.17430899,35.377056151628494,1,353,2005,12
2005-12-20,27.0399932920933,0.17430927,35.3190709836781,0,354,2005,12
2005-12-21,27.059993291646265,0.18736872,35.1542710326612,0,355,2005,12
2005-12-22,27.22999328784647,0.18736872,35.24124878458679,0,356,2005,12
2005-12-23,27.31999328583481,0.18737768,35.314493207260966,2,357,2005,12
2005-12-24,27.54999328069391,0.17701195,35.34195986576378,0,358,2005,12
2005-12-25,27.689993277564668,0.17700587,35.351115418598056,0,359,2005,12
2005-12-26,27.62999327890577,0.19152693,35.36179689690471,0,360,2005,12
2005-12-27,27.399993284046676,0.19800788,35.37858207710087,0,361,2005,12
2005-12-28,27.4999932818115,0.23493262,35.351115418598056,0,362,2005,12
2005-12-29,27.489993282035016,0.25202888,35.209204349666834,8,363,2005,12
2005-12-30,27.54999328069391,0.2102898,35.15274510718882,0,364,2005,12
2005-12-31,27.54999328069391,0.1703202,35.21530805155635,0,365,2005,12
2006-01-01,27.38999328427019,0.18326178,35.256508039310575,0,1,2006,1
2006-01-02,27.709993277117636,0.18262807,35.2473524864763,3,2,2006,1
2006-01-03,27.869993273541358,0.15384096,35.221411753445864,0,3,2006,1
2006-01-04,27.869993273541358,0.15384096,35.195471020415425,0,4,2006,1
2006-01-05,27.0399932920933,0.15384096,35.16342658549547,0,5,2006,1
2006-01-06,27.07999329119923,0.15775667,35.15274510718882,0,6,2006,1
2006-01-07,27.069993291422747,0.15946701,35.16342658549547,0,7,2006,1
2006-01-08,27.169993289187573,0.12500188,35.16647843644023,0,8,2006,1
2006-01-09,27.13999328985813,0.1338702,35.09475993923843,0,9,2006,1
2006-01-10,27.099993290752195,0.1324743,35.09170808829367,4,10,2006,1
2006-01-11,27.23999328762295,0.13475737,35.122226597741246,0,11,2006,1
2006-01-12,27.679993277788185,0.13106455,35.062715504318476,0,12,2006,1
2006-01-13,27.909993272647284,0.1247172,34.955900721251965,0,13,2006,1
2006-01-14,28.27999326437714,0.12852779,34.824671130627394,0,14,2006,1
2006-01-15,28.70999325476589,0.124548934,34.618671191856265,0,15,2006,1
2006-01-16,28.82999325208368,0.2177795,34.319589799270034,0,16,2006,1
2006-01-17,28.78999325297775,0.15978783,33.956419536843896,0,17,2006,1
2006-01-18,28.69999325498941,0.18996263,33.37046415545046,0,18,2006,1
2006-01-19,28.619993256777548,0.28847316,33.59935297630727,0,19,2006,1
2006-01-20,28.419993261247896,0.28847316,33.285012328997254,0,20,2006,1
2006-01-21,28.08999326862397,0.1581156,32.65175325796008,0,21,2006,1
2006-01-22,28.149993267282863,0.1714846,32.54188662394881,0,22,2006,1
2006-01-23,28.15999326705935,0.17156608,32.5067903380841,0,23,2006,1
2006-01-24,28.80999325253072,0.21586825,32.59071623906493,0,24,2006,1
2006-01-25,28.73999325409534,0.26168397,32.741782860830426,0,25,2006,1
2006-01-26,28.78999325297775,0.15589911,32.87148652598262,2,26,2006,1
2006-01-27,29.09999324604871,0.20969732,33.12173830345273,6,27,2006,1
2006-01-28,29.459993238002085,0.17944598,33.213293831795454,0,28,2006,1
2006-01-29,29.349993240460776,0.23487973,33.15378273837268,2,29,2006,1
2006-01-30,29.149993244931125,0.1966814,33.26517529785633,0,30,2006,1
2006-01-31,29.069993246719264,0.18281122,33.36588637903333,0,31,2006,1
2006-02-01,29.0499932471663,0.18176775,33.367412304505706,0,32,2006,2
2006-02-02,28.55999325811865,0.17141552,33.260597521439195,0,33,2006,2
2006-02-03,28.34999326281252,0.20224501,33.162938291206956,3,34,2006,2
2006-02-04,28.39999326169493,0.20166834,33.091219794005156,0,35,2006,2
2006-02-05,28.43999326080086,0.18685293,32.98593093641102,0,36,2006,2
2006-02-06,28.65999325588348,0.20879643,32.946256874129176,0,37,2006,2
2006-02-07,28.419993261247896,0.20756254,33.09579757042229,0,38,2006,2
2006-02-08,28.299993263930105,0.60923696,33.02713092416525,0,39,2006,2
2006-02-09,28.139993267506384,0.63586247,32.95388650149107,6,40,2006,2
2006-02-10,28.11999326795342,0.46106222,33.21481975726783,0,41,2006,2
2006-02-11,28.179993266612318,0.19179502,33.92590102739632,7,42,2006,2
2006-02-12,29.12999324537816,0.15530403,34.61561934091151,6,43,2006,2
2006-02-13,29.05999324694278,0.15101509,34.73311560228467,0,44,2006,2
2006-02-14,29.18999324403705,0.2427671,34.75905633531511,0,45,2006,2
2006-02-15,29.219993243366503,0.147973,34.86281926743686,8,46,2006,2
2006-02-16,29.17999324426057,0.19190203,35.11917474679649,4,47,2006,2
2006-02-17,29.029993247613334,0.1729734,35.16495251096785,10,48,2006,2
2006-02-18,28.97999324873092,0.17167288,35.146641405299306,0,49,2006,2
2006-02-19,28.86999325118961,0.1517324,35.12985622510314,0,50,2006,2
2006-02-20,29.51999323666098,0.17629349,35.11917474679649,0,51,2006,2
2006-02-21,29.569993235543397,0.17382257,35.09781179018319,0,52,2006,2
2006-02-22,29.30999324135485,0.18906593,35.04287847317755,0,53,2006,2
2006-02-23,29.13999324515464,0.19295621,34.835352608934045,6,54,2006,2
2006-02-24,29.09999324604871,0.19295628,34.704123018309474,1,55,2006,2
2006-02-25,29.00999324806037,0.23156159,34.73006375133991,1,56,2006,2
2006-02-26,28.949993249401476,0.23709334,34.751426707953215,2,57,2006,2
2006-02-27,28.959993249177955,0.23060586,34.77126373909414,0,58,2006,2
2006-02-28,28.929993249848508,0.13312939,34.75600448437035,6,59,2006,2
2006-03-01,28.839993251860164,0.13394342,34.678182285279036,0,60,2006,3
2006-03-02,28.989993248507403,0.13222228,34.643085999414325,4,61,2006,3
2006-03-03,29.11999324560168,0.15703636,34.59120453335345,1,62,2006,3
2006-03-04,29.11999324560168,0.1570412,34.67513043433428,0,63,2006,3
2006-03-05,28.839993251860164,0.15710226,34.6446119248867,0,64,2006,3
2006-03-06,28.489993259683278,0.17741515,34.66902673244476,0,65,2006,3
2006-03-07,28.419993261247896,0.17741515,34.78347114287317,0,66,2006,3
2006-03-08,28.339993263036035,0.17981741,34.85213778913021,0,67,2006,3
2006-03-09,28.39999326169493,0.19176455,34.94827109389007,0,68,2006,3
2006-03-10,28.70999325476589,0.18668576,35.00015255995095,0,69,2006,3
2006-03-11,28.729993254318856,0.16099302,34.97573775239289,0,70,2006,3
2006-03-12,28.70999325476589,0.14005223,34.89028592593968,0,71,2006,3
2006-03-13,28.65999325588348,0.19120981,34.882656298577785,0,72,2006,3
2006-03-14,28.459993260353823,0.19117177,34.81398965232074,0,73,2006,3
2006-03-15,28.31999326348307,0.1692493,34.354686085134745,0,74,2006,3
2006-03-16,28.419993261247896,0.18583953,33.727530715987086,0,75,2006,3
2006-03-17,28.459993260353823,0.1938199,33.42234562151134,0,76,2006,3
2006-03-18,28.619993256777548,0.19420566,33.38877526111901,0,77,2006,3
2006-03-19,29.299993241578363,0.18655603,33.56273076497018,0,78,2006,3
2006-03-20,29.299993241578363,0.21321376,33.7122714612633,0,79,2006,3
2006-03-21,29.28999324180188,0.17458324,34.06018246896565,1,80,2006,3
2006-03-22,28.86999325118961,0.15837833,34.44471568800509,0,81,2006,3
2006-03-23,28.73999325409534,0.13704377,34.74837485700846,0,82,2006,3
2006-03-24,28.639993256330516,0.1799993,34.62630081921816,0,83,2006,3
2006-03-25,28.449993260577344,0.15688442,34.6018860116601,0,84,2006,3
2006-03-26,28.24999326504769,0.110700846,34.61561934091151,0,85,2006,3
2006-03-27,28.139993267506384,0.118737884,34.632404521107674,0,86,2006,3
2006-03-28,28.11999326795342,0.10127719,34.60493786260486,0,87,2006,3
2006-03-29,28.00999327041211,0.12099764,34.58815268240869,0,88,2006,3
2006-03-30,27.81999327465894,0.15199734,34.42030088044703,0,89,2006,3
2006-03-31,27.749993276223563,0.15458654,34.27381203509867,0,90,2006,3
2006-04-01,27.679993277788185,0.11188529,34.26313055679202,0,91,2006,4
2006-04-02,27.679993277788185,0.13294713,34.27228610962629,0,92,2006,4
2006-04-03,27.689993277564668,0.18242954,34.26770833320916,0,93,2006,4
2006-04-04,27.679993277788185,0.21338642,34.27991573698819,0,94,2006,4
2006-04-05,27.669993278011702,0.20420487,34.234137972816825,0,95,2006,4
2006-04-06,27.649993278458737,0.20503348,34.138004668056965,0,96,2006,4
2006-04-07,27.379993284493708,0.21505673,34.03424173593521,1,97,2006,4
2006-04-08,27.34999328516426,0.20485575,33.896908443421125,0,98,2006,4
2006-04-09,27.81999327465894,0.16700013,33.89385659247637,1,99,2006,4
2006-04-10,28.08999326862397,0.16285013,34.18836020864546,0,100,2006,4
2006-04-11,28.08999326862397,0.18774694,34.41114532761276,0,101,2006,4
2006-04-12,28.059993269294523,0.18975787,34.499649005010724,1,102,2006,4
2006-04-13,28.11999326795342,0.1333344,34.557634172961116,0,103,2006,4
2006-04-14,28.00999327041211,0.19435161,34.53779714182019,0,104,2006,4
2006-04-15,28.08999326862397,0.14840826,34.52558973804116,0,105,2006,4
2006-04-16,27.909993272647284,0.20442665,34.559160098433495,3,106,2006,4
2006-04-17,27.80999327488246,0.1798105,34.61561934091151,0,107,2006,4
2006-04-18,27.73999327644708,0.1798105,34.6736045088619,0,108,2006,4
2006-04-19,27.479993282258533,0.17892356,34.65071562677622,0,109,2006,4
2006-04-20,27.399993284046676,0.21569616,34.60951563902199,0,110,2006,4
2006-04-21,27.369993284717225,0.18490109,34.595782309770584,0,111,2006,4
2006-04-22,27.31999328583481,0.19037957,34.583574905991554,0,112,2006,4
2006-04-23,27.0399932920933,0.20607142,34.56831565126777,0,113,2006,4
2006-04-24,26.91999329477551,0.18803202,34.36384163796902,0,114,2006,4
2006-04-25,26.899993295222544,0.19937056,34.35163423418999,0,115,2006,4
2006-04-26,26.819993297010683,0.30646166,34.38062681816518,0,116,2006,4
2006-04-27,26.719993299245857,0.3074641,34.51948603615165,0,117,2006,4
2006-04-28,26.68999329991641,0.32344714,34.60036008618772,0,118,2006,4
2006-04-29,26.87999329566958,0.23028952,34.643085999414325,0,119,2006,4
2006-04-30,26.91999329477551,0.209308,34.569841576740146,0,120,2006,4
2006-05-01,26.94999329410496,0.29611352,34.51643418520689,0,121,2006,5
2006-05-02,26.92999329455199,0.31308833,34.56068602390587,0,122,2006,5
2006-05-03,26.94999329410496,0.19496126,34.63850822299719,0,123,2006,5
2006-05-04,26.96999329365792,0.31498435,34.63545637205243,0,124,2006,5
2006-05-05,27.01999329254033,0.3200183,34.64613785035908,0,125,2006,5
2006-05-06,27.00999329276385,0.27984855,34.678182285279036,0,126,2006,5
2006-05-07,26.909993294999023,0.27984855,34.725485974922776,0,127,2006,5
2006-05-08,26.789993297681235,0.26658186,34.74227115511894,0,128,2006,5
2006-05-09,26.719993299245857,0.27390864,34.75295263342559,0,129,2006,5
2006-05-10,26.549993303045653,0.24023025,34.762108186259866,0,130,2006,5
2006-05-11,26.279993309080623,0.23104364,34.78041929192841,0,131,2006,5
2006-05-12,26.139993312209867,0.25429294,34.810937801375985,0,132,2006,5
2006-05-13,26.18999331109228,0.32633704,34.835352608934045,0,133,2006,5
2006-05-14,26.38999330662193,0.2592807,34.85061186365783,0,134,2006,5
2006-05-15,26.319993308186557,0.34096897,34.859767416492105,0,135,2006,5
2006-05-16,26.32999330796304,0.3892761,34.91317480802536,0,136,2006,5
2006-05-17,26.38999330662193,0.20731075,34.98641923069954,0,137,2006,5
2006-05-18,26.349993307516,0.21545695,34.98641923069954,0,138,2006,5
2006-05-19,25.859993318468355,0.2515728,34.97726367786527,0,139,2006,5
2006-05-20,25.809993319585946,0.3935979,34.97421182692051,0,140,2006,5
2006-05-21,25.809993319585946,0.43056196,34.968108125030994,0,141,2006,5
2006-05-22,25.619993323832773,0.41109124,34.92385628633201,0,142,2006,5
2006-05-23,25.619993323832773,0.33538097,34.858241491019726,0,143,2006,5
2006-05-24,25.55999332517388,0.30041844,34.80636002495885,0,144,2006,5
2006-05-25,25.33999333009126,0.30819473,34.80178224854171,0,145,2006,5
2006-05-26,25.15999333411457,0.2566173,34.85366371460259,0,146,2006,5
2006-05-27,24.959993338584923,0.31062302,34.88113037310541,0,147,2006,5
2006-05-28,25.05999333634975,0.40078568,34.86129334196448,0,148,2006,5
2006-05-29,25.0899933356792,0.45270002,34.87655259668827,0,149,2006,5
2006-05-30,25.049993336573262,0.25052014,34.91164888255298,0,150,2006,5
2006-05-31,25.039993336796783,0.20254892,34.97115997597575,0,151,2006,5
2006-06-01,25.279993331432365,0.28638518,35.016937740147114,0,152,2006,6
2006-06-02,25.68999332226815,0.253761,35.03372292034328,0,153,2006,6
2006-06-03,25.659993322938703,0.15731454,35.05813772790134,0,154,2006,6
2006-06-04,25.509993326291465,0.28290856,35.087130311876535,0,155,2006,6
2006-06-05,25.229993332549952,0.2610044,35.00625626184046,0,156,2006,6
2006-06-06,25.239993332326435,0.29165184,34.96505627408624,0,157,2006,6
2006-06-07,25.359993329644222,0.36989483,34.95284887030721,0,158,2006,6
2006-06-08,25.549993325397395,0.277253,34.95742664672434,0,159,2006,6
2006-06-09,25.429993328079604,0.39150643,34.968108125030994,0,160,2006,6
2006-06-10,25.09999333545568,0.24913026,34.97268590144813,0,161,2006,6
2006-06-11,25.039993336796783,0.21418984,34.9894710816443,0,162,2006,6
2006-06-12,25.009993337467336,0.41392833,35.0108340382576,0,163,2006,6
2006-06-13,24.819993341714166,0.48666728,35.02456736750901,0,164,2006,6
2006-06-14,24.77999334260824,0.45516488,35.03067106939852,0,165,2006,6
2006-06-15,24.86999334059658,0.37610978,35.0535599514842,0,166,2006,6
2006-06-16,25.019993337243815,0.38229132,35.09170808829367,0,167,2006,6
2006-06-17,25.009993337467336,0.31715447,35.12070067226887,0,168,2006,6
2006-06-18,25.05999333634975,0.28760296,35.14358955435455,0,169,2006,6
2006-06-19,25.049993336573262,0.22441472,35.15121918171644,0,170,2006,6
2006-06-20,25.079993335902717,0.26142293,35.088656237348914,0,171,2006,6
2006-06-21,25.309993330761813,0.28412727,35.050508100539446,0,172,2006,6
2006-06-22,25.37999332919719,0.19434333,35.06881920620799,0,173,2006,6
2006-06-23,25.24999333210292,0.26788247,35.10696734301746,0,174,2006,6
2006-06-24,24.859993340820097,0.31467974,35.15732288360596,0,175,2006,6
2006-06-25,24.859993340820097,0.3034247,35.17868584021926,0,176,2006,6
2006-06-26,24.7999933421612,0.34409896,35.19394509494305,0,177,2006,6
2006-06-27,24.589993346855067,0.3192789,35.21378212608397,0,178,2006,6
2006-06-28,24.53999334797265,0.253706,35.22751545533538,0,179,2006,6
2006-06-29,24.569993347302105,0.20693229,35.219885827973485,0,180,2006,6
2006-06-30,24.579993347078585,0.2469908,35.21530805155635,0,181,2006,6
2006-07-01,24.48999334909024,0.22161143,35.22904138080776,0,182,2006,7
2006-07-02,24.22999335490169,0.2735301,35.2473524864763,0,183,2006,7
2006-07-03,24.269993354007624,0.35189247,35.25193026289344,0,184,2006,7
2006-07-04,24.299993353337072,0.2079636,35.267189517617226,0,185,2006,7
2006-07-05,24.279993353784107,0.37434292,35.28550062328577,0,186,2006,7
2006-07-06,24.339993352443003,0.2102314,35.29618210159242,0,187,2006,7
2006-07-07,24.389993351325412,0.22876866,35.305337654426694,0,188,2006,7
2006-07-08,24.349993352219485,0.2260206,35.32212283462286,0,189,2006,7
2006-07-09,24.21999335512521,0.30386034,35.33738208934665,0,190,2006,7
2006-07-10,24.22999335490169,0.2848043,35.35569319501519,0,191,2006,7
2006-07-11,24.15999335646632,0.2848361,35.36790059879422,0,192,2006,7
2006-07-12,24.1699933562428,0.3540865,35.37095244973898,0,193,2006,7
2006-07-13,24.21999335512521,0.2910214,35.37247837521136,0,194,2006,7
2006-07-14,24.189993355795764,0.23054725,35.37095244973898,0,195,2006,7
2006-07-15,23.97999336048963,0.22415212,35.37095244973898,0,196,2006,7
2006-07-16,23.999993360042595,0.20149529,35.37400430068374,0,197,2006,7
2006-07-17,24.029993359372043,0.2076342,35.37400430068374,0,198,2006,7
2006-07-18,24.189993355795764,0.21713461,35.3694265242666,0,199,2006,7
2006-07-19,24.119993357360386,0.21875577,35.364848747849464,0,200,2006,7
2006-07-20,24.00999335981908,0.2235086,35.36027097143233,0,201,2006,7
2006-07-21,23.54999337010088,0.41885802,35.35416726954281,0,202,2006,7
2006-07-22,23.60999336875977,0.3149014,35.34348579123616,0,203,2006,7
2006-07-23,23.54999337010088,0.48512763,35.32212283462286,0,204,2006,7
2006-07-24,23.579993369430326,0.40352663,35.27024136856198,0,205,2006,7
2006-07-25,23.619993368536257,0.65687084,35.146641405299306,0,206,2006,7
2006-07-26,23.659993367642187,0.46354914,34.82619705609977,0,207,2006,7
2006-07-27,23.309993375465297,0.7665399,34.6018860116601,0,208,2006,7
2006-07-28,22.83999338597061,1.12629,34.534745290875435,0,209,2006,7
2006-07-29,22.66999338977041,0.40805405,34.48438975028694,0,210,2006,7
2006-07-30,22.91999338418248,1.335245,34.47065642103553,0,211,2006,7
2006-07-31,23.51999337077143,0.6279401,34.52864158898592,0,212,2006,7
2006-08-01,23.59999336898329,0.5205489,34.63545637205243,0,213,2006,8
2006-08-02,23.74999336563053,0.5205489,34.809411875903606,0,214,2006,8
2006-08-03,23.929993361607217,0.36754575,34.99710070900619,0,215,2006,8
2006-08-04,23.969993360713147,0.25321203,35.02151551656425,0,216,2006,8
2006-08-05,23.959993360936664,0.23796956,35.02456736750901,0,217,2006,8
2006-08-06,23.999993360042595,0.34928715,34.7956785466522,0,218,2006,8
2006-08-07,23.97999336048963,0.38108975,34.79415262117982,0,219,2006,8
2006-08-08,23.89999336227777,0.63749826,34.824671130627394,0,220,2006,8
2006-08-09,23.809993364289426,0.3727936,34.93606369011104,0,221,2006,8
2006-08-10,23.84999336339536,0.23607741,35.00778218731284,0,222,2006,8
2006-08-11,24.029993359372043,0.24358033,35.02151551656425,0,223,2006,8
2006-08-12,23.91999336183073,0.30429932,35.038300696760416,0,224,2006,8
2006-08-13,23.84999336339536,0.33489123,35.05508587695658,0,225,2006,8
2006-08-14,23.90999336205425,0.27652168,35.03067106939852,0,226,2006,8
2006-08-15,23.78999336473646,0.6323796,34.98794515617192,0,227,2006,8
2006-08-16,23.659993367642187,0.7192172,35.03524884581566,0,228,2006,8
2006-08-17,23.779993364959974,0.33391058,35.100863641127944,0,229,2006,8
2006-08-18,24.109993357583903,0.36316144,35.14969325624406,0,230,2006,8
2006-08-19,24.15999335646632,0.31028774,35.16190066002309,0,231,2006,8
2006-08-20,24.119993357360386,0.2865771,35.14358955435455,0,232,2006,8
2006-08-21,24.109993357583903,0.24585593,35.13138215057552,0,233,2006,8
2006-08-22,24.13999335691335,0.30149546,35.11764882132411,0,234,2006,8
2006-08-23,24.15999335646632,0.26932853,35.12833029963076,0,235,2006,8
2006-08-24,24.01999335959556,0.29507586,35.16190066002309,0,236,2006,8
2006-08-25,23.729993366077565,0.3061295,35.1542710326612,0,237,2006,8
2006-08-26,23.69999336674812,0.31845582,35.14358955435455,0,238,2006,8
2006-08-27,23.7099933665246,0.39639798,35.14053770340979,0,239,2006,8
2006-08-28,23.71999336630108,0.7707501,35.13138215057552,0,240,2006,8
2006-08-29,23.7099933665246,0.63083714,35.125278448686004,0,241,2006,8
2006-08-30,23.729993366077565,0.6790006,35.12070067226887,0,242,2006,8
2006-08-31,23.799993364512943,0.37372693,35.14206362888217,0,243,2006,8
2006-09-01,23.259993376582884,0.21824633,35.13901177793741,0,244,2006,9
2006-09-02,23.31999337524178,0.48004675,35.15121918171644,0,245,2006,9
2006-09-03,23.39999337345364,0.28770122,35.15579695813358,0,246,2006,9
2006-09-04,23.71999336630108,0.2318044,35.17715991474688,0,247,2006,9
2006-09-05,23.85999336317184,0.24403353,35.21530805155635,0,248,2006,9
2006-09-06,23.90999336205425,0.17400417,35.25040433742106,0,249,2006,9
2006-09-07,23.84999336339536,0.19191332,35.25345618836582,0,250,2006,9
2006-09-08,23.759993365407013,0.19822021,35.24582656100392,0,251,2006,9
2006-09-09,23.51999337077143,0.3355795,35.244300635531545,0,252,2006,9
2006-09-10,23.71999336630108,0.18915701,35.242774710059166,0,253,2006,9
2006-09-11,23.739993365854048,0.22085823,35.25803396478295,0,254,2006,9
2006-09-12,23.82999336384239,0.17851433,35.279396921396255,0,255,2006,9
2006-09-13,23.989993360266112,0.27337775,35.293130250647664,0,256,2006,9
2006-09-14,23.91999336183073,0.28898203,35.2977080270648,0,257,2006,9
2006-09-15,23.659993367642187,0.30412436,35.30991543084383,0,258,2006,9
2006-09-16,23.74999336563053,0.37733313,35.3190709836781,0,259,2006,9
2006-09-17,23.74999336563053,0.37733406,35.32212283462286,0,260,2006,9
2006-09-18,23.879993362724804,0.26589856,35.326700611039996,0,261,2006,9
2006-09-19,23.85999336317184,0.26589912,35.33585616387427,0,262,2006,9
2006-09-20,23.799993364512943,0.26117757,35.34195986576378,0,263,2006,9
2006-09-21,23.689993366971635,0.35283282,35.3480635676533,0,264,2006,9
2006-09-22,23.489993371441983,0.23181517,35.351115418598056,0,265,2006,9
2006-09-23,23.5399933703244,0.24972513,35.35416726954281,0,266,2006,9
2006-09-24,23.58999336920681,0.17771251,35.36027097143233,0,267,2006,9
2006-09-25,23.569993369653844,0.27008843,35.36027097143233,0,268,2006,9
2006-09-26,23.58999336920681,0.2057598,35.364848747849464,0,269,2006,9
2006-09-27,23.679993367195152,0.21207318,35.36179689690471,0,270,2006,9
2006-09-28,23.12999337948861,0.21212748,35.351115418598056,1,271,2006,9
2006-09-29,22.999993382394337,0.2062276,35.30991543084383,0,272,2006,9
2006-09-30,23.69999336674812,0.2062314,35.20157472230494,0,273,2006,9
2006-10-01,23.89999336227777,0.7285956,35.206152498722076,0,274,2006,10
2006-10-02,23.949993361160185,0.7285947,35.23514508269727,0,275,2006,10
2006-10-03,24.189993355795764,0.7285947,35.15732288360596,0,276,2006,10
2006-10-04,24.349993352219485,0.7857292,35.122226597741246,0,277,2006,10
2006-10-05,24.459993349760797,0.19925103,35.15274510718882,0,278,2006,10
2006-10-06,24.919993339478992,0.21178192,35.22751545533538,0,279,2006,10
2006-10-07,24.969993338361405,0.20798025,35.254982113838196,0,280,2006,10
2006-10-08,24.94999333880844,0.19206405,35.254982113838196,0,281,2006,10
2006-10-09,24.959993338584923,0.18071727,35.25040433742106,0,282,2006,10
2006-10-10,24.90999333970251,0.19855146,35.232093231752515,0,283,2006,10
2006-10-11,24.55999334752562,0.1708157,35.218359902501106,0,284,2006,10
2006-10-12,24.339993352443003,0.16229919,35.207678424194455,0,285,2006,10
2006-10-13,24.509993348643206,0.1794287,35.20310064777732,0,286,2006,10
2006-10-14,24.55999334752562,0.17942955,35.206152498722076,0,287,2006,10
2006-10-15,25.049993336573262,0.26192042,35.21378212608397,3,288,2006,10
2006-10-16,25.09999333545568,0.18943463,35.21683397702873,4,289,2006,10
2006-10-17,24.999993337690853,0.17114916,35.22446360439062,1,290,2006,10
2006-10-18,24.609993346408032,0.22955374,35.225989529863,2,291,2006,10
2006-10-19,24.689993344619893,0.21687098,35.13748585246503,1,292,2006,10
2006-10-20,24.699993344396376,0.2148241,35.0611895788461,2,293,2006,10
2006-10-21,24.649993345513963,0.21449201,35.03067106939852,0,294,2006,10
2006-10-22,24.82999334149065,0.16819918,35.03372292034328,2,295,2006,10
2006-10-23,25.14999333433809,0.16441712,35.03524884581566,5,296,2006,10
2006-10-24,25.29999333098533,0.15607913,35.02304144203663,0,297,2006,10
2006-10-25,25.429993328079604,0.21325462,35.0611895788461,0,298,2006,10
2006-10-26,25.37999332919719,0.2314966,35.12985622510314,0,299,2006,10
2006-10-27,25.41999332830312,0.24355319,35.160374734550714,0,300,2006,10
2006-10-28,26.199993310868763,0.19786038,35.134434001520276,0,301,2006,10
2006-10-29,26.26999330930414,0.2270721,35.12985622510314,3,302,2006,10
2006-10-30,25.95999331623318,0.3706279,35.15121918171644,0,303,2006,10
2006-10-31,25.509993326291465,0.3664294,35.25803396478295,0,304,2006,10
2006-11-01,25.929993316903733,0.25666958,35.16647843644023,0,305,2006,11
2006-11-02,26.099993313103937,0.2627591,35.19394509494305,2,306,2006,11
2006-11-03,26.059993313998007,0.24460706,35.26261174120009,0,307,2006,11
2006-11-04,26.38999330662193,0.2610282,35.28550062328577,0,308,2006,11
2006-11-05,26.739993298798822,0.12990181,35.280922846868634,0,309,2006,11
2006-11-06,26.639993301034,0.12990008,35.30228580348194,0,310,2006,11
2006-11-07,26.359993307292484,0.14366937,35.3190709836781,0,311,2006,11
2006-11-08,26.1799933113158,0.14365378,35.33127838745713,0,312,2006,11
2006-11-09,26.629993301257517,0.12894566,35.340433940291405,0,313,2006,11
2006-11-10,26.37999330684545,0.116091266,35.33433023840189,4,314,2006,11
2006-11-11,26.30999330841007,0.100005336,35.328226536512375,0,315,2006,11
2006-11-12,26.219993310421728,0.10421505,35.32212283462286,0,316,2006,11
2006-11-13,25.9499933164567,0.10421505,35.32364876009524,0,317,2006,11
2006-11-14,25.9499933164567,0.10938066,35.31296728178859,0,318,2006,11
2006-11-15,25.789993320032977,0.12807478,35.280922846868634,1,319,2006,11
2006-11-16,25.76999332048001,0.12690338,35.254982113838196,5,320,2006,11
2006-11-17,25.829993319138907,0.14273112,35.267189517617226,2,321,2006,11
2006-11-18,25.909993317350768,0.1386237,35.27787099592388,4,322,2006,11
2006-11-19,26.439993305504345,0.12453307,35.29465617612004,0,323,2006,11
2006-11-20,26.589993302151584,0.10433068,35.30228580348194,1,324,2006,11
2006-11-21,26.76999329812827,0.10447033,35.30075987800956,8,325,2006,11
2006-11-22,26.829993296787165,0.10447033,35.2977080270648,1,326,2006,11
2006-11-23,26.509993303939723,0.14146048,35.29007839970291,3,327,2006,11
2006-11-24,26.29999330863359,0.17648524,35.28855247423053,2,328,2006,11
2006-11-25,26.10999331288042,0.13242008,35.2763450704515,3,329,2006,11
2006-11-26,26.38999330662193,0.09844743,35.30228580348194,1,330,2006,11
2006-11-27,26.899993295222544,0.116125,35.33585616387427,0,331,2006,11
2006-11-28,26.789993297681235,0.10584424,35.33738208934665,2,332,2006,11
2006-11-29,26.91999329477551,0.10584424,35.33280431292951,1,333,2006,11
2006-11-30,26.909993294999023,0.097691834,35.364848747849464,1,334,2006,11
2006-12-01,26.829993296787165,0.35052115,35.375530226156116,3,335,2006,12
2006-12-02,26.739993298798822,0.2547114,35.35416726954281,1,336,2006,12
2006-12-03,26.779993297904756,0.18464708,35.3480635676533,0,337,2006,12
2006-12-04,26.79999329745772,0.18464708,35.329752461984754,0,338,2006,12
2006-12-05,26.979993293434404,0.13152653,35.33280431292951,0,339,2006,12
2006-12-06,26.789993297681235,0.106243506,35.37858207710087,3,340,2006,12
2006-12-07,26.819993297010683,0.10867279,35.401470959186554,7,341,2006,12
2006-12-08,26.669993300363444,0.11936092,35.3480635676533,2,342,2006,12
2006-12-09,27.029993292316817,0.106367685,35.28397469781339,2,343,2006,12
2006-12-10,27.089993290975716,0.15792167,35.244300635531545,2,344,2006,12
2006-12-11,27.13999328985813,0.1579206,35.19241916947067,0,345,2006,12
2006-12-12,26.99999329298737,0.13809904,35.19241916947067,0,346,2006,12
2006-12-13,26.87999329566958,0.13517347,35.18021176569164,1,347,2006,12
2006-12-14,26.899993295222544,0.12056908,35.134434001520276,0,348,2006,12
2006-12-15,27.029993292316817,0.12644055,35.07034513168037,2,349,2006,12
2006-12-16,27.11999329030516,0.1413276,35.05661180242896,1,350,2006,12
2006-12-17,27.289993286505364,0.28328058,35.0611895788461,2,351,2006,12
2006-12-18,27.799993275105976,0.20478758,35.06729328073561,0,352,2006,12
2006-12-19,27.909993272647284,0.17609984,35.0611895788461,0,353,2006,12
2006-12-20,27.96999327130618,0.14543466,35.01998959109187,0,354,2006,12
2006-12-21,28.269993264600657,0.12646718,35.03372292034328,0,355,2006,12
2006-12-22,28.25999326482417,0.15846695,35.111545119434595,0,356,2006,12
2006-12-23,28.149993267282863,0.15902418,35.18631546758115,0,357,2006,12
2006-12-24,28.23999326527121,0.15852144,35.19241916947067,3,358,2006,12
2006-12-25,28.329993263259556,0.14337468,35.171056212857366,0,359,2006,12
2006-12-26,28.51999325901272,0.14352676,35.111545119434595,0,360,2006,12
2006-12-27,28.609993257001065,0.13598254,35.039826622232795,3,361,2006,12
2006-12-28,28.62999325655403,0.1232541,34.92690813727677,5,362,2006,12
2006-12-29,28.759993253648304,0.13557006,34.69801931641996,1,363,2006,12
2006-12-30,28.799993252754238,0.1616228,34.618671191856265,0,364,2006,12
2006-12-31,28.73999325409534,0.1616228,34.63545637205243,0,365,2006,12
2007-01-01,28.70999325476589,0.24052146,34.45692309178412,0,1,2007,1
2007-01-02,28.639993256330516,0.22776486,34.64766377583146,0,2,2007,1
2007-01-03,27.7299932766706,0.23846991,34.92385628633201,0,3,2007,1
2007-01-04,27.2699932869524,0.19974867,35.14969325624406,0,4,2007,1
2007-01-05,27.22999328784647,0.20019951,35.23819693364203,0,5,2007,1
2007-01-06,27.829993274435424,0.18836538,35.303811728954315,0,6,2007,1
2007-01-07,27.84999327398839,0.17064749,35.329752461984754,0,7,2007,1
2007-01-08,27.93999327197673,0.1600562,35.35416726954281,0,8,2007,1
2007-01-09,27.57999328002336,0.1581682,35.34653764218092,0,9,2007,1
2007-01-10,27.61999327912929,0.15960862,35.314493207260966,0,10,2007,1
2007-01-11,27.58999327979984,0.13990365,35.29923395253718,0,11,2007,1
2007-01-12,28.1299932677299,0.16526994,35.316019132733345,0,12,2007,1
2007-01-13,28.489993259683278,0.18332975,35.12985622510314,0,13,2007,1
2007-01-14,28.73999325409534,0.15167491,34.14563429541886,0,14,2007,1
2007-01-15,28.799993252754238,0.19822884,34.20209353789687,0,15,2007,1
2007-01-16,28.77999325320127,0.19822884,34.533219365403056,0,16,2007,1
2007-01-17,28.51999325901272,0.39512613,34.55305639654398,1,17,2007,1
2007-01-18,28.409993261471413,0.39194962,34.4584490172565,0,18,2007,1
2007-01-19,28.06999326907101,0.39181143,34.46913049556315,0,19,2007,1
2007-01-20,28.059993269294523,0.17976737,34.54237491823733,0,20,2007,1
2007-01-21,28.07999326884749,0.17918204,34.61256748996675,0,21,2007,1
2007-01-22,27.829993274435424,0.19823942,34.75447855889797,1,22,2007,1
2007-01-23,27.93999327197673,0.13561904,34.812463726848364,7,23,2007,1
2007-01-24,27.999993270635628,0.13561802,34.94827109389007,0,24,2007,1
2007-01-25,28.16999326683583,0.1395694,35.01998959109187,0,25,2007,1
2007-01-26,28.109993268176936,0.14640643,34.966582199558616,3,26,2007,1
2007-01-27,28.03999326974156,0.14975266,34.9101229570806,0,27,2007,1
2007-01-28,27.769993275776528,0.14976512,34.89944147877395,0,28,2007,1
2007-01-29,27.679993277788185,0.12160805,34.882656298577785,3,29,2007,1
2007-01-30,27.679993277788185,0.116432205,34.833826683461666,0,30,2007,1
2007-01-31,28.11999326795342,0.11937596,34.82772298157215,2,31,2007,1
2007-02-01,28.55999325811865,0.11937596,34.86587111838162,0,32,2007,2
2007-02-02,28.609993257001065,0.11012353,34.86434519290924,0,33,2007,2
2007-02-03,28.50999325923624,0.11109821,34.87960444763303,0,34,2007,2
2007-02-04,28.34999326281252,0.11118704,34.917752584442496,0,35,2007,2
2007-02-05,28.719993254542374,0.10975429,34.933011839166284,0,36,2007,2
2007-02-06,28.909993250295543,0.115049876,34.966582199558616,0,37,2007,2
2007-02-07,28.69999325498941,0.122441925,34.96200442314148,2,38,2007,2
2007-02-08,28.599993257224583,0.1274792,34.95742664672434,3,39,2007,2
2007-02-09,28.529993258789204,0.124104984,34.9604784976691,1,40,2007,2
2007-02-10,28.909993250295543,0.8080686,34.968108125030994,0,41,2007,2
2007-02-11,28.949993249401476,0.17730387,35.00015255995095,0,42,2007,2
2007-02-12,28.93999324962499,0.17588465,34.93453776463866,0,43,2007,2
2007-02-13,28.609993257001065,0.18956688,34.92843406274915,0,44,2007,2
2007-02-14,28.679993255436443,0.19081035,34.933011839166284,0,45,2007,2
2007-02-15,28.62999325655403,0.17272685,34.96200442314148,0,46,2007,2
2007-02-16,28.369993262365483,0.16234584,34.97573775239289,1,47,2007,2
2007-02-17,28.269993264600657,0.17733353,34.98641923069954,0,48,2007,2
2007-02-18,28.03999326974156,0.19139628,35.050508100539446,0,49,2007,2
2007-02-19,27.979993271082662,0.1837009,35.12833029963076,1,50,2007,2
2007-02-20,27.96999327130618,0.27234817,35.209204349666834,0,51,2007,2
2007-02-21,27.94999327175321,0.26922485,35.16342658549547,0,52,2007,2
2007-02-22,27.799993275105976,0.2968087,34.94064146652818,0,53,2007,2
2007-02-23,27.649993278458737,0.2750186,34.76821188814938,0,54,2007,2
2007-02-24,27.13999328985813,0.22040136,34.85213778913021,0,55,2007,2
2007-02-25,26.72999329902234,0.30200902,34.823145205155015,1,56,2007,2
2007-02-26,26.789993297681235,0.22983153,34.85671556554735,0,57,2007,2
2007-02-27,26.939993294328477,0.19177602,34.86892296932638,0,58,2007,2
2007-02-28,26.95999329388144,0.20634931,34.8887600004673,0,59,2007,2
2007-03-01,27.15999328941109,0.21319108,34.86587111838162,0,60,2007,3
2007-03-02,27.379993284493708,0.22299226,34.907071106135845,0,61,2007,3
2007-03-03,27.529993281140943,0.19294825,34.91164888255298,0,62,2007,3
2007-03-04,27.63999327868225,0.20800436,34.87502667121589,2,63,2007,3
2007-03-05,27.669993278011702,0.20800442,34.8384044598788,0,64,2007,3
2007-03-06,27.69999327734115,0.20371445,34.786522993817925,2,65,2007,3
2007-03-07,27.799993275105976,0.16559526,34.714804496616125,1,66,2007,3
2007-03-08,27.84999327398839,0.17078628,34.59273045882583,0,67,2007,3
2007-03-09,27.909993272647284,0.17459597,34.56068602390587,0,68,2007,3
2007-03-10,27.999993270635628,0.15989757,34.55610824748874,1,69,2007,3
2007-03-11,28.03999326974156,0.22461651,34.57594527862966,2,70,2007,3
2007-03-12,27.8999932728708,0.18798079,34.62477489374578,2,71,2007,3
2007-03-13,27.85999327376487,0.21175268,34.65071562677622,2,72,2007,3
2007-03-14,27.799993275105976,0.20503585,34.62477489374578,0,73,2007,3
2007-03-15,27.839993274211903,0.21995148,34.59120453335345,0,74,2007,3
2007-03-16,27.92999327220025,0.20897987,34.50575270690024,0,75,2007,3
2007-03-17,28.11999326795342,0.20079751,34.41114532761276,0,76,2007,3
2007-03-18,28.23999326527121,0.22780375,34.295174991711974,0,77,2007,3
2007-03-19,28.16999326683583,0.23556443,34.246345376595855,0,78,2007,3
2007-03-20,27.749993276223563,0.29273415,34.49659715406597,0,79,2007,3
2007-03-21,27.679993277788185,0.34025797,34.56068602390587,0,80,2007,3
2007-03-22,27.77999327555301,0.32720858,34.64918970130384,1,81,2007,3
2007-03-23,28.04999326951804,0.47718126,34.751426707953215,2,82,2007,3
2007-03-24,28.419993261247896,0.4097332,34.78499706834555,1,83,2007,3
2007-03-25,28.619993256777548,0.22597021,34.81856742873788,0,84,2007,3
2007-03-26,28.38999326191845,0.2491061,34.858241491019726,2,85,2007,3
2007-03-27,28.139993267506384,0.34051535,34.702597092837095,1,86,2007,3
2007-03-28,28.00999327041211,0.26083836,34.46760457009077,1,87,2007,3
2007-03-29,27.92999327220025,0.27872175,34.15936762467027,2,88,2007,3
2007-03-30,27.829993274435424,0.29769805,33.74889367260039,0,89,2007,3
2007-03-31,27.77999327555301,0.37011513,33.43607895076275,0,90,2007,3
2007-04-01,27.69999327734115,0.37080044,33.452864130958915,2,91,2007,4
2007-04-02,27.669993278011702,0.3707953,33.51542707532644,1,92,2007,4
2007-04-03,27.7299932766706,0.35684457,33.55662706308067,3,93,2007,4
2007-04-04,27.709993277117636,0.24257296,33.43760487623513,1,94,2007,4
2007-04-05,27.789993275329493,0.31661022,32.94015317223966,1,95,2007,4
2007-04-06,27.77999327555301,0.31307045,32.18176821246743,1,96,2007,4
2007-04-07,27.689993277564668,0.33380207,31.345561053603888,1,97,2007,4
2007-04-08,27.58999327979984,0.3292535,31.243324046954513,0,98,2007,4
2007-04-09,27.19999328851702,0.328352,31.998657155781984,0,99,2007,4
2007-04-10,26.979993293434404,0.50358385,32.633442152291536,0,100,2007,4
2007-04-11,26.779993297904756,0.4959337,33.45896783284843,0,101,2007,4
2007-04-12,26.60999330170455,0.43713224,33.47422708757222,1,102,2007,4
2007-04-13,26.829993296787165,0.2637433,33.4681233856827,8,103,2007,4
2007-04-14,27.409993283823155,0.34557384,33.50627152249217,6,104,2007,4
2007-04-15,27.92999327220025,0.20562121,33.26517529785633,1,105,2007,4
2007-04-16,28.029993269965075,0.16785605,32.71126435138285,9,106,2007,4
2007-04-17,27.88999327309432,0.19340844,32.502212561666965,2,107,2007,4
2007-04-18,27.799993275105976,0.14590046,32.65175325796008,0,108,2007,4
2007-04-19,27.8999932728708,0.13947296,32.91726429015398,10,109,2007,4
2007-04-20,27.959993271529697,0.1380288,33.11410867609084,4,110,2007,4
2007-04-21,28.08999326862397,0.11044832,33.37351600639522,0,111,2007,4
2007-04-22,28.099993268400453,0.14608744,33.67107147350907,2,112,2007,4
2007-04-23,28.07999326884749,0.1794627,33.861812157556415,0,113,2007,4
2007-04-24,27.85999327376487,0.1220128,34.04644913971424,1,114,2007,4
2007-04-25,27.77999327555301,0.1440634,34.197515761479735,2,115,2007,4
2007-04-26,27.62999327890577,0.16552348,34.26160463131964,2,116,2007,4
2007-04-27,27.519993281364464,0.15536615,34.281441662460566,0,117,2007,4
2007-04-28,27.75999327600005,0.14317912,34.041871363297105,0,118,2007,4
2007-04-29,27.769993275776528,0.1721002,34.257026854902506,0,119,2007,4
2007-04-30,27.029993292316817,0.20328514,34.473708271980286,2,120,2007,4
2007-05-01,26.869993295893096,0.19052048,34.485915675759315,0,121,2007,5
2007-05-02,26.94999329410496,0.21692854,34.48438975028694,0,122,2007,5
2007-05-03,27.15999328941109,0.1928777,34.50422678142786,1,123,2007,5
2007-05-04,27.219993288069983,0.21072696,34.54084899276495,0,124,2007,5
2007-05-05,27.13999328985813,0.23198713,34.557634172961116,0,125,2007,5
2007-05-06,27.11999329030516,0.18629362,34.60493786260486,0,126,2007,5
2007-05-07,26.87999329566958,0.2087756,34.68428598716855,2,127,2007,5
2007-05-08,26.91999329477551,0.18352193,34.67513043433428,0,128,2007,5
2007-05-09,26.899993295222544,0.20021378,34.74837485700846,2,129,2007,5
2007-05-10,27.169993289187573,0.1962304,34.90096740424633,2,130,2007,5
2007-05-11,27.15999328941109,0.22297747,35.0611895788461,0,131,2007,5
2007-05-12,27.089993290975716,0.2347451,35.15579695813358,0,132,2007,5
2007-05-13,26.84999329634013,0.16542587,35.16800436191261,0,133,2007,5
2007-05-14,26.87999329566958,0.22395685,35.16647843644023,0,134,2007,5
2007-05-15,26.87999329566958,0.19122149,35.148167330771685,3,135,2007,5
2007-05-16,26.8099932972342,0.16532117,35.1329080760479,2,136,2007,5
2007-05-17,26.69999329969289,0.15220083,35.146641405299306,1,137,2007,5
2007-05-18,26.64999330081048,0.19125672,35.14358955435455,5,138,2007,5
2007-05-19,26.68999329991641,0.19654855,35.135959926992655,0,139,2007,5
2007-05-20,26.68999329991641,0.22020906,35.11612289585173,5,140,2007,5
2007-05-21,26.72999329902234,0.4086603,35.09018216282129,0,141,2007,5
2007-05-22,26.65999330058696,0.4869494,35.10238956660032,4,142,2007,5
2007-05-23,25.86999331824484,0.3031296,35.12070067226887,1,143,2007,5
2007-05-24,25.86999331824484,0.22328982,35.158848809078336,3,144,2007,5
2007-05-25,25.859993318468355,0.38738927,35.209204349666834,2,145,2007,5
2007-05-26,25.809993319585946,0.58559865,35.16953028738499,0,146,2007,5
2007-05-27,25.789993320032977,0.2115798,35.09018216282129,0,147,2007,5
2007-05-28,25.83999331891539,0.20440146,35.08102660998702,3,148,2007,5
2007-05-29,25.91999331712725,0.19096807,35.076448833569884,1,149,2007,5
2007-05-30,25.819993319362425,0.25704435,35.099337715655565,2,150,2007,5
2007-05-31,25.76999332048001,0.23594911,35.12833029963076,1,151,2007,5
2007-06-01,25.659993322938703,0.35939226,35.14969325624406,3,152,2007,6
2007-06-02,25.45999332740905,0.31231722,35.13138215057552,1,153,2007,6
2007-06-03,25.509993326291465,0.25815794,35.12833029963076,0,154,2007,6
2007-06-04,25.749993320927047,0.28603944,35.19241916947067,0,155,2007,6
2007-06-05,25.91999331712725,0.22694705,35.18936731852591,8,156,2007,6
2007-06-06,25.77999332025649,0.29346484,35.146641405299306,0,157,2007,6
2007-06-07,25.629993323609256,0.3753086,35.088656237348914,0,158,2007,6
2007-06-08,25.289993331208848,0.4937016,34.81398965232074,0,159,2007,6
2007-06-09,25.29999333098533,0.45023403,34.67055265791714,0,160,2007,6
2007-06-10,25.329993330314775,0.38095564,34.58662675693631,0,161,2007,6
2007-06-11,25.849993318691872,0.45584548,34.61256748996675,0,162,2007,6
2007-06-12,25.979993315786142,0.21395962,34.61561934091151,0,163,2007,6
2007-06-13,26.009993315115597,0.25438005,34.56678972579539,0,164,2007,6
2007-06-14,26.1799933113158,0.21098083,34.46607864461839,0,165,2007,6
2007-06-15,26.139993312209867,0.20573556,34.36841941438615,4,166,2007,6
2007-06-16,26.159993311762832,0.21816483,34.29975276812911,4,167,2007,6
2007-06-17,25.83999331891539,0.25795087,34.2646564822644,2,168,2007,6
2007-06-18,25.44999332763257,0.28573108,34.20209353789687,0,169,2007,6
2007-06-19,25.39999332875016,0.21336715,34.21277501620352,0,170,2007,6
2007-06-20,25.289993331208848,0.4223602,34.246345376595855,0,171,2007,6
2007-06-21,25.15999333411457,0.26305053,34.29059721529484,0,172,2007,6
2007-06-22,25.119993335008644,0.29011685,34.32721942663193,0,173,2007,6
2007-06-23,25.13999333456161,0.24223632,34.354686085134745,0,174,2007,6
2007-06-24,25.209993332996987,0.3578219,34.36078978702426,0,175,2007,6
2007-06-25,25.29999333098533,0.2805053,34.414197178557515,0,176,2007,6
2007-06-26,25.229993332549952,0.26836604,34.50422678142786,1,177,2007,6
2007-06-27,24.809993341937684,0.2896603,34.6018860116601,0,178,2007,6
2007-06-28,24.689993344619893,0.3186447,34.8170415032655,0,179,2007,6
2007-06-29,24.659993345290445,0.42938304,34.98336737975478,0,180,2007,6
2007-06-30,24.619993346184515,0.31669876,35.04898217506707,0,181,2007,6
2007-07-01,24.659993345290445,0.5379244,35.0535599514842,2,182,2007,7
2007-07-02,24.669993345066928,0.35152557,35.052034026011825,0,183,2007,7
2007-07-03,24.399993351101894,0.22902207,34.95284887030721,0,184,2007,7
2007-07-04,24.359993351995968,0.267236,35.015411814674735,0,185,2007,7
2007-07-05,24.349993352219485,0.30542374,35.110019193962216,0,186,2007,7
2007-07-06,24.269993354007624,0.3316144,35.11917474679649,0,187,2007,7
2007-07-07,24.32999335266652,0.23709953,35.08560438640416,0,188,2007,7
2007-07-08,24.389993351325412,0.28488758,35.04440439864993,0,189,2007,7
2007-07-09,24.379993351548933,0.35838926,35.01998959109187,0,190,2007,7
2007-07-10,24.359993351995968,0.26905903,35.00778218731284,0,191,2007,7
2007-07-11,24.28999335356059,0.3018277,35.0108340382576,0,192,2007,7
2007-07-12,24.149993356689837,0.22936743,35.015411814674735,2,193,2007,7
2007-07-13,24.119993357360386,0.20725779,35.004730336368084,0,194,2007,7
2007-07-14,24.109993357583903,0.21327095,34.9894710816443,0,195,2007,7
2007-07-15,24.09999335780742,0.19239707,34.98641923069954,0,196,2007,7
2007-07-16,24.119993357360386,0.2033654,35.0108340382576,0,197,2007,7
2007-07-17,24.05999335870149,0.27485648,35.03524884581566,0,198,2007,7
2007-07-18,24.199993355572246,0.34476876,35.04898217506707,0,199,2007,7
2007-07-19,23.90999336205425,0.43045527,35.05966365337372,0,200,2007,7
2007-07-20,23.89999336227777,0.2713954,35.07339698262513,0,201,2007,7
2007-07-21,23.86999336294832,0.41557875,35.087130311876535,0,202,2007,7
2007-07-22,24.239993354678177,0.47843078,35.09628586471081,0,203,2007,7
2007-07-23,24.24999335445466,0.26321954,35.10544141754508,2,204,2007,7
2007-07-24,24.20999335534873,0.32396513,35.10544141754508,0,205,2007,7
2007-07-25,24.1699933562428,0.32133657,35.10849326848984,0,206,2007,7
2007-07-26,24.199993355572246,0.46372208,35.10849326848984,0,207,2007,7
2007-07-27,24.149993356689837,0.9895408,35.10544141754508,0,208,2007,7
2007-07-28,24.00999335981908,1.1026225,35.09781179018319,0,209,2007,7
2007-07-29,23.85999336317184,0.32319263,35.09170808829367,0,210,2007,7
2007-07-30,24.309993353113555,0.2983644,35.09018216282129,0,211,2007,7
2007-07-31,24.269993354007624,0.26589194,35.100863641127944,1,212,2007,7
2007-08-01,23.90999336205425,0.2097012,35.10849326848984,0,213,2007,8
2007-08-02,23.74999336563053,0.48972067,35.10849326848984,0,214,2007,8
2007-08-03,23.739993365854048,0.2608858,35.110019193962216,0,215,2007,8
2007-08-04,23.74999336563053,0.8688281,35.11612289585173,0,216,2007,8
2007-08-05,23.769993365183492,0.7779679,35.134434001520276,0,217,2007,8
2007-08-06,23.86999336294832,0.25711432,35.18173769116402,0,218,2007,8
2007-08-07,24.239993354678177,0.42766875,35.207678424194455,0,219,2007,8
2007-08-08,24.239993354678177,0.41021484,35.23819693364203,0,220,2007,8
2007-08-09,24.299993353337072,0.2555614,35.303811728954315,0,221,2007,8
2007-08-10,24.239993354678177,0.26948068,35.352641344070435,0,222,2007,8
2007-08-11,24.22999335490169,0.25406507,35.35721912048757,0,223,2007,8
2007-08-12,24.01999335959556,0.28733152,35.34195986576378,0,224,2007,8
2007-08-13,23.949993361160185,0.2511645,35.35721912048757,0,225,2007,8
2007-08-14,23.949993361160185,0.37840602,35.34958949312568,0,226,2007,8
2007-08-15,23.949993361160185,0.63315076,35.23667100816965,0,227,2007,8
2007-08-16,23.969993360713147,0.64125687,35.10238956660032,0,228,2007,8
2007-08-17,23.929993361607217,0.30694658,35.125278448686004,0,229,2007,8
2007-08-18,23.97999336048963,0.23516846,35.14053770340979,0,230,2007,8
2007-08-19,24.20999335534873,0.26009837,35.14358955435455,0,231,2007,8
2007-08-20,24.24999335445466,0.35064167,35.17410806380212,0,232,2007,8
2007-08-21,24.309993353113555,0.2325551,35.18021176569164,0,233,2007,8
2007-08-22,24.40999335087838,0.2639102,35.184789542108774,0,234,2007,8
2007-08-23,24.149993356689837,0.35227072,35.20004879683256,0,235,2007,8
2007-08-24,23.989993360266112,0.32086718,35.219885827973485,0,236,2007,8
2007-08-25,23.91999336183073,0.32086718,35.23972285911441,0,237,2007,8
2007-08-26,24.01999335959556,0.29262787,35.26108581572771,0,238,2007,8
2007-08-27,24.039993359148525,0.31421295,35.27329321950674,0,239,2007,8
2007-08-28,24.05999335870149,0.31436178,35.267189517617226,0,240,2007,8
2007-08-29,23.949993361160185,0.28726012,35.280922846868634,0,241,2007,8
2007-08-30,23.949993361160185,0.21618634,35.28855247423053,0,242,2007,8
2007-08-31,23.949993361160185,0.2789036,35.280922846868634,0,243,2007,8
2007-09-01,23.969993360713147,0.2978522,35.25803396478295,0,244,2007,9
2007-09-02,24.029993359372043,0.23511434,35.256508039310575,0,245,2007,9
2007-09-03,24.189993355795764,0.20697865,35.25193026289344,0,246,2007,9
2007-09-04,24.399993351101894,0.21300241,35.207678424194455,0,247,2007,9
2007-09-05,24.279993353784107,0.20383905,35.146641405299306,0,248,2007,9
2007-09-06,24.279993353784107,0.21227773,35.09628586471081,0,249,2007,9
2007-09-07,24.31999335289004,0.388224,35.00930811278522,0,250,2007,9
2007-09-08,24.74999334327879,0.84243464,34.97573775239289,0,251,2007,9
2007-09-09,24.389993351325412,0.6951389,35.00778218731284,1,252,2007,9
2007-09-10,24.119993357360386,1.9426664,35.04898217506707,0,253,2007,9
2007-09-11,24.189993355795764,1.9429003,35.09628586471081,0,254,2007,9
2007-09-12,24.32999335266652,0.2692091,35.122226597741246,1,255,2007,9
2007-09-13,24.44999334998431,0.26086962,35.13901177793741,0,256,2007,9
2007-09-14,24.739993343502302,0.2534333,35.11764882132411,0,257,2007,9
2007-09-15,24.75999334305527,0.34352103,35.003204410895705,0,258,2007,9
2007-09-16,24.609993346408032,0.33405918,34.72090819850564,0,259,2007,9
2007-09-17,24.649993345513963,0.24611351,34.73006375133991,0,260,2007,9
2007-09-18,24.48999334909024,0.20672932,34.87807852216065,0,261,2007,9
2007-09-19,24.459993349760797,0.18726741,35.04745624959469,0,262,2007,9
2007-09-20,24.84999334104361,0.25528166,35.12833029963076,0,263,2007,9
2007-09-21,24.94999333880844,0.33477077,35.135959926992655,0,264,2007,9
2007-09-22,24.809993341937684,0.3688763,35.12833029963076,0,265,2007,9
2007-09-23,24.769993342831757,0.51566756,35.10696734301746,1,266,2007,9
2007-09-24,24.699993344396376,0.52043617,35.11612289585173,0,267,2007,9
2007-09-25,24.71999334394934,0.4419347,35.18784139305353,0,268,2007,9
2007-09-26,24.609993346408032,0.42543608,35.23514508269727,0,269,2007,9
2007-09-27,24.44999334998431,0.2795134,35.26108581572771,0,270,2007,9
2007-09-28,24.24999335445466,0.29555807,35.27329321950674,0,271,2007,9
2007-09-29,24.44999334998431,0.26438782,35.267189517617226,1,272,2007,9
2007-09-30,24.40999335087838,0.27646962,35.256508039310575,2,273,2007,9
2007-10-01,24.419993350654863,0.28780073,35.242774710059166,2,274,2007,10
2007-10-02,24.269993354007624,0.5309452,35.23819693364203,4,275,2007,10
2007-10-03,23.89999336227777,0.8057886,35.23972285911441,3,276,2007,10
2007-10-04,24.17999335601928,0.41693044,35.24582656100392,0,277,2007,10
2007-10-05,24.929993339255475,0.31513962,35.26413766667247,0,278,2007,10
2007-10-06,24.52999334819617,0.30519107,35.28244877234101,1,279,2007,10
2007-10-07,24.119993357360386,0.6827845,35.279396921396255,0,280,2007,10
2007-10-08,24.24999335445466,0.64550245,35.27329321950674,2,281,2007,10
2007-10-09,24.579993347078585,0.7080801,35.27329321950674,0,282,2007,10
2007-10-10,24.929993339255475,0.4258799,35.27787099592388,2,283,2007,10
2007-10-11,24.709993344172855,0.42621303,35.303811728954315,0,284,2007,10
2007-10-12,24.699993344396376,0.29321104,35.34501171670854,0,285,2007,10
2007-10-13,25.14999333433809,0.15994374,35.38621170446277,3,286,2007,10
2007-10-14,25.14999333433809,0.15907194,35.41520428843796,3,287,2007,10
2007-10-15,25.10999333523216,0.23167568,35.425885766744614,0,288,2007,10
2007-10-16,25.009993337467336,0.20051783,35.425885766744614,0,289,2007,10
2007-10-17,25.17999333366754,0.28365713,35.42741169221699,1,290,2007,10
2007-10-18,25.24999333210292,0.24033844,35.425885766744614,1,291,2007,10
2007-10-19,25.2599933318794,0.21155126,35.41673021391034,0,292,2007,10
2007-10-20,25.21999333277347,0.14010698,35.40757466107607,0,293,2007,10
2007-10-21,25.269993331655883,0.12770033,35.40452281013131,0,294,2007,10
2007-10-22,25.2599933318794,0.13788256,35.389263555407524,2,295,2007,10
2007-10-23,25.24999333210292,0.15216239,35.34653764218092,0,296,2007,10
2007-10-24,25.33999333009126,0.13769464,35.31296728178859,0,297,2007,10
2007-10-25,25.41999332830312,0.13769464,35.219885827973485,0,298,2007,10
2007-10-26,25.44999332763257,0.15945743,35.18784139305353,0,299,2007,10
2007-10-27,25.21999333277347,0.14244083,35.171056212857366,0,300,2007,10
2007-10-28,25.05999333634975,0.18440934,35.14969325624406,0,301,2007,10
2007-10-29,25.329993330314775,0.17057066,35.146641405299306,0,302,2007,10
2007-10-30,25.429993328079604,0.13067843,35.14511547982693,0,303,2007,10
2007-10-31,25.39999332875016,0.13081565,35.14053770340979,0,304,2007,10
2007-11-01,25.4899933267385,0.16542567,35.1542710326612,0,305,2007,11
2007-11-02,25.629993323609256,0.15413044,35.16953028738499,0,306,2007,11
2007-11-03,25.739993321150564,0.14361157,35.184789542108774,0,307,2007,11
2007-11-04,25.599993324279808,0.21211863,35.18631546758115,0,308,2007,11
2007-11-05,25.429993328079604,0.21211863,35.19241916947067,0,309,2007,11
2007-11-06,25.479993326962017,0.21215376,35.19394509494305,0,310,2007,11
2007-11-07,25.52999332584443,0.19273628,35.17868584021926,0,311,2007,11
2007-11-08,25.539993325620912,0.18515915,35.12833029963076,0,312,2007,11
2007-11-09,25.539993325620912,0.1862507,34.89333777688444,0,313,2007,11
2007-11-10,25.429993328079604,0.19128406,34.98641923069954,0,314,2007,11
2007-11-11,25.13999333456161,0.22190262,34.97115997597575,0,315,2007,11
2007-11-12,25.36999332942071,0.18887256,34.85061186365783,0,316,2007,11
2007-11-13,25.809993319585946,0.23994121,34.82619705609977,0,317,2007,11
2007-11-14,25.98999331556263,0.23871109,34.80330817401409,0,318,2007,11
2007-11-15,25.969993316009663,0.4225256,34.859767416492105,0,319,2007,11
2007-11-16,26.10999331288042,0.4225256,34.99710070900619,0,320,2007,11
2007-11-17,26.409993306174897,0.2171637,35.12070067226887,0,321,2007,11
2007-11-18,26.64999330081048,0.19260566,35.10849326848984,0,322,2007,11
2007-11-19,26.479993304610275,0.14891979,35.013885889202356,0,323,2007,11
2007-11-20,25.439993327856087,0.15555795,34.90096740424633,0,324,2007,11
2007-11-21,24.71999334394934,0.15633392,34.81551557779312,0,325,2007,11
2007-11-22,24.7999933421612,0.15487526,34.83077483251691,0,326,2007,11
2007-11-23,25.129993334785127,0.15479812,34.86434519290924,0,327,2007,11
2007-11-24,25.279993331432365,0.13555138,34.86892296932638,0,328,2007,11
2007-11-25,25.86999331824484,0.10770701,34.65681932866573,0,329,2007,11
2007-11-26,26.33999330773952,0.103884965,34.389782370999455,0,330,2007,11
2007-11-27,26.429993305727866,0.08974134,34.25244907848537,0,331,2007,11
2007-11-28,26.30999330841007,0.08970218,34.68123413622379,0,332,2007,11
2007-11-29,26.06999331377449,0.11151439,34.9604784976691,0,333,2007,11
2007-11-30,26.49999330416324,0.11726664,35.04440439864993,0,334,2007,11
2007-12-01,27.11999329030516,0.15728104,34.978789603337646,1,335,2007,12
2007-12-02,27.149993289634608,0.15727754,34.98794515617192,0,336,2007,12
2007-12-03,27.10999329052868,0.14834987,35.04745624959469,0,337,2007,12
2007-12-04,27.179993288964056,0.14006598,34.98641923069954,0,338,2007,12
2007-12-05,27.15999328941109,0.11217974,35.00930811278522,0,339,2007,12
2007-12-06,27.179993288964056,0.12324239,34.98794515617192,0,340,2007,12
2007-12-07,27.19999328851702,0.11783776,35.05661180242896,0,341,2007,12
2007-12-08,27.27999328672888,0.12621261,35.07187105715275,0,342,2007,12
2007-12-09,27.059993291646265,0.15404563,35.03524884581566,0,343,2007,12
2007-12-10,26.99999329298737,0.15368414,34.978789603337646,0,344,2007,12
2007-12-11,27.00999329276385,0.13615337,34.90249332971871,0,345,2007,12
2007-12-12,27.289993286505364,0.13311471,34.812463726848364,0,346,2007,12
2007-12-13,27.58999327979984,0.136298,34.68733783811331,0,347,2007,12
2007-12-14,27.63999327868225,0.14520124,34.50575270690024,0,348,2007,12
2007-12-15,27.93999327197673,0.1801241,34.30280461907387,0,349,2007,12
2007-12-16,28.16999326683583,0.13441773,33.94726398400962,0,350,2007,12
2007-12-17,28.34999326281252,0.14823748,33.680227026343346,0,351,2007,12
2007-12-18,28.23999326527121,0.14823748,33.77178255468607,0,352,2007,12
2007-12-19,28.15999326705935,0.14823748,34.15326392278075,0,353,2007,12
2007-12-20,28.03999326974156,0.18231848,34.44776753894985,0,354,2007,12
2007-12-21,27.31999328583481,0.17124291,34.463026793673635,0,355,2007,12
2007-12-22,27.209993288293504,0.1584634,34.50422678142786,0,356,2007,12
2007-12-23,27.399993284046676,0.15904422,34.56221194937825,0,357,2007,12
2007-12-24,27.46999328248205,0.1870906,34.49659715406597,0,358,2007,12
2007-12-25,27.65999327823522,0.15373509,34.39741199836135,0,359,2007,12
2007-12-26,27.61999327912929,0.14997526,34.38825644552708,0,360,2007,12
2007-12-27,27.609993279352807,0.14997482,34.38367866910994,0,361,2007,12
2007-12-28,27.529993281140943,0.11051033,34.33332312852144,0,362,2007,12
2007-12-29,27.359993284940742,0.09670692,34.37299719080329,0,363,2007,12
2007-12-30,27.31999328583481,0.12531714,34.54084899276495,0,364,2007,12
2007-12-31,27.27999328672888,0.12439529,34.762108186259866,0,365,2007,12
2008-01-01,27.479993282258533,0.13531058,34.81398965232074,0,1,2008,1
2008-01-02,27.69999327734115,0.13552316,34.775841515511274,0,2,2008,1
2008-01-03,27.87999327331784,0.13551956,34.75600448437035,4,3,2008,1
2008-01-04,27.959993271529697,0.12567286,34.727011900395155,0,4,2008,1
2008-01-05,27.94999327175321,0.1253656,34.80483409948647,2,5,2008,1
2008-01-06,27.789993275329493,0.1253242,34.97421182692051,0,6,2008,1
2008-01-07,27.41999328359964,0.08461464,35.0108340382576,0,7,2008,1
2008-01-08,27.359993284940742,0.08461464,34.870448894798756,0,8,2008,1
2008-01-09,27.289993286505364,0.08433785,34.94827109389007,1,9,2008,1
2008-01-10,27.54999328069391,0.09545762,35.09628586471081,0,10,2008,1
2008-01-11,27.669993278011702,0.09557862,35.23972285911441,0,11,2008,1
2008-01-12,28.19999326616528,0.09560614,35.25193026289344,1,12,2008,1
2008-01-13,29.20999324359002,0.1054203,35.196996945887804,0,13,2008,1
2008-01-14,29.26999324224892,0.10556517,35.125278448686004,0,14,2008,1
2008-01-15,29.199993243813537,0.1099764,35.099337715655565,1,15,2008,1
2008-01-16,28.609993257001065,0.15368444,35.074922908097506,1,16,2008,1
2008-01-17,28.55999325811865,0.15368444,35.013885889202356,0,17,2008,1
2008-01-18,28.449993260577344,0.15847352,34.96200442314148,0,18,2008,1
2008-01-19,28.409993261471413,0.18504685,34.95284887030721,0,19,2008,1
2008-01-20,28.219993265718244,0.16589944,34.89028592593968,0,20,2008,1
2008-01-21,28.149993267282863,0.16552384,34.81398965232074,0,21,2008,1
2008-01-22,28.109993268176936,0.16586338,34.751426707953215,2,22,2008,1
2008-01-23,28.19999326616528,0.18128319,34.74684893153608,0,23,2008,1
2008-01-24,28.1899932663888,0.22118978,34.68733783811331,0,24,2008,1
2008-01-25,28.19999326616528,0.13928054,34.67207858338952,0,25,2008,1
2008-01-26,28.289993264153622,0.124922305,34.65681932866573,0,26,2008,1
2008-01-27,28.25999326482417,0.20881313,34.5515304710716,0,27,2008,1
2008-01-28,28.27999326437714,0.19392233,34.45234531536698,0,28,2008,1
2008-01-29,28.46999326013031,0.16132954,34.42335273139179,1,29,2008,1
2008-01-30,28.51999325901272,0.17274338,34.32569350115955,0,30,2008,1
2008-01-31,28.619993256777548,0.17308918,34.26007870584726,0,31,2008,1
2008-02-01,28.679993255436443,0.17236702,34.34553053230047,2,32,2008,2
2008-02-02,28.68999325521293,0.16812202,34.522537887096405,1,33,2008,2
2008-02-03,28.78999325297775,0.15967035,34.67207858338952,0,34,2008,2
2008-02-04,28.649993256106995,0.15967035,34.80483409948647,0,35,2008,2
2008-02-05,28.5899932574481,0.22389275,34.93453776463866,0,36,2008,2
2008-02-06,28.539993258565687,0.23009355,35.038300696760416,0,37,2008,2
2008-02-07,28.019993270188596,0.23243226,35.113071044906974,0,38,2008,2
2008-02-08,27.88999327309432,0.21583812,35.14206362888217,0,39,2008,2
2008-02-09,27.909993272647284,0.21574417,35.14358955435455,0,40,2008,2
2008-02-10,28.06999326907101,0.24545829,35.13138215057552,0,41,2008,2
2008-02-11,28.19999326616528,0.20286633,35.12833029963076,0,42,2008,2
2008-02-12,28.03999326974156,0.29622117,35.14206362888217,0,43,2008,2
2008-02-13,27.77999327555301,0.28514463,35.14053770340979,0,44,2008,2
2008-02-14,27.649993278458737,0.27901644,35.11612289585173,0,45,2008,2
2008-02-15,27.81999327465894,0.27493155,35.10696734301746,0,46,2008,2
2008-02-16,27.84999327398839,0.27808607,35.13138215057552,0,47,2008,2
2008-02-17,28.16999326683583,0.19176278,35.21530805155635,0,48,2008,2
2008-02-18,28.16999326683583,0.16602707,35.28244877234101,0,49,2008,2
2008-02-19,28.15999326705935,0.17959854,35.31296728178859,0,50,2008,2
2008-02-20,28.11999326795342,0.17955162,35.328226536512375,0,51,2008,2
2008-02-21,28.03999326974156,0.194,35.364848747849464,0,52,2008,2
2008-02-22,28.04999326951804,0.19300051,35.3984191082418,0,53,2008,2
2008-02-23,27.61999327912929,0.19240165,35.42130799032748,0,54,2008,2
2008-02-24,27.719993276894115,0.1960908,35.447248723357916,0,55,2008,2
2008-02-25,27.719993276894115,0.19135667,35.435041319578886,1,56,2008,2
2008-02-26,28.179993266612318,0.18211824,35.39536725729704,0,57,2008,2
2008-02-27,28.15999326705935,0.19036633,35.39231540635228,10,58,2008,2
2008-02-28,28.07999326884749,0.20084883,35.399945033714175,2,59,2008,2
2008-02-29,28.099993268400453,0.18743128,35.33585616387427,1,60,2008,2
2008-03-01,28.50999325923624,0.20373435,35.267189517617226,2,61,2008,3
2008-03-02,28.43999326080086,0.2073089,35.27329321950674,0,62,2008,3
2008-03-03,28.43999326080086,0.20731546,35.314493207260966,0,63,2008,3
2008-03-04,28.24999326504769,0.16826522,35.329752461984754,0,64,2008,3
2008-03-05,28.27999326437714,0.13755822,35.09781179018319,0,65,2008,3
2008-03-06,28.24999326504769,0.16600226,34.990997007116675,3,66,2008,3
2008-03-07,28.109993268176936,0.16601732,34.93606369011104,1,67,2008,3
2008-03-08,28.109993268176936,0.13661706,34.93453776463866,0,68,2008,3
2008-03-09,28.11999326795342,0.15506451,34.93606369011104,0,69,2008,3
2008-03-10,27.999993270635628,0.1525742,34.980315528810024,0,70,2008,3
2008-03-11,28.029993269965075,0.14547727,35.01235996372998,0,71,2008,3
2008-03-12,28.139993267506384,0.135865,35.01998959109187,0,72,2008,3
2008-03-13,28.219993265718244,0.13474743,35.04287847317755,0,73,2008,3
2008-03-14,28.00999327041211,0.13943142,35.06576735526323,0,74,2008,3
2008-03-15,27.769993275776528,0.14785883,35.05508587695658,0,75,2008,3
2008-03-16,27.58999327979984,0.14785805,35.03677477128804,0,76,2008,3
2008-03-17,27.62999327890577,0.13381127,35.0535599514842,0,77,2008,3
2008-03-18,27.42999328337612,0.12883711,35.04287847317755,0,78,2008,3
2008-03-19,27.27999328672888,0.1461323,35.026093292981386,0,79,2008,3
2008-03-20,27.30999328605833,0.20522076,35.01235996372998,0,80,2008,3
2008-03-21,27.41999328359964,0.12953778,34.99557478353381,0,81,2008,3
2008-03-22,27.4999932818115,0.18696478,34.9894710816443,0,82,2008,3
2008-03-23,27.479993282258533,0.18794307,34.9818414542824,2,83,2008,3
2008-03-24,27.439993283152603,0.15187867,34.97573775239289,0,84,2008,3
2008-03-25,27.459993282705568,0.15164052,34.980315528810024,0,85,2008,3
2008-03-26,27.409993283823155,0.17668252,34.990997007116675,0,86,2008,3
2008-03-27,27.459993282705568,0.18402489,35.003204410895705,4,87,2008,3
2008-03-28,27.46999328248205,0.14634214,34.990997007116675,0,88,2008,3
2008-03-29,27.4999932818115,0.18068835,34.98336737975478,1,89,2008,3
2008-03-30,27.32999328561129,0.12593634,35.004730336368084,0,90,2008,3
2008-03-31,27.18999328874054,0.13984475,35.04593032412231,0,91,2008,3
2008-04-01,27.0399932920933,0.117215484,35.0825525354594,1,92,2008,4
2008-04-02,26.789993297681235,0.13404854,35.125278448686004,0,93,2008,4
2008-04-03,26.69999329969289,0.20523557,35.18631546758115,0,94,2008,4
2008-04-04,26.56999330259862,0.14153893,35.21530805155635,5,95,2008,4
2008-04-05,26.449993305280827,0.18902554,35.21683397702873,0,96,2008,4
2008-04-06,26.41999330595138,0.18885961,35.19852287136018,0,97,2008,4
2008-04-07,26.39999330639841,0.20567995,35.184789542108774,0,98,2008,4
2008-04-08,26.25999330952766,0.20567995,35.15579695813358,1,99,2008,4
2008-04-09,26.32999330796304,0.14583413,35.16800436191261,2,100,2008,4
2008-04-10,26.519993303716205,0.15052868,35.19394509494305,5,101,2008,4
2008-04-11,26.549993303045653,0.15286477,35.20157472230494,0,102,2008,4
2008-04-12,26.41999330595138,0.15518486,35.209204349666834,1,103,2008,4
2008-04-13,26.29999330863359,0.121575855,35.219885827973485,1,104,2008,4
2008-04-14,26.239993309974693,0.09671263,35.219885827973485,0,105,2008,4
2008-04-15,26.18999331109228,0.11886622,35.23667100816965,2,106,2008,4
2008-04-16,26.479993304610275,0.12677333,35.24582656100392,0,107,2008,4
2008-04-17,26.549993303045653,0.18620528,35.23819693364203,1,108,2008,4
2008-04-18,26.49999330416324,0.14620057,35.233619157224894,1,109,2008,4
2008-04-19,26.119993312656906,0.15427491,35.21683397702873,0,110,2008,4
2008-04-20,25.98999331556263,0.16004118,35.19394509494305,0,111,2008,4
2008-04-21,25.889993317797803,0.16003759,35.15274510718882,0,112,2008,4
2008-04-22,25.849993318691872,0.16788708,35.20310064777732,0,113,2008,4
2008-04-23,25.83999331891539,0.18214236,35.230567306280136,0,114,2008,4
2008-04-24,25.279993331432365,0.20884667,35.20157472230494,1,115,2008,4
2008-04-25,25.24999333210292,0.19251749,35.11459697037935,0,116,2008,4
2008-04-26,25.319993330538296,0.19118966,35.039826622232795,0,117,2008,4
2008-04-27,25.499993326514986,0.1678992,35.03524884581566,0,118,2008,4
2008-04-28,25.549993325397395,0.19488187,35.0535599514842,0,119,2008,4
2008-04-29,25.589993324503325,0.15169904,35.07339698262513,1,120,2008,4
2008-04-30,25.429993328079604,0.1380665,35.088656237348914,0,121,2008,4
2008-05-01,25.41999332830312,0.17057644,35.08102660998702,0,122,2008,5
2008-05-02,25.539993325620912,0.13687254,35.0825525354594,0,123,2008,5
2008-05-03,25.7199933215976,0.15712565,35.122226597741246,0,124,2008,5
2008-05-04,25.819993319362425,0.23220302,35.12680437415838,0,125,2008,5
2008-05-05,25.55999332517388,0.20637758,35.12680437415838,0,126,2008,5
2008-05-06,25.309993330761813,0.19864735,35.134434001520276,0,127,2008,5
2008-05-07,25.239993332326435,0.22380853,35.14969325624406,0,128,2008,5
2008-05-08,25.46999332718553,0.20142691,35.1542710326612,0,129,2008,5
2008-05-09,25.46999332718553,0.21464817,35.15274510718882,0,130,2008,5
2008-05-10,25.09999333545568,0.22640082,35.1542710326612,0,131,2008,5
2008-05-11,25.09999333545568,0.3686261,35.14511547982693,0,132,2008,5
2008-05-12,25.13999333456161,0.3069652,35.13138215057552,0,133,2008,5
2008-05-13,25.229993332549952,0.20602739,35.113071044906974,0,134,2008,5
2008-05-14,25.309993330761813,0.21075499,35.14206362888217,0,135,2008,5
2008-05-15,25.289993331208848,0.18407819,35.16800436191261,0,136,2008,5
2008-05-16,24.98999333791437,0.27270266,35.18173769116402,0,137,2008,5
2008-05-17,24.999993337690853,0.20468324,35.19394509494305,0,138,2008,5
2008-05-18,24.969993338361405,0.22034147,35.206152498722076,0,139,2008,5
2008-05-19,24.82999334149065,0.37433305,35.21073027513921,0,140,2008,5
2008-05-20,24.729993343725823,0.19094649,35.221411753445864,0,141,2008,5
2008-05-21,24.709993344172855,0.19794077,35.23667100816965,0,142,2008,5
2008-05-22,24.689993344619893,0.18917985,35.25955989025533,0,143,2008,5
2008-05-23,24.549993347749137,0.21941227,35.2763450704515,0,144,2008,5
2008-05-24,24.499993348866724,0.29299843,35.25193026289344,1,145,2008,5
2008-05-25,24.459993349760797,0.24614076,35.148167330771685,0,146,2008,5
2008-05-26,24.549993347749137,0.31315446,35.02151551656425,0,147,2008,5
2008-05-27,24.55999334752562,0.33469275,34.95132294483483,0,148,2008,5
2008-05-28,24.51999334841969,0.31147033,34.97421182692051,0,149,2008,5
2008-05-29,23.97999336048963,0.6056798,35.00930811278522,0,150,2008,5
2008-05-30,23.97999336048963,3.1344254,35.01998959109187,0,151,2008,5
2008-05-31,23.969993360713147,0.549347,35.02456736750901,1,152,2008,5
2008-06-01,24.22999335490169,1.3103422,35.074922908097506,0,153,2008,6
2008-06-02,24.259993354231145,0.41425785,35.160374734550714,0,154,2008,6
2008-06-03,24.28999335356059,0.2005404,35.24124878458679,0,155,2008,6
2008-06-04,24.53999334797265,0.171652,35.27787099592388,0,156,2008,6
2008-06-05,24.589993346855067,0.17650084,35.27787099592388,0,157,2008,6
2008-06-06,24.51999334841969,0.20422482,35.244300635531545,0,158,2008,6
2008-06-07,24.429993350431342,0.1945002,35.19852287136018,0,159,2008,6
2008-06-08,24.349993352219485,0.1865174,35.15274510718882,0,160,2008,6
2008-06-09,24.32999335266652,0.23695505,35.12985622510314,0,161,2008,6
2008-06-10,24.279993353784107,0.25623494,35.11612289585173,0,162,2008,6
2008-06-11,23.999993360042595,0.29754883,35.110019193962216,0,163,2008,6
2008-06-12,23.989993360266112,0.26846045,35.12680437415838,0,164,2008,6
2008-06-13,23.91999336183073,2.1553135,35.13901177793741,0,165,2008,6
2008-06-14,23.949993361160185,0.2739838,35.15732288360596,0,166,2008,6
2008-06-15,24.00999335981908,0.29319334,35.171056212857366,0,167,2008,6
2008-06-16,24.31999335289004,0.24681221,35.17715991474688,0,168,2008,6
2008-06-17,24.90999333970251,0.18948656,35.171056212857366,0,169,2008,6
2008-06-18,24.78999334238472,0.23919287,35.09475993923843,0,170,2008,6
2008-06-19,24.629993345961,0.22690737,34.93453776463866,0,171,2008,6
2008-06-20,24.629993345961,0.28248096,34.87350074574351,0,172,2008,6
2008-06-21,24.569993347302105,0.3048437,34.88723407499492,0,173,2008,6
2008-06-22,24.31999335289004,0.4653506,34.896389627829194,0,174,2008,6
2008-06-23,24.189993355795764,0.35594627,34.87350074574351,0,175,2008,6
2008-06-24,24.1699933562428,0.33476412,34.8384044598788,0,176,2008,6
2008-06-25,24.21999335512521,0.27394804,34.80788595043123,0,177,2008,6
2008-06-26,24.22999335490169,0.33631593,34.78194521740079,0,178,2008,6
2008-06-27,24.089993358030934,0.375326,34.77126373909414,0,179,2008,6
2008-06-28,23.97999336048963,0.29096138,34.78041929192841,0,180,2008,6
2008-06-29,23.97999336048963,0.27102932,34.82009335421026,0,181,2008,6
2008-06-30,23.929993361607217,0.26456845,34.86281926743686,0,182,2008,6
2008-07-01,23.929993361607217,0.25970462,34.87807852216065,0,183,2008,7
2008-07-02,24.039993359148525,0.34359032,34.871974820271134,0,184,2008,7
2008-07-03,23.90999336205425,0.41808224,34.87960444763303,0,185,2008,7
2008-07-04,23.929993361607217,0.45815432,34.9604784976691,0,186,2008,7
2008-07-05,23.91999336183073,0.45815432,35.00778218731284,0,187,2008,7
2008-07-06,23.809993364289426,0.35342342,35.03372292034328,0,188,2008,7
2008-07-07,23.82999336384239,0.32587025,35.076448833569884,0,189,2008,7
2008-07-08,23.90999336205425,0.32587025,35.07797475904226,0,190,2008,7
2008-07-09,23.90999336205425,0.34104174,35.088656237348914,0,191,2008,7
2008-07-10,23.889993362501286,0.29805356,35.100863641127944,0,192,2008,7
2008-07-11,23.929993361607217,0.3019795,35.05966365337372,0,193,2008,7
2008-07-12,23.529993370547917,0.34855074,35.050508100539446,0,194,2008,7
2008-07-13,23.35999337434771,0.3744222,35.03677477128804,0,195,2008,7
2008-07-14,23.27999337613585,0.39023435,35.113071044906974,0,196,2008,7
2008-07-15,23.379993373900675,0.36669156,35.13138215057552,0,197,2008,7
2008-07-16,23.12999337948861,0.29181296,35.14358955435455,0,198,2008,7
2008-07-17,23.059993381053232,0.32694244,35.14969325624406,0,199,2008,7
2008-07-18,22.949993383511924,0.27830493,35.14511547982693,0,200,2008,7
2008-07-19,23.069993380829715,0.5294708,35.027619218453765,0,201,2008,7
2008-07-20,23.109993379935645,0.29852787,34.9818414542824,0,202,2008,7
2008-07-21,23.12999337948861,0.41666484,35.013885889202356,0,203,2008,7
2008-07-22,23.429993372783088,0.3605691,34.98489330522716,0,204,2008,7
2008-07-23,23.449993372336053,0.23934163,34.97115997597575,0,205,2008,7
2008-07-24,23.45999337211253,0.20322993,35.08407846093178,0,206,2008,7
2008-07-25,23.419993373006605,0.21529582,35.14053770340979,0,207,2008,7
2008-07-26,23.529993370547917,0.18091454,35.158848809078336,0,208,2008,7
2008-07-27,23.00999338217082,0.2575511,35.184789542108774,0,209,2008,7
2008-07-28,22.719993388652824,0.19865124,35.206152498722076,0,210,2008,7
2008-07-29,22.58999339155855,0.2472399,35.18631546758115,0,211,2008,7
2008-07-30,22.879993385076546,0.3377266,35.16342658549547,0,212,2008,7
2008-07-31,22.809993386641167,0.3532558,35.195471020415425,0,213,2008,7
2008-08-01,22.30999339781704,0.7470216,35.268715443089604,0,214,2008,8
2008-08-02,22.229993399605178,0.5963706,35.3190709836781,0,215,2008,8
2008-08-03,22.31999339759352,0.5955014,35.291604325175285,0,216,2008,8
2008-08-04,23.159993378818054,0.58760965,35.13748585246503,0,217,2008,8
2008-08-05,23.2499933768064,0.20330237,35.01998959109187,0,218,2008,8
2008-08-06,23.29999337568881,0.35816702,35.088656237348914,0,219,2008,8
2008-08-07,23.179993378371023,0.33317527,35.12985622510314,0,220,2008,8
2008-08-08,23.119993379712128,0.3088742,35.14511547982693,0,221,2008,8
2008-08-09,23.09999338015916,0.4742381,35.16342658549547,0,222,2008,8
2008-08-10,22.719993388652824,0.91924584,35.22446360439062,0,223,2008,8
2008-08-11,22.689993389323377,0.4318037,35.33433023840189,0,224,2008,8
2008-08-12,22.869993385300063,0.24853815,35.36790059879422,0,225,2008,8
2008-08-13,23.109993379935645,0.1981592,35.36790059879422,0,226,2008,8
2008-08-14,23.09999338015916,0.21051008,35.38010800257325,1,227,2008,8
2008-08-15,22.83999338597061,0.47825462,35.41673021391034,2,228,2008,8
2008-08-16,22.66999338977041,0.358135,35.399945033714175,0,229,2008,8
2008-08-17,22.52999339289965,0.3577864,35.36027097143233,0,230,2008,8
2008-08-18,22.539993392676138,0.2941824,35.33433023840189,0,231,2008,8
2008-08-19,22.76999338753524,0.26927003,35.33280431292951,0,232,2008,8
2008-08-20,22.98999338261785,0.25745127,35.338908014819026,0,233,2008,8
2008-08-21,23.31999337524178,0.23761912,35.340433940291405,0,234,2008,8
2008-08-22,23.469993371889014,0.18249868,35.34958949312568,0,235,2008,8
2008-08-23,23.269993376359366,0.31096745,35.364848747849464,0,236,2008,8
2008-08-24,23.27999337613585,0.19012578,35.37400430068374,0,237,2008,8
2008-08-25,23.309993375465297,0.19027172,35.375530226156116,0,238,2008,8
2008-08-26,23.429993372783088,0.19947115,35.38010800257325,0,239,2008,8
2008-08-27,23.4799933716655,0.3370407,35.387737629935145,0,240,2008,8
2008-08-28,23.58999336920681,0.33619592,35.37858207710087,0,241,2008,8
2008-08-29,23.27999337613585,0.33883062,35.35874504595995,0,242,2008,8
2008-08-30,23.22999337725344,0.37668312,35.36179689690471,0,243,2008,8
2008-08-31,23.219993377476957,0.30433628,35.3694265242666,0,244,2008,8
2008-09-01,23.069993380829715,0.30543453,35.37247837521136,0,245,2008,9
2008-09-02,23.189993378147506,0.2749706,35.377056151628494,0,246,2008,9
2008-09-03,23.27999337613585,0.2443717,35.37858207710087,0,247,2008,9
2008-09-04,23.27999337613585,0.24464896,35.38163392804563,0,248,2008,9
2008-09-05,23.31999337524178,0.2625445,35.3907894808799,0,249,2008,9
2008-09-06,23.27999337613585,0.2625445,35.39231540635228,0,250,2008,9
2008-09-07,23.069993380829715,0.3192712,35.399945033714175,0,251,2008,9
2008-09-08,22.95999338328841,0.24643467,35.40299688465893,0,252,2008,9
2008-09-09,23.219993377476957,0.2549235,35.412152437493205,0,253,2008,9
2008-09-10,23.369993374124192,0.23290892,35.424359841272235,0,254,2008,9
2008-09-11,23.38999337367716,0.24402703,35.425885766744614,1,255,2008,9
2008-09-12,23.419993373006605,0.20204525,35.41673021391034,0,256,2008,9
2008-09-13,23.43999337255957,0.20172924,35.41825613938272,0,257,2008,9
2008-09-14,23.28999337591233,0.20307526,35.4197820648551,0,258,2008,9
2008-09-15,23.20999337770047,0.2384637,35.40452281013131,0,259,2008,9
2008-09-16,23.139993379265093,0.19155481,35.37247837521136,0,260,2008,9
2008-09-17,23.29999337568881,0.18372737,35.29007839970291,0,261,2008,9
2008-09-18,23.27999337613585,0.29377976,35.12070067226887,3,262,2008,9
2008-09-19,23.259993376582884,0.44500968,35.12833029963076,0,263,2008,9
2008-09-20,23.20999337770047,0.44482324,35.07950068451464,0,264,2008,9
2008-09-21,23.28999337591233,0.2144725,35.05813772790134,0,265,2008,9
2008-09-22,23.14999337904157,0.19435242,35.122226597741246,2,266,2008,9
2008-09-23,22.869993385300063,0.31010634,35.17715991474688,1,267,2008,9
2008-09-24,22.67999338954689,0.7002394,35.22751545533538,0,268,2008,9
2008-09-25,22.67999338954689,0.6987307,35.233619157224894,0,269,2008,9
2008-09-26,22.93999338373544,0.6987173,35.24887841194868,0,270,2008,9
2008-09-27,23.00999338217082,0.7494058,35.25803396478295,0,271,2008,9
2008-09-28,22.96999338306489,0.2974229,35.206152498722076,0,272,2008,9
2008-09-29,23.4799933716655,0.2974229,35.206152498722076,0,273,2008,9
2008-09-30,23.62999336831274,0.2974229,35.206152498722076,0,274,2008,9
2008-10-01,23.679993367195152,0.34520203,35.21683397702873,1,275,2008,10
2008-10-02,23.78999336473646,0.3156025,35.21530805155635,0,276,2008,10
2008-10-03,23.84999336339536,0.44208407,35.21225620061159,0,277,2008,10
2008-10-04,24.049993358925008,0.30393353,35.207678424194455,0,278,2008,10
2008-10-05,24.309993353113555,0.34204826,35.206152498722076,0,279,2008,10
2008-10-06,24.279993353784107,0.34933093,35.21378212608397,1,280,2008,10
2008-10-07,23.949993361160185,0.42307517,35.24887841194868,0,281,2008,10
2008-10-08,23.529993370547917,0.42300975,35.279396921396255,3,282,2008,10
2008-10-09,23.349993374571227,0.46009067,35.26566359214485,0,283,2008,10
2008-10-10,23.55999336987736,0.5129996,35.24887841194868,0,284,2008,10
2008-10-11,24.109993357583903,0.36567885,35.256508039310575,0,285,2008,10
2008-10-12,24.149993356689837,0.7834662,35.24887841194868,4,286,2008,10
2008-10-13,24.189993355795764,1.5928489,35.23514508269727,0,287,2008,10
2008-10-14,24.21999335512521,0.4518224,35.25193026289344,0,288,2008,10
2008-10-15,24.279993353784107,0.33066544,35.26566359214485,7,289,2008,10
2008-10-16,24.40999335087838,0.2900365,35.26261174120009,2,290,2008,10
2008-10-17,24.44999334998431,0.1500836,35.244300635531545,2,291,2008,10
2008-10-18,24.83999334126713,0.09945195,35.233619157224894,0,292,2008,10
2008-10-19,25.0299933370203,0.10531381,35.24887841194868,0,293,2008,10
2008-10-20,25.37999332919719,0.12295143,35.25955989025533,6,294,2008,10
2008-10-21,25.4899933267385,0.13012388,35.267189517617226,6,295,2008,10
2008-10-22,24.90999333970251,0.35210153,35.27024136856198,1,296,2008,10
2008-10-23,24.879993340373066,0.3527377,35.280922846868634,0,297,2008,10
2008-10-24,24.889993340149545,0.32127526,35.30075987800956,9,298,2008,10
2008-10-25,24.74999334327879,0.116361566,35.29923395253718,0,299,2008,10
2008-10-26,25.45999332740905,0.13999206,35.29465617612004,1,300,2008,10
2008-10-27,25.55999332517388,0.13999233,35.30228580348194,18,301,2008,10
2008-10-28,25.06999333612623,0.14318876,35.303811728954315,3,302,2008,10
2008-10-29,24.669993345066928,0.14318876,35.31296728178859,0,303,2008,10
2008-10-30,24.509993348643206,0.13148706,35.3190709836781,1,304,2008,10
2008-10-31,24.659993345290445,0.14747617,35.29007839970291,0,305,2008,10
2008-11-01,24.699993344396376,0.1570735,35.225989529863,4,306,2008,11
2008-11-02,24.589993346855067,0.15834245,35.16342658549547,0,307,2008,11
2008-11-03,24.649993345513963,0.15888473,35.122226597741246,0,308,2008,11
2008-11-04,24.809993341937684,0.15316537,35.016937740147114,0,309,2008,11
2008-11-05,25.10999333523216,0.15316375,34.82924890704453,0,310,2008,11
2008-11-06,25.049993336573262,0.1423941,34.80636002495885,0,311,2008,11
2008-11-07,24.75999334305527,0.14305131,34.859767416492105,0,312,2008,11
2008-11-08,24.74999334327879,0.18693726,34.907071106135845,0,313,2008,11
2008-11-09,24.98999333791437,0.1702239,34.933011839166284,0,314,2008,11
2008-11-10,25.40999332852664,0.14850356,34.95132294483483,0,315,2008,11
2008-11-11,25.669993322715182,0.1659265,34.94827109389007,0,316,2008,11
2008-11-12,25.589993324503325,0.16908267,34.94521924294531,0,317,2008,11
2008-11-13,25.579993324726843,0.24582906,34.955900721251965,1,318,2008,11
2008-11-14,25.68999332226815,0.20373948,34.93453776463866,0,319,2008,11
2008-11-15,25.849993318691872,0.20351495,34.92385628633201,0,320,2008,11
2008-11-16,26.02999331466856,0.19413891,34.90401925519109,0,321,2008,11
2008-11-17,26.139993312209867,0.17214915,34.90249332971871,0,322,2008,11
2008-11-18,26.209993310645245,0.217313,34.89333777688444,0,323,2008,11
2008-11-19,26.219993310421728,0.22499768,34.71022672019899,0,324,2008,11
2008-11-20,26.139993312209867,0.20775418,34.22650834545493,0,325,2008,11
2008-11-21,26.06999331377449,0.12394462,33.933530654758215,0,326,2008,11
2008-11-22,26.14999331198635,0.123902015,33.87554548680782,0,327,2008,11
2008-11-23,26.41999330595138,0.11039389,34.08154542557895,0,328,2008,11
2008-11-24,26.5799933023751,0.0975235,34.30433054454625,0,329,2008,11
2008-11-25,26.629993301257517,0.104187064,34.52864158898592,3,330,2008,11
2008-11-26,26.61999330148103,0.10132292,35.00015255995095,3,331,2008,11
2008-11-27,26.79999329745772,0.10132297,35.230567306280136,8,332,2008,11
2008-11-28,26.79999329745772,0.090285525,35.24887841194868,0,333,2008,11
2008-11-29,26.669993300363444,0.12837803,35.242774710059166,2,334,2008,11
2008-11-30,26.49999330416324,0.14942558,35.23972285911441,0,335,2008,11
2008-12-01,26.53999330326917,0.11286535,35.24887841194868,0,336,2008,12
2008-12-02,26.70999329946937,0.09428187,35.21073027513921,0,337,2008,12
2008-12-03,26.76999329812827,0.106646776,34.92538221180439,0,338,2008,12
2008-12-04,26.819993297010683,0.1347967,34.56831565126777,0,339,2008,12
2008-12-05,26.79999329745772,0.12847723,34.60341193713248,0,340,2008,12
2008-12-06,27.339993285387777,0.11439609,34.64918970130384,4,341,2008,12
2008-12-07,27.339993285387777,0.1186577,34.8384044598788,0,342,2008,12
2008-12-08,27.30999328605833,0.13123679,35.039826622232795,0,343,2008,12
2008-12-09,27.0399932920933,0.1312072,35.06576735526323,0,344,2008,12
2008-12-10,26.899993295222544,0.11761266,34.94979701936245,3,345,2008,12
2008-12-11,26.72999329902234,0.14097652,34.95132294483483,0,346,2008,12
2008-12-12,26.76999329812827,0.15632452,35.0321969948709,0,347,2008,12
2008-12-13,26.88999329544606,0.15455465,35.10238956660032,0,348,2008,12
2008-12-14,27.53999328091743,0.122965574,35.146641405299306,6,349,2008,12
2008-12-15,27.919993272423767,0.15271719,35.06729328073561,1,350,2008,12
2008-12-16,27.919993272423767,0.15055451,35.16647843644023,0,351,2008,12
2008-12-17,27.999993270635628,0.15705848,35.232093231752515,0,352,2008,12
2008-12-18,27.94999327175321,0.2770288,35.21378212608397,0,353,2008,12
2008-12-19,27.459993282705568,0.2783393,35.19852287136018,3,354,2008,12
2008-12-20,27.22999328784647,0.36865935,35.160374734550714,0,355,2008,12
2008-12-21,27.179993288964056,0.34124944,35.05966365337372,0,356,2008,12
2008-12-22,26.989993293210887,0.29841933,34.84908593818545,0,357,2008,12
2008-12-23,27.049993291869782,0.38379118,34.63850822299719,0,358,2008,12
2008-12-24,27.15999328941109,0.39063668,34.510330483317375,0,359,2008,12
2008-12-25,27.23999328762295,0.39063644,34.366893488913774,0,360,2008,12
2008-12-26,27.289993286505364,0.39084613,34.16852317750454,0,361,2008,12
2008-12-27,27.2699932869524,0.39571968,33.58256779611111,0,362,2008,12
2008-12-28,27.01999329254033,0.48506016,33.47422708757222,0,363,2008,12
2008-12-29,26.87999329566958,0.4780387,33.92437510192394,1,364,2008,12
2008-12-30,26.839993296563648,0.8973749,34.22803427092731,0,365,2008,12
2008-12-31,26.92999329455199,0.90541846,33.71990108862519,0,366,2008,12
2009-01-01,27.069993291422747,0.90506405,32.22296820022166,0,1,2009,1
2009-01-02,27.149993289634608,0.6852316,32.285531144589186,0,2,2009,1
2009-01-03,27.129993290081643,0.6814127,32.63039030134678,0,3,2009,1
2009-01-04,27.18999328874054,0.68140835,32.07495342940092,0,4,2009,1
2009-01-05,27.059993291646265,0.66206056,31.817072024568915,0,5,2009,1
2009-01-06,26.99999329298737,0.48507184,31.539353588595986,0,6,2009,1
2009-01-07,27.57999328002336,0.4181245,31.638538744300604,0,7,2009,1
2009-01-08,27.44999328292909,0.64930564,31.7392498254776,2,8,2009,1
2009-01-09,27.4999932818115,0.34000334,31.66600540280342,3,9,2009,1
2009-01-10,28.179993266612318,0.20773134,31.839960906654596,0,10,2009,1
2009-01-11,28.299993263930105,0.2491132,32.250434858724475,6,11,2009,1
2009-01-12,28.299993263930105,0.19553633,32.55867180414498,0,12,2009,1
2009-01-13,28.69999325498941,0.19414206,32.72347175516188,0,13,2009,1
2009-01-14,28.55999325811865,0.17987268,32.88216800428927,5,14,2009,1
2009-01-15,28.55999325811865,0.16425389,33.14767903648317,0,15,2009,1
2009-01-16,28.759993253648304,0.16951099,33.559678914025426,0,16,2009,1
2009-01-17,28.889993250742577,0.21467322,33.66649369709194,0,17,2009,1
2009-01-18,28.919993250072025,0.16169554,33.7122714612633,0,18,2009,1
2009-01-19,28.8199932523072,0.18336877,34.29212314076722,0,19,2009,1
2009-01-20,28.87999325096609,0.14782864,34.96963405050337,0,20,2009,1
2009-01-21,28.889993250742577,0.14482683,35.18173769116402,0,21,2009,1
2009-01-22,28.74999325387182,0.12636375,35.25345618836582,0,22,2009,1
2009-01-23,28.649993256106995,0.1412803,35.24887841194868,0,23,2009,1
2009-01-24,28.5899932574481,0.1482357,35.195471020415425,0,24,2009,1
2009-01-25,28.539993258565687,0.16689521,35.12833029963076,2,25,2009,1
2009-01-26,28.62999325655403,0.16689558,35.00930811278522,0,26,2009,1
2009-01-27,28.599993257224583,0.28187808,34.75753040984273,1,27,2009,1
2009-01-28,28.56999325789513,0.21021949,34.427930507808924,0,28,2009,1
2009-01-29,28.639993256330516,0.19606145,34.36231571249664,0,29,2009,1
2009-01-30,28.5899932574481,0.18120585,34.293649066239595,0,30,2009,1
2009-01-31,28.449993260577344,0.087640926,34.2143009416759,0,31,2009,1
2009-02-01,28.679993255436443,0.079962656,34.34858238324523,0,32,2009,2
2009-02-02,29.0499932471663,0.34037635,34.56373787485063,0,33,2009,2
2009-02-03,29.05999324694278,0.21050894,34.606463788077235,0,34,2009,2
2009-02-04,29.01999324783685,0.2105122,34.54084899276495,0,35,2009,2
2009-02-05,28.839993251860164,0.21174908,34.87350074574351,0,36,2009,2
2009-02-06,28.70999325476589,0.2226276,35.21683397702873,0,37,2009,2
2009-02-07,28.529993258789204,0.15411295,35.473189456388354,0,38,2009,2
2009-02-08,28.109993268176936,0.14301112,35.52964869886637,0,39,2009,2
2009-02-09,28.059993269294523,0.12745598,35.49302648752928,1,40,2009,2
2009-02-10,27.959993271529697,0.20589793,35.39536725729704,0,41,2009,2
2009-02-11,27.869993273541358,0.13464649,35.22904138080776,0,42,2009,2
2009-02-12,27.719993276894115,0.13144371,35.08560438640416,0,43,2009,2
2009-02-13,27.7299932766706,0.1164123,35.15121918171644,0,44,2009,2
2009-02-14,27.96999327130618,0.12635426,35.17868584021926,3,45,2009,2
2009-02-15,28.37999326214197,0.14899352,35.07339698262513,1,46,2009,2
2009-02-16,28.8199932523072,0.15110657,35.013885889202356,0,47,2009,2
2009-02-17,28.99999324828389,0.15332599,34.968108125030994,7,48,2009,2
2009-02-18,28.949993249401476,0.1993857,34.92690813727677,0,49,2009,2
2009-02-19,28.639993256330516,0.1564276,34.931485913693905,2,50,2009,2
2009-02-20,28.539993258565687,0.15662499,34.943693317472935,0,51,2009,2
2009-02-21,28.719993254542374,0.18711698,35.099337715655565,1,52,2009,2
2009-02-22,28.97999324873092,0.22846135,35.30228580348194,0,53,2009,2
2009-02-23,28.87999325096609,0.22846135,35.39384133182466,0,54,2009,2
2009-02-24,28.51999325901272,0.14953731,35.34195986576378,0,55,2009,2
2009-02-25,28.329993263259556,0.14481246,35.29923395253718,11,56,2009,2
2009-02-26,28.38999326191845,0.099737905,35.36637467332184,6,57,2009,2
2009-02-27,28.69999325498941,0.13574433,35.44267094694078,2,58,2009,2
2009-02-28,28.769993253424783,0.1444358,35.50523389130831,0,59,2009,2
2009-03-01,28.74999325387182,0.1444413,35.50218204036355,0,60,2009,3
2009-03-02,28.54999325834217,0.23121051,35.50065611489117,0,61,2009,3
2009-03-03,28.46999326013031,0.24319649,35.485396860167384,0,62,2009,3
2009-03-04,28.42999326102438,0.14761735,35.46555982902646,0,63,2009,3
2009-03-05,28.03999326974156,0.14976148,35.45640427619219,0,64,2009,3
2009-03-06,27.979993271082662,0.15055354,35.47471538186073,0,65,2009,3
2009-03-07,28.1899932663888,0.14507298,35.49302648752928,0,66,2009,3
2009-03-08,28.73999325409534,0.09972816,35.518967220559716,0,67,2009,3
2009-03-09,28.759993253648304,0.09834655,35.522019071504474,0,68,2009,3
2009-03-10,28.649993256106995,0.094393864,35.520493146032095,0,69,2009,3
2009-03-11,28.639993256330516,0.106272735,35.531174624338746,0,70,2009,3
2009-03-12,28.55999325811865,0.104823306,35.531174624338746,1,71,2009,3
2009-03-13,28.459993260353823,0.14762834,35.53575240075588,0,72,2009,3
2009-03-14,28.309993263706588,0.11409612,35.532700549811125,1,73,2009,3
2009-03-15,28.20999326594176,0.114086695,35.518967220559716,0,74,2009,3
2009-03-16,28.109993268176936,0.17372066,35.508285742253065,0,75,2009,3
2009-03-17,28.06999326907101,0.1838235,35.49455241300166,0,76,2009,3
2009-03-18,28.029993269965075,0.18382435,35.4197820648551,0,77,2009,3
2009-03-19,27.829993274435424,0.19340292,35.36027097143233,0,78,2009,3
2009-03-20,27.56999328024688,0.19325736,35.31144135631621,0,79,2009,3
2009-03-21,27.359993284940742,0.26551628,35.32364876009524,0,80,2009,3
2009-03-22,27.379993284493708,0.22447719,35.389263555407524,0,81,2009,3
2009-03-23,27.339993285387777,0.21905379,35.38468577899039,0,82,2009,3
2009-03-24,27.099993290752195,0.15831022,35.39384133182466,0,83,2009,3
2009-03-25,27.069993291422747,0.19608563,35.43961909599602,0,84,2009,3
2009-03-26,27.07999329119923,0.15489614,35.4411450214684,0,85,2009,3
2009-03-27,26.989993293210887,0.14946781,35.3984191082418,0,86,2009,3
2009-03-28,26.989993293210887,0.17337964,35.2977080270648,0,87,2009,3
2009-03-29,26.95999329388144,0.17943633,35.16342658549547,0,88,2009,3
2009-03-30,26.92999329455199,0.15924455,35.07339698262513,0,89,2009,3
2009-03-31,26.779993297904756,0.1980904,35.029145143926144,0,90,2009,3
2009-04-01,26.84999329634013,0.1634225,34.980315528810024,0,91,2009,4
2009-04-02,26.88999329544606,0.13992004,34.97573775239289,0,92,2009,4
2009-04-03,26.859993296116613,0.15781868,35.0108340382576,0,93,2009,4
2009-04-04,26.819993297010683,0.14925176,35.07187105715275,0,94,2009,4
2009-04-05,26.839993296563648,0.163367,35.12680437415838,0,95,2009,4
2009-04-06,26.939993294328477,0.2031513,35.15274510718882,0,96,2009,4
2009-04-07,26.94999329410496,0.15430011,35.171056212857366,0,97,2009,4
2009-04-08,26.839993296563648,0.20330577,35.21073027513921,0,98,2009,4
2009-04-09,26.869993295893096,0.12605917,35.18936731852591,0,99,2009,4
2009-04-10,26.839993296563648,0.16234943,35.21530805155635,1,100,2009,4
2009-04-11,26.8099932972342,0.16232844,35.3190709836781,0,101,2009,4
2009-04-12,26.5799933023751,0.17046688,35.37095244973898,2,102,2009,4
2009-04-13,26.61999330148103,0.16050574,35.32364876009524,0,103,2009,4
2009-04-14,26.599993301928063,0.19262362,35.38163392804563,0,104,2009,4
2009-04-15,26.41999330595138,0.13033909,35.387737629935145,0,105,2009,4
2009-04-16,26.289993308857103,0.16472556,35.387737629935145,0,106,2009,4
2009-04-17,26.22999331019821,0.18634711,35.38621170446277,0,107,2009,4
2009-04-18,26.359993307292484,0.13900085,35.37400430068374,0,108,2009,4
2009-04-19,26.49999330416324,0.17935087,35.36027097143233,0,109,2009,4
2009-04-20,26.509993303939723,0.17723104,35.34958949312568,1,110,2009,4
2009-04-21,26.629993301257517,0.17723104,35.34348579123616,0,111,2009,4
2009-04-22,26.48999330438676,0.16869822,35.35721912048757,0,112,2009,4
2009-04-23,26.45999330505731,0.16690138,35.364848747849464,0,113,2009,4
2009-04-24,26.209993310645245,0.2281246,35.375530226156116,0,114,2009,4
2009-04-25,25.849993318691872,0.15062653,35.39231540635228,0,115,2009,4
2009-04-26,25.72999332137408,0.15073228,35.40452281013131,0,116,2009,4
2009-04-27,25.619993323832773,0.15203315,35.40452281013131,3,117,2009,4
2009-04-28,25.939993316680216,0.15681954,35.412152437493205,2,118,2009,4
2009-04-29,26.059993313998007,0.14880544,35.41673021391034,0,119,2009,4
2009-04-30,25.939993316680216,0.13136326,35.40604873560369,1,120,2009,4
2009-05-01,25.79999331980946,0.1440871,35.389263555407524,1,121,2009,5
2009-05-02,25.7199933215976,0.13038924,35.36790059879422,0,122,2009,5
2009-05-03,25.639993323385735,0.13371626,35.34348579123616,0,123,2009,5
2009-05-04,25.499993326514986,0.1418394,35.28244877234101,0,124,2009,5
2009-05-05,25.46999332718553,0.13512422,35.195471020415425,0,125,2009,5
2009-05-06,26.01999331489208,0.14245749,35.12070067226887,0,126,2009,5
2009-05-07,25.939993316680216,0.08673705,35.10696734301746,0,127,2009,5
2009-05-08,25.72999332137408,0.087021284,35.12680437415838,0,128,2009,5
2009-05-09,25.75999332070353,0.13209216,35.16342658549547,0,129,2009,5
2009-05-10,25.79999331980946,0.13827242,35.195471020415425,0,130,2009,5
2009-05-11,25.599993324279808,0.1338314,35.21530805155635,0,131,2009,5
2009-05-12,25.37999332919719,0.15785201,35.242774710059166,0,132,2009,5
2009-05-13,25.429993328079604,0.16834807,35.25345618836582,0,133,2009,5
2009-05-14,25.46999332718553,0.15557683,35.26108581572771,1,134,2009,5
2009-05-15,25.60999332405629,0.15107483,35.25955989025533,0,135,2009,5
2009-05-16,25.539993325620912,0.1569761,35.254982113838196,0,136,2009,5
2009-05-17,25.24999333210292,0.17403351,35.26413766667247,0,137,2009,5
2009-05-18,25.119993335008644,0.26076695,35.25803396478295,0,138,2009,5
2009-05-19,25.359993329644222,0.1899454,35.206152498722076,7,139,2009,5
2009-05-20,25.44999332763257,0.24906443,35.12070067226887,0,140,2009,5
2009-05-21,25.389993328973677,0.22241735,35.06881920620799,0,141,2009,5
2009-05-22,25.269993331655883,0.22817098,35.04593032412231,0,142,2009,5
2009-05-23,25.21999333277347,0.19758819,35.03524884581566,0,143,2009,5
2009-05-24,25.13999333456161,0.21840663,35.039826622232795,0,144,2009,5
2009-05-25,25.049993336573262,0.15159263,35.06576735526323,0,145,2009,5
2009-05-26,25.13999333456161,0.17997171,35.09323401376605,1,146,2009,5
2009-05-27,25.079993335902717,0.14153868,35.125278448686004,0,147,2009,5
2009-05-28,24.809993341937684,0.17219792,35.15274510718882,1,148,2009,5
2009-05-29,24.55999334752562,0.14304933,35.183263616636395,4,149,2009,5
2009-05-30,24.309993353113555,0.19804433,35.196996945887804,0,150,2009,5
2009-05-31,24.299993353337072,0.1963869,35.20004879683256,0,151,2009,5
2009-06-01,24.40999335087838,0.2435547,35.20310064777732,1,152,2009,6
2009-06-02,24.859993340820097,0.1794647,35.207678424194455,0,153,2009,6
2009-06-03,24.929993339255475,0.16039555,35.21073027513921,0,154,2009,6
2009-06-04,24.84999334104361,0.18415467,35.21073027513921,0,155,2009,6
2009-06-05,24.51999334841969,0.2462278,35.21530805155635,0,156,2009,6
2009-06-06,24.419993350654863,0.31146866,35.233619157224894,0,157,2009,6
2009-06-07,24.389993351325412,0.26586276,35.26413766667247,0,158,2009,6
2009-06-08,24.509993348643206,0.18088923,35.280922846868634,0,159,2009,6
2009-06-09,24.509993348643206,0.18942912,35.268715443089604,0,160,2009,6
2009-06-10,24.53999334797265,0.1933342,35.2763450704515,0,161,2009,6
2009-06-11,24.819993341714166,0.18162745,35.280922846868634,0,162,2009,6
2009-06-12,24.93999333903196,0.2047185,35.279396921396255,0,163,2009,6
2009-06-13,25.239993332326435,0.18340474,35.25955989025533,0,164,2009,6
2009-06-14,25.55999332517388,0.17383125,35.218359902501106,0,165,2009,6
2009-06-15,25.819993319362425,0.19968131,35.19089324399829,0,166,2009,6
2009-06-16,25.91999331712725,0.19181037,35.172582138329744,0,167,2009,6
2009-06-17,25.809993319585946,0.17753214,35.16495251096785,0,168,2009,6
2009-06-18,25.44999332763257,0.26242048,35.158848809078336,1,169,2009,6
2009-06-19,25.24999333210292,0.19657694,35.15274510718882,0,170,2009,6
2009-06-20,24.969993338361405,0.26178524,35.15121918171644,0,171,2009,6
2009-06-21,24.83999334126713,0.19712289,35.15274510718882,0,172,2009,6
2009-06-22,24.84999334104361,0.18719484,35.16342658549547,0,173,2009,6
2009-06-23,24.74999334327879,0.42110184,35.1756339892745,1,174,2009,6
2009-06-24,24.299993353337072,0.47123316,35.2046265732497,1,175,2009,6
2009-06-25,24.029993359372043,0.5450382,35.21225620061159,0,176,2009,6
2009-06-26,23.949993361160185,0.5696667,35.22293767891824,0,177,2009,6
2009-06-27,24.069993358477973,0.20790093,35.254982113838196,0,178,2009,6
2009-06-28,24.12999335713687,0.29388252,35.22751545533538,0,179,2009,6
2009-06-29,24.109993357583903,0.27987123,35.22751545533538,0,180,2009,6
2009-06-30,24.029993359372043,0.3090989,35.233619157224894,0,181,2009,6
2009-07-01,23.97999336048963,0.26826864,35.242774710059166,0,182,2009,7
2009-07-02,23.879993362724804,0.38617718,35.25345618836582,0,183,2009,7
2009-07-03,23.7099933665246,0.46292338,35.27024136856198,0,184,2009,7
2009-07-04,23.679993367195152,0.3285672,35.30838950537145,1,185,2009,7
2009-07-05,23.69999336674812,0.29634768,35.33433023840189,0,186,2009,7
2009-07-06,23.55999336987736,0.32064036,35.3480635676533,0,187,2009,7
2009-07-07,23.419993373006605,0.3051456,35.363322822377086,0,188,2009,7
2009-07-08,23.35999337434771,0.35630143,35.389263555407524,1,189,2009,7
2009-07-09,23.45999337211253,0.3028323,35.40604873560369,0,190,2009,7
2009-07-10,23.659993367642187,0.25485003,35.3984191082418,0,191,2009,7
2009-07-11,23.499993371218466,0.24334025,35.38010800257325,0,192,2009,7
2009-07-12,23.179993378371023,0.22097565,35.3694265242666,0,193,2009,7
2009-07-13,23.12999337948861,0.32967126,35.35721912048757,0,194,2009,7
2009-07-14,23.00999338217082,0.47145694,35.33738208934665,0,195,2009,7
2009-07-15,22.98999338261785,0.5050773,35.29618210159242,0,196,2009,7
2009-07-16,23.069993380829715,0.51005584,35.27329321950674,0,197,2009,7
2009-07-17,22.949993383511924,0.32646662,35.28855247423053,0,198,2009,7
2009-07-18,22.91999338418248,0.43429965,35.30991543084383,0,199,2009,7
2009-07-19,22.89999338462951,0.4337257,35.326700611039996,0,200,2009,7
2009-07-20,22.76999338753524,0.3200625,35.33738208934665,0,201,2009,7
2009-07-21,22.869993385300063,0.25225633,35.3480635676533,0,202,2009,7
2009-07-22,22.799993386864685,0.20761785,35.363322822377086,0,203,2009,7
2009-07-23,22.64999339021745,0.24937817,35.38010800257325,0,204,2009,7
2009-07-24,22.569993392005586,0.24411118,35.39689318276942,0,205,2009,7
2009-07-25,22.539993392676138,0.23694734,35.40299688465893,0,206,2009,7
2009-07-26,22.70999338887634,0.23536898,35.40452281013131,0,207,2009,7
2009-07-27,22.77999338731172,0.30497563,35.40604873560369,0,208,2009,7
2009-07-28,22.76999338753524,0.27903658,35.410626512020826,0,209,2009,7
2009-07-29,23.04999338127675,0.25121644,35.41520428843796,0,210,2009,7
2009-07-30,23.14999337904157,0.28789967,35.40452281013131,0,211,2009,7
2009-07-31,23.0199933819473,0.24136002,35.401470959186554,0,212,2009,7
2009-08-01,23.00999338217082,0.5422286,35.40604873560369,0,213,2009,8
2009-08-02,23.00999338217082,0.44818577,35.410626512020826,0,214,2009,8
2009-08-03,22.809993386641167,0.5252928,35.40604873560369,0,215,2009,8
2009-08-04,22.70999338887634,0.9077631,35.40910058654845,0,216,2009,8
2009-08-05,22.92999338395896,1.7185555,35.40910058654845,0,217,2009,8
2009-08-06,22.949993383511924,0.5744797,35.40757466107607,0,218,2009,8
2009-08-07,22.93999338373544,0.21522686,35.40299688465893,1,219,2009,8
2009-08-08,23.0199933819473,0.14916843,35.3984191082418,0,220,2009,8
2009-08-09,22.999993382394337,0.1755909,35.39536725729704,0,221,2009,8
2009-08-10,22.909993384405997,0.26425314,35.35874504595995,0,222,2009,8
2009-08-11,22.999993382394337,0.26272133,35.32517468556762,1,223,2009,8
2009-08-12,23.039993381500267,0.21563971,35.33433023840189,0,224,2009,8
2009-08-13,23.039993381500267,0.21611539,35.2763450704515,0,225,2009,8
2009-08-14,23.22999337725344,0.39751285,34.97115997597575,0,226,2009,8
2009-08-15,23.32999337501826,0.31088933,34.84298223629594,0,227,2009,8
2009-08-16,23.419993373006605,0.24254407,34.92385628633201,0,228,2009,8
2009-08-17,23.50999337099495,0.22805172,35.08407846093178,0,229,2009,8
2009-08-18,23.58999336920681,0.21509829,35.16800436191261,0,230,2009,8
2009-08-19,23.379993373900675,0.21866898,35.172582138329744,0,231,2009,8
2009-08-20,23.32999337501826,0.21670008,35.135959926992655,1,232,2009,8
2009-08-21,23.349993374571227,0.24904042,35.15274510718882,0,233,2009,8
2009-08-22,23.45999337211253,0.21070477,35.18021176569164,0,234,2009,8
2009-08-23,23.499993371218466,0.19832765,35.16953028738499,0,235,2009,8
2009-08-24,23.649993367865704,0.19300827,35.160374734550714,0,236,2009,8
2009-08-25,23.71999336630108,0.19963495,35.17715991474688,0,237,2009,8
2009-08-26,23.659993367642187,0.1544298,35.18021176569164,0,238,2009,8
2009-08-27,23.51999337077143,0.20116876,35.1542710326612,0,239,2009,8
2009-08-28,23.569993369653844,0.21597235,35.14358955435455,0,240,2009,8
2009-08-29,23.66999336741867,0.2274247,35.17868584021926,0,241,2009,8
2009-08-30,23.579993369430326,0.21953122,35.18631546758115,0,242,2009,8
2009-08-31,23.54999337010088,0.13665208,35.160374734550714,0,243,2009,8
2009-09-01,23.54999337010088,0.23524949,35.06881920620799,1,244,2009,9
2009-09-02,23.66999336741867,0.23061943,34.908597031608224,0,245,2009,9
2009-09-03,23.86999336294832,0.21975975,34.85213778913021,1,246,2009,9
2009-09-04,24.029993359372043,0.21941082,34.859767416492105,0,247,2009,9
2009-09-05,24.339993352443003,0.15796603,34.85061186365783,1,248,2009,9
2009-09-06,23.889993362501286,0.21310844,34.8384044598788,0,249,2009,9
2009-09-07,23.779993364959974,0.20368977,34.833826683461666,0,250,2009,9
2009-09-08,23.949993361160185,0.58337384,34.83230075798929,0,251,2009,9
2009-09-09,24.22999335490169,0.17940977,34.83230075798929,0,252,2009,9
2009-09-10,24.419993350654863,0.17593873,34.83077483251691,2,253,2009,9
2009-09-11,24.459993349760797,0.17489924,34.8384044598788,3,254,2009,9
2009-09-12,24.36999335177245,0.14630052,34.86281926743686,0,255,2009,9
2009-09-13,24.299993353337072,0.17896578,34.88570814952254,0,256,2009,9
2009-09-14,24.21999335512521,0.14651595,34.919278509914875,0,257,2009,9
2009-09-15,24.199993355572246,0.19222926,34.96200442314148,0,258,2009,9
2009-09-16,23.879993362724804,0.2359235,35.00015255995095,0,259,2009,9
2009-09-17,23.54999337010088,1.1729244,35.016937740147114,0,260,2009,9
2009-09-18,23.38999337367716,1.1729244,35.016937740147114,0,261,2009,9
2009-09-19,23.40999337323012,1.1729244,35.02304144203663,0,262,2009,9
2009-09-20,23.40999337323012,1.0134069,35.04440439864993,0,263,2009,9
2009-09-21,23.69999336674812,0.9589438,35.06881920620799,0,264,2009,9
2009-09-22,23.639993368089225,0.8954306,35.08102660998702,0,265,2009,9
2009-09-23,23.659993367642187,0.5770289,35.088656237348914,0,266,2009,9
2009-09-24,23.69999336674812,0.5706235,35.113071044906974,0,267,2009,9
2009-09-25,23.679993367195152,0.26733926,35.16495251096785,0,268,2009,9
2009-09-26,24.509993348643206,0.263565,35.16647843644023,0,269,2009,9
2009-09-27,24.389993351325412,0.24684317,35.17868584021926,0,270,2009,9
2009-09-28,24.31999335289004,0.26326188,35.16342658549547,0,271,2009,9
2009-09-29,24.15999335646632,0.22953483,35.16800436191261,0,272,2009,9
2009-09-30,23.55999336987736,0.16097338,35.17410806380212,0,273,2009,9
2009-10-01,23.469993371889014,0.16245033,35.19089324399829,0,274,2009,10
2009-10-02,23.40999337323012,0.16593651,35.207678424194455,0,275,2009,10
2009-10-03,23.339993374794744,0.22597128,35.22293767891824,2,276,2009,10
2009-10-04,24.28999335356059,0.22566688,35.23667100816965,0,277,2009,10
2009-10-05,24.20999335534873,0.22272062,35.244300635531545,0,278,2009,10
2009-10-06,24.20999335534873,0.21455787,35.24582656100392,0,279,2009,10
2009-10-07,24.189993355795764,0.16781244,35.24124878458679,0,280,2009,10
2009-10-08,24.31999335289004,0.1979198,35.23819693364203,1,281,2009,10
2009-10-09,24.359993351995968,0.20693427,35.242774710059166,0,282,2009,10
2009-10-10,24.299993353337072,0.20893486,35.24582656100392,0,283,2009,10
2009-10-11,24.15999335646632,0.20885853,35.23972285911441,0,284,2009,10
2009-10-12,23.999993360042595,0.18004349,35.2046265732497,0,285,2009,10
2009-10-13,23.90999336205425,0.18004349,35.16800436191261,0,286,2009,10
2009-10-14,25.039993336796783,0.21442766,35.123752523213625,3,287,2009,10
2009-10-15,24.999993337690853,0.21442488,35.039826622232795,0,288,2009,10
2009-10-16,25.039993336796783,0.20943417,34.91470073349774,0,289,2009,10
2009-10-17,25.049993336573262,0.22100845,34.833826683461666,0,290,2009,10
2009-10-18,25.039993336796783,0.12780447,34.76973781362176,0,291,2009,10
2009-10-19,25.079993335902717,0.13014469,34.87502667121589,0,292,2009,10
2009-10-20,25.169993333891057,0.17318918,35.03067106939852,0,293,2009,10
2009-10-21,24.98999333791437,0.17353949,35.06881920620799,0,294,2009,10
2009-10-22,24.889993340149545,0.17177843,35.15579695813358,0,295,2009,10
2009-10-23,24.15999335646632,0.17501758,35.25345618836582,0,296,2009,10
2009-10-24,24.40999335087838,0.27491978,35.28855247423053,0,297,2009,10
2009-10-25,24.52999334819617,0.2420864,35.28855247423053,0,298,2009,10
2009-10-26,24.53999334797265,0.38334453,35.27787099592388,0,299,2009,10
2009-10-27,24.569993347302105,0.3833311,35.25345618836582,0,300,2009,10
2009-10-28,24.859993340820097,0.23083772,35.233619157224894,0,301,2009,10
2009-10-29,24.98999333791437,0.23111464,35.20004879683256,0,302,2009,10
2009-10-30,24.809993341937684,0.17190236,35.195471020415425,0,303,2009,10
2009-10-31,24.709993344172855,0.16124682,35.25193026289344,0,304,2009,10
2009-11-01,24.979993338137888,0.14010511,35.27481914497912,1,305,2009,11
2009-11-02,25.06999333612623,0.15437192,35.27176729403436,0,306,2009,11
2009-11-03,25.079993335902717,0.15955268,35.29618210159242,0,307,2009,11
2009-11-04,24.959993338584923,0.17084919,35.375530226156116,0,308,2009,11
2009-11-05,24.279993353784107,0.17085089,35.412152437493205,0,309,2009,11
2009-11-06,24.24999335445466,0.24379049,35.425885766744614,0,310,2009,11
2009-11-07,24.279993353784107,0.32279333,35.42893761768937,0,311,2009,11
2009-11-08,24.94999333880844,0.32233003,35.3907894808799,0,312,2009,11
2009-11-09,25.29999333098533,0.14428374,35.25803396478295,0,313,2009,11
2009-11-10,25.389993328973677,0.13967384,35.233619157224894,0,314,2009,11
2009-11-11,25.56999332495036,0.26879257,35.23972285911441,0,315,2009,11
2009-11-12,25.4899933267385,0.26879257,35.22904138080776,0,316,2009,11
2009-11-13,25.45999332740905,0.39390513,35.218359902501106,0,317,2009,11
2009-11-14,25.44999332763257,0.39390513,35.21683397702873,0,318,2009,11
2009-11-15,25.639993323385735,0.3939076,35.16800436191261,0,319,2009,11
2009-11-16,25.319993330538296,0.2634737,35.099337715655565,0,320,2009,11
2009-11-17,25.269993331655883,0.2634737,35.09475993923843,0,321,2009,11
2009-11-18,25.33999333009126,0.2634463,35.13901177793741,0,322,2009,11
2009-11-19,25.309993330761813,0.26500753,35.17715991474688,0,323,2009,11
2009-11-20,25.45999332740905,0.26499137,35.21683397702873,0,324,2009,11
2009-11-21,25.46999332718553,0.26387852,35.196996945887804,0,325,2009,11
2009-11-22,25.4899933267385,0.24915382,35.14206362888217,0,326,2009,11
2009-11-23,25.45999332740905,0.24823847,35.135959926992655,0,327,2009,11
2009-11-24,25.15999333411457,0.24427694,35.16647843644023,0,328,2009,11
2009-11-25,25.15999333411457,0.31821644,35.18173769116402,0,329,2009,11
2009-11-26,25.389993328973677,0.27779552,35.19089324399829,0,330,2009,11
2009-11-27,26.07999331355097,0.13827746,35.18784139305353,0,331,2009,11
2009-11-28,26.219993310421728,0.09894058,35.20157472230494,0,332,2009,11
2009-11-29,26.159993311762832,0.15500017,35.20310064777732,0,333,2009,11
2009-11-30,26.14999331198635,0.15497895,35.1756339892745,0,334,2009,11
2009-12-01,26.26999330930414,0.1548241,35.12833029963076,0,335,2009,12
2009-12-02,26.549993303045653,0.18673646,35.07187105715275,0,336,2009,12
2009-12-03,26.79999329745772,0.18753314,35.076448833569884,0,337,2009,12
2009-12-04,26.87999329566958,0.4132917,35.07339698262513,0,338,2009,12
2009-12-05,26.749993298575305,0.26711705,35.015411814674735,0,339,2009,12
2009-12-06,26.749993298575305,0.49836034,34.8384044598788,0,340,2009,12
2009-12-07,26.909993294999023,0.5113777,34.79110077023506,0,341,2009,12
2009-12-08,27.059993291646265,0.13399222,34.77889336645603,0,342,2009,12
2009-12-09,27.2699932869524,0.12356432,34.84145631082356,0,343,2009,12
2009-12-10,27.4999932818115,0.12215468,34.94064146652818,0,344,2009,12
2009-12-11,27.439993283152603,0.11960291,34.99557478353381,0,345,2009,12
2009-12-12,27.089993290975716,0.11740629,35.12070067226887,0,346,2009,12
2009-12-13,27.44999328292909,0.09955388,35.172582138329744,0,347,2009,12
2009-12-14,27.46999328248205,0.099599585,35.206152498722076,0,348,2009,12
2009-12-15,27.479993282258533,0.10626817,35.225989529863,0,349,2009,12
2009-12-16,27.219993288069983,0.11100915,35.19241916947067,0,350,2009,12
2009-12-17,27.049993291869782,0.12657447,35.230567306280136,0,351,2009,12
2009-12-18,26.789993297681235,0.17189778,35.24124878458679,0,352,2009,12
2009-12-19,26.79999329745772,0.19172394,35.232093231752515,0,353,2009,12
2009-12-20,27.10999329052868,0.15536936,35.225989529863,0,354,2009,12
2009-12-21,27.32999328561129,0.12347796,35.244300635531545,0,355,2009,12
2009-12-22,27.179993288964056,0.11955776,35.25955989025533,1,356,2009,12
2009-12-23,27.439993283152603,0.11956042,35.26261174120009,0,357,2009,12
2009-12-24,27.46999328248205,0.10889002,35.267189517617226,0,358,2009,12
2009-12-25,27.53999328091743,0.10615579,35.280922846868634,0,359,2009,12
2009-12-26,28.08999326862397,0.13512592,35.28855247423053,0,360,2009,12
2009-12-27,28.229993265494727,0.14868963,35.28397469781339,0,361,2009,12
2009-12-28,28.5899932574481,0.15095906,35.291604325175285,0,362,2009,12
2009-12-29,28.24999326504769,0.12792699,35.316019132733345,1,363,2009,12
2009-12-30,28.139993267506384,0.098299935,35.34653764218092,0,364,2009,12
2009-12-31,28.109993268176936,0.13348004,35.3907894808799,0,365,2009,12
2010-01-01,28.529993258789204,0.13348004,35.3480635676533,0,1,2010,1
2010-01-02,28.82999325208368,0.13348481,35.19089324399829,0,2,2010,1
2010-01-03,28.80999325253072,0.15295662,34.66139710508287,0,3,2010,1
2010-01-04,28.66999325565996,0.1489119,33.89080474153161,0,4,2010,1
2010-01-05,28.409993261471413,0.14833818,33.573412243276834,0,5,2010,1
2010-01-06,28.459993260353823,0.14672054,33.391827112063766,0,6,2010,1
2010-01-07,28.339993263036035,0.11731504,33.33841972053051,0,7,2010,1
2010-01-08,28.25999326482417,0.11709073,33.368938229978085,0,8,2010,1
2010-01-09,28.47999325990679,0.12368251,33.6115603800863,0,9,2010,1
2010-01-10,28.51999325901272,0.13761394,33.95184176042676,0,10,2010,1
2010-01-11,28.5899932574481,0.13162103,34.07238987274468,0,11,2010,1
2010-01-12,28.459993260353823,0.14600246,34.13190096616745,0,12,2010,1
2010-01-13,28.409993261471413,0.14599478,34.25244907848537,0,13,2010,1
2010-01-14,28.24999326504769,0.14966565,34.24939722754061,0,14,2010,1
2010-01-15,28.309993263706588,0.13260312,34.029663959518075,0,15,2010,1
2010-01-16,28.37999326214197,0.24565223,33.8343454990536,0,16,2010,1
2010-01-17,28.23999326527121,0.24565223,33.82213809527457,0,17,2010,1
2010-01-18,28.06999326907101,0.11401463,33.93047880381346,1,18,2010,1
2010-01-19,28.08999326862397,0.11393818,34.05865654349327,0,19,2010,1
2010-01-20,28.07999326884749,0.113908306,34.127323189750314,0,20,2010,1
2010-01-21,28.229993265494727,0.20541592,34.24939722754061,0,21,2010,1
2010-01-22,28.19999326616528,0.18258001,34.32416757568717,0,22,2010,1
2010-01-23,28.949993249401476,0.19041619,34.52864158898592,0,23,2010,1
2010-01-24,29.029993247613334,0.23659672,34.77736744098365,0,24,2010,1
2010-01-25,29.08999324627223,0.22439449,34.44471568800509,0,25,2010,1
2010-01-26,28.799993252754238,0.16397843,34.29670091718435,0,26,2010,1
2010-01-27,28.96999324895444,0.17795941,34.40504162572324,0,27,2010,1
2010-01-28,28.959993249177955,0.20927517,34.4798119738698,0,28,2010,1
2010-01-29,28.93999324962499,0.2082531,34.59120453335345,0,29,2010,1
2010-01-30,28.37999326214197,0.13247676,34.92690813727677,0,30,2010,1
2010-01-31,28.289993264153622,0.13535194,35.04287847317755,0,31,2010,1
2010-02-01,28.329993263259556,0.23505636,35.12680437415838,0,32,2010,2
2010-02-02,28.8199932523072,0.23505417,35.0825525354594,0,33,2010,2
2010-02-03,29.00999324806037,0.12714739,35.06729328073561,0,34,2010,2
2010-02-04,28.989993248507403,0.12688337,35.100863641127944,0,35,2010,2
2010-02-05,28.769993253424783,0.18578146,35.12833029963076,1,36,2010,2
2010-02-06,28.99999324828389,0.15433533,35.15274510718882,0,37,2010,2
2010-02-07,29.01999324783685,0.13880672,35.13901177793741,0,38,2010,2
2010-02-08,28.769993253424783,0.15813328,35.11764882132411,1,39,2010,2
2010-02-09,28.719993254542374,0.15848278,35.100863641127944,4,40,2010,2
2010-02-10,28.599993257224583,0.16730496,35.14206362888217,0,41,2010,2
2010-02-11,28.059993269294523,0.21138148,35.113071044906974,0,42,2010,2
2010-02-12,28.16999326683583,0.17118165,35.03524884581566,0,43,2010,2
2010-02-13,28.1899932663888,0.28200796,34.9604784976691,0,44,2010,2
2010-02-14,28.139993267506384,0.19207166,34.86892296932638,0,45,2010,2
2010-02-15,27.799993275105976,0.24584013,34.884182224050164,0,46,2010,2
2010-02-16,27.749993276223563,0.23704958,34.85518964007497,0,47,2010,2
2010-02-17,27.80999327488246,0.4226048,34.79720447212458,0,48,2010,2
2010-02-18,27.92999327220025,0.4226048,34.76516003720462,4,49,2010,2
2010-02-19,28.08999326862397,0.15349102,34.833826683461666,0,50,2010,2
2010-02-20,28.20999326594176,0.10686334,34.763634111732244,0,51,2010,2
2010-02-21,28.459993260353823,0.10702209,34.739219304174185,0,52,2010,2
2010-02-22,28.419993261247896,0.1206637,34.7239600494504,0,53,2010,2
2010-02-23,28.459993260353823,0.100497,34.69954524189234,2,54,2010,2
2010-02-24,28.42999326102438,0.111686215,34.78041929192841,1,55,2010,2
2010-02-25,28.369993262365483,0.11269145,34.775841515511274,0,56,2010,2
2010-02-26,28.31999326348307,0.1220887,34.725485974922776,0,57,2010,2
2010-02-27,28.11999326795342,0.100645974,34.70107116736472,0,58,2010,2
2010-02-28,28.06999326907101,0.08854799,34.88113037310541,0,59,2010,2
2010-03-01,27.979993271082662,0.08141848,35.062715504318476,0,60,2010,3
2010-03-02,28.11999326795342,0.089926824,35.04898217506707,0,61,2010,3
2010-03-03,28.019993270188596,0.17018291,35.08102660998702,0,62,2010,3
2010-03-04,27.789993275329493,0.13768739,35.15274510718882,0,63,2010,3
2010-03-05,27.44999328292909,0.1623713,35.206152498722076,0,64,2010,3
2010-03-06,27.069993291422747,0.1462464,35.15121918171644,0,65,2010,3
2010-03-07,27.049993291869782,0.16371836,35.099337715655565,0,66,2010,3
2010-03-08,27.049993291869782,0.15822582,35.08407846093178,0,67,2010,3
2010-03-09,27.07999329119923,0.15816839,35.05966365337372,0,68,2010,3
2010-03-10,27.149993289634608,0.14794412,35.0535599514842,0,69,2010,3
2010-03-11,27.249993287399437,0.12681597,35.12070067226887,0,70,2010,3
2010-03-12,27.69999327734115,0.112606496,35.1542710326612,0,71,2010,3
2010-03-13,27.84999327398839,0.112606496,35.10696734301746,0,72,2010,3
2010-03-14,28.03999326974156,0.10234223,35.09323401376605,0,73,2010,3
2010-03-15,28.06999326907101,0.109599076,35.1039154920727,0,74,2010,3
2010-03-16,28.149993267282863,0.09815884,35.1542710326612,0,75,2010,3
2010-03-17,27.909993272647284,0.12894605,35.18631546758115,0,76,2010,3
2010-03-18,27.689993277564668,0.12877405,35.195471020415425,0,77,2010,3
2010-03-19,27.50999328158798,0.17420736,35.21530805155635,0,78,2010,3
2010-03-20,27.44999328292909,0.20409045,35.22446360439062,0,79,2010,3
2010-03-21,27.609993279352807,0.17923285,35.221411753445864,0,80,2010,3
2010-03-22,28.20999326594176,0.17522094,35.19394509494305,0,81,2010,3
2010-03-23,28.25999326482417,0.16826877,35.16800436191261,0,82,2010,3
2010-03-24,28.19999326616528,0.15716179,35.146641405299306,0,83,2010,3
2010-03-25,28.369993262365483,0.1433088,35.110019193962216,0,84,2010,3
2010-03-26,28.339993263036035,0.18236664,35.026093292981386,0,85,2010,3
2010-03-27,28.24999326504769,0.17616667,34.90249332971871,0,86,2010,3
2010-03-28,28.51999325901272,0.18452832,34.87350074574351,0,87,2010,3
2010-03-29,28.54999325834217,0.18149401,34.737693378701806,0,88,2010,3
2010-03-30,28.56999325789513,0.117895134,34.665974881500006,0,89,2010,3
2010-03-31,28.579993257671617,0.12243672,34.66444895602763,0,90,2010,3
2010-04-01,29.039993247389816,0.12777624,34.67665635980666,0,91,2010,4
2010-04-02,29.16999324448409,0.1313892,34.725485974922776,0,92,2010,4
2010-04-03,28.86999325118961,0.13138948,34.75905633531511,0,93,2010,4
2010-04-04,28.489993259683278,0.28452235,34.75905633531511,0,94,2010,4
2010-04-05,28.42999326102438,0.1642214,34.763634111732244,0,95,2010,4
2010-04-06,28.309993263706588,0.19293281,34.77126373909414,0,96,2010,4
2010-04-07,28.329993263259556,0.18816553,34.74074522964656,0,97,2010,4
2010-04-08,28.37999326214197,0.17889044,34.725485974922776,0,98,2010,4
2010-04-09,28.369993262365483,0.1940864,34.78347114287317,0,99,2010,4
2010-04-10,28.269993264600657,0.15952119,34.74837485700846,0,100,2010,4
2010-04-11,28.19999326616528,0.16702637,34.933011839166284,0,101,2010,4
2010-04-12,28.029993269965075,0.124518685,34.992522932589054,0,102,2010,4
2010-04-13,27.799993275105976,0.12832688,35.026093292981386,0,103,2010,4
2010-04-14,27.669993278011702,0.13512118,35.03524884581566,0,104,2010,4
2010-04-15,27.529993281140943,0.13885699,35.027619218453765,0,105,2010,4
2010-04-16,27.31999328583481,0.15958513,35.00015255995095,0,106,2010,4
2010-04-17,27.649993278458737,0.15113188,34.96963405050337,0,107,2010,4
2010-04-18,27.81999327465894,0.19415711,34.966582199558616,0,108,2010,4
2010-04-19,27.63999327868225,0.14990781,34.966582199558616,0,109,2010,4
2010-04-20,27.519993281364464,0.15111764,34.95132294483483,0,110,2010,4
2010-04-21,27.65999327823522,0.18228468,34.917752584442496,0,111,2010,4
2010-04-22,27.75999327600005,0.18654832,34.90401925519109,0,112,2010,4
2010-04-23,27.54999328069391,0.18689638,34.91470073349774,0,113,2010,4
2010-04-24,27.4999932818115,0.20950015,35.00167848542333,0,114,2010,4
2010-04-25,27.46999328248205,0.20044783,35.062715504318476,0,115,2010,4
2010-04-26,27.0399932920933,0.21073624,35.100863641127944,0,116,2010,4
2010-04-27,26.99999329298737,0.20546739,35.14511547982693,0,117,2010,4
2010-04-28,26.979993293434404,0.97970456,35.158848809078336,0,118,2010,4
2010-04-29,27.00999329276385,0.19022448,35.146641405299306,0,119,2010,4
2010-04-30,27.01999329254033,0.17096144,35.12985622510314,0,120,2010,4
2010-05-01,26.979993293434404,0.19109459,35.13138215057552,0,121,2010,5
2010-05-02,26.91999329477551,0.11717844,35.14206362888217,0,122,2010,5
2010-05-03,26.989993293210887,0.16035703,35.171056212857366,0,123,2010,5
2010-05-04,26.989993293210887,0.19224127,35.172582138329744,0,124,2010,5
2010-05-05,26.869993295893096,0.19702178,35.15121918171644,0,125,2010,5
2010-05-06,26.64999330081048,0.1960196,35.1542710326612,0,126,2010,5
2010-05-07,26.76999329812827,0.2173117,35.16190066002309,0,127,2010,5
2010-05-08,26.589993302151584,0.20930865,35.148167330771685,0,128,2010,5
2010-05-09,26.38999330662193,0.2226793,35.12833029963076,0,129,2010,5
2010-05-10,26.289993308857103,0.19302088,35.125278448686004,0,130,2010,5
2010-05-11,26.349993307516,0.53626245,35.13138215057552,0,131,2010,5
2010-05-12,26.479993304610275,0.38353592,35.09170808829367,0,132,2010,5
2010-05-13,26.38999330662193,0.25653967,35.05813772790134,0,133,2010,5
2010-05-14,25.95999331623318,0.20317377,35.0535599514842,0,134,2010,5
2010-05-15,25.829993319138907,0.19032352,35.04898217506707,0,135,2010,5
2010-05-16,25.86999331824484,0.19765893,35.04135254770517,0,136,2010,5
2010-05-17,25.849993318691872,0.26293558,35.02151551656425,0,137,2010,5
2010-05-18,26.56999330259862,0.28677768,34.94827109389007,0,138,2010,5
2010-05-19,26.5799933023751,0.2975124,34.84908593818545,0,139,2010,5
2010-05-20,26.56999330259862,0.26300454,34.751426707953215,0,140,2010,5
2010-05-21,26.37999330684545,0.26633045,34.65681932866573,0,141,2010,5
2010-05-22,26.29999330863359,0.31336954,34.557634172961116,0,142,2010,5
2010-05-23,26.14999331198635,0.30817413,34.47218234650791,0,143,2010,5
2010-05-24,25.95999331623318,0.32979858,34.43403420969844,0,144,2010,5
2010-05-25,25.77999332025649,0.2483513,34.438611986115575,0,145,2010,5
2010-05-26,25.939993316680216,0.24985585,34.46607864461839,0,146,2010,5
2010-05-27,25.79999331980946,0.23116851,34.499649005010724,0,147,2010,5
2010-05-28,25.819993319362425,0.2413161,34.511856408789754,0,148,2010,5
2010-05-29,25.519993326067947,0.23635486,34.522537887096405,0,149,2010,5
2010-05-30,25.349993329867743,0.27377918,34.595782309770584,0,150,2010,5
2010-05-31,25.239993332326435,0.29927307,34.632404521107674,0,151,2010,5
2010-06-01,25.14999333433809,0.34827444,34.61409341543913,0,152,2010,6
2010-06-02,25.10999333523216,0.301698,34.57899712957442,0,153,2010,6
2010-06-03,25.309993330761813,0.31333333,34.5805230550468,0,154,2010,6
2010-06-04,25.239993332326435,0.35767886,34.56678972579539,0,155,2010,6
2010-06-05,25.329993330314775,0.39444122,34.533219365403056,0,156,2010,6
2010-06-06,25.669993322715182,0.2101917,34.47218234650791,0,157,2010,6
2010-06-07,25.589993324503325,0.18821196,34.4798119738698,0,158,2010,6
2010-06-08,25.33999333009126,0.2343309,34.56373787485063,0,159,2010,6
2010-06-09,24.67999334484341,0.59042406,34.68886376358569,0,160,2010,6
2010-06-10,24.55999334752562,0.49722767,34.71938227303326,0,161,2010,6
2010-06-11,24.429993350431342,0.49109992,34.75447855889797,0,162,2010,6
2010-06-12,24.389993351325412,0.4383058,34.79110077023506,0,163,2010,6
2010-06-13,24.509993348643206,0.4698726,34.78041929192841,0,164,2010,6
2010-06-14,24.63999334573748,0.54162323,34.86434519290924,0,165,2010,6
2010-06-15,24.46999334953728,0.8411343,35.05813772790134,0,166,2010,6
2010-06-16,24.1699933562428,1.659637,35.099337715655565,0,167,2010,6
2010-06-17,23.989993360266112,1.2976764,34.942167392000556,0,168,2010,6
2010-06-18,24.049993358925008,0.5093695,34.92690813727677,0,169,2010,6
2010-06-19,24.15999335646632,0.55887043,34.91317480802536,0,170,2010,6
2010-06-20,24.17999335601928,0.27236283,35.00778218731284,0,171,2010,6
2010-06-21,24.05999335870149,0.27657664,35.172582138329744,0,172,2010,6
2010-06-22,24.499993348866724,0.27315974,35.267189517617226,0,173,2010,6
2010-06-23,24.51999334841969,0.20467603,35.32059690915048,0,174,2010,6
2010-06-24,24.55999334752562,0.22980922,35.35874504595995,0,175,2010,6
2010-06-25,24.709993344172855,0.26319122,35.39231540635228,0,176,2010,6
2010-06-26,24.629993345961,0.19398698,35.413678362965584,0,177,2010,6
2010-06-27,24.609993346408032,0.18146881,35.44267094694078,0,178,2010,6
2010-06-28,24.44999334998431,0.18286045,35.471663530915976,0,179,2010,6
2010-06-29,24.509993348643206,0.18718207,35.51133759319782,0,180,2010,6
2010-06-30,24.48999334909024,0.20237067,35.54033017717302,0,181,2010,6
2010-07-01,24.339993352443003,0.20613113,35.54795980453491,0,182,2010,7
2010-07-02,24.379993351548933,0.19964884,35.5632190592587,0,183,2010,7
2010-07-03,24.48999334909024,0.20804705,35.57695238851011,0,184,2010,7
2010-07-04,24.46999334953728,0.19975832,35.602893121540546,0,185,2010,7
2010-07-05,24.429993350431342,0.21623528,35.61204867437482,0,186,2010,7
2010-07-06,24.269993354007624,0.19481093,35.61967830173671,0,187,2010,7
2010-07-07,24.17999335601928,0.26458862,35.62273015268147,0,188,2010,7
2010-07-08,24.049993358925008,0.2102422,35.61967830173671,0,189,2010,7
2010-07-09,24.049993358925008,0.22953565,35.61204867437482,0,190,2010,7
2010-07-10,23.889993362501286,0.21020116,35.59831534512341,0,191,2010,7
2010-07-11,23.89999336227777,0.22662894,35.58305609039962,0,192,2010,7
2010-07-12,23.929993361607217,0.20540781,35.557115357369184,0,193,2010,7
2010-07-13,23.9399933613837,0.23707707,35.496078338474035,0,194,2010,7
2010-07-14,23.779993364959974,0.23500817,35.43809317052364,0,195,2010,7
2010-07-15,23.679993367195152,0.2065996,35.352641344070435,0,196,2010,7
2010-07-16,23.62999336831274,0.29704177,35.34958949312568,0,197,2010,7
2010-07-17,23.60999336875977,0.20754847,35.32364876009524,0,198,2010,7
2010-07-18,23.5399933703244,0.41997093,35.28855247423053,0,199,2010,7
2010-07-19,23.59999336898329,0.2336951,35.23514508269727,0,200,2010,7
2010-07-20,23.50999337099495,0.21729451,35.206152498722076,0,201,2010,7
2010-07-21,23.499993371218466,0.17484583,35.20157472230494,0,202,2010,7
2010-07-22,23.529993370547917,0.19678168,35.18784139305353,0,203,2010,7
2010-07-23,23.50999337099495,0.20973524,35.21378212608397,0,204,2010,7
2010-07-24,23.66999336741867,0.21704537,35.221411753445864,0,205,2010,7
2010-07-25,23.729993366077565,0.24206397,35.225989529863,0,206,2010,7
2010-07-26,23.809993364289426,0.21115375,35.22446360439062,0,207,2010,7
2010-07-27,24.049993358925008,0.21752949,35.233619157224894,0,208,2010,7
2010-07-28,23.929993361607217,0.21431305,35.23819693364203,0,209,2010,7
2010-07-29,23.78999336473646,0.33608037,35.232093231752515,0,210,2010,7
2010-07-30,23.839993363618877,0.33366123,35.23514508269727,0,211,2010,7
2010-07-31,23.809993364289426,0.32247087,35.25040433742106,0,212,2010,7
2010-08-01,23.879993362724804,0.3682988,35.18631546758115,0,213,2010,8
2010-08-02,23.86999336294832,0.24761671,35.158848809078336,0,214,2010,8
2010-08-03,23.9399933613837,0.21212748,35.18631546758115,0,215,2010,8
2010-08-04,24.049993358925008,0.21473336,35.19852287136018,0,216,2010,8
2010-08-05,24.049993358925008,0.29023457,35.207678424194455,0,217,2010,8
2010-08-06,23.90999336205425,0.19026576,35.218359902501106,0,218,2010,8
2010-08-07,23.89999336227777,0.1883754,35.22751545533538,0,219,2010,8
2010-08-08,23.999993360042595,0.20389469,35.24124878458679,0,220,2010,8
2010-08-09,23.989993360266112,0.21988471,35.225989529863,0,221,2010,8
2010-08-10,23.58999336920681,0.21987802,35.21225620061159,0,222,2010,8
2010-08-11,23.50999337099495,0.3311213,35.26566359214485,0,223,2010,8
2010-08-12,23.35999337434771,0.3920171,35.28855247423053,0,224,2010,8
2010-08-13,23.58999336920681,0.3482173,35.28702654875815,0,225,2010,8
2010-08-14,23.569993369653844,0.49261916,35.314493207260966,0,226,2010,8
2010-08-15,23.31999337524178,0.5917653,35.34958949312568,0,227,2010,8
2010-08-16,23.12999337948861,0.40363082,35.37247837521136,0,228,2010,8
2010-08-17,23.119993379712128,0.30860567,35.39231540635228,0,229,2010,8
2010-08-18,23.349993374571227,0.31682616,35.4197820648551,0,230,2010,8
2010-08-19,23.259993376582884,0.62875694,35.42741169221699,0,231,2010,8
2010-08-20,23.419993373006605,0.62875694,35.424359841272235,0,232,2010,8
2010-08-21,23.469993371889014,0.37755772,35.42741169221699,0,233,2010,8
2010-08-22,23.40999337323012,0.70379424,35.40452281013131,0,234,2010,8
2010-08-23,23.379993373900675,1.0882696,35.19394509494305,0,235,2010,8
2010-08-24,23.499993371218466,0.386961,35.15121918171644,0,236,2010,8
2010-08-25,23.5399933703244,0.48047873,35.07034513168037,0,237,2010,8
2010-08-26,23.7099933665246,0.4889716,35.01998959109187,0,238,2010,8
2010-08-27,23.85999336317184,0.43316674,35.01998959109187,0,239,2010,8
2010-08-28,24.069993358477973,0.25024056,35.01846366561949,0,240,2010,8
2010-08-29,23.989993360266112,0.20769309,35.016937740147114,0,241,2010,8
2010-08-30,23.989993360266112,0.22885391,35.01998959109187,0,242,2010,8
2010-08-31,23.91999336183073,0.21914299,35.02151551656425,0,243,2010,8
2010-09-01,23.85999336317184,0.19697471,35.00778218731284,0,244,2010,9
2010-09-02,23.81999336406591,0.2189434,34.990997007116675,0,245,2010,9
2010-09-03,23.639993368089225,0.21894503,34.96353034861386,0,246,2010,9
2010-09-04,23.55999336987736,0.24303403,34.94521924294531,0,247,2010,9
2010-09-05,23.4799933716655,0.24686961,34.931485913693905,0,248,2010,9
2010-09-06,23.54999337010088,0.27448857,34.943693317472935,0,249,2010,9
2010-09-07,23.55999336987736,0.2244571,34.96963405050337,0,250,2010,9
2010-09-08,23.449993372336053,0.2244571,35.01998959109187,0,251,2010,9
2010-09-09,23.269993376359366,0.22434194,35.052034026011825,0,252,2010,9
2010-09-10,23.43999337255957,0.19337016,35.062715504318476,0,253,2010,9
2010-09-11,23.529993370547917,0.19211677,35.07339698262513,0,254,2010,9
2010-09-12,23.639993368089225,0.19373928,35.10544141754508,0,255,2010,9
2010-09-13,23.58999336920681,0.33367664,35.10849326848984,0,256,2010,9
2010-09-14,23.2499933768064,0.28228188,35.13138215057552,0,257,2010,9
2010-09-15,22.95999338328841,0.28638977,35.13138215057552,0,258,2010,9
2010-09-16,22.879993385076546,0.59210366,35.099337715655565,0,259,2010,9
2010-09-17,23.29999337568881,0.32840392,35.14511547982693,0,260,2010,9
2010-09-18,23.949993361160185,0.32174888,35.207678424194455,0,261,2010,9
2010-09-19,23.419993373006605,0.2116141,35.25040433742106,0,262,2010,9
2010-09-20,23.35999337434771,0.92060834,35.280922846868634,0,263,2010,9
2010-09-21,23.469993371889014,0.28215533,35.2977080270648,0,264,2010,9
2010-09-22,23.779993364959974,0.5292606,35.2977080270648,0,265,2010,9
2010-09-23,24.199993355572246,0.7537902,35.28702654875815,0,266,2010,9
2010-09-24,24.349993352219485,0.381953,35.280922846868634,0,267,2010,9
2010-09-25,24.309993353113555,0.44082126,35.2473524864763,0,268,2010,9
2010-09-26,24.259993354231145,0.28119606,35.232093231752515,0,269,2010,9
2010-09-27,24.299993353337072,0.43694678,35.22446360439062,0,270,2010,9
2010-09-28,24.36999335177245,0.43707862,35.22446360439062,0,271,2010,9
2010-09-29,24.739993343502302,0.25434288,35.218359902501106,1,272,2010,9
2010-09-30,24.809993341937684,0.26929134,35.22446360439062,0,273,2010,9
2010-10-01,24.899993339926027,0.26233187,35.22293767891824,0,274,2010,10
2010-10-02,25.14999333433809,0.33628395,35.22446360439062,0,275,2010,10
2010-10-03,25.119993335008644,0.24537256,35.207678424194455,0,276,2010,10
2010-10-04,25.13999333456161,0.27332786,35.16190066002309,0,277,2010,10
2010-10-05,24.959993338584923,0.27328613,35.15732288360596,0,278,2010,10
2010-10-06,24.74999334327879,0.2858503,35.17410806380212,0,279,2010,10
2010-10-07,24.709993344172855,0.20322596,35.19394509494305,0,280,2010,10
2010-10-08,24.84999334104361,0.20279929,35.21683397702873,0,281,2010,10
2010-10-09,24.739993343502302,0.16803202,35.23972285911441,0,282,2010,10
2010-10-10,24.709993344172855,0.19342431,35.25040433742106,0,283,2010,10
2010-10-11,24.929993339255475,0.31007186,35.244300635531545,0,284,2010,10
2010-10-12,25.039993336796783,0.3082035,35.2473524864763,0,285,2010,10
2010-10-13,24.819993341714166,0.168658,35.244300635531545,0,286,2010,10
2010-10-14,24.59999334663155,0.16868109,35.22904138080776,0,287,2010,10
2010-10-15,24.71999334394934,0.168748,35.218359902501106,0,288,2010,10
2010-10-16,24.809993341937684,0.30899307,35.221411753445864,0,289,2010,10
2010-10-17,24.689993344619893,0.31773588,35.233619157224894,0,290,2010,10
2010-10-18,24.82999334149065,0.31773588,35.2473524864763,0,291,2010,10
2010-10-19,24.889993340149545,0.2017821,35.25345618836582,0,292,2010,10
2010-10-20,24.86999334059658,0.21908458,35.25040433742106,0,293,2010,10
2010-10-21,24.84999334104361,0.19732024,35.27329321950674,0,294,2010,10
2010-10-22,25.119993335008644,0.24909143,35.305337654426694,0,295,2010,10
2010-10-23,25.499993326514986,0.24909143,35.314493207260966,0,296,2010,10
2010-10-24,25.659993322938703,0.22050938,35.31296728178859,0,297,2010,10
2010-10-25,25.639993323385735,0.24963781,35.29923395253718,0,298,2010,10
2010-10-26,25.549993325397395,0.2618606,35.305337654426694,0,299,2010,10
2010-10-27,24.90999333970251,0.20080683,35.33585616387427,0,300,2010,10
2010-10-28,24.659993345290445,0.20160556,35.34501171670854,0,301,2010,10
2010-10-29,24.609993346408032,0.18261568,35.33433023840189,0,302,2010,10
2010-10-30,24.879993340373066,0.17609614,35.340433940291405,0,303,2010,10
2010-10-31,24.689993344619893,0.17609747,35.33127838745713,0,304,2010,10
2010-11-01,25.269993331655883,0.17609759,35.31144135631621,0,305,2010,11
2010-11-02,25.21999333277347,0.17882593,35.28397469781339,0,306,2010,11
2010-11-03,25.269993331655883,0.17883381,35.232093231752515,0,307,2010,11
2010-11-04,25.21999333277347,0.178985,35.21225620061159,0,308,2010,11
2010-11-05,25.239993332326435,0.18174271,35.21225620061159,0,309,2010,11
2010-11-06,25.46999332718553,0.37328815,35.21225620061159,0,310,2010,11
2010-11-07,25.87999331802132,0.37464142,35.21073027513921,0,311,2010,11
2010-11-08,25.95999331623318,0.34019488,35.18936731852591,0,312,2010,11
2010-11-09,25.929993316903733,0.33739385,35.2046265732497,0,313,2010,11
2010-11-10,25.67999332249167,0.32359108,35.24582656100392,0,314,2010,11
2010-11-11,25.169993333891057,0.74175185,35.209204349666834,0,315,2010,11
2010-11-12,25.289993331208848,0.7418364,35.19852287136018,0,316,2010,11
2010-11-13,25.2599933318794,0.39907527,35.21683397702873,0,317,2010,11
2010-11-14,25.40999332852664,0.26697215,35.1542710326612,0,318,2010,11
2010-11-15,25.329993330314775,0.27784654,35.100863641127944,0,319,2010,11
2010-11-16,25.319993330538296,0.21392353,35.11612289585173,0,320,2010,11
2010-11-17,25.359993329644222,0.21392353,35.125278448686004,0,321,2010,11
2010-11-18,25.41999332830312,0.21392353,35.14206362888217,0,322,2010,11
2010-11-19,25.64999332316222,0.16094917,35.14511547982693,0,323,2010,11
2010-11-20,25.95999331623318,0.16089237,35.14969325624406,0,324,2010,11
2010-11-21,25.98999331556263,0.1573419,35.16190066002309,0,325,2010,11
2010-11-22,26.239993309974693,0.15255973,35.172582138329744,0,326,2010,11
2010-11-23,27.25999328717592,0.15867163,35.18936731852591,0,327,2010,11
2010-11-24,28.06999326907101,0.14636385,35.17868584021926,0,328,2010,11
2010-11-25,27.81999327465894,0.13258985,35.15274510718882,0,329,2010,11
2010-11-26,27.299993286281847,0.12745509,35.13901177793741,0,330,2010,11
2010-11-27,27.44999328292909,0.13950188,35.148167330771685,0,331,2010,11
2010-11-28,27.46999328248205,0.14808527,35.16342658549547,0,332,2010,11
2010-11-29,27.19999328851702,0.14808527,35.160374734550714,0,333,2010,11
2010-11-30,27.07999329119923,0.14778088,35.07034513168037,0,334,2010,11
2010-12-01,27.2699932869524,0.33053282,34.92690813727677,0,335,2010,12
2010-12-02,27.099993290752195,0.33152503,34.847560012713075,0,336,2010,12
2010-12-03,27.07999329119923,0.33152503,34.78499706834555,0,337,2010,12
2010-12-04,27.209993288293504,0.33151245,34.84145631082356,0,338,2010,12
2010-12-05,27.219993288069983,0.23392662,34.76821188814938,0,339,2010,12
2010-12-06,27.069993291422747,0.17385396,34.643085999414325,0,340,2010,12
2010-12-07,26.56999330259862,0.17713669,34.70564894378185,0,341,2010,12
2010-12-08,26.469993304833796,0.16689004,34.810937801375985,0,342,2010,12
2010-12-09,26.30999330841007,0.15743594,34.90096740424633,0,343,2010,12
2010-12-10,26.39999330639841,0.14390457,34.97573775239289,0,344,2010,12
2010-12-11,26.359993307292484,0.18778652,35.01998959109187,0,345,2010,12
2010-12-12,27.42999328337612,0.15573482,35.00167848542333,0,346,2010,12
2010-12-13,27.459993282705568,0.15859535,34.94064146652818,0,347,2010,12
2010-12-14,27.4999932818115,0.15568635,34.833826683461666,0,348,2010,12
2010-12-15,27.219993288069983,0.1519861,34.74227115511894,0,349,2010,12
2010-12-16,27.209993288293504,0.16941358,34.786522993817925,0,350,2010,12
2010-12-17,27.27999328672888,0.17976554,34.800256323069334,0,351,2010,12
2010-12-18,27.339993285387777,0.18645242,34.78041929192841,0,352,2010,12
2010-12-19,27.25999328717592,0.18679336,34.87655259668827,0,353,2010,12
2010-12-20,27.289993286505364,0.16208637,35.087130311876535,0,354,2010,12
2010-12-21,27.46999328248205,0.15546349,35.225989529863,0,355,2010,12
2010-12-22,27.69999327734115,0.1505176,35.28244877234101,0,356,2010,12
2010-12-23,27.799993275105976,0.15037158,35.244300635531545,0,357,2010,12
2010-12-24,27.73999327644708,0.14886631,35.100863641127944,0,358,2010,12
2010-12-25,27.719993276894115,0.12567055,34.91164888255298,0,359,2010,12
2010-12-26,28.489993259683278,0.13018443,34.775841515511274,0,360,2010,12
2010-12-27,28.43999326080086,0.14820832,34.70107116736472,0,361,2010,12
2010-12-28,28.299993263930105,0.1497068,34.7956785466522,0,362,2010,12
2010-12-29,28.25999326482417,0.1446252,34.80330817401409,0,363,2010,12
2010-12-30,28.19999326616528,0.16386546,34.739219304174185,1,364,2010,12
2010-12-31,28.55999325811865,0.16312866,34.73158967681229,0,365,2010,12
2011-01-01,28.56999325789513,0.13563538,34.77736744098365,0,1,2011,1
2011-01-02,28.539993258565687,0.13480134,34.78499706834555,0,2,2011,1
2011-01-03,28.43999326080086,0.121539004,34.76058226078749,0,3,2011,1
2011-01-04,28.459993260353823,0.12135626,34.737693378701806,0,4,2011,1
2011-01-05,28.229993265494727,0.12135096,34.6949674654752,0,5,2011,1
2011-01-06,28.099993268400453,0.11362328,34.546952694654465,0,6,2011,1
2011-01-07,28.20999326594176,0.11362248,34.29212314076722,0,7,2011,1
2011-01-08,28.46999326013031,0.10639393,34.138004668056965,0,8,2011,1
2011-01-09,28.489993259683278,0.10639593,34.090700978413224,0,9,2011,1
2011-01-10,28.369993262365483,0.10603764,34.23718982376158,0,10,2011,1
2011-01-11,28.329993263259556,0.12058563,34.186834283173084,0,11,2011,1
2011-01-12,28.269993264600657,0.13878897,33.970152866095304,0,12,2011,1
2011-01-13,28.289993264153622,0.1381959,33.78093810752034,0,13,2011,1
2011-01-14,29.219993243366503,0.1381981,33.77178255468607,0,14,2011,1
2011-01-15,29.16999324448409,0.13439749,33.73821219429374,0,15,2011,1
2011-01-16,29.13999324515464,0.10959878,33.898434368893504,0,16,2011,1
2011-01-17,28.78999325297775,0.110929936,34.15173799730837,0,17,2011,1
2011-01-18,29.029993247613334,0.12423126,34.6232489682734,0,18,2011,1
2011-01-19,29.00999324806037,0.1199605,34.78957484476268,0,19,2011,1
2011-01-20,28.96999324895444,0.119960435,34.73158967681229,0,20,2011,1
2011-01-21,28.959993249177955,0.112803094,34.679708210751414,0,21,2011,1
2011-01-22,29.40999323911967,0.10755114,34.534745290875435,0,22,2011,1
2011-01-23,29.43999323844912,0.12189542,33.88317511416972,0,23,2011,1
2011-01-24,29.55999323576691,0.18253621,33.25601974502206,0,24,2011,1
2011-01-25,29.649993233755254,0.19757973,33.092745719477534,0,25,2011,1
2011-01-26,29.49999323710801,0.2296372,33.28653825446963,0,26,2011,1
2011-01-27,29.01999324783685,0.22963709,34.307382395491004,0,27,2011,1
2011-01-28,29.029993247613334,0.2523825,34.91317480802536,0,28,2011,1
2011-01-29,28.99999324828389,0.24740694,35.087130311876535,0,29,2011,1
2011-01-30,28.919993250072025,0.26190034,35.13748585246503,0,30,2011,1
2011-01-31,28.849993251636647,0.25327596,35.125278448686004,0,31,2011,1
2011-02-01,28.69999325498941,0.25331855,35.09170808829367,0,32,2011,2
2011-02-02,28.599993257224583,0.32888135,35.029145143926144,0,33,2011,2
2011-02-03,28.54999325834217,0.21280839,34.98794515617192,0,34,2011,2
2011-02-04,28.489993259683278,0.28710118,34.94979701936245,0,35,2011,2
2011-02-05,28.459993260353823,0.2755328,34.908597031608224,0,36,2011,2
2011-02-06,28.47999325990679,0.26919127,34.89333777688444,0,37,2011,2
2011-02-07,28.489993259683278,0.21250798,34.83230075798929,0,38,2011,2
2011-02-08,28.47999325990679,0.1785053,34.81398965232074,0,39,2011,2
2011-02-09,28.50999325923624,0.19987692,34.88570814952254,0,40,2011,2
2011-02-10,28.31999326348307,0.14786708,34.92233036085963,0,41,2011,2
2011-02-11,28.23999326527121,0.17287138,34.933011839166284,0,42,2011,2
2011-02-12,28.219993265718244,0.1729375,34.97268590144813,0,43,2011,2
2011-02-13,28.16999326683583,0.1615703,35.01998959109187,0,44,2011,2
2011-02-14,27.869993273541358,0.14055157,35.05813772790134,0,45,2011,2
2011-02-15,27.689993277564668,0.12185367,35.110019193962216,0,46,2011,2
2011-02-16,27.80999327488246,0.14701466,35.15121918171644,0,47,2011,2
2011-02-17,27.92999327220025,0.13467488,35.18936731852591,0,48,2011,2
2011-02-18,27.979993271082662,0.13804768,35.22751545533538,0,49,2011,2
2011-02-19,28.029993269965075,0.14354022,35.219885827973485,0,50,2011,2
2011-02-20,28.04999326951804,0.12935586,35.20157472230494,0,51,2011,2
2011-02-21,27.81999327465894,0.129204,35.21225620061159,0,52,2011,2
2011-02-22,27.75999327600005,0.12887968,35.22751545533538,0,53,2011,2
2011-02-23,27.769993275776528,0.16594379,35.23514508269727,0,54,2011,2
2011-02-24,27.92999327220025,0.1608556,35.22293767891824,0,55,2011,2
2011-02-25,27.93999327197673,0.23851655,35.2046265732497,0,56,2011,2
2011-02-26,27.84999327398839,0.22517067,35.195471020415425,0,57,2011,2
2011-02-27,27.909993272647284,0.16485777,35.207678424194455,0,58,2011,2
2011-02-28,27.8999932728708,0.18238384,35.21225620061159,0,59,2011,2
2011-03-01,27.87999327331784,0.18705665,35.20004879683256,0,60,2011,3
2011-03-02,27.829993274435424,0.13055252,35.206152498722076,0,61,2011,3
2011-03-03,27.719993276894115,0.114359,35.184789542108774,0,62,2011,3
2011-03-04,27.439993283152603,0.11196895,35.20004879683256,0,63,2011,3
2011-03-05,27.489993282035016,0.113275684,35.207678424194455,0,64,2011,3
2011-03-06,27.559993280470398,0.12374209,35.21683397702873,0,65,2011,3
2011-03-07,27.669993278011702,0.088166416,35.218359902501106,0,66,2011,3
2011-03-08,27.75999327600005,0.1046997,35.20004879683256,0,67,2011,3
2011-03-09,27.77999327555301,0.106694065,35.184789542108774,0,68,2011,3
2011-03-10,27.869993273541358,0.10657637,35.160374734550714,0,69,2011,3
2011-03-11,27.93999327197673,0.15221685,35.12985622510314,0,70,2011,3
2011-03-12,28.289993264153622,0.17572512,35.09323401376605,0,71,2011,3
2011-03-13,28.309993263706588,0.21932255,35.07187105715275,0,72,2011,3
2011-03-14,28.34999326281252,0.18196154,35.05966365337372,0,73,2011,3
2011-03-15,28.16999326683583,0.18169737,35.06729328073561,0,74,2011,3
2011-03-16,28.08999326862397,0.19422413,35.10696734301746,0,75,2011,3
2011-03-17,28.139993267506384,0.22703457,35.14053770340979,0,76,2011,3
2011-03-18,28.339993263036035,0.16144204,35.14511547982693,0,77,2011,3
2011-03-19,28.78999325297775,0.24043603,35.123752523213625,0,78,2011,3
2011-03-20,28.68999325521293,0.20655511,35.122226597741246,0,79,2011,3
2011-03-21,28.46999326013031,0.183674,35.10544141754508,0,80,2011,3
2011-03-22,28.27999326437714,0.2316231,35.08102660998702,0,81,2011,3
2011-03-23,27.919993272423767,0.30844557,35.0321969948709,0,82,2011,3
2011-03-24,27.94999327175321,0.75558364,34.94827109389007,0,83,2011,3
2011-03-25,28.15999326705935,0.17239612,34.84450816176832,0,84,2011,3
2011-03-26,28.369993262365483,0.3352432,34.75447855889797,0,85,2011,3
2011-03-27,28.409993261471413,0.3226212,34.690389689058065,0,86,2011,3
2011-03-28,28.46999326013031,0.18399324,34.48133789934218,0,87,2011,3
2011-03-29,28.47999325990679,0.26178,34.45234531536698,0,88,2011,3
2011-03-30,28.359993262589,0.18939616,34.37299719080329,0,89,2011,3
2011-03-31,28.229993265494727,0.287718,34.16699725203216,0,90,2011,3
2011-04-01,28.029993269965075,0.28771678,33.7336344178766,0,91,2011,4
2011-04-02,28.299993263930105,0.257754,33.12326422892511,0,92,2011,4
2011-04-03,28.5899932574481,0.25632504,32.90505688637495,0,93,2011,4
2011-04-04,28.419993261247896,0.25463173,32.73873100988567,0,94,2011,4
2011-04-05,28.37999326214197,0.17751333,33.309427136555314,0,95,2011,4
2011-04-06,28.409993261471413,0.16273038,33.82061216980219,0,96,2011,4
2011-04-07,28.07999326884749,0.20946924,33.53068633005023,0,97,2011,4
2011-04-08,27.96999327130618,0.21149279,33.79161958582699,0,98,2011,4
2011-04-09,27.979993271082662,0.20580436,34.44318976253271,0,99,2011,4
2011-04-10,27.909993272647284,0.20084773,34.51948603615165,0,100,2011,4
2011-04-11,27.54999328069391,0.22866902,34.40046384930611,0,101,2011,4
2011-04-12,27.4999932818115,0.24258988,34.18378243222833,0,102,2011,4
2011-04-13,27.42999328337612,0.2022439,34.136478742584586,0,103,2011,4
2011-04-14,27.13999328985813,0.31520072,34.07391579821706,0,104,2011,4
2011-04-15,26.989993293210887,0.1695891,34.05102691613138,0,105,2011,4
2011-04-16,26.869993295893096,0.21975262,34.076967649161816,0,106,2011,4
2011-04-17,26.68999329991641,0.2014312,34.20361946336925,0,107,2011,4
2011-04-18,26.65999330058696,0.1701943,34.45387124083936,0,108,2011,4
2011-04-19,26.64999330081048,0.15521452,34.70870079472661,0,109,2011,4
2011-04-20,26.87999329566958,0.17316929,34.84298223629594,0,110,2011,4
2011-04-21,27.18999328874054,0.17185798,34.810937801375985,0,111,2011,4
2011-04-22,27.11999329030516,0.1718579,34.77126373909414,0,112,2011,4
2011-04-23,27.07999329119923,0.23841566,34.800256323069334,0,113,2011,4
2011-04-24,26.939993294328477,0.20255576,34.81856742873788,0,114,2011,4
2011-04-25,26.33999330773952,0.28150442,34.81551557779312,0,115,2011,4
2011-04-26,26.33999330773952,0.32588965,34.76516003720462,0,116,2011,4
2011-04-27,26.469993304833796,0.32477593,34.73464152775705,0,117,2011,4
2011-04-28,26.669993300363444,0.30710122,34.728537825867534,0,118,2011,4
2011-04-29,26.589993302151584,0.3045532,34.77889336645603,0,119,2011,4
2011-04-30,26.07999331355097,0.20278867,34.81856742873788,0,120,2011,4
2011-05-01,26.07999331355097,0.18252684,34.85671556554735,0,121,2011,5
2011-05-02,26.08999331332745,0.22306119,34.89028592593968,0,122,2011,5
2011-05-03,26.059993313998007,0.28542885,34.94827109389007,0,123,2011,5
2011-05-04,25.809993319585946,0.32806766,35.02456736750901,0,124,2011,5
2011-05-05,25.599993324279808,0.26527628,35.11459697037935,0,125,2011,5
2011-05-06,25.83999331891539,0.23911594,35.16495251096785,0,126,2011,5
2011-05-07,25.859993318468355,0.2129813,35.148167330771685,0,127,2011,5
2011-05-08,25.789993320032977,0.21338363,35.11917474679649,0,128,2011,5
2011-05-09,25.749993320927047,0.20800257,35.07797475904226,0,129,2011,5
2011-05-10,25.739993321150564,0.22519559,35.052034026011825,0,130,2011,5
2011-05-11,25.619993323832773,0.15776882,35.04593032412231,0,131,2011,5
2011-05-12,25.539993325620912,0.17318895,35.01846366561949,0,132,2011,5
2011-05-13,25.589993324503325,0.18159547,35.003204410895705,0,133,2011,5
2011-05-14,25.56999332495036,0.22170372,35.01998959109187,0,134,2011,5
2011-05-15,25.499993326514986,0.25840864,35.03372292034328,0,135,2011,5
2011-05-16,25.4899933267385,0.18690272,35.038300696760416,0,136,2011,5
2011-05-17,25.4899933267385,0.25837097,35.04135254770517,0,137,2011,5
2011-05-18,25.549993325397395,0.5657695,35.03524884581566,0,138,2011,5
2011-05-19,25.619993323832773,0.56579846,35.01846366561949,0,139,2011,5
2011-05-20,25.699993322044637,0.37182552,35.0321969948709,0,140,2011,5
2011-05-21,25.95999331623318,0.36608356,35.02151551656425,0,141,2011,5
2011-05-22,25.279993331432365,0.568099,34.99404885806143,0,142,2011,5
2011-05-23,24.969993338361405,0.8134273,34.980315528810024,0,143,2011,5
2011-05-24,24.71999334394934,0.6915407,34.9894710816443,0,144,2011,5
2011-05-25,24.32999335266652,2.6554713,34.99862663447857,0,145,2011,5
2011-05-26,24.309993353113555,2.4359248,35.00167848542333,0,146,2011,5
2011-05-27,24.46999334953728,0.77732354,35.03067106939852,0,147,2011,5
2011-05-28,24.649993345513963,0.22878806,35.09170808829367,0,148,2011,5
2011-05-29,24.589993346855067,1.0683078,35.122226597741246,0,149,2011,5
2011-05-30,24.1699933562428,2.2242641,35.135959926992655,0,150,2011,5
2011-05-31,24.109993357583903,0.8366776,35.16190066002309,0,151,2011,5
2011-06-01,24.1699933562428,0.71493006,35.18936731852591,0,152,2011,6
2011-06-02,23.759993365407013,0.471638,35.18784139305353,0,153,2011,6
2011-06-03,23.619993368536257,0.57496774,35.18631546758115,0,154,2011,6
2011-06-04,23.66999336741867,0.5110125,35.19241916947067,0,155,2011,6
2011-06-05,24.00999335981908,0.31225154,35.21683397702873,0,156,2011,6
2011-06-06,24.05999335870149,0.5116904,35.24124878458679,0,157,2011,6
2011-06-07,24.399993351101894,0.3055264,35.24887841194868,0,158,2011,6
2011-06-08,24.509993348643206,0.3101921,35.225989529863,0,159,2011,6
2011-06-09,24.44999334998431,0.30760685,35.22293767891824,0,160,2011,6
2011-06-10,24.40999335087838,0.40231383,35.19089324399829,0,161,2011,6
2011-06-11,24.499993348866724,0.34027383,35.062715504318476,0,162,2011,6
2011-06-12,24.47999334931376,0.40395474,35.026093292981386,0,163,2011,6
2011-06-13,24.52999334819617,0.30252066,35.125278448686004,0,164,2011,6
2011-06-14,24.309993353113555,0.21622041,35.17410806380212,0,165,2011,6
2011-06-15,23.989993360266112,0.33143422,35.233619157224894,0,166,2011,6
2011-06-16,23.889993362501286,0.31508827,35.26566359214485,0,167,2011,6
2011-06-17,23.879993362724804,0.46025696,35.28550062328577,0,168,2011,6
2011-06-18,23.9399933613837,0.40101907,35.314493207260966,0,169,2011,6
2011-06-19,23.82999336384239,0.36849573,35.34501171670854,0,170,2011,6
2011-06-20,23.889993362501286,0.39336836,35.35721912048757,0,171,2011,6
2011-06-21,23.86999336294832,0.25914583,35.40299688465893,0,172,2011,6
2011-06-22,23.949993361160185,0.26039737,35.473189456388354,0,173,2011,6
2011-06-23,23.84999336339536,0.3792073,35.50218204036355,0,174,2011,6
2011-06-24,23.54999337010088,0.35928518,35.522019071504474,0,175,2011,6
2011-06-25,23.50999337099495,0.5357026,35.56016720831394,0,176,2011,6
2011-06-26,23.449993372336053,0.4736006,35.592211643233895,0,177,2011,6
2011-06-27,23.51999337077143,0.93253934,35.61204867437482,0,178,2011,6
2011-06-28,23.60999336875977,0.9937258,35.61204867437482,0,179,2011,6
2011-06-29,23.08999338038268,0.61045104,35.59984127059579,0,180,2011,6
2011-06-30,22.949993383511924,1.7748507,35.5632190592587,0,181,2011,6
2011-07-01,22.97999338284137,1.0962222,35.52659684792161,0,182,2011,7
2011-07-02,22.749993387982272,0.28680924,35.50370796583593,0,183,2011,7
2011-07-03,22.639993390440964,0.43031088,35.508285742253065,0,184,2011,7
2011-07-04,22.639993390440964,0.5647915,35.52659684792161,0,185,2011,7
2011-07-05,22.91999338418248,0.64404374,35.52812277339399,0,186,2011,7
2011-07-06,22.89999338462951,0.65149724,35.509811667725444,0,187,2011,7
2011-07-07,22.35999339669945,0.36164376,35.44419687241316,0,188,2011,7
2011-07-08,22.329993397370004,0.38052142,35.4701376054436,0,189,2011,7
2011-07-09,22.34999339692297,0.45365208,35.48692278563976,0,190,2011,7
2011-07-10,22.329993397370004,0.35212064,35.4701376054436,0,191,2011,7
2011-07-11,22.259993398934625,0.3542848,35.42130799032748,0,192,2011,7
2011-07-12,22.23999339938166,0.35841906,35.41520428843796,0,193,2011,7
2011-07-13,22.73999338820579,0.30871868,35.41673021391034,0,194,2011,7
2011-07-14,22.52999339289965,0.30848402,35.40910058654845,0,195,2011,7
2011-07-15,22.619993390888,0.29580736,35.40452281013131,0,196,2011,7
2011-07-16,22.83999338597061,0.24957174,35.424359841272235,0,197,2011,7
2011-07-17,22.97999338284137,0.24684764,35.46403390355408,0,198,2011,7
2011-07-18,23.069993380829715,0.29462507,35.483870934695005,0,199,2011,7
2011-07-19,22.849993385747094,0.29238543,35.485396860167384,0,200,2011,7
2011-07-20,22.60999339111152,0.2873051,35.48692278563976,0,201,2011,7
2011-07-21,22.559993392229103,0.4339654,35.48692278563976,0,202,2011,7
2011-07-22,22.599993391335037,0.22199748,35.485396860167384,0,203,2011,7
2011-07-23,22.66999338977041,0.29893297,35.471663530915976,0,204,2011,7
2011-07-24,23.379993373900675,0.3290686,35.45030057430267,0,205,2011,7
2011-07-25,23.50999337099495,0.20873566,35.42893761768937,0,206,2011,7
2011-07-26,23.429993372783088,0.20873566,35.41825613938272,0,207,2011,7
2011-07-27,23.45999337211253,0.3090457,35.40757466107607,0,208,2011,7
2011-07-28,23.579993369430326,0.26168695,35.40910058654845,0,209,2011,7
2011-07-29,23.5399933703244,0.28219455,35.40604873560369,0,210,2011,7
2011-07-30,23.619993368536257,0.29509243,35.40604873560369,0,211,2011,7
2011-07-31,23.649993367865704,0.2646705,35.410626512020826,0,212,2011,7
2011-08-01,23.51999337077143,0.26785782,35.3984191082418,0,213,2011,8
2011-08-02,23.429993372783088,0.16984272,35.338908014819026,0,214,2011,8
2011-08-03,23.38999337367716,0.34621462,35.30991543084383,0,215,2011,8
2011-08-04,23.45999337211253,0.3557263,35.29618210159242,0,216,2011,8
2011-08-05,23.489993371441983,0.34448838,35.279396921396255,0,217,2011,8
2011-08-06,23.54999337010088,0.44630888,35.30228580348194,0,218,2011,8
2011-08-07,23.569993369653844,0.44631425,35.291604325175285,0,219,2011,8
2011-08-08,23.579993369430326,0.2832591,35.2763450704515,0,220,2011,8
2011-08-09,23.449993372336053,0.29984608,35.2763450704515,0,221,2011,8
2011-08-10,23.35999337434771,0.24481821,35.280922846868634,0,222,2011,8
2011-08-11,23.29999337568881,0.19346873,35.28550062328577,0,223,2011,8
2011-08-12,23.35999337434771,0.22969139,35.291604325175285,0,224,2011,8
2011-08-13,23.38999337367716,0.62548405,35.29007839970291,0,225,2011,8
2011-08-14,23.39999337345364,0.25171384,35.29007839970291,0,226,2011,8
2011-08-15,23.38999337367716,0.25171384,35.28244877234101,0,227,2011,8
2011-08-16,23.35999337434771,0.29025224,35.27481914497912,0,228,2011,8
2011-08-17,23.139993379265093,0.30542043,35.27176729403436,0,229,2011,8
2011-08-18,23.12999337948861,0.31070343,35.27329321950674,0,230,2011,8
2011-08-19,23.269993376359366,0.29445267,35.27481914497912,0,231,2011,8
2011-08-20,23.22999337725344,0.5693473,35.27787099592388,0,232,2011,8
2011-08-21,23.159993378818054,0.34980944,35.27787099592388,0,233,2011,8
2011-08-22,23.139993379265093,0.3565053,35.28397469781339,0,234,2011,8
2011-08-23,23.0799933806062,0.36082745,35.29007839970291,0,235,2011,8
2011-08-24,23.32999337501826,0.4700802,35.29465617612004,0,236,2011,8
2011-08-25,23.489993371441983,0.42868015,35.29007839970291,0,237,2011,8
2011-08-26,23.39999337345364,0.24053605,35.293130250647664,0,238,2011,8
2011-08-27,23.259993376582884,0.3255079,35.29007839970291,0,239,2011,8
2011-08-28,23.0799933806062,0.3094166,35.293130250647664,0,240,2011,8
2011-08-29,23.23999337702992,0.44334987,35.29618210159242,0,241,2011,8
2011-08-30,23.40999337323012,0.22064161,35.30228580348194,0,242,2011,8
2011-08-31,23.449993372336053,0.20858881,35.30686357989907,0,243,2011,8
2011-09-01,23.29999337568881,0.4354052,35.30228580348194,0,244,2011,9
2011-09-02,23.27999337613585,0.25301483,35.29465617612004,0,245,2011,9
2011-09-03,23.189993378147506,0.25301483,35.291604325175285,0,246,2011,9
2011-09-04,23.199993377923988,0.25057155,35.29618210159242,0,247,2011,9
2011-09-05,23.39999337345364,0.284672,35.29007839970291,0,248,2011,9
2011-09-06,23.55999336987736,0.37355885,35.29007839970291,0,249,2011,9
2011-09-07,23.769993365183492,0.27032593,35.29007839970291,0,250,2011,9
2011-09-08,23.649993367865704,0.26585612,35.291604325175285,0,251,2011,9
2011-09-09,23.569993369653844,0.48594096,35.293130250647664,0,252,2011,9
2011-09-10,23.5399933703244,0.47995925,35.2977080270648,0,253,2011,9
2011-09-11,23.529993370547917,0.5993942,35.30075987800956,0,254,2011,9
2011-09-12,23.50999337099495,0.30031562,35.29923395253718,0,255,2011,9
2011-09-13,23.45999337211253,0.28026605,35.29618210159242,0,256,2011,9
2011-09-14,23.569993369653844,0.2790509,35.28244877234101,0,257,2011,9
2011-09-15,23.729993366077565,0.25676987,35.25803396478295,0,258,2011,9
2011-09-16,23.759993365407013,0.5056779,35.242774710059166,0,259,2011,9
2011-09-17,23.5399933703244,0.5560378,35.242774710059166,0,260,2011,9
2011-09-18,23.38999337367716,0.59251946,35.24582656100392,0,261,2011,9
2011-09-19,23.349993374571227,3.6835396,35.24582656100392,0,262,2011,9
2011-09-20,23.62999336831274,3.6835396,35.244300635531545,0,263,2011,9
2011-09-21,23.889993362501286,3.95522,35.24124878458679,0,264,2011,9
2011-09-22,23.9399933613837,3.8504217,35.22904138080776,0,265,2011,9
2011-09-23,24.05999335870149,0.20993632,35.20157472230494,0,266,2011,9
2011-09-24,24.039993359148525,0.18197927,35.171056212857366,0,267,2011,9
2011-09-25,24.32999335266652,0.1813199,35.13748585246503,0,268,2011,9
2011-09-26,24.589993346855067,0.20257327,35.09170808829367,0,269,2011,9
2011-09-27,24.459993349760797,0.15982892,35.05661180242896,0,270,2011,9
2011-09-28,24.43999335020783,0.2271521,35.039826622232795,0,271,2011,9
2011-09-29,24.36999335177245,0.15913157,35.05661180242896,0,272,2011,9
2011-09-30,24.119993357360386,0.23966001,35.05661180242896,0,273,2011,9
2011-10-01,24.17999335601928,0.23988555,35.03677477128804,0,274,2011,10
2011-10-02,24.36999335177245,0.23257995,35.04135254770517,0,275,2011,10
2011-10-03,24.589993346855067,0.23318812,35.027619218453765,0,276,2011,10
2011-10-04,24.609993346408032,0.20568658,34.99557478353381,0,277,2011,10
2011-10-05,24.259993354231145,0.22261624,35.00778218731284,0,278,2011,10
2011-10-06,24.389993351325412,0.20217177,35.04135254770517,0,279,2011,10
2011-10-07,24.399993351101894,0.22557902,35.06729328073561,0,280,2011,10
2011-10-08,24.40999335087838,0.16647929,35.08407846093178,0,281,2011,10
2011-10-09,24.28999335356059,0.1811291,35.10849326848984,0,282,2011,10
2011-10-10,24.199993355572246,0.1811291,35.13901177793741,0,283,2011,10
2011-10-11,24.53999334797265,0.15584603,35.15274510718882,0,284,2011,10
2011-10-12,24.589993346855067,0.15491782,35.16953028738499,0,285,2011,10
2011-10-13,24.55999334752562,0.13979228,35.184789542108774,0,286,2011,10
2011-10-14,24.819993341714166,0.15444382,35.2046265732497,0,287,2011,10
2011-10-15,24.86999334059658,0.25213227,35.219885827973485,0,288,2011,10
2011-10-16,24.709993344172855,0.23359582,35.219885827973485,0,289,2011,10
2011-10-17,24.78999334238472,0.28970996,35.22293767891824,0,290,2011,10
2011-10-18,24.7999933421612,0.32845855,35.232093231752515,0,291,2011,10
2011-10-19,24.649993345513963,0.33428633,35.232093231752515,0,292,2011,10
2011-10-20,24.429993350431342,0.40322238,35.233619157224894,0,293,2011,10
2011-10-21,24.509993348643206,0.5252356,35.21073027513921,0,294,2011,10
2011-10-22,24.549993347749137,0.6112084,35.18021176569164,0,295,2011,10
2011-10-23,24.44999334998431,2.4482892,35.12070067226887,0,296,2011,10
2011-10-24,24.339993352443003,2.4482892,35.016937740147114,0,297,2011,10
2011-10-25,24.20999335534873,2.458255,34.955900721251965,0,298,2011,10
2011-10-26,24.83999334126713,2.5660622,34.919278509914875,0,299,2011,10
2011-10-27,24.09999335780742,2.458255,34.70870079472661,0,300,2011,10
2011-10-28,24.05999335870149,2.458255,34.59730823524296,0,301,2011,10
2011-10-29,23.969993360713147,0.19953747,34.64613785035908,0,302,2011,10
2011-10-30,24.819993341714166,0.21338193,34.79415262117982,0,303,2011,10
2011-10-31,25.36999332942071,0.1934455,34.90554518066347,0,304,2011,10
2011-11-01,25.46999332718553,0.1934455,34.9101229570806,0,305,2011,11
2011-11-02,25.29999333098533,0.1934455,35.11764882132411,0,306,2011,11
2011-11-03,25.269993331655883,0.1934455,35.2473524864763,0,307,2011,11
2011-11-04,25.21999333277347,0.1934455,35.256508039310575,0,308,2011,11
2011-11-05,25.349993329867743,0.16354798,35.25803396478295,0,309,2011,11
2011-11-06,25.939993316680216,0.15126054,35.26566359214485,0,310,2011,11
2011-11-07,25.68999332226815,0.1512597,35.26566359214485,0,311,2011,11
2011-11-08,25.479993326962017,0.15759656,35.267189517617226,0,312,2011,11
2011-11-09,25.199993333220505,0.15759656,35.26261174120009,0,313,2011,11
2011-11-10,24.999993337690853,0.5230498,35.2473524864763,0,314,2011,11
2011-11-11,25.349993329867743,0.42868856,35.171056212857366,0,315,2011,11
2011-11-12,25.359993329644222,0.41449326,34.97115997597575,0,316,2011,11
2011-11-13,25.21999333277347,0.32382485,34.84145631082356,0,317,2011,11
2011-11-14,25.2599933318794,0.24108636,34.97726367786527,0,318,2011,11
2011-11-15,25.479993326962017,0.24082178,35.16495251096785,0,319,2011,11
2011-11-16,26.72999329902234,0.18682396,35.09170808829367,0,320,2011,11
2011-11-17,26.70999329946937,0.18918926,35.04135254770517,0,321,2011,11
2011-11-18,26.479993304610275,0.1875562,35.02456736750901,0,322,2011,11
2011-11-19,26.39999330639841,0.18821466,34.99710070900619,0,323,2011,11
2011-11-20,25.9499933164567,0.18821466,35.015411814674735,0,324,2011,11
2011-11-21,25.77999332025649,0.18821466,34.882656298577785,0,325,2011,11
2011-11-22,25.809993319585946,0.13845202,34.63698229752481,0,326,2011,11
2011-11-23,25.86999331824484,0.14385076,34.74227115511894,0,327,2011,11
2011-11-24,25.7199933215976,0.14391194,34.85518964007497,0,328,2011,11
2011-11-25,25.509993326291465,0.13832468,34.8887600004673,0,329,2011,11
2011-11-26,26.059993313998007,0.12654303,35.110019193962216,0,330,2011,11
2011-11-27,26.26999330930414,0.14650841,35.21073027513921,0,331,2011,11
2011-11-28,26.439993305504345,0.13562943,35.21683397702873,0,332,2011,11
2011-11-29,26.61999330148103,0.14681125,35.1756339892745,0,333,2011,11
2011-11-30,26.909993294999023,0.15141164,35.19852287136018,0,334,2011,11
2011-12-01,26.96999329365792,0.15809964,35.233619157224894,0,335,2011,12
2011-12-02,26.8099932972342,0.15811688,35.24887841194868,0,336,2011,12
2011-12-03,26.909993294999023,0.15845658,35.254982113838196,0,337,2011,12
2011-12-04,26.87999329566958,0.14203316,35.29923395253718,0,338,2011,12
2011-12-05,26.61999330148103,0.14236274,35.30838950537145,1,339,2011,12
2011-12-06,26.529993303492688,0.14182383,35.2977080270648,0,340,2011,12
2011-12-07,26.369993307068967,0.14170375,35.31296728178859,0,341,2011,12
2011-12-08,26.359993307292484,0.10652801,35.34195986576378,0,342,2011,12
2011-12-09,26.289993308857103,0.10441888,35.35569319501519,0,343,2011,12
2011-12-10,26.679993300139927,0.12183435,35.37400430068374,0,344,2011,12
2011-12-11,26.76999329812827,0.116225734,35.39689318276942,0,345,2011,12
2011-12-12,26.839993296563648,0.11624172,35.39536725729704,0,346,2011,12
2011-12-13,26.87999329566958,0.116422825,35.399945033714175,0,347,2011,12
2011-12-14,26.84999329634013,0.1090866,35.41520428843796,0,348,2011,12
2011-12-15,27.00999329276385,0.120868266,35.399945033714175,0,349,2011,12
2011-12-16,27.19999328851702,0.1603752,35.35874504595995,0,350,2011,12
2011-12-17,27.11999329030516,0.16154176,35.35416726954281,0,351,2011,12
2011-12-18,27.22999328784647,0.16162018,35.35721912048757,0,352,2011,12
2011-12-19,27.2699932869524,0.17810157,35.35569319501519,0,353,2011,12
2011-12-20,27.339993285387777,0.15296102,35.34195986576378,0,354,2011,12
2011-12-21,27.85999327376487,0.15121748,35.33433023840189,0,355,2011,12
2011-12-22,27.85999327376487,0.1367581,35.32364876009524,0,356,2011,12
2011-12-23,27.81999327465894,0.1367581,35.32059690915048,0,357,2011,12
2011-12-24,27.559993280470398,0.09959261,35.30228580348194,0,358,2011,12
2011-12-25,27.459993282705568,0.19257267,35.206152498722076,0,359,2011,12
2011-12-26,27.559993280470398,0.26580495,34.56373787485063,0,360,2011,12
2011-12-27,27.85999327376487,0.25822917,33.8770714122802,0,361,2011,12
2011-12-28,27.81999327465894,0.3171427,33.98541212081909,0,362,2011,12
2011-12-29,27.73999327644708,0.31714308,34.18073058128357,0,363,2011,12
2011-12-30,27.8999932728708,0.21544704,34.463026793673635,0,364,2011,12
2011-12-31,27.96999327130618,0.20929013,34.75447855889797,0,365,2011,12
2012-01-01,28.04999326951804,0.20917992,34.94521924294531,0,1,2012,1
2012-01-02,28.03999326974156,0.20994107,35.016937740147114,0,2,2012,1
2012-01-03,27.8999932728708,0.20993496,35.02151551656425,0,3,2012,1
2012-01-04,27.94999327175321,0.19383529,35.0535599514842,0,4,2012,1
2012-01-05,28.1299932677299,0.18270491,35.08560438640416,0,5,2012,1
2012-01-06,28.06999326907101,0.29883507,35.050508100539446,0,6,2012,1
2012-01-07,27.93999327197673,0.28186205,34.943693317472935,0,7,2012,1
2012-01-08,27.979993271082662,0.24592349,34.80330817401409,0,8,2012,1
2012-01-09,28.31999326348307,0.27350935,34.77736744098365,0,9,2012,1
2012-01-10,28.289993264153622,0.18077444,34.833826683461666,0,10,2012,1
2012-01-11,28.23999326527121,0.17863338,34.9101229570806,0,11,2012,1
2012-01-12,28.109993268176936,0.21399036,34.96200442314148,0,12,2012,1
2012-01-13,28.219993265718244,0.34235847,34.87960444763303,0,13,2012,1
2012-01-14,28.20999326594176,0.34235764,34.84908593818545,0,14,2012,1
2012-01-15,28.1899932663888,0.33888546,34.955900721251965,0,15,2012,1
2012-01-16,27.979993271082662,0.42992735,34.89181185141206,0,16,2012,1
2012-01-17,27.80999327488246,0.42838287,34.966582199558616,0,17,2012,1
2012-01-18,27.73999327644708,0.28930685,35.100863641127944,0,18,2012,1
2012-01-19,27.62999327890577,0.29400018,35.029145143926144,0,19,2012,1
2012-01-20,27.289993286505364,0.24194433,35.03372292034328,0,20,2012,1
2012-01-21,27.27999328672888,0.26198623,35.0321969948709,0,21,2012,1
2012-01-22,27.34999328516426,0.27128053,35.01998959109187,0,22,2012,1
2012-01-23,27.50999328158798,0.27072316,35.038300696760416,0,23,2012,1
2012-01-24,27.63999327868225,0.37195784,35.10544141754508,0,24,2012,1
2012-01-25,27.709993277117636,0.37184787,35.1329080760479,0,25,2012,1
2012-01-26,27.58999327979984,0.32946447,35.14053770340979,0,26,2012,1
2012-01-27,26.99999329298737,0.28963667,35.316019132733345,0,27,2012,1
2012-01-28,27.379993284493708,0.28963333,35.254982113838196,0,28,2012,1
2012-01-29,27.519993281364464,0.42190003,35.158848809078336,0,29,2012,1
2012-01-30,27.54999328069391,0.42346102,35.148167330771685,0,30,2012,1
2012-01-31,27.27999328672888,0.42514014,35.15121918171644,0,31,2012,1
2012-02-01,27.00999329276385,0.34715992,35.184789542108774,0,32,2012,2
2012-02-02,27.13999328985813,0.15516323,35.21530805155635,0,33,2012,2
2012-02-03,27.209993288293504,0.13526036,35.21378212608397,0,34,2012,2
2012-02-04,27.299993286281847,0.14544125,35.209204349666834,0,35,2012,2
2012-02-05,27.56999328024688,0.1777119,35.19852287136018,0,36,2012,2
2012-02-06,27.669993278011702,0.14959244,35.268715443089604,0,37,2012,2
2012-02-07,27.649993278458737,0.15866451,35.305337654426694,0,38,2012,2
2012-02-08,27.369993284717225,0.17909901,35.31144135631621,0,39,2012,2
2012-02-09,27.379993284493708,0.19634432,35.29923395253718,0,40,2012,2
2012-02-10,27.289993286505364,0.17991832,35.25345618836582,0,41,2012,2
2012-02-11,27.00999329276385,0.17991845,35.21225620061159,0,42,2012,2
2012-02-12,27.31999328583481,0.16679905,35.23819693364203,0,43,2012,2
2012-02-13,27.58999327979984,0.16028066,35.25040433742106,0,44,2012,2
2012-02-14,27.679993277788185,0.15870354,35.28550062328577,0,45,2012,2
2012-02-15,27.54999328069391,0.14781582,35.314493207260966,0,46,2012,2
2012-02-16,27.709993277117636,0.12174505,35.34348579123616,0,47,2012,2
2012-02-17,28.029993269965075,0.12838201,35.340433940291405,0,48,2012,2
2012-02-18,28.08999326862397,0.12838157,35.32364876009524,0,49,2012,2
2012-02-19,28.06999326907101,0.08900463,35.317545058205724,0,50,2012,2
2012-02-20,28.19999326616528,0.100590765,35.314493207260966,0,51,2012,2
2012-02-21,28.1899932663888,0.09634629,35.30686357989907,0,52,2012,2
2012-02-22,28.11999326795342,0.065545134,35.280922846868634,0,53,2012,2
2012-02-23,28.20999326594176,0.10951191,35.25040433742106,0,54,2012,2
2012-02-24,27.919993272423767,0.08862719,35.24124878458679,0,55,2012,2
2012-02-25,27.77999327555301,0.086424984,35.23667100816965,0,56,2012,2
2012-02-26,27.769993275776528,0.091426775,35.21683397702873,0,57,2012,2
2012-02-27,27.75999327600005,0.092861675,35.209204349666834,0,58,2012,2
2012-02-28,27.709993277117636,0.08716456,35.22293767891824,0,59,2012,2
2012-02-29,27.4999932818115,0.086072855,35.23667100816965,0,60,2012,2
2012-03-01,27.689993277564668,0.10250562,35.230567306280136,0,61,2012,3
2012-03-02,27.7299932766706,0.119309686,35.18173769116402,0,62,2012,3
2012-03-03,27.54999328069391,0.15327825,34.867397043854,0,63,2012,3
2012-03-04,27.41999328359964,0.15329312,34.78499706834555,0,64,2012,3
2012-03-05,27.27999328672888,0.35579318,34.823145205155015,0,65,2012,3
2012-03-06,27.07999329119923,0.35584116,34.86129334196448,0,66,2012,3
2012-03-07,27.179993288964056,0.18034656,34.9818414542824,0,67,2012,3
2012-03-08,27.32999328561129,0.1753781,35.08560438640416,0,68,2012,3
2012-03-09,27.15999328941109,0.16150454,35.14969325624406,0,69,2012,3
2012-03-10,27.19999328851702,0.16058905,35.14053770340979,0,70,2012,3
2012-03-11,27.209993288293504,0.136895,35.122226597741246,0,71,2012,3
2012-03-12,27.65999327823522,0.1363178,35.14511547982693,0,72,2012,3
2012-03-13,27.689993277564668,0.19964567,35.15732288360596,0,73,2012,3
2012-03-14,27.529993281140943,0.16454051,35.18173769116402,0,74,2012,3
2012-03-15,27.299993286281847,0.14655654,35.21225620061159,0,75,2012,3
2012-03-16,27.32999328561129,0.24192776,35.22293767891824,0,76,2012,3
2012-03-17,27.07999329119923,0.21133016,35.21378212608397,0,77,2012,3
2012-03-18,26.939993294328477,0.20957875,35.19852287136018,0,78,2012,3
2012-03-19,26.94999329410496,0.23794852,35.21378212608397,0,79,2012,3
2012-03-20,27.059993291646265,0.22152737,35.219885827973485,0,80,2012,3
2012-03-21,27.11999329030516,0.17369196,35.244300635531545,0,81,2012,3
2012-03-22,27.25999328717592,0.18935868,35.22446360439062,0,82,2012,3
2012-03-23,27.44999328292909,0.20965211,35.20310064777732,0,83,2012,3
2012-03-24,27.44999328292909,0.18493728,35.1756339892745,0,84,2012,3
2012-03-25,27.459993282705568,0.16055876,35.134434001520276,0,85,2012,3
2012-03-26,27.44999328292909,0.16240679,35.122226597741246,0,86,2012,3
2012-03-27,27.50999328158798,0.12207644,35.14511547982693,0,87,2012,3
2012-03-28,27.789993275329493,0.16805871,35.1756339892745,0,88,2012,3
2012-03-29,27.709993277117636,0.21198103,35.219885827973485,0,89,2012,3
2012-03-30,27.719993276894115,0.27320436,35.254982113838196,0,90,2012,3
2012-03-31,27.61999327912929,0.27320436,35.123752523213625,0,91,2012,3
2012-04-01,27.179993288964056,0.23321737,35.09018216282129,0,92,2012,4
2012-04-02,27.13999328985813,0.229036,35.1329080760479,0,93,2012,4
2012-04-03,27.19999328851702,0.28479278,35.12833029963076,0,94,2012,4
2012-04-04,27.249993287399437,0.24979869,35.14053770340979,0,95,2012,4
2012-04-05,26.839993296563648,0.26268676,35.158848809078336,0,96,2012,4
2012-04-06,26.5799933023751,0.2983229,35.172582138329744,0,97,2012,4
2012-04-07,26.60999330170455,0.2945664,35.18173769116402,0,98,2012,4
2012-04-08,26.989993293210887,0.2733472,35.18631546758115,0,99,2012,4
2012-04-09,26.599993301928063,0.2745853,35.18784139305353,0,100,2012,4
2012-04-10,26.32999330796304,0.270024,35.18784139305353,0,101,2012,4
2012-04-11,26.22999331019821,0.48298085,35.19241916947067,0,102,2012,4
2012-04-12,26.32999330796304,0.33719036,35.19089324399829,0,103,2012,4
2012-04-13,26.469993304833796,0.3019668,34.92385628633201,0,104,2012,4
2012-04-14,26.359993307292484,0.22043736,34.5301675144583,0,105,2012,4
2012-04-15,26.249993309751176,0.26295498,34.5805230550468,0,106,2012,4
2012-04-16,26.639993301034,0.2707048,34.607989713549614,0,107,2012,4
2012-04-17,26.509993303939723,0.3416048,34.6446119248867,0,108,2012,4
2012-04-18,26.139993312209867,0.4406684,34.6522415522486,0,109,2012,4
2012-04-19,26.06999331377449,0.35256892,34.65834525413811,0,110,2012,4
2012-04-20,26.18999331109228,0.32917094,34.65681932866573,0,111,2012,4
2012-04-21,26.169993311539315,0.3201384,34.66444895602763,0,112,2012,4
2012-04-22,26.02999331466856,0.26088995,34.6736045088619,0,113,2012,4
2012-04-23,25.929993316903733,0.22017896,34.690389689058065,0,114,2012,4
2012-04-24,25.7199933215976,0.15661988,34.714804496616125,0,115,2012,4
2012-04-25,25.749993320927047,0.20271967,34.76058226078749,0,116,2012,4
2012-04-26,25.86999331824484,0.19049445,34.89791555330157,0,117,2012,4
2012-04-27,25.819993319362425,0.2838397,35.07187105715275,0,118,2012,4
2012-04-28,25.619993323832773,0.26483518,35.02151551656425,0,119,2012,4
2012-04-29,25.41999332830312,0.1682446,35.135959926992655,0,120,2012,4
2012-04-30,25.68999332226815,0.19821642,35.17410806380212,0,121,2012,4
2012-05-01,25.589993324503325,0.1508089,35.184789542108774,0,122,2012,5
2012-05-02,25.56999332495036,0.18329969,35.21683397702873,0,123,2012,5
2012-05-03,25.539993325620912,0.16838203,35.230567306280136,0,124,2012,5
2012-05-04,25.509993326291465,0.1934957,35.230567306280136,0,125,2012,5
2012-05-05,25.519993326067947,0.16214547,35.225989529863,0,126,2012,5
2012-05-06,25.599993324279808,0.17527662,35.221411753445864,0,127,2012,5
2012-05-07,25.60999332405629,0.2462766,35.21378212608397,0,128,2012,5
2012-05-08,25.4899933267385,0.14814563,35.20004879683256,0,129,2012,5
2012-05-09,25.739993321150564,0.15863852,35.18021176569164,0,130,2012,5
2012-05-10,25.899993317574285,0.17051537,35.16953028738499,0,131,2012,5
2012-05-11,25.899993317574285,0.28236282,35.158848809078336,0,132,2012,5
2012-05-12,25.98999331556263,0.21800645,35.15732288360596,0,133,2012,5
2012-05-13,26.119993312656906,0.19030829,35.1542710326612,0,134,2012,5
2012-05-14,25.899993317574285,0.17018752,35.15121918171644,0,135,2012,5
2012-05-15,25.87999331802132,0.18979946,35.16647843644023,0,136,2012,5
2012-05-16,25.909993317350768,0.15191665,35.19852287136018,0,137,2012,5
2012-05-17,26.009993315115597,0.16668029,35.225989529863,0,138,2012,5
2012-05-18,25.87999331802132,0.21252629,35.23972285911441,0,139,2012,5
2012-05-19,25.56999332495036,0.31712857,35.24582656100392,0,140,2012,5
2012-05-20,25.619993323832773,0.49021998,35.25193026289344,0,141,2012,5
2012-05-21,25.849993318691872,0.35428014,35.25345618836582,0,142,2012,5
2012-05-22,25.9499933164567,0.18160056,35.26261174120009,0,143,2012,5
2012-05-23,25.64999332316222,0.3496635,35.26261174120009,0,144,2012,5
2012-05-24,25.629993323609256,0.44825104,35.24582656100392,0,145,2012,5
2012-05-25,25.439993327856087,0.42481673,35.225989529863,0,146,2012,5
2012-05-26,25.669993322715182,0.17449142,35.230567306280136,0,147,2012,5
2012-05-27,25.55999332517388,0.16265015,35.19089324399829,0,148,2012,5
2012-05-28,25.45999332740905,0.13753131,34.775841515511274,0,149,2012,5
2012-05-29,25.479993326962017,0.16245073,34.4798119738698,0,150,2012,5
2012-05-30,25.359993329644222,0.18731031,34.61256748996675,0,151,2012,5
2012-05-31,25.359993329644222,0.23104675,34.74074522964656,0,152,2012,5
2012-06-01,25.39999332875016,0.27382505,34.809411875903606,0,153,2012,6
2012-06-02,25.4899933267385,0.26952016,34.85366371460259,0,154,2012,6
2012-06-03,25.40999332852664,0.1582847,34.907071106135845,0,155,2012,6
2012-06-04,25.37999332919719,0.23959371,34.95132294483483,0,156,2012,6
2012-06-05,25.359993329644222,0.21366629,34.95895257219672,0,157,2012,6
2012-06-06,25.06999333612623,0.19669367,34.94979701936245,0,158,2012,6
2012-06-07,25.039993336796783,0.20241597,34.95742664672434,0,159,2012,6
2012-06-08,24.979993338137888,0.19602813,34.96505627408624,0,160,2012,6
2012-06-09,24.94999333880844,0.289562,34.97421182692051,0,161,2012,6
2012-06-10,24.86999334059658,0.335426,34.980315528810024,0,162,2012,6
2012-06-11,24.809993341937684,0.19947517,35.00015255995095,0,163,2012,6
2012-06-12,24.47999334931376,0.24757916,35.03524884581566,0,164,2012,6
2012-06-13,24.349993352219485,0.24954025,35.04135254770517,0,165,2012,6
2012-06-14,24.509993348643206,0.2420339,35.050508100539446,0,166,2012,6
2012-06-15,24.48999334909024,0.22782773,35.076448833569884,0,167,2012,6
2012-06-16,24.269993354007624,0.23256005,35.088656237348914,0,168,2012,6
2012-06-17,24.239993354678177,0.31792825,35.099337715655565,0,169,2012,6
2012-06-18,24.189993355795764,0.2393123,35.11459697037935,0,170,2012,6
2012-06-19,24.47999334931376,0.28415495,35.12070067226887,0,171,2012,6
2012-06-20,24.74999334327879,0.23431435,35.12070067226887,0,172,2012,6
2012-06-21,24.649993345513963,0.42835176,35.10544141754508,0,173,2012,6
2012-06-22,24.729993343725823,0.28789863,35.08560438640416,0,174,2012,6
2012-06-23,24.63999334573748,0.572335,35.03372292034328,0,175,2012,6
2012-06-24,24.579993347078585,0.82061523,34.97726367786527,0,176,2012,6
2012-06-25,24.499993348866724,2.212582,34.97268590144813,0,177,2012,6
2012-06-26,24.299993353337072,1.9317565,34.954374795779586,0,178,2012,6
2012-06-27,24.13999335691335,0.90219384,34.907071106135845,0,179,2012,6
2012-06-28,24.31999335289004,0.58239293,34.896389627829194,0,180,2012,6
2012-06-29,24.429993350431342,0.5788706,34.896389627829194,0,181,2012,6
2012-06-30,24.53999334797265,0.24180132,34.882656298577785,0,182,2012,6
2012-07-01,24.659993345290445,0.3291037,34.871974820271134,0,183,2012,7
2012-07-02,24.63999334573748,0.26665682,34.87350074574351,0,184,2012,7
2012-07-03,24.55999334752562,0.31812626,34.859767416492105,0,185,2012,7
2012-07-04,24.379993351548933,0.47193503,34.87960444763303,0,186,2012,7
2012-07-05,24.379993351548933,0.72547936,34.917752584442496,0,187,2012,7
2012-07-06,24.21999335512521,0.46056026,34.96353034861386,0,188,2012,7
2012-07-07,23.729993366077565,0.39084148,34.992522932589054,0,189,2012,7
2012-07-08,23.55999336987736,0.6050982,34.99404885806143,0,190,2012,7
2012-07-09,23.809993364289426,0.5952483,35.013885889202356,0,191,2012,7
2012-07-10,24.20999335534873,0.54860955,35.00167848542333,0,192,2012,7
2012-07-11,24.24999335445466,0.5847581,35.02151551656425,0,193,2012,7
2012-07-12,24.549993347749137,0.8618435,35.027619218453765,0,194,2012,7
2012-07-13,24.279993353784107,0.4346782,35.02151551656425,0,195,2012,7
2012-07-14,23.949993361160185,0.8608272,34.97268590144813,0,196,2012,7
2012-07-15,23.90999336205425,0.86087024,35.01846366561949,0,197,2012,7
2012-07-16,23.809993364289426,0.82946575,35.05661180242896,0,198,2012,7
2012-07-17,23.659993367642187,1.0244317,35.05966365337372,0,199,2012,7
2012-07-18,23.679993367195152,0.5420661,35.05508587695658,0,200,2012,7
2012-07-19,23.929993361607217,0.34253842,35.04135254770517,0,201,2012,7
2012-07-20,24.12999335713687,0.26980564,35.013885889202356,0,202,2012,7
2012-07-21,23.97999336048963,0.38563177,35.026093292981386,0,203,2012,7
2012-07-22,23.91999336183073,0.34312314,35.03524884581566,0,204,2012,7
2012-07-23,23.799993364512943,0.25731423,35.0108340382576,0,205,2012,7
2012-07-24,23.58999336920681,0.25422692,34.95742664672434,0,206,2012,7
2012-07-25,23.5399933703244,0.20169616,34.97421182692051,0,207,2012,7
2012-07-26,23.739993365854048,0.24663638,34.98336737975478,0,208,2012,7
2012-07-27,23.799993364512943,0.44101647,35.00015255995095,0,209,2012,7
2012-07-28,23.71999336630108,0.3837054,35.01235996372998,0,210,2012,7
2012-07-29,23.799993364512943,0.21710272,35.00930811278522,0,211,2012,7
2012-07-30,23.55999336987736,0.23803277,34.990997007116675,0,212,2012,7
2012-07-31,23.309993375465297,0.21859826,34.95742664672434,0,213,2012,7
2012-08-01,23.29999337568881,0.34568846,34.920804435387254,0,214,2012,8
2012-08-02,23.40999337323012,0.35178006,34.919278509914875,0,215,2012,8
2012-08-03,23.349993374571227,0.3453055,34.92843406274915,0,216,2012,8
2012-08-04,23.09999338015916,0.40770382,34.93453776463866,0,217,2012,8
2012-08-05,23.0199933819473,0.30647114,34.95284887030721,0,218,2012,8
2012-08-06,22.97999338284137,0.4236113,35.00625626184046,0,219,2012,8
2012-08-07,22.97999338284137,0.39150053,34.98641923069954,0,220,2012,8
2012-08-08,22.809993386641167,0.39146438,34.97726367786527,0,221,2012,8
2012-08-09,22.69999338909986,0.2682585,35.026093292981386,0,222,2012,8
2012-08-10,22.69999338909986,0.2682585,35.09170808829367,0,223,2012,8
2012-08-11,22.69999338909986,0.8819737,35.12680437415838,0,224,2012,8
2012-08-12,22.69999338909986,2.040754,35.122226597741246,0,225,2012,8
2012-08-13,22.73999338820579,1.0767529,35.14206362888217,0,226,2012,8
2012-08-14,22.60999339111152,0.34410492,35.16647843644023,0,227,2012,8
2012-08-15,22.599993391335037,0.42424735,35.17715991474688,0,228,2012,8
2012-08-16,22.42999339513483,0.6913927,35.184789542108774,0,229,2012,8
2012-08-17,22.519993393123173,0.57000124,35.195471020415425,0,230,2012,8
2012-08-18,22.54999339245262,0.40358558,35.21073027513921,0,231,2012,8
2012-08-19,22.73999338820579,0.202987,35.221411753445864,0,232,2012,8
2012-08-20,22.599993391335037,0.45661402,35.221411753445864,0,233,2012,8
2012-08-21,22.66999338977041,0.31075567,35.218359902501106,0,234,2012,8
2012-08-22,23.069993380829715,0.43823093,35.21683397702873,0,235,2012,8
2012-08-23,23.339993374794744,0.29309267,35.218359902501106,1,236,2012,8
2012-08-24,23.349993374571227,0.33898455,35.22751545533538,0,237,2012,8
2012-08-25,23.32999337501826,0.2805321,35.22904138080776,0,238,2012,8
2012-08-26,23.22999337725344,0.2889892,35.233619157224894,0,239,2012,8
2012-08-27,23.259993376582884,0.2898717,35.23514508269727,0,240,2012,8
2012-08-28,23.0799933806062,0.30786827,35.230567306280136,0,241,2012,8
2012-08-29,23.369993374124192,0.32956672,35.23667100816965,0,242,2012,8
2012-08-30,23.39999337345364,0.17929713,35.17868584021926,0,243,2012,8
2012-08-31,23.339993374794744,0.23367521,34.93606369011104,0,244,2012,8
2012-09-01,23.349993374571227,0.2702139,35.00930811278522,0,245,2012,9
2012-09-02,23.379993373900675,0.27060744,35.062715504318476,0,246,2012,9
2012-09-03,23.66999336741867,0.23954529,34.92233036085963,0,247,2012,9
2012-09-04,23.78999336473646,0.23932642,34.73158967681229,0,248,2012,9
2012-09-05,23.469993371889014,0.24320814,34.74837485700846,0,249,2012,9
2012-09-06,23.12999337948861,0.24995638,34.78347114287317,0,250,2012,9
2012-09-07,23.109993379935645,0.30113736,34.81551557779312,0,251,2012,9
2012-09-08,23.62999336831274,0.20080474,34.93453776463866,1,252,2012,9
2012-09-09,23.89999336227777,0.2168155,34.933011839166284,1,253,2012,9
2012-09-10,23.71999336630108,0.19944826,34.90401925519109,0,254,2012,9
2012-09-11,23.91999336183073,0.19945574,34.95284887030721,0,255,2012,9
2012-09-12,23.97999336048963,0.19431186,34.96353034861386,0,256,2012,9
2012-09-13,23.84999336339536,0.31207553,34.954374795779586,0,257,2012,9
2012-09-14,24.259993354231145,0.29722932,34.933011839166284,0,258,2012,9
2012-09-15,24.51999334841969,0.3006898,34.98794515617192,0,259,2012,9
2012-09-16,24.31999335289004,0.16528158,35.05966365337372,0,260,2012,9
2012-09-17,24.049993358925008,0.16980599,35.04135254770517,0,261,2012,9
2012-09-18,24.43999335020783,0.18179919,35.01846366561949,0,262,2012,9
2012-09-19,24.619993346184515,0.21591918,35.03067106939852,0,263,2012,9
2012-09-20,25.129993334785127,0.14691208,35.087130311876535,0,264,2012,9
2012-09-21,24.819993341714166,0.19637595,35.113071044906974,0,265,2012,9
2012-09-22,24.32999335266652,0.187834,35.14358955435455,0,266,2012,9
2012-09-23,24.28999335356059,0.18783465,35.18936731852591,0,267,2012,9
2012-09-24,24.67999334484341,0.22745463,35.233619157224894,0,268,2012,9
2012-09-25,24.36999335177245,0.23483007,35.29923395253718,0,269,2012,9
2012-09-26,23.66999336741867,0.3207772,35.338908014819026,0,270,2012,9
2012-09-27,23.54999337010088,0.38237768,35.35416726954281,0,271,2012,9
2012-09-28,23.659993367642187,0.41758218,35.352641344070435,0,272,2012,9
2012-09-29,23.759993365407013,0.4164825,35.33433023840189,0,273,2012,9
2012-09-30,23.91999336183073,1.0893174,35.35416726954281,0,274,2012,9
2012-10-01,23.91999336183073,0.24998324,35.38468577899039,0,275,2012,10
2012-10-02,23.989993360266112,0.54990226,35.410626512020826,0,276,2012,10
2012-10-03,23.55999336987736,0.27479228,35.42130799032748,0,277,2012,10
2012-10-04,23.58999336920681,0.41564167,35.422833915799856,0,278,2012,10
2012-10-05,23.639993368089225,0.47291896,35.42130799032748,0,279,2012,10
2012-10-06,24.01999335959556,0.47277004,35.412152437493205,0,280,2012,10
2012-10-07,23.949993361160185,0.2998332,35.401470959186554,0,281,2012,10
2012-10-08,24.509993348643206,0.24567914,35.39384133182466,0,282,2012,10
2012-10-09,24.67999334484341,0.34211746,35.399945033714175,0,283,2012,10
2012-10-10,24.40999335087838,0.34526956,35.399945033714175,0,284,2012,10
2012-10-11,24.569993347302105,0.33667767,35.39689318276942,0,285,2012,10
2012-10-12,24.929993339255475,0.27267972,35.387737629935145,0,286,2012,10
2012-10-13,25.60999332405629,0.26208112,35.38468577899039,0,287,2012,10
2012-10-14,25.45999332740905,0.2622136,35.38315985351801,0,288,2012,10
2012-10-15,25.629993323609256,0.22943757,35.3907894808799,0,289,2012,10
2012-10-16,25.349993329867743,0.21376921,35.3907894808799,0,290,2012,10
2012-10-17,25.229993332549952,0.23181279,35.389263555407524,0,291,2012,10
2012-10-18,25.199993333220505,0.28608662,35.38621170446277,0,292,2012,10
2012-10-19,25.45999332740905,0.27287558,35.38163392804563,0,293,2012,10
2012-10-20,25.499993326514986,0.40710962,35.32517468556762,0,294,2012,10
2012-10-21,25.359993329644222,0.40370733,35.11459697037935,0,295,2012,10
2012-10-22,25.359993329644222,0.5024332,34.79110077023506,0,296,2012,10
2012-10-23,25.199993333220505,0.32051682,34.78347114287317,0,297,2012,10
2012-10-24,25.009993337467336,0.24807595,34.88570814952254,0,298,2012,10
2012-10-25,24.90999333970251,0.22183618,35.10696734301746,0,299,2012,10
2012-10-26,25.13999333456161,0.22593519,35.1756339892745,0,300,2012,10
2012-10-27,25.21999333277347,0.14412536,35.244300635531545,0,301,2012,10
2012-10-28,25.269993331655883,0.1441272,35.33433023840189,0,302,2012,10
2012-10-29,25.499993326514986,0.1422223,35.33433023840189,0,303,2012,10
2012-10-30,25.349993329867743,0.24342462,35.338908014819026,0,304,2012,10
2012-10-31,25.0299933370203,0.24398416,35.33280431292951,0,305,2012,10
2012-11-01,24.75999334305527,0.32456598,35.21683397702873,0,306,2012,11
2012-11-02,24.739993343502302,0.3239465,35.087130311876535,0,307,2012,11
2012-11-03,24.729993343725823,0.36516833,35.08407846093178,0,308,2012,11
2012-11-04,24.71999334394934,0.36494112,35.13138215057552,0,309,2012,11
2012-11-05,24.649993345513963,0.21674576,35.16953028738499,0,310,2012,11
2012-11-06,24.919993339478992,0.2880669,35.160374734550714,0,311,2012,11
2012-11-07,25.189993333444026,0.2880669,35.1039154920727,0,312,2012,11
2012-11-08,24.919993339478992,0.23724453,35.05966365337372,0,313,2012,11
2012-11-09,24.739993343502302,0.185722,35.026093292981386,0,314,2012,11
2012-11-10,25.349993329867743,0.18583108,35.052034026011825,0,315,2012,11
2012-11-11,25.939993316680216,0.18530273,35.13901177793741,0,316,2012,11
2012-11-12,26.18999331109228,0.2051712,35.29618210159242,0,317,2012,11
2012-11-13,25.939993316680216,0.2051712,35.410626512020826,0,318,2012,11
2012-11-14,25.7199933215976,0.18403816,35.40757466107607,0,319,2012,11
2012-11-15,26.099993313103937,0.21979879,35.36790059879422,0,320,2012,11
2012-11-16,26.10999331288042,0.18707235,35.41825613938272,0,321,2012,11
2012-11-17,26.249993309751176,0.16653545,35.436567245051265,0,322,2012,11
2012-11-18,26.199993310868763,0.16501391,35.422833915799856,0,323,2012,11
2012-11-19,26.359993307292484,0.15658297,35.425885766744614,0,324,2012,11
2012-11-20,26.72999329902234,0.21773201,35.43961909599602,0,325,2012,11
2012-11-21,26.45999330505731,0.22412883,35.4625079780817,0,326,2012,11
2012-11-22,26.139993312209867,0.22414759,35.45487835071981,0,327,2012,11
2012-11-23,26.369993307068967,0.1496007,35.45030057430267,0,328,2012,11
2012-11-24,26.68999329991641,0.14410156,35.42893761768937,0,329,2012,11
2012-11-25,26.49999330416324,0.11316901,35.422833915799856,0,330,2012,11
2012-11-26,26.049993314221524,0.13144393,35.40757466107607,0,331,2012,11
2012-11-27,26.18999331109228,0.14566419,35.401470959186554,0,332,2012,11
2012-11-28,26.139993312209867,0.12770575,35.39689318276942,0,333,2012,11
2012-11-29,26.1799933113158,0.12769613,35.387737629935145,0,334,2012,11
2012-11-30,26.03999331444504,0.14271493,35.377056151628494,0,335,2012,11
2012-12-01,25.819993319362425,0.13161635,35.38010800257325,0,336,2012,12
2012-12-02,25.899993317574285,0.12987582,35.387737629935145,0,337,2012,12
2012-12-03,26.099993313103937,0.13130423,35.39689318276942,0,338,2012,12
2012-12-04,26.639993301034,0.13123858,35.41673021391034,0,339,2012,12
2012-12-05,26.899993295222544,0.1181372,35.44267094694078,0,340,2012,12
2012-12-06,27.129993290081643,0.11813174,35.50065611489117,0,341,2012,12
2012-12-07,27.369993284717225,0.15262873,35.56169313378632,0,342,2012,12
2012-12-08,27.399993284046676,0.1543346,35.580004239454865,0,343,2012,12
2012-12-09,27.54999328069391,0.1543346,35.618152376264334,0,344,2012,12
2012-12-10,26.8099932972342,0.14497636,35.63188570551574,0,345,2012,12
2012-12-11,26.18999331109228,0.14497519,35.616626450791955,0,346,2012,12
2012-12-12,26.48999330438676,0.11567197,35.627307929098606,0,347,2012,12
2012-12-13,26.92999329455199,0.11812522,35.628833854570985,0,348,2012,12
2012-12-14,27.11999329030516,0.12220977,35.604419047012925,0,349,2012,12
2012-12-15,27.529993281140943,0.12160875,35.593737568706274,0,350,2012,12
2012-12-16,27.4999932818115,0.11663836,35.60747089795768,0,351,2012,12
2012-12-17,27.31999328583481,0.11735131,35.60747089795768,0,352,2012,12
2012-12-18,27.34999328516426,0.11068916,35.57237461209297,0,353,2012,12
2012-12-19,27.459993282705568,0.12609915,35.5418561026454,0,354,2012,12
2012-12-20,27.56999328024688,0.11773231,35.53880425170064,0,355,2012,12
2012-12-21,27.38999328427019,0.11621148,35.496078338474035,0,356,2012,12
2012-12-22,27.11999329030516,0.13376851,35.435041319578886,0,357,2012,12
2012-12-23,27.459993282705568,0.17445213,35.43198946863413,0,358,2012,12
2012-12-24,27.559993280470398,0.15542404,35.4701376054436,0,359,2012,12
2012-12-25,27.41999328359964,0.15542404,35.47776723280549,0,360,2012,12
2012-12-26,27.599993279576324,0.17029558,35.448774648830295,0,361,2012,12
2012-12-27,27.609993279352807,0.18028058,35.42130799032748,0,362,2012,12
2012-12-28,27.749993276223563,0.18045077,35.171056212857366,0,363,2012,12
2012-12-29,27.80999327488246,0.16538458,34.485915675759315,0,364,2012,12
2012-12-30,28.489993259683278,0.2735695,34.33484905399382,0,365,2012,12
2012-12-31,28.759993253648304,0.2735695,34.714804496616125,0,366,2012,12
2013-01-01,28.87999325096609,0.268171,35.01998959109187,0,1,2013,1
2013-01-02,27.679993277788185,0.47164908,34.87655259668827,0,2,2013,1
2013-01-03,27.069993291422747,0.50085574,34.7239600494504,0,3,2013,1
2013-01-04,26.92999329455199,0.24562739,34.98336737975478,0,4,2013,1
2013-01-05,26.87999329566958,0.24314192,34.907071106135845,0,5,2013,1
2013-01-06,26.719993299245857,0.21489061,34.980315528810024,0,6,2013,1
2013-01-07,26.859993296116613,0.12693727,35.22293767891824,0,7,2013,1
2013-01-08,27.85999327376487,0.12827823,35.21073027513921,0,8,2013,1
2013-01-09,28.149993267282863,0.13558282,35.23819693364203,0,9,2013,1
2013-01-10,28.459993260353823,0.13364695,35.28855247423053,0,10,2013,1
2013-01-11,28.609993257001065,0.13339469,35.29007839970291,0,11,2013,1
2013-01-12,28.47999325990679,0.12886901,35.25955989025533,0,12,2013,1
2013-01-13,28.19999326616528,0.16024368,35.16342658549547,0,13,2013,1
2013-01-14,28.229993265494727,0.16041814,34.94979701936245,0,14,2013,1
2013-01-15,28.43999326080086,0.16041823,34.54084899276495,0,15,2013,1
2013-01-16,28.529993258789204,0.16376886,33.01492352038622,0,16,2013,1
2013-01-17,28.919993250072025,0.13543573,32.22144227474928,0,17,2013,1
2013-01-18,28.87999325096609,0.1298926,32.12530896998942,0,18,2013,1
2013-01-19,28.86999325118961,0.13850157,32.25806448608637,0,19,2013,1
2013-01-20,28.74999325387182,0.13472599,32.27179781533778,0,20,2013,1
2013-01-21,28.619993256777548,0.117718145,32.21686449833214,0,21,2013,1
2013-01-22,28.47999325990679,0.13122025,32.624286599457264,0,22,2013,1
2013-01-23,28.39999326169493,0.13122025,33.79924921318889,0,23,2013,1
2013-01-24,28.25999326482417,0.110093825,34.17004910297692,0,24,2013,1
2013-01-25,28.15999326705935,0.13454562,34.3363749794662,0,25,2013,1
2013-01-26,28.06999326907101,0.13454562,34.42030088044703,0,26,2013,1
2013-01-27,27.63999327868225,0.104633264,34.57747120410204,0,27,2013,1
2013-01-28,27.56999328024688,0.0877695,34.68123413622379,1,28,2013,1
2013-01-29,27.599993279576324,0.13250734,34.80483409948647,0,29,2013,1
2013-01-30,27.719993276894115,0.088096336,34.94064146652818,0,30,2013,1
2013-01-31,27.789993275329493,0.11603137,34.98794515617192,0,31,2013,1
2013-02-01,27.799993275105976,0.11601107,34.91470073349774,0,32,2013,2
2013-02-02,27.80999327488246,0.113025256,34.95132294483483,0,33,2013,2
2013-02-03,27.909993272647284,0.1130564,34.992522932589054,0,34,2013,2
2013-02-04,27.8999932728708,0.108185686,34.9894710816443,0,35,2013,2
2013-02-05,27.84999327398839,0.10805056,35.00625626184046,0,36,2013,2
2013-02-06,27.999993270635628,0.13128814,35.06576735526323,0,37,2013,2
2013-02-07,28.20999326594176,0.13700674,35.08102660998702,0,38,2013,2
2013-02-08,28.08999326862397,0.14585695,35.00015255995095,0,39,2013,2
2013-02-09,28.11999326795342,0.097467594,35.013885889202356,0,40,2013,2
2013-02-10,28.08999326862397,0.10557047,35.08560438640416,0,41,2013,2
2013-02-11,28.109993268176936,0.105567925,35.16342658549547,0,42,2013,2
2013-02-12,28.15999326705935,0.12020294,35.184789542108774,0,43,2013,2
2013-02-13,28.00999327041211,0.12750009,35.21225620061159,0,44,2013,2
2013-02-14,27.94999327175321,0.12012464,35.207678424194455,0,45,2013,2
2013-02-15,27.88999327309432,0.114510275,35.21378212608397,0,46,2013,2
2013-02-16,27.649993278458737,0.12795222,35.30838950537145,0,47,2013,2
2013-02-17,27.529993281140943,0.12834935,35.338908014819026,0,48,2013,2
2013-02-18,27.7299932766706,0.14940925,35.30075987800956,0,49,2013,2
2013-02-19,28.339993263036035,0.14996353,35.25955989025533,0,50,2013,2
2013-02-20,28.46999326013031,0.17747837,35.218359902501106,0,51,2013,2
2013-02-21,28.43999326080086,0.18026923,35.19852287136018,0,52,2013,2
2013-02-22,28.359993262589,0.15733905,35.2473524864763,0,53,2013,2
2013-02-23,28.109993268176936,0.15821566,35.293130250647664,0,54,2013,2
2013-02-24,27.80999327488246,0.13974759,35.32364876009524,0,55,2013,2
2013-02-25,27.81999327465894,0.17255624,35.35569319501519,0,56,2013,2
2013-02-26,27.84999327398839,0.15677418,35.38315985351801,0,57,2013,2
2013-02-27,28.00999327041211,0.15677428,35.39384133182466,0,58,2013,2
2013-02-28,27.839993274211903,0.18602045,35.39384133182466,0,59,2013,2
2013-03-01,27.75999327600005,0.15270616,35.38315985351801,0,60,2013,3
2013-03-02,27.799993275105976,0.14309308,35.35874504595995,0,61,2013,3
2013-03-03,27.84999327398839,0.17312847,35.34653764218092,0,62,2013,3
2013-03-04,27.8999932728708,0.22439449,35.34195986576378,0,63,2013,3
2013-03-05,27.709993277117636,0.19951205,35.34653764218092,0,64,2013,3
2013-03-06,27.709993277117636,0.16196859,35.35569319501519,0,65,2013,3
2013-03-07,27.81999327465894,0.17802368,35.36637467332184,0,66,2013,3
2013-03-08,27.8999932728708,0.1873698,35.37400430068374,0,67,2013,3
2013-03-09,27.96999327130618,0.19365041,35.34195986576378,0,68,2013,3
2013-03-10,28.019993270188596,0.19356804,35.314493207260966,0,69,2013,3
2013-03-11,28.06999326907101,0.18330865,35.326700611039996,0,70,2013,3
2013-03-12,28.019993270188596,0.19330762,35.33738208934665,0,71,2013,3
2013-03-13,27.94999327175321,0.22070776,35.35416726954281,0,72,2013,3
2013-03-14,27.869993273541358,0.2373555,35.36790059879422,0,73,2013,3
2013-03-15,28.07999326884749,0.26364642,35.37858207710087,0,74,2013,3
2013-03-16,28.20999326594176,0.2017576,35.39231540635228,0,75,2013,3
2013-03-17,28.139993267506384,0.1535866,35.41520428843796,0,76,2013,3
2013-03-18,27.96999327130618,0.17176673,35.42893761768937,0,77,2013,3
2013-03-19,27.789993275329493,0.1766688,35.45030057430267,0,78,2013,3
2013-03-20,27.869993273541358,0.22446868,35.460982052609324,0,79,2013,3
2013-03-21,27.94999327175321,0.2073856,35.46708575449884,0,80,2013,3
2013-03-22,28.03999326974156,0.22407451,35.47471538186073,0,81,2013,3
2013-03-23,27.92999327220025,0.23919281,35.483870934695005,0,82,2013,3
2013-03-24,27.8999932728708,0.1341878,35.48692278563976,0,83,2013,3
2013-03-25,27.559993280470398,0.13296643,35.485396860167384,0,84,2013,3
2013-03-26,27.56999328024688,0.1485268,35.47929315827787,0,85,2013,3
2013-03-27,27.379993284493708,0.20595649,35.47624130733311,0,86,2013,3
2013-03-28,27.089993290975716,0.20523755,35.47929315827787,0,87,2013,3
2013-03-29,27.089993290975716,0.24200663,35.47776723280549,0,88,2013,3
2013-03-30,27.149993289634608,0.21252818,35.447248723357916,0,89,2013,3
2013-03-31,27.209993288293504,0.21420722,35.36179689690471,0,90,2013,3
2013-04-01,27.27999328672888,0.19126047,35.22446360439062,0,91,2013,4
2013-04-02,27.22999328784647,0.190165,35.076448833569884,0,92,2013,4
2013-04-03,27.249993287399437,0.1831268,35.038300696760416,0,93,2013,4
2013-04-04,27.219993288069983,0.19456129,35.16647843644023,0,94,2013,4
2013-04-05,26.88999329544606,0.19699602,35.39384133182466,0,95,2013,4
2013-04-06,26.819993297010683,0.24548012,35.435041319578886,0,96,2013,4
2013-04-07,26.779993297904756,0.23143847,35.41520428843796,0,97,2013,4
2013-04-08,26.629993301257517,0.22577065,35.41673021391034,0,98,2013,4
2013-04-09,26.469993304833796,0.32251024,35.41520428843796,0,99,2013,4
2013-04-10,26.529993303492688,0.24076127,35.401470959186554,0,100,2013,4
2013-04-11,26.559993302822136,0.24070774,35.15579695813358,0,101,2013,4
2013-04-12,26.30999330841007,0.2745526,34.96200442314148,0,102,2013,4
2013-04-13,26.25999330952766,0.22607428,34.88723407499492,0,103,2013,4
2013-04-14,26.1799933113158,0.32198557,34.7956785466522,0,104,2013,4
2013-04-15,26.1799933113158,0.27708042,34.77126373909414,0,105,2013,4
2013-04-16,26.009993315115597,0.22242041,34.774315590038896,0,106,2013,4
2013-04-17,25.87999331802132,0.22361526,34.81856742873788,0,107,2013,4
2013-04-18,25.70999332182112,0.24197346,34.92385628633201,0,108,2013,4
2013-04-19,25.68999332226815,0.29513922,35.0108340382576,0,109,2013,4
2013-04-20,25.95999331623318,0.18621111,35.039826622232795,0,110,2013,4
2013-04-21,25.9499933164567,0.1940903,35.039826622232795,0,111,2013,4
2013-04-22,25.849993318691872,0.3119433,35.04593032412231,0,112,2013,4
2013-04-23,25.909993317350768,0.24962062,35.02151551656425,0,113,2013,4
2013-04-24,25.9499933164567,0.27780515,35.05966365337372,0,114,2013,4
2013-04-25,25.87999331802132,0.1835048,35.09781179018319,0,115,2013,4
2013-04-26,25.79999331980946,0.3084244,35.088656237348914,0,116,2013,4
2013-04-27,25.79999331980946,0.2889032,35.05661180242896,0,117,2013,4
2013-04-28,25.939993316680216,0.2191526,35.06729328073561,0,118,2013,4
2013-04-29,26.08999331332745,0.20130211,35.09475993923843,0,119,2013,4
2013-04-30,26.18999331109228,0.18520425,35.111545119434595,0,120,2013,4
2013-05-01,26.319993308186557,0.16935521,35.122226597741246,0,121,2013,5
2013-05-02,26.37999330684545,0.17380773,35.14511547982693,0,122,2013,5
2013-05-03,26.33999330773952,0.16346657,35.17410806380212,0,123,2013,5
2013-05-04,26.1799933113158,0.1750871,35.19394509494305,0,124,2013,5
2013-05-05,26.08999331332745,0.1750871,35.18631546758115,0,125,2013,5
2013-05-06,25.98999331556263,0.25907412,35.1329080760479,0,126,2013,5
2013-05-07,25.909993317350768,0.24028093,35.14969325624406,0,127,2013,5
2013-05-08,25.619993323832773,0.24863583,35.171056212857366,0,128,2013,5
2013-05-09,25.389993328973677,0.35952008,35.22904138080776,0,129,2013,5
2013-05-10,25.349993329867743,0.48010868,35.267189517617226,0,130,2013,5
2013-05-11,25.319993330538296,0.35967717,35.28397469781339,0,131,2013,5
2013-05-12,25.289993331208848,0.20043886,35.31144135631621,0,132,2013,5
2013-05-13,25.129993334785127,0.23173738,35.33127838745713,0,133,2013,5
2013-05-14,25.019993337243815,0.29112333,35.34653764218092,0,134,2013,5
2013-05-15,25.049993336573262,0.25871047,35.363322822377086,0,135,2013,5
2013-05-16,25.389993328973677,0.20314656,35.3694265242666,0,136,2013,5
2013-05-17,25.289993331208848,0.19299532,35.37247837521136,0,137,2013,5
2013-05-18,25.239993332326435,0.19187279,35.38163392804563,0,138,2013,5
2013-05-19,25.21999333277347,0.14450428,35.38621170446277,0,139,2013,5
2013-05-20,25.199993333220505,0.20585631,35.38468577899039,0,140,2013,5
2013-05-21,25.169993333891057,0.25785244,35.37400430068374,0,141,2013,5
2013-05-22,25.06999333612623,0.22897772,35.36790059879422,0,142,2013,5
2013-05-23,25.009993337467336,0.20692934,35.37400430068374,0,143,2013,5
2013-05-24,25.039993336796783,0.2314623,35.38010800257325,0,144,2013,5
2013-05-25,25.15999333411457,0.2603897,35.387737629935145,0,145,2013,5
2013-05-26,25.309993330761813,0.19733675,35.39231540635228,0,146,2013,5
2013-05-27,25.119993335008644,0.19837585,35.401470959186554,0,147,2013,5
2013-05-28,24.979993338137888,0.2546777,35.4197820648551,0,148,2013,5
2013-05-29,24.809993341937684,0.2526754,35.425885766744614,0,149,2013,5
2013-05-30,24.93999333903196,0.22664896,35.43046354316175,0,150,2013,5
2013-05-31,24.86999334059658,0.29249573,35.43809317052364,0,151,2013,5
2013-06-01,25.009993337467336,0.30046156,35.43351539410651,0,152,2013,6
2013-06-02,25.05999333634975,0.269745,35.42741169221699,0,153,2013,6
2013-06-03,24.959993338584923,0.27015617,35.40452281013131,0,154,2013,6
2013-06-04,24.84999334104361,0.840267,35.36179689690471,0,155,2013,6
2013-06-05,24.959993338584923,0.6250162,35.33280431292951,0,156,2013,6
2013-06-06,24.929993339255475,0.60524714,35.32059690915048,0,157,2013,6
2013-06-07,24.429993350431342,0.3637131,35.30686357989907,0,158,2013,6
2013-06-08,24.239993354678177,1.2798676,35.30228580348194,0,159,2013,6
2013-06-09,24.119993357360386,1.6912231,35.30686357989907,0,160,2013,6
2013-06-10,24.079993358254452,1.1623241,35.30991543084383,0,161,2013,6
2013-06-11,24.21999335512521,0.23443279,35.3190709836781,0,162,2013,6
2013-06-12,24.13999335691335,0.23115294,35.3190709836781,0,163,2013,6
2013-06-13,23.999993360042595,0.5944947,35.32059690915048,0,164,2013,6
2013-06-14,23.959993360936664,0.26535472,35.33127838745713,0,165,2013,6
2013-06-15,24.109993357583903,0.4505758,35.329752461984754,0,166,2013,6
2013-06-16,24.28999335356059,0.34636828,35.34348579123616,0,167,2013,6
2013-06-17,24.429993350431342,0.25695997,35.37400430068374,0,168,2013,6
2013-06-18,24.43999335020783,0.27148464,35.3984191082418,0,169,2013,6
2013-06-19,24.389993351325412,0.21261919,35.413678362965584,0,170,2013,6
2013-06-20,24.22999335490169,0.2459915,35.41673021391034,0,171,2013,6
2013-06-21,24.24999335445466,0.2794197,35.40757466107607,0,172,2013,6
2013-06-22,24.12999335713687,0.26646462,35.41520428843796,0,173,2013,6
2013-06-23,24.1699933562428,0.24676035,35.43351539410651,0,174,2013,6
2013-06-24,24.239993354678177,0.203633,35.45030057430267,0,175,2013,6
2013-06-25,24.31999335289004,0.19295414,35.45487835071981,0,176,2013,6
2013-06-26,24.28999335356059,0.33496037,35.447248723357916,0,177,2013,6
2013-06-27,24.17999335601928,0.4413738,35.44419687241316,0,178,2013,6
2013-06-28,24.149993356689837,0.43721768,35.45335242524743,0,179,2013,6
2013-06-29,24.069993358477973,0.34098235,35.46861167997122,0,180,2013,6
2013-06-30,24.069993358477973,0.4876026,35.46555982902646,0,181,2013,6
2013-07-01,24.069993358477973,0.59080017,35.448774648830295,0,182,2013,7
2013-07-02,24.13999335691335,0.31914118,35.43198946863413,0,183,2013,7
2013-07-03,24.13999335691335,0.20800567,35.4197820648551,0,184,2013,7
2013-07-04,24.119993357360386,0.2935586,35.40452281013131,0,185,2013,7
2013-07-05,24.119993357360386,0.27314475,35.399945033714175,0,186,2013,7
2013-07-06,24.09999335780742,0.27908972,35.3984191082418,0,187,2013,7
2013-07-07,24.00999335981908,0.35705233,35.399945033714175,0,188,2013,7
2013-07-08,23.84999336339536,0.58267814,35.410626512020826,0,189,2013,7
2013-07-09,23.62999336831274,0.25172052,35.41825613938272,0,190,2013,7
2013-07-10,23.71999336630108,0.315947,35.425885766744614,0,191,2013,7
2013-07-11,23.78999336473646,0.25732753,35.43351539410651,0,192,2013,7
2013-07-12,23.779993364959974,0.23885791,35.436567245051265,0,193,2013,7
2013-07-13,23.86999336294832,0.19832265,35.43961909599602,0,194,2013,7
2013-07-14,23.91999336183073,0.19716114,35.44267094694078,0,195,2013,7
2013-07-15,23.969993360713147,0.20931701,35.44572279788554,0,196,2013,7
2013-07-16,23.89999336227777,0.20382847,35.45182649977505,0,197,2013,7
2013-07-17,23.959993360936664,0.21244088,35.45182649977505,0,198,2013,7
2013-07-18,23.989993360266112,0.2138726,35.45487835071981,0,199,2013,7
2013-07-19,23.959993360936664,0.2621802,35.45487835071981,0,200,2013,7
2013-07-20,23.82999336384239,0.20977786,35.45182649977505,0,201,2013,7
2013-07-21,23.809993364289426,0.39297983,35.44419687241316,0,202,2013,7
2013-07-22,23.759993365407013,0.2928127,35.44572279788554,1,203,2013,7
2013-07-23,23.40999337323012,0.44323537,35.43198946863413,0,204,2013,7
2013-07-24,23.31999337524178,0.3889566,35.39536725729704,0,205,2013,7
2013-07-25,23.31999337524178,0.4160117,35.3694265242666,0,206,2013,7
2013-07-26,23.419993373006605,0.36361507,35.34348579123616,0,207,2013,7
2013-07-27,23.269993376359366,0.3663168,35.31296728178859,0,208,2013,7
2013-07-28,23.199993377923988,0.72527385,35.35569319501519,0,209,2013,7
2013-07-29,23.119993379712128,0.72527194,35.3694265242666,0,210,2013,7
2013-07-30,23.219993377476957,0.31115732,35.38010800257325,0,211,2013,7
2013-07-31,23.2499933768064,0.67867875,35.399945033714175,0,212,2013,7
2013-08-01,23.219993377476957,0.38048658,35.410626512020826,0,213,2013,8
2013-08-02,23.259993376582884,0.24996187,35.410626512020826,0,214,2013,8
2013-08-03,23.199993377923988,0.31923008,35.401470959186554,0,215,2013,8
2013-08-04,23.059993381053232,0.36324415,35.38468577899039,0,216,2013,8
2013-08-05,23.12999337948861,0.38404784,35.363322822377086,0,217,2013,8
2013-08-06,23.119993379712128,0.38381696,35.33738208934665,0,218,2013,8
2013-08-07,22.949993383511924,0.37875095,35.303811728954315,0,219,2013,8
2013-08-08,22.89999338462951,0.47071576,35.28855247423053,0,220,2013,8
2013-08-09,22.95999338328841,0.42840078,35.29465617612004,0,221,2013,8
2013-08-10,22.92999338395896,0.35858902,35.29465617612004,0,222,2013,8
2013-08-11,23.23999337702992,0.4357145,35.29923395253718,0,223,2013,8
2013-08-12,23.23999337702992,0.43530667,35.303811728954315,0,224,2013,8
2013-08-13,23.23999337702992,1.4073691,35.30686357989907,0,225,2013,8
2013-08-14,23.219993377476957,0.7904611,35.29465617612004,0,226,2013,8
2013-08-15,23.029993381723784,0.49133635,35.280922846868634,0,227,2013,8
2013-08-16,22.999993382394337,0.772978,35.25803396478295,0,228,2013,8
2013-08-17,23.199993377923988,0.7970384,35.242774710059166,0,229,2013,8
2013-08-18,23.29999337568881,0.7771249,35.24582656100392,0,230,2013,8
2013-08-19,23.27999337613585,0.48505524,35.22446360439062,0,231,2013,8
2013-08-20,23.2499933768064,0.47732463,35.21683397702873,0,232,2013,8
2013-08-21,23.08999338038268,0.47592336,35.21378212608397,0,233,2013,8
2013-08-22,22.909993384405997,0.5631844,35.209204349666834,0,234,2013,8
2013-08-23,22.83999338597061,0.6577523,35.207678424194455,0,235,2013,8
2013-08-24,23.119993379712128,0.51274717,35.207678424194455,0,236,2013,8
2013-08-25,23.14999337904157,0.4776967,35.20157472230494,0,237,2013,8
2013-08-26,23.09999338015916,0.45221645,35.20310064777732,0,238,2013,8
2013-08-27,23.139993379265093,0.8675959,35.20157472230494,0,239,2013,8
2013-08-28,23.23999337702992,0.59524447,35.19394509494305,0,240,2013,8
2013-08-29,22.96999338306489,0.7109428,35.19089324399829,0,241,2013,8
2013-08-30,22.62999339066448,0.3806446,35.19852287136018,0,242,2013,8
2013-08-31,22.89999338462951,0.38002262,35.206152498722076,0,243,2013,8
2013-09-01,23.0199933819473,0.21668708,35.209204349666834,0,244,2013,9
2013-09-02,23.22999337725344,0.21018192,35.209204349666834,0,245,2013,9
2013-09-03,23.32999337501826,0.31150904,35.206152498722076,0,246,2013,9
2013-09-04,23.419993373006605,0.28512028,35.19394509494305,0,247,2013,9
2013-09-05,23.499993371218466,0.24407025,35.196996945887804,0,248,2013,9
2013-09-06,23.469993371889014,0.18443844,35.209204349666834,0,249,2013,9
2013-09-07,23.309993375465297,0.19174439,35.209204349666834,0,250,2013,9
2013-09-08,23.2499933768064,0.2101563,35.206152498722076,0,251,2013,9
2013-09-09,23.45999337211253,0.16229454,35.2046265732497,0,252,2013,9
2013-09-10,23.4799933716655,0.16644283,35.207678424194455,0,253,2013,9
2013-09-11,23.339993374794744,0.5567222,35.20157472230494,1,254,2013,9
2013-09-12,23.379993373900675,0.6730017,35.184789542108774,0,255,2013,9
2013-09-13,23.28999337591233,0.65367764,35.184789542108774,0,256,2013,9
2013-09-14,23.32999337501826,0.65363324,35.196996945887804,0,257,2013,9
2013-09-15,23.469993371889014,0.7292286,35.21225620061159,0,258,2013,9
2013-09-16,23.58999336920681,0.555267,35.21378212608397,0,259,2013,9
2013-09-17,23.959993360936664,0.6017784,35.19852287136018,0,260,2013,9
2013-09-18,24.20999335534873,0.20054446,35.172582138329744,0,261,2013,9
2013-09-19,24.339993352443003,0.24733561,35.16800436191261,0,262,2013,9
2013-09-20,24.379993351548933,0.24733561,35.16647843644023,0,263,2013,9
2013-09-21,24.309993353113555,0.2473367,35.15732288360596,0,264,2013,9
2013-09-22,24.149993356689837,0.24737471,35.07034513168037,0,265,2013,9
2013-09-23,24.17999335601928,0.25398088,34.89181185141206,1,266,2013,9
2013-09-24,24.309993353113555,0.48965964,34.72090819850564,0,267,2013,9
2013-09-25,24.119993357360386,0.4598915,34.69801931641996,0,268,2013,9
2013-09-26,24.109993357583903,0.46038014,34.49354530312121,0,269,2013,9
2013-09-27,24.09999335780742,0.53870106,34.522537887096405,0,270,2013,9
2013-09-28,24.079993358254452,0.53870106,34.81551557779312,0,271,2013,9
2013-09-29,23.929993361607217,0.53870106,34.42030088044703,0,272,2013,9
2013-09-30,23.97999336048963,0.2462372,34.424878656864166,0,273,2013,9
2013-10-01,24.039993359148525,0.24626897,34.47065642103553,0,274,2013,10
2013-10-02,24.039993359148525,0.28014272,34.461500868201256,0,275,2013,10
2013-10-03,24.00999335981908,0.23799396,34.461500868201256,0,276,2013,10
2013-10-04,24.189993355795764,0.2082252,34.42182680591941,0,277,2013,10
2013-10-05,24.359993351995968,0.2706539,34.437086060643196,0,278,2013,10
2013-10-06,24.459993349760797,0.20868498,34.41724902950227,0,279,2013,10
2013-10-07,24.51999334841969,0.19107124,34.46455271914601,0,280,2013,10
2013-10-08,24.549993347749137,0.18574223,34.58967860788107,0,281,2013,10
2013-10-09,24.819993341714166,0.8165841,34.81856742873788,0,282,2013,10
2013-10-10,24.609993346408032,0.84603864,34.908597031608224,0,283,2013,10
2013-10-11,24.36999335177245,0.83133644,34.90554518066347,0,284,2013,10
2013-10-12,24.549993347749137,0.49253428,34.847560012713075,0,285,2013,10
2013-10-13,24.63999334573748,0.49253428,34.847560012713075,0,286,2013,10
2013-10-14,24.549993347749137,0.49247035,35.100863641127944,0,287,2013,10
2013-10-15,24.399993351101894,0.16465476,35.087130311876535,0,288,2013,10
2013-10-16,24.379993351548933,0.16464925,35.07034513168037,0,289,2013,10
2013-10-17,24.509993348643206,0.21600617,35.06881920620799,0,290,2013,10
2013-10-18,24.63999334573748,0.18585867,35.08560438640416,0,291,2013,10
2013-10-19,24.669993345066928,0.17101084,35.110019193962216,0,292,2013,10
2013-10-20,24.309993353113555,0.15373959,35.14358955435455,0,293,2013,10
2013-10-21,24.259993354231145,0.15182999,35.172582138329744,0,294,2013,10
2013-10-22,24.389993351325412,0.18602541,35.16495251096785,0,295,2013,10
2013-10-23,24.359993351995968,0.18190086,35.21073027513921,0,296,2013,10
2013-10-24,24.48999334909024,0.21173397,35.2473524864763,0,297,2013,10
2013-10-25,24.549993347749137,0.20911057,35.27176729403436,0,298,2013,10
2013-10-26,24.269993354007624,0.18827717,35.28550062328577,0,299,2013,10
2013-10-27,23.799993364512943,0.17862494,35.268715443089604,0,300,2013,10
2013-10-28,23.619993368536257,0.17901622,35.23819693364203,0,301,2013,10
2013-10-29,24.09999335780742,0.19044083,35.21530805155635,0,302,2013,10
2013-10-30,24.619993346184515,0.18223746,35.19852287136018,0,303,2013,10
2013-10-31,24.649993345513963,0.18223746,35.172582138329744,0,304,2013,10
2013-11-01,24.59999334663155,0.18223746,35.15579695813358,0,305,2013,11
2013-11-02,24.71999334394934,0.29781953,35.14969325624406,0,306,2013,11
2013-11-03,24.83999334126713,0.29283738,35.16647843644023,0,307,2013,11
2013-11-04,25.40999332852664,0.29781717,35.183263616636395,0,308,2013,11
2013-11-05,25.039993336796783,0.23705219,35.183263616636395,0,309,2013,11
2013-11-06,24.399993351101894,0.34965348,35.171056212857366,0,310,2013,11
2013-11-07,24.349993352219485,0.3269706,35.16953028738499,0,311,2013,11
2013-11-08,24.579993347078585,0.40066308,35.171056212857366,0,312,2013,11
2013-11-09,24.86999334059658,0.40061367,35.158848809078336,0,313,2013,11
2013-11-10,24.94999333880844,0.40093377,35.14511547982693,0,314,2013,11
2013-11-11,25.52999332584443,2.259714,35.1329080760479,0,315,2013,11
2013-11-12,24.55999334752562,2.3612616,35.13901177793741,0,316,2013,11
2013-11-13,23.84999336339536,2.362014,35.14053770340979,0,317,2013,11
2013-11-14,24.089993358030934,1.7218612,35.14358955435455,0,318,2013,11
2013-11-15,24.069993358477973,3.8112485,35.15274510718882,0,319,2013,11
2013-11-16,24.709993344172855,3.8112485,35.13748585246503,0,320,2013,11
2013-11-17,25.209993332996987,0.83812845,35.11917474679649,0,321,2013,11
2013-11-18,25.329993330314775,0.21811205,35.1039154920727,0,322,2013,11
2013-11-19,25.509993326291465,0.3166453,35.04593032412231,0,323,2013,11
2013-11-20,25.67999332249167,0.87316364,35.039826622232795,0,324,2013,11
2013-11-21,25.68999332226815,0.8731681,35.04745624959469,0,325,2013,11
2013-11-22,25.75999332070353,0.88532776,35.05508587695658,0,326,2013,11
2013-11-23,25.76999332048001,0.3789686,35.07797475904226,0,327,2013,11
2013-11-24,25.77999332025649,0.36332136,35.09323401376605,0,328,2013,11
2013-11-25,25.819993319362425,0.3509003,35.11917474679649,0,329,2013,11
2013-11-26,25.969993316009663,0.3508681,35.146641405299306,0,330,2013,11
2013-11-27,26.10999331288042,0.19451553,35.14358955435455,0,331,2013,11
2013-11-28,25.95999331623318,0.18206039,35.11917474679649,0,332,2013,11
2013-11-29,25.889993317797803,0.18223378,35.12070067226887,0,333,2013,11
2013-11-30,25.91999331712725,0.50914454,35.15274510718882,0,334,2013,11
2013-12-01,25.939993316680216,0.50873077,35.20310064777732,0,335,2013,12
2013-12-02,25.91999331712725,0.50376177,35.20310064777732,0,336,2013,12
2013-12-03,26.009993315115597,0.23583826,35.207678424194455,0,337,2013,12
2013-12-04,26.209993310645245,0.24002022,35.244300635531545,0,338,2013,12
2013-12-05,26.249993309751176,0.2127628,35.26108581572771,0,339,2013,12
2013-12-06,26.289993308857103,0.18802677,35.26566359214485,0,340,2013,12
2013-12-07,26.369993307068967,0.12209138,35.27024136856198,0,341,2013,12
2013-12-08,26.449993305280827,0.09939355,35.28550062328577,0,342,2013,12
2013-12-09,26.26999330930414,0.10511944,35.316019132733345,0,343,2013,12
2013-12-10,26.219993310421728,0.17298642,35.36027097143233,0,344,2013,12
2013-12-11,26.45999330505731,0.16907059,35.36027097143233,0,345,2013,12
2013-12-12,26.72999329902234,0.16906938,35.351115418598056,0,346,2013,12
2013-12-13,25.98999331556263,0.21264985,35.351115418598056,1,347,2013,12
2013-12-14,26.049993314221524,0.23483428,35.34653764218092,0,348,2013,12
2013-12-15,26.319993308186557,0.26132113,35.352641344070435,0,349,2013,12
2013-12-16,26.559993302822136,0.27038854,35.35569319501519,0,350,2013,12
2013-12-17,26.76999329812827,0.27038854,35.30991543084383,0,351,2013,12
2013-12-18,26.8099932972342,0.27038854,35.29618210159242,0,352,2013,12
2013-12-19,26.69999329969289,0.17656417,35.291604325175285,0,353,2013,12
2013-12-20,26.859993296116613,0.17384629,35.28702654875815,0,354,2013,12
2013-12-21,26.859993296116613,0.11560841,35.27787099592388,0,355,2013,12
2013-12-22,26.859993296116613,0.112786405,35.27329321950674,0,356,2013,12
2013-12-23,26.739993298798822,0.13778953,35.27481914497912,0,357,2013,12
2013-12-24,26.839993296563648,0.116913356,35.28397469781339,0,358,2013,12
2013-12-25,26.859993296116613,0.12735689,35.28855247423053,0,359,2013,12
2013-12-26,26.88999329544606,0.121884964,35.280922846868634,0,360,2013,12
2013-12-27,27.029993292316817,0.121884964,35.27329321950674,0,361,2013,12
2013-12-28,27.18999328874054,0.1297808,35.26566359214485,0,362,2013,12
2013-12-29,27.219993288069983,0.12964563,35.242774710059166,0,363,2013,12
2013-12-30,27.30999328605833,0.13022064,35.232093231752515,0,364,2013,12
2013-12-31,27.299993286281847,0.12519135,35.23972285911441,0,365,2013,12
2014-01-01,27.379993284493708,0.091863,35.23972285911441,0,1,2014,1
2014-01-02,27.41999328359964,0.096694045,35.195471020415425,0,2,2014,1
2014-01-03,27.369993284717225,0.09669298,35.13748585246503,0,3,2014,1
2014-01-04,27.84999327398839,0.12958358,35.111545119434595,0,4,2014,1
2014-01-05,28.099993268400453,0.13034366,35.06729328073561,0,5,2014,1
2014-01-06,28.019993270188596,0.13034359,34.86587111838162,0,6,2014,1
2014-01-07,27.50999328158798,0.13033818,34.38215274363756,1,7,2014,1
2014-01-08,27.529993281140943,0.18048716,34.235663898289204,0,8,2014,1
2014-01-09,27.65999327823522,0.18048716,34.389782370999455,0,9,2014,1
2014-01-10,27.88999327309432,0.14400208,34.234137972816825,0,10,2014,1
2014-01-11,27.799993275105976,0.13871473,33.94116028212011,0,11,2014,1
2014-01-12,27.87999327331784,0.16144513,33.86791585944593,0,12,2014,1
2014-01-13,27.73999327644708,0.16946493,33.87859733775258,0,13,2014,1
2014-01-14,27.359993284940742,0.14510947,34.078493574634194,0,14,2014,1
2014-01-15,27.42999328337612,0.12462981,34.401989774778485,0,15,2014,1
2014-01-16,27.30999328605833,0.13416715,34.52558973804116,0,16,2014,1
2014-01-17,27.18999328874054,0.13416715,34.58510083146393,0,17,2014,1
2014-01-18,27.049993291869782,0.12264797,34.61256748996675,0,18,2014,1
2014-01-19,26.979993293434404,0.12260544,34.66139710508287,0,19,2014,1
2014-01-20,27.0399932920933,0.111865394,34.73464152775705,0,20,2014,1
2014-01-21,26.989993293210887,0.14244735,34.766685962677,0,21,2014,1
2014-01-22,27.01999329254033,0.13826403,34.84908593818545,0,22,2014,1
2014-01-23,27.30999328605833,0.14723852,34.954374795779586,0,23,2014,1
2014-01-24,27.44999328292909,0.14684764,35.039826622232795,0,24,2014,1
2014-01-25,27.519993281364464,0.14689542,35.1039154920727,0,25,2014,1
2014-01-26,27.479993282258533,0.17749034,35.18631546758115,0,26,2014,1
2014-01-27,27.379993284493708,0.17749022,35.27024136856198,0,27,2014,1
2014-01-28,27.56999328024688,0.18431331,35.35874504595995,0,28,2014,1
2014-01-29,27.839993274211903,0.16498102,35.42893761768937,0,29,2014,1
2014-01-30,27.94999327175321,0.17611395,35.42741169221699,0,30,2014,1
2014-01-31,27.989993270859145,0.17606325,35.412152437493205,0,31,2014,1
2014-02-01,27.93999327197673,0.15114842,35.40452281013131,0,32,2014,2
2014-02-02,27.94999327175321,0.10674027,35.39384133182466,0,33,2014,2
2014-02-03,28.07999326884749,0.112688884,35.38315985351801,0,34,2014,2
2014-02-04,28.489993259683278,0.122978754,35.35721912048757,0,35,2014,2
2014-02-05,28.729993254318856,0.12571767,35.33127838745713,0,36,2014,2
2014-02-06,28.409993261471413,0.10034301,35.3190709836781,0,37,2014,2
2014-02-07,28.24999326504769,0.1070385,35.33738208934665,0,38,2014,2
2014-02-08,28.23999326527121,0.14380386,35.35721912048757,0,39,2014,2
2014-02-09,28.24999326504769,0.16168883,35.38010800257325,0,40,2014,2
2014-02-10,28.24999326504769,0.17036293,35.401470959186554,0,41,2014,2
2014-02-11,28.15999326705935,0.16041909,35.425885766744614,0,42,2014,2
2014-02-12,28.20999326594176,0.17548145,35.45182649977505,0,43,2014,2
2014-02-13,28.20999326594176,0.1754448,35.49913018941879,0,44,2014,2
2014-02-14,28.099993268400453,0.1495008,35.53727832622826,0,45,2014,2
2014-02-15,27.999993270635628,0.14109379,35.40910058654845,0,46,2014,2
2014-02-16,27.8999932728708,0.13484254,34.943693317472935,0,47,2014,2
2014-02-17,27.869993273541358,0.09789971,34.774315590038896,0,48,2014,2
2014-02-18,27.85999327376487,0.13557884,34.884182224050164,0,49,2014,2
2014-02-19,27.92999327220025,0.13553989,34.94979701936245,0,50,2014,2
2014-02-20,27.96999327130618,0.16144355,35.00015255995095,0,51,2014,2
2014-02-21,27.839993274211903,0.19142827,35.04898217506707,0,52,2014,2
2014-02-22,27.54999328069391,0.20795493,35.09170808829367,0,53,2014,2
2014-02-23,27.379993284493708,0.20719536,35.160374734550714,0,54,2014,2
2014-02-24,27.369993284717225,0.22204785,35.21378212608397,0,55,2014,2
2014-02-25,27.34999328516426,0.18427771,35.2473524864763,0,56,2014,2
2014-02-26,27.399993284046676,0.17286184,35.40604873560369,0,57,2014,2
2014-02-27,27.53999328091743,0.30252293,35.48234500922263,0,58,2014,2
2014-02-28,27.379993284493708,0.4756206,35.46861167997122,0,59,2014,2
2014-03-01,27.339993285387777,0.2810879,35.46403390355408,0,60,2014,3
2014-03-02,27.409993283823155,0.28112906,35.33433023840189,0,61,2014,3
2014-03-03,27.529993281140943,0.31020078,35.004730336368084,0,62,2014,3
2014-03-04,27.85999327376487,0.29571715,35.02304144203663,0,63,2014,3
2014-03-05,27.81999327465894,0.3393236,35.013885889202356,0,64,2014,3
2014-03-06,27.799993275105976,0.20268674,34.966582199558616,0,65,2014,3
2014-03-07,27.8999932728708,0.34369862,35.00167848542333,0,66,2014,3
2014-03-08,27.84999327398839,0.34772015,34.97421182692051,0,67,2014,3
2014-03-09,27.94999327175321,0.34957325,34.90249332971871,0,68,2014,3
2014-03-10,27.93999327197673,0.25733167,34.833826683461666,0,69,2014,3
2014-03-11,28.059993269294523,0.31935838,35.04287847317755,0,70,2014,3
2014-03-12,28.099993268400453,0.26454416,35.16953028738499,0,71,2014,3
2014-03-13,27.96999327130618,0.2645182,35.15121918171644,0,72,2014,3
2014-03-14,27.93999327197673,0.21469207,35.21530805155635,0,73,2014,3
2014-03-15,28.31999326348307,0.25073716,35.22293767891824,0,74,2014,3
2014-03-16,28.68999325521293,0.3416569,35.209204349666834,0,75,2014,3
2014-03-17,28.62999325655403,0.37369722,35.158848809078336,0,76,2014,3
2014-03-18,28.409993261471413,0.3062976,35.1329080760479,0,77,2014,3
2014-03-19,28.31999326348307,0.19356553,35.16190066002309,0,78,2014,3
2014-03-20,28.309993263706588,0.15801121,35.16953028738499,0,79,2014,3
2014-03-21,28.38999326191845,0.18122938,35.016937740147114,0,80,2014,3
2014-03-22,28.329993263259556,0.28402922,34.1715750284493,0,81,2014,3
2014-03-23,28.339993263036035,0.22088672,33.91827140003443,0,82,2014,3
2014-03-24,28.38999326191845,0.2788516,34.150212071835995,0,83,2014,3
2014-03-25,28.42999326102438,0.28439996,34.06323431991041,0,84,2014,3
2014-03-26,28.679993255436443,0.24510035,33.04849388077855,0,85,2014,3
2014-03-27,28.719993254542374,0.18254703,32.24738300777972,0,86,2014,3
2014-03-28,28.65999325588348,0.23216149,31.839960906654596,0,87,2014,3
2014-03-29,28.489993259683278,0.2286774,31.95593124255538,0,88,2014,3
2014-03-30,28.309993263706588,0.1857787,32.17261265963316,0,89,2014,3
2014-03-31,28.179993266612318,0.16414401,32.5067903380841,0,90,2014,3
2014-04-01,28.149993267282863,0.16340223,32.89132355712354,0,91,2014,4
2014-04-02,28.059993269294523,0.16688554,33.25754567049444,0,92,2014,4
2014-04-03,28.179993266612318,0.20035693,33.73668626882136,0,93,2014,4
2014-04-04,28.219993265718244,0.2453801,34.1639454010874,0,94,2014,4
2014-04-05,28.00999327041211,0.27935043,34.63393044658005,0,95,2014,4
2014-04-06,27.799993275105976,0.32714954,34.812463726848364,0,96,2014,4
2014-04-07,27.65999327823522,0.2754358,34.61561934091151,0,97,2014,4
2014-04-08,27.53999328091743,0.36389986,34.13495281711221,0,98,2014,4
2014-04-09,27.41999328359964,0.34276864,33.85723438113928,0,99,2014,4
2014-04-10,27.439993283152603,0.33190677,33.84350105188787,0,100,2014,4
2014-04-11,27.07999329119923,0.20543554,33.90148621983826,0,101,2014,4
2014-04-12,26.989993293210887,0.2056786,33.957945462316275,0,102,2014,4
2014-04-13,26.95999329388144,0.22369464,34.01287877932191,0,103,2014,4
2014-04-14,26.909993294999023,0.23643458,34.040345437824726,0,104,2014,4
2014-04-15,26.819993297010683,0.2504171,34.00372322648764,0,105,2014,4
2014-04-16,26.669993300363444,0.19124813,33.956419536843896,0,106,2014,4
2014-04-17,26.589993302151584,0.2481944,34.017456555739045,0,107,2014,4
2014-04-18,26.859993296116613,0.16668537,34.19598983600736,0,108,2014,4
2014-04-19,27.13999328985813,0.16787666,34.38520459458232,0,109,2014,4
2014-04-20,26.99999329298737,0.21640423,34.60341193713248,0,110,2014,4
2014-04-21,26.989993293210887,0.1536912,34.76821188814938,0,111,2014,4
2014-04-22,26.989993293210887,0.16408528,34.859767416492105,0,112,2014,4
2014-04-23,27.01999329254033,0.16501197,34.73464152775705,0,113,2014,4
2014-04-24,26.939993294328477,0.18570927,34.511856408789754,0,114,2014,4
2014-04-25,26.739993298798822,0.2369862,34.49507122859359,0,115,2014,4
2014-04-26,26.53999330326917,0.24348406,34.68123413622379,0,116,2014,4
2014-04-27,26.409993306174897,0.21971294,34.74379708059132,0,117,2014,4
2014-04-28,26.349993307516,0.2014864,34.942167392000556,0,118,2014,4
2014-04-29,26.249993309751176,0.20350526,35.038300696760416,0,119,2014,4
2014-04-30,26.249993309751176,0.19177304,34.99710070900619,0,120,2014,4
2014-05-01,26.22999331019821,0.20076516,34.966582199558616,0,121,2014,5
2014-05-02,26.30999330841007,0.20770982,34.95284887030721,0,122,2014,5
2014-05-03,26.48999330438676,0.19656596,34.978789603337646,0,123,2014,5
2014-05-04,26.599993301928063,0.19578665,35.00778218731284,0,124,2014,5
2014-05-05,26.629993301257517,0.2551966,35.01998959109187,0,125,2014,5
2014-05-06,26.61999330148103,0.25628456,35.12070067226887,0,126,2014,5
2014-05-07,26.56999330259862,0.1960167,35.16647843644023,0,127,2014,5
2014-05-08,26.439993305504345,0.21592706,35.15579695813358,0,128,2014,5
2014-05-09,26.139993312209867,0.21304421,35.12833029963076,0,129,2014,5
2014-05-10,25.91999331712725,0.21558706,35.10544141754508,0,130,2014,5
2014-05-11,25.969993316009663,0.18736625,35.076448833569884,0,131,2014,5
2014-05-12,25.99999331533911,0.18476273,35.04287847317755,0,132,2014,5
2014-05-13,25.909993317350768,0.2363982,35.04440439864993,0,133,2014,5
2014-05-14,25.889993317797803,0.18026742,35.05661180242896,0,134,2014,5
2014-05-15,25.75999332070353,0.20503604,35.02456736750901,0,135,2014,5
2014-05-16,25.749993320927047,0.18316165,35.04440439864993,0,136,2014,5
2014-05-17,25.619993323832773,0.16703714,35.064241429790854,0,137,2014,5
2014-05-18,25.599993324279808,0.16940315,35.07797475904226,0,138,2014,5
2014-05-19,25.639993323385735,0.22205397,35.08560438640416,0,139,2014,5
2014-05-20,25.599993324279808,0.20982902,35.0825525354594,0,140,2014,5
2014-05-21,25.479993326962017,0.22040468,35.087130311876535,0,141,2014,5
2014-05-22,25.45999332740905,0.21546395,35.09475993923843,0,142,2014,5
2014-05-23,25.41999332830312,0.21307981,35.10238956660032,0,143,2014,5
2014-05-24,25.389993328973677,0.1731681,35.099337715655565,0,144,2014,5
2014-05-25,25.36999332942071,0.19681656,35.09628586471081,0,145,2014,5
2014-05-26,25.479993326962017,0.19789134,35.088656237348914,0,146,2014,5
2014-05-27,25.56999332495036,0.19753228,35.0825525354594,0,147,2014,5
2014-05-28,25.589993324503325,0.22407688,35.074922908097506,0,148,2014,5
2014-05-29,25.29999333098533,0.316942,35.06729328073561,0,149,2014,5
2014-05-30,25.079993335902717,0.5092791,35.062715504318476,0,150,2014,5
2014-05-31,24.90999333970251,1.3752058,35.0611895788461,0,151,2014,5
2014-06-01,24.579993347078585,0.7028716,35.064241429790854,0,152,2014,6
2014-06-02,24.379993351548933,2.1008313,35.074922908097506,0,153,2014,6
2014-06-03,24.52999334819617,0.42921028,35.015411814674735,0,154,2014,6
2014-06-04,24.55999334752562,0.41197923,34.93606369011104,0,155,2014,6
2014-06-05,24.46999334953728,1.1881006,34.99404885806143,0,156,2014,6
2014-06-06,24.259993354231145,1.1881006,35.03524884581566,0,157,2014,6
2014-06-07,24.21999335512521,0.50077003,35.02304144203663,0,158,2014,6
2014-06-08,23.969993360713147,0.5423593,35.02151551656425,0,159,2014,6
2014-06-09,23.769993365183492,1.2032881,35.04898217506707,0,160,2014,6
2014-06-10,23.69999336674812,1.2984467,35.09475993923843,0,161,2014,6
2014-06-11,23.74999336563053,1.0733979,35.111545119434595,0,162,2014,6
2014-06-12,23.89999336227777,0.6039038,35.05813772790134,0,163,2014,6
2014-06-13,24.149993356689837,0.33613575,34.534745290875435,0,164,2014,6
2014-06-14,23.739993365854048,0.3214863,34.545426769182086,0,165,2014,6
2014-06-15,23.62999336831274,0.39370903,34.617145266383886,0,166,2014,6
2014-06-16,23.569993369653844,0.4901651,34.618671191856265,0,167,2014,6
2014-06-17,23.529993370547917,1.607311,34.58510083146393,0,168,2014,6
2014-06-18,23.50999337099495,1.0787822,34.522537887096405,0,169,2014,6
2014-06-19,23.51999337077143,0.5367812,34.57441935315728,0,170,2014,6
2014-06-20,23.54999337010088,0.5354512,34.62630081921816,0,171,2014,6
2014-06-21,23.759993365407013,0.629023,34.716330422088504,0,172,2014,6
2014-06-22,24.20999335534873,0.6965648,34.691915614530444,0,173,2014,6
2014-06-23,24.029993359372043,0.8015709,34.53779714182019,0,174,2014,6
2014-06-24,23.82999336384239,0.41859615,34.40656755119562,0,175,2014,6
2014-06-25,23.739993365854048,0.3722979,34.42030088044703,0,176,2014,6
2014-06-26,23.74999336563053,0.62048554,34.73464152775705,0,177,2014,6
2014-06-27,23.69999336674812,2.037338,34.69344154000282,0,178,2014,6
2014-06-28,23.78999336473646,0.5463171,34.7239600494504,0,179,2014,6
2014-06-29,23.889993362501286,0.57110995,34.82619705609977,0,180,2014,6
2014-06-30,23.91999336183073,0.35546118,34.858241491019726,0,181,2014,6
2014-07-01,23.929993361607217,1.4622751,34.84908593818545,0,182,2014,7
2014-07-02,24.379993351548933,0.8388512,34.89333777688444,0,183,2014,7
2014-07-03,24.55999334752562,0.56039697,34.92538221180439,0,184,2014,7
2014-07-04,24.659993345290445,0.6529475,34.95132294483483,0,185,2014,7
2014-07-05,24.709993344172855,0.27360484,34.942167392000556,0,186,2014,7
2014-07-06,24.689993344619893,0.6563783,34.90554518066347,0,187,2014,7
2014-07-07,24.569993347302105,0.6317334,34.87655259668827,0,188,2014,7
2014-07-08,24.499993348866724,0.6319061,34.871974820271134,0,189,2014,7
2014-07-09,24.43999335020783,0.33289453,34.870448894798756,1,190,2014,7
2014-07-10,24.36999335177245,0.2730502,34.882656298577785,0,191,2014,7
2014-07-11,24.31999335289004,0.44127834,34.89028592593968,0,192,2014,7
2014-07-12,24.40999335087838,0.24721462,34.884182224050164,0,193,2014,7
2014-07-13,24.379993351548933,0.37871984,34.86434519290924,0,194,2014,7
2014-07-14,24.389993351325412,0.29643992,34.85366371460259,0,195,2014,7
2014-07-15,24.189993355795764,0.28545156,34.84145631082356,0,196,2014,7
2014-07-16,23.989993360266112,0.43387952,34.835352608934045,0,197,2014,7
2014-07-17,23.729993366077565,0.39032534,34.80330817401409,0,198,2014,7
2014-07-18,23.58999336920681,1.430297,34.79262669570744,0,199,2014,7
2014-07-19,23.449993372336053,0.5005031,34.82619705609977,0,200,2014,7
2014-07-20,23.35999337434771,0.5005031,34.89028592593968,0,201,2014,7
2014-07-21,23.55999336987736,0.76741576,34.92538221180439,0,202,2014,7
2014-07-22,23.58999336920681,0.7630745,34.92233036085963,0,203,2014,7
2014-07-23,23.55999336987736,1.1812246,34.93758961558342,0,204,2014,7
2014-07-24,23.39999337345364,3.2734914,34.95895257219672,0,205,2014,7
2014-07-25,23.349993374571227,2.5452957,34.955900721251965,0,206,2014,7
2014-07-26,23.27999337613585,0.9640706,34.94674516841769,0,207,2014,7
2014-07-27,23.2499933768064,5.4421115,34.942167392000556,0,208,2014,7
2014-07-28,23.31999337524178,4.8965635,34.968108125030994,0,209,2014,7
2014-07-29,23.31999337524178,0.25066468,35.00930811278522,0,210,2014,7
2014-07-30,23.32999337501826,0.22892588,35.04745624959469,0,211,2014,7
2014-07-31,23.28999337591233,0.4551161,35.07034513168037,0,212,2014,7
2014-08-01,23.219993377476957,0.74810106,35.07034513168037,0,213,2014,8
2014-08-02,23.199993377923988,0.31945705,35.064241429790854,0,214,2014,8
2014-08-03,23.199993377923988,0.2835298,35.07034513168037,0,215,2014,8
2014-08-04,23.349993374571227,0.20133449,35.0825525354594,0,216,2014,8
2014-08-05,23.22999337725344,0.25847465,35.0825525354594,0,217,2014,8
2014-08-06,23.0199933819473,0.26939985,35.052034026011825,0,218,2014,8
2014-08-07,23.069993380829715,0.27979326,35.01846366561949,0,219,2014,8
2014-08-08,23.12999337948861,0.30792832,35.02456736750901,0,220,2014,8
2014-08-09,23.32999337501826,0.5159527,35.04287847317755,0,221,2014,8
2014-08-10,23.50999337099495,0.30572852,34.90249332971871,0,222,2014,8
2014-08-11,23.58999336920681,0.23228502,34.823145205155015,0,223,2014,8
2014-08-12,23.619993368536257,0.27269402,34.77889336645603,0,224,2014,8
2014-08-13,23.81999336406591,0.25368232,34.69801931641996,0,225,2014,8
2014-08-14,23.85999336317184,0.3681278,34.617145266383886,0,226,2014,8
2014-08-15,23.969993360713147,0.39456698,34.50270085595548,0,227,2014,8
2014-08-16,24.039993359148525,0.34579873,34.4294564332813,0,228,2014,8
2014-08-17,24.149993356689837,0.2959296,34.437086060643196,1,229,2014,8
2014-08-18,24.119993357360386,0.21948238,34.55305639654398,0,230,2014,8
2014-08-19,24.079993358254452,0.37936503,34.63393044658005,0,231,2014,8
2014-08-20,24.13999335691335,0.3510441,34.595782309770584,0,232,2014,8
2014-08-21,24.15999335646632,0.40342352,34.59883416071534,0,233,2014,8
2014-08-22,24.079993358254452,0.26871517,34.60493786260486,1,234,2014,8
2014-08-23,24.05999335870149,0.2413323,34.6522415522486,0,235,2014,8
2014-08-24,24.149993356689837,0.37385413,34.56831565126777,0,236,2014,8
2014-08-25,24.28999335356059,0.30457446,34.57747120410204,0,237,2014,8
2014-08-26,24.22999335490169,0.34788147,34.79262669570744,0,238,2014,8
2014-08-27,24.21999335512521,0.30106595,34.86892296932638,0,239,2014,8
2014-08-28,24.13999335691335,0.35603073,35.00015255995095,0,240,2014,8
2014-08-29,24.20999335534873,0.35603073,34.98336737975478,0,241,2014,8
2014-08-30,24.239993354678177,0.33731496,35.003204410895705,0,242,2014,8
2014-08-31,24.199993355572246,0.34682015,35.062715504318476,0,243,2014,8
2014-09-01,24.109993357583903,0.3731876,35.10544141754508,0,244,2014,9
2014-09-02,24.17999335601928,0.3303982,35.13901177793741,0,245,2014,9
2014-09-03,24.09999335780742,0.3169793,35.15579695813358,0,246,2014,9
2014-09-04,24.12999335713687,0.2480304,35.16495251096785,0,247,2014,9
2014-09-05,24.1699933562428,0.22800334,35.15579695813358,0,248,2014,9
2014-09-06,24.48999334909024,0.25818208,35.13748585246503,0,249,2014,9
2014-09-07,24.7999933421612,0.19230919,35.12680437415838,0,250,2014,9
2014-09-08,24.84999334104361,0.15484008,35.12680437415838,0,251,2014,9
2014-09-09,24.83999334126713,0.15002897,35.15274510718882,0,252,2014,9
2014-09-10,24.429993350431342,0.17302051,35.1756339892745,0,253,2014,9
2014-09-11,24.149993356689837,0.2625802,35.18784139305353,0,254,2014,9
2014-09-12,24.40999335087838,0.23209895,35.17868584021926,0,255,2014,9
2014-09-13,24.569993347302105,0.40973067,35.16800436191261,0,256,2014,9
2014-09-14,24.769993342831757,0.23234531,35.15579695813358,0,257,2014,9
2014-09-15,24.669993345066928,0.21283318,35.148167330771685,0,258,2014,9
2014-09-16,24.59999334663155,0.18727694,35.14053770340979,0,259,2014,9
2014-09-17,24.039993359148525,0.41575179,35.134434001520276,0,260,2014,9
2014-09-18,23.62999336831274,0.56775403,35.148167330771685,0,261,2014,9
2014-09-19,23.5399933703244,0.56775403,35.17410806380212,0,262,2014,9
2014-09-20,23.58999336920681,0.56775403,35.13748585246503,0,263,2014,9
2014-09-21,23.60999336875977,0.5142789,34.99404885806143,0,264,2014,9
2014-09-22,23.58999336920681,0.5142789,34.9818414542824,0,265,2014,9
2014-09-23,23.759993365407013,0.30352277,34.99557478353381,0,266,2014,9
2014-09-24,23.84999336339536,0.2744518,35.015411814674735,0,267,2014,9
2014-09-25,23.929993361607217,0.27716875,35.04745624959469,0,268,2014,9
2014-09-26,23.959993360936664,0.30545753,35.07339698262513,0,269,2014,9
2014-09-27,23.86999336294832,1.6973052,35.1039154920727,0,270,2014,9
2014-09-28,23.889993362501286,0.32404128,35.12985622510314,0,271,2014,9
2014-09-29,23.9399933613837,0.37390965,35.13748585246503,0,272,2014,9
2014-09-30,23.999993360042595,0.3818425,35.148167330771685,0,273,2014,9
2014-10-01,24.189993355795764,0.37848926,35.16953028738499,0,274,2014,10
2014-10-02,24.21999335512521,0.37438163,34.9818414542824,0,275,2014,10
2014-10-03,24.379993351548933,0.37423053,34.919278509914875,0,276,2014,10
2014-10-04,24.43999335020783,0.26861593,34.91622665897012,0,277,2014,10
2014-10-05,24.52999334819617,0.2297799,34.929959988221526,0,278,2014,10
2014-10-06,24.689993344619893,0.25155583,34.95132294483483,0,279,2014,10
2014-10-07,24.389993351325412,0.15242922,35.01998959109187,0,280,2014,10
2014-10-08,24.399993351101894,0.21910161,35.18936731852591,0,281,2014,10
2014-10-09,24.48999334909024,0.21910161,35.18936731852591,1,282,2014,10
2014-10-10,24.929993339255475,0.21910161,35.16647843644023,0,283,2014,10
2014-10-11,24.769993342831757,0.20734121,35.30228580348194,0,284,2014,10
2014-10-12,24.809993341937684,0.2700568,35.328226536512375,0,285,2014,10
2014-10-13,25.009993337467336,0.27042517,35.29923395253718,0,286,2014,10
2014-10-14,25.039993336796783,0.27626583,35.305337654426694,0,287,2014,10
2014-10-15,24.919993339478992,0.20165943,35.30228580348194,0,288,2014,10
2014-10-16,24.59999334663155,0.2017076,35.24124878458679,0,289,2014,10
2014-10-17,24.399993351101894,0.20044579,35.20310064777732,0,290,2014,10
2014-10-18,24.32999335266652,0.26991183,35.221411753445864,0,291,2014,10
2014-10-19,24.36999335177245,0.266066,35.22904138080776,0,292,2014,10
2014-10-20,24.32999335266652,0.22695129,35.22446360439062,0,293,2014,10
2014-10-21,24.22999335490169,0.15832932,35.21073027513921,0,294,2014,10
2014-10-22,24.21999335512521,0.18671715,35.19241916947067,0,295,2014,10
2014-10-23,24.20999335534873,0.17295824,35.1756339892745,0,296,2014,10
2014-10-24,23.959993360936664,0.15043114,35.16342658549547,0,297,2014,10
2014-10-25,23.90999336205425,0.14455831,35.14511547982693,0,298,2014,10
2014-10-26,24.05999335870149,0.15795526,35.14053770340979,0,299,2014,10
2014-10-27,24.379993351548933,0.13263863,35.134434001520276,0,300,2014,10
2014-10-28,24.569993347302105,0.1322266,35.09781179018319,0,301,2014,10
2014-10-29,25.079993335902717,0.20057577,35.0825525354594,0,302,2014,10
2014-10-30,25.06999333612623,0.17406712,35.04440439864993,0,303,2014,10
2014-10-31,25.09999333545568,0.16184635,34.93758961558342,0,304,2014,10
2014-11-01,25.06999333612623,0.12111428,34.919278509914875,0,305,2014,11
2014-11-02,25.17999333366754,0.15077665,34.92843406274915,0,306,2014,11
2014-11-03,25.229993332549952,0.15077674,34.942167392000556,0,307,2014,11
2014-11-04,25.09999333545568,0.17684382,34.95742664672434,0,308,2014,11
2014-11-05,25.06999333612623,0.15335155,34.91317480802536,0,309,2014,11
2014-11-06,25.119993335008644,0.12765834,34.92385628633201,0,310,2014,11
2014-11-07,25.29999333098533,0.1413483,34.94827109389007,0,311,2014,11
2014-11-08,25.389993328973677,0.14227079,35.00015255995095,0,312,2014,11
2014-11-09,25.349993329867743,0.21930717,34.99404885806143,0,313,2014,11
2014-11-10,25.359993329644222,0.22214997,34.98641923069954,0,314,2014,11
2014-11-11,25.46999332718553,0.1788676,35.0321969948709,0,315,2014,11
2014-11-12,25.479993326962017,0.17437948,35.10696734301746,0,316,2014,11
2014-11-13,25.13999333456161,0.17390268,35.146641405299306,0,317,2014,11
2014-11-14,25.0899933356792,0.17126526,35.113071044906974,0,318,2014,11
2014-11-15,25.09999333545568,0.16036905,35.134434001520276,0,319,2014,11
2014-11-16,25.36999332942071,0.13743423,35.15579695813358,0,320,2014,11
2014-11-17,25.309993330761813,0.15919712,35.22293767891824,0,321,2014,11
2014-11-18,25.329993330314775,0.17030178,35.24582656100392,0,322,2014,11
2014-11-19,25.64999332316222,0.17030168,35.25803396478295,0,323,2014,11
2014-11-20,25.899993317574285,0.16881706,35.267189517617226,0,324,2014,11
2014-11-21,25.909993317350768,0.17633416,35.27787099592388,0,325,2014,11
2014-11-22,25.79999331980946,0.12787862,35.28397469781339,0,326,2014,11
2014-11-23,25.809993319585946,0.16978317,35.27176729403436,0,327,2014,11
2014-11-24,26.1799933113158,0.16350764,35.2763450704515,0,328,2014,11
2014-11-25,26.219993310421728,0.14795952,35.29923395253718,0,329,2014,11
2014-11-26,26.06999331377449,0.1093418,35.32517468556762,0,330,2014,11
2014-11-27,25.87999331802132,0.22484602,35.33280431292951,0,331,2014,11
2014-11-28,25.599993324279808,0.17151959,35.328226536512375,0,332,2014,11
2014-11-29,25.39999332875016,0.1715029,35.33433023840189,0,333,2014,11
2014-11-30,25.45999332740905,0.10096078,35.33280431292951,0,334,2014,11
2014-12-01,25.639993323385735,0.070882276,35.30838950537145,0,335,2014,12
2014-12-02,25.72999332137408,0.07621953,35.28702654875815,0,336,2014,12
2014-12-03,25.899993317574285,0.11166031,35.28397469781339,0,337,2014,12
2014-12-04,25.67999332249167,0.100936994,35.28855247423053,0,338,2014,12
2014-12-05,25.549993325397395,0.100936994,35.293130250647664,0,339,2014,12
2014-12-06,25.549993325397395,0.09802115,35.293130250647664,0,340,2014,12
2014-12-07,25.789993320032977,0.1012196,35.29465617612004,0,341,2014,12
2014-12-08,25.95999331623318,0.101787254,35.27787099592388,0,342,2014,12
2014-12-09,26.06999331377449,0.111962155,35.01998959109187,0,343,2014,12
2014-12-10,26.249993309751176,0.11187486,34.76058226078749,0,344,2014,12
2014-12-11,26.429993305727866,0.13729537,34.48896752670407,0,345,2014,12
2014-12-12,26.49999330416324,0.12328523,34.31196017190814,0,346,2014,12
2014-12-13,26.56999330259862,0.13202642,34.31348609738052,0,347,2014,12
2014-12-14,26.56999330259862,0.14034337,34.282967587932944,0,348,2014,12
2014-12-15,26.679993300139927,0.14027056,34.26313055679202,0,349,2014,12
2014-12-16,26.65999330058696,0.1401594,34.28449351340532,0,350,2014,12
2014-12-17,26.819993297010683,0.15745689,34.281441662460566,0,351,2014,12
2014-12-18,26.92999329455199,0.15893736,34.29670091718435,0,352,2014,12
2014-12-19,27.01999329254033,0.14082287,34.31043424643576,0,353,2014,12
2014-12-20,27.169993289187573,0.15931015,34.36384163796902,0,354,2014,12
2014-12-21,27.719993276894115,0.15930995,34.36994533985853,0,355,2014,12
2014-12-22,27.769993275776528,0.1578979,34.424878656864166,0,356,2014,12
2014-12-23,27.559993280470398,0.16591392,34.56526380032301,0,357,2014,12
2014-12-24,27.609993279352807,0.14621143,34.76058226078749,0,358,2014,12
2014-12-25,27.65999327823522,0.14794342,34.92690813727677,0,359,2014,12
2014-12-26,27.709993277117636,0.14794369,34.95284887030721,0,360,2014,12
2014-12-27,27.69999327734115,0.1275799,34.97115997597575,0,361,2014,12
2014-12-28,27.789993275329493,0.12934731,34.83993038535118,0,362,2014,12
2014-12-29,27.719993276894115,0.12283317,34.56831565126777,0,363,2014,12
2014-12-30,27.799993275105976,0.118476965,34.20056761242449,0,364,2014,12
2014-12-31,27.77999327555301,0.11302577,33.668019622564316,0,365,2014,12
2015-01-01,27.689993277564668,0.11762144,33.57036039233208,0,1,2015,1
2015-01-02,27.749993276223563,0.113428034,33.68633072823286,0,2,2015,1
2015-01-03,27.80999327488246,0.12058073,33.6619159206748,0,3,2015,1
2015-01-04,27.769993275776528,0.104639396,33.4971159696579,0,4,2015,1
2015-01-05,27.749993276223563,0.11066094,33.62529370933771,0,5,2015,1
2015-01-06,27.75999327600005,0.12134321,33.970152866095304,0,6,2015,1
2015-01-07,27.81999327465894,0.11499077,34.330271277576685,0,7,2015,1
2015-01-08,27.93999327197673,0.104454584,34.68428598716855,0,8,2015,1
2015-01-09,27.88999327309432,0.09784354,34.737693378701806,0,9,2015,1
2015-01-10,27.669993278011702,0.09395584,34.87350074574351,0,10,2015,1
2015-01-11,27.56999328024688,0.09421078,35.064241429790854,0,11,2015,1
2015-01-12,27.479993282258533,0.096043035,35.02304144203663,0,12,2015,1
2015-01-13,27.339993285387777,0.09488358,34.85671556554735,0,13,2015,1
2015-01-14,27.609993279352807,0.089408726,34.92843406274915,0,14,2015,1
2015-01-15,27.7299932766706,0.09433263,35.03372292034328,0,15,2015,1
2015-01-16,27.85999327376487,0.09434027,34.99862663447857,0,16,2015,1
2015-01-17,27.839993274211903,0.14864273,34.92690813727677,0,17,2015,1
2015-01-18,27.77999327555301,0.15490706,35.02304144203663,0,18,2015,1
2015-01-19,27.73999327644708,0.15139112,35.04745624959469,0,19,2015,1
2015-01-20,27.8999932728708,0.11984121,35.062715504318476,0,20,2015,1
2015-01-21,27.88999327309432,0.11317505,35.0825525354594,0,21,2015,1
2015-01-22,27.87999327331784,0.11317505,35.09323401376605,0,22,2015,1
2015-01-23,27.959993271529697,0.15756814,35.099337715655565,0,23,2015,1
2015-01-24,27.93999327197673,0.15974936,35.1039154920727,0,24,2015,1
2015-01-25,28.70999325476589,0.1300603,35.08560438640416,0,25,2015,1
2015-01-26,28.68999325521293,0.1281544,35.0825525354594,0,26,2015,1
2015-01-27,28.419993261247896,0.13377506,35.08407846093178,0,27,2015,1
2015-01-28,28.39999326169493,0.112472735,35.09170808829367,0,28,2015,1
2015-01-29,28.37999326214197,0.09659812,35.09475993923843,0,29,2015,1
2015-01-30,28.309993263706588,0.09119596,35.087130311876535,0,30,2015,1
2015-01-31,28.73999325409534,0.09687204,35.09323401376605,0,31,2015,1
2015-02-01,29.00999324806037,0.09330267,35.10544141754508,0,32,2015,2
2015-02-02,29.029993247613334,0.10117577,35.123752523213625,0,33,2015,2
2015-02-03,29.01999324783685,0.088586845,35.12985622510314,0,34,2015,2
2015-02-04,29.26999324224892,0.09408764,35.11459697037935,0,35,2015,2
2015-02-05,29.069993246719264,0.06773019,35.122226597741246,0,36,2015,2
2015-02-06,28.929993249848508,0.07283544,35.14969325624406,0,37,2015,2
2015-02-07,28.799993252754238,0.07292706,35.184789542108774,0,38,2015,2
2015-02-08,28.51999325901272,0.0910265,35.22446360439062,0,39,2015,2
2015-02-09,28.50999325923624,0.09223919,35.32364876009524,0,40,2015,2
2015-02-10,28.539993258565687,0.09236091,35.34653764218092,0,41,2015,2
2015-02-11,28.69999325498941,0.11552035,35.30991543084383,0,42,2015,2
2015-02-12,28.909993250295543,0.14032266,35.28855247423053,0,43,2015,2
2015-02-13,28.87999325096609,0.1341554,35.254982113838196,0,44,2015,2
2015-02-14,28.8199932523072,0.14438781,35.244300635531545,0,45,2015,2
2015-02-15,28.729993254318856,0.14469127,35.18631546758115,0,46,2015,2
2015-02-16,28.5899932574481,0.14469127,35.218359902501106,0,47,2015,2
2015-02-17,28.459993260353823,0.17582363,35.293130250647664,0,48,2015,2
2015-02-18,28.299993263930105,0.181804,35.32364876009524,0,49,2015,2
2015-02-19,28.299993263930105,0.15476124,35.268715443089604,0,50,2015,2
2015-02-20,28.339993263036035,0.117227115,35.16800436191261,0,51,2015,2
2015-02-21,27.909993272647284,0.11144722,35.09781179018319,0,52,2015,2
2015-02-22,27.81999327465894,0.10302275,35.076448833569884,0,53,2015,2
2015-02-23,27.81999327465894,0.109313086,35.0611895788461,0,54,2015,2
2015-02-24,27.909993272647284,0.15780245,35.08407846093178,0,55,2015,2
2015-02-25,27.88999327309432,0.15283288,35.09475993923843,0,56,2015,2
2015-02-26,27.869993273541358,0.15047942,35.1039154920727,0,57,2015,2
2015-02-27,28.00999327041211,0.15046228,35.100863641127944,0,58,2015,2
2015-02-28,28.04999326951804,0.12326293,35.09323401376605,0,59,2015,2
2015-03-01,27.719993276894115,0.13310389,35.08102660998702,0,60,2015,3
2015-03-02,27.84999327398839,0.13289866,35.07339698262513,0,61,2015,3
2015-03-03,27.96999327130618,0.14274228,35.07950068451464,0,62,2015,3
2015-03-04,27.92999327220025,0.14521867,35.09628586471081,0,63,2015,3
2015-03-05,27.44999328292909,0.14840917,35.110019193962216,0,64,2015,3
2015-03-06,27.30999328605833,0.07896957,35.11764882132411,0,65,2015,3
2015-03-07,27.289993286505364,0.076718286,35.135959926992655,0,66,2015,3
2015-03-08,27.32999328561129,0.13939147,35.15579695813358,0,67,2015,3
2015-03-09,27.479993282258533,0.11048139,35.195471020415425,0,68,2015,3
2015-03-10,27.58999327979984,0.12801263,35.22293767891824,0,69,2015,3
2015-03-11,27.669993278011702,0.12544532,35.23514508269727,0,70,2015,3
2015-03-12,27.669993278011702,0.103875,35.254982113838196,0,71,2015,3
2015-03-13,27.65999327823522,0.14674962,35.26566359214485,0,72,2015,3
2015-03-14,27.62999327890577,0.13005655,35.27481914497912,0,73,2015,3
2015-03-15,27.69999327734115,0.11621905,35.2763450704515,0,74,2015,3
2015-03-16,27.81999327465894,0.1108933,35.279396921396255,0,75,2015,3
2015-03-17,27.84999327398839,0.13049525,35.27024136856198,0,76,2015,3
2015-03-18,27.92999327220025,0.14184943,35.23819693364203,0,77,2015,3
2015-03-19,28.099993268400453,0.12795037,35.21683397702873,0,78,2015,3
2015-03-20,27.999993270635628,0.12623717,35.20157472230494,0,79,2015,3
2015-03-21,27.85999327376487,0.13055724,35.16342658549547,0,80,2015,3
2015-03-22,27.709993277117636,0.17566803,35.14969325624406,0,81,2015,3
2015-03-23,27.799993275105976,0.14142889,35.16342658549547,0,82,2015,3
2015-03-24,27.829993274435424,0.15263973,35.16800436191261,0,83,2015,3
2015-03-25,27.69999327734115,0.13183407,35.122226597741246,0,84,2015,3
2015-03-26,27.7299932766706,0.14161807,35.07339698262513,0,85,2015,3
2015-03-27,27.73999327644708,0.13580455,35.027619218453765,0,86,2015,3
2015-03-28,27.7299932766706,0.13585095,34.9818414542824,0,87,2015,3
2015-03-29,27.679993277788185,0.14303814,34.94521924294531,0,88,2015,3
2015-03-30,27.519993281364464,0.155832,34.919278509914875,0,89,2015,3
2015-03-31,27.46999328248205,0.17484745,34.93758961558342,0,90,2015,3
2015-04-01,27.42999328337612,0.12508537,34.95132294483483,0,91,2015,4
2015-04-02,27.32999328561129,0.15116696,34.94979701936245,0,92,2015,4
2015-04-03,27.32999328561129,0.12303854,34.94521924294531,0,93,2015,4
2015-04-04,27.209993288293504,0.16444524,34.92233036085963,0,94,2015,4
2015-04-05,27.049993291869782,0.17845415,34.87960444763303,0,95,2015,4
2015-04-06,27.0399932920933,0.17698596,34.786522993817925,0,96,2015,4
2015-04-07,27.099993290752195,0.17434426,34.56221194937825,0,97,2015,4
2015-04-08,26.92999329455199,0.13580716,34.52711566351354,0,98,2015,4
2015-04-09,26.94999329410496,0.14076409,34.643085999414325,0,99,2015,4
2015-04-10,26.94999329410496,0.14187998,34.78041929192841,0,100,2015,4
2015-04-11,27.00999329276385,0.13201937,34.85671556554735,0,101,2015,4
2015-04-12,26.759993298351787,0.1692209,34.933011839166284,0,102,2015,4
2015-04-13,26.76999329812827,0.17946531,34.98489330522716,0,103,2015,4
2015-04-14,27.069993291422747,0.19608924,35.01235996372998,0,104,2015,4
2015-04-15,27.559993280470398,0.17301437,35.02304144203663,0,105,2015,4
2015-04-16,27.23999328762295,0.20154026,35.00625626184046,0,106,2015,4
2015-04-17,27.10999329052868,0.16328652,34.99710070900619,0,107,2015,4
2015-04-18,27.069993291422747,0.154984,34.882656298577785,0,108,2015,4
2015-04-19,27.11999329030516,0.20725733,34.74074522964656,0,109,2015,4
2015-04-20,27.149993289634608,0.20722419,34.74074522964656,0,110,2015,4
2015-04-21,27.099993290752195,0.19174452,34.82009335421026,0,111,2015,4
2015-04-22,26.739993298798822,0.21668202,35.02304144203663,0,112,2015,4
2015-04-23,26.679993300139927,0.21005501,35.134434001520276,0,113,2015,4
2015-04-24,26.70999329946937,0.20752937,35.18173769116402,0,114,2015,4
2015-04-25,26.749993298575305,0.66953015,35.22446360439062,0,115,2015,4
2015-04-26,26.679993300139927,0.27090278,35.233619157224894,0,116,2015,4
2015-04-27,26.65999330058696,0.3202665,35.232093231752515,0,117,2015,4
2015-04-28,26.519993303716205,0.2817114,35.254982113838196,0,118,2015,4
2015-04-29,26.33999330773952,0.19638257,35.280922846868634,0,119,2015,4
2015-04-30,26.219993310421728,0.20431595,35.303811728954315,0,120,2015,4
2015-05-01,25.79999331980946,0.26320884,35.326700611039996,0,121,2015,5
2015-05-02,25.589993324503325,0.26885146,35.3480635676533,0,122,2015,5
2015-05-03,25.60999332405629,0.19913457,35.352641344070435,0,123,2015,5
2015-05-04,25.72999332137408,0.30103943,35.29465617612004,0,124,2015,5
2015-05-05,25.829993319138907,0.2102984,35.09781179018319,0,125,2015,5
2015-05-06,25.789993320032977,0.19422758,35.03372292034328,0,126,2015,5
2015-05-07,25.83999331891539,0.17584716,34.980315528810024,0,127,2015,5
2015-05-08,25.83999331891539,0.1806426,34.955900721251965,0,128,2015,5
2015-05-09,25.829993319138907,0.24006839,34.9604784976691,0,129,2015,5
2015-05-10,25.86999331824484,0.17354275,34.968108125030994,0,130,2015,5
2015-05-11,25.87999331802132,0.16915691,34.97268590144813,0,131,2015,5
2015-05-12,25.83999331891539,0.1731757,34.98641923069954,0,132,2015,5
2015-05-13,25.589993324503325,0.17232461,35.00930811278522,0,133,2015,5
2015-05-14,25.359993329644222,0.27285326,35.01846366561949,0,134,2015,5
2015-05-15,25.319993330538296,0.23412223,35.03067106939852,0,135,2015,5
2015-05-16,25.209993332996987,0.3517704,35.04287847317755,0,136,2015,5
2015-05-17,25.33999333009126,0.27682197,35.052034026011825,0,137,2015,5
2015-05-18,25.39999332875016,0.27607232,35.06576735526323,0,138,2015,5
2015-05-19,25.4899933267385,0.22799236,35.07950068451464,0,139,2015,5
2015-05-20,25.549993325397395,0.2986996,35.09323401376605,0,140,2015,5
2015-05-21,25.55999332517388,0.30605796,35.11917474679649,0,141,2015,5
2015-05-22,25.629993323609256,0.32300887,35.134434001520276,0,142,2015,5
2015-05-23,25.60999332405629,0.2737653,35.15121918171644,0,143,2015,5
2015-05-24,25.549993325397395,0.33782068,35.171056212857366,0,144,2015,5
2015-05-25,25.37999332919719,0.61348945,35.12833029963076,0,145,2015,5
2015-05-26,25.169993333891057,0.55538535,34.824671130627394,0,146,2015,5
2015-05-27,24.93999333903196,1.3606929,34.43556013517082,0,147,2015,5
2015-05-28,25.119993335008644,1.2302865,34.36841941438615,0,148,2015,5
2015-05-29,25.24999333210292,0.4444495,34.38367866910994,0,149,2015,5
2015-05-30,25.37999332919719,0.43148482,34.43250828422606,0,150,2015,5
2015-05-31,25.599993324279808,0.27668878,34.54847862012684,0,151,2015,5
2015-06-01,25.699993322044637,0.43759418,34.667500806972384,0,152,2015,6
2015-06-02,25.68999332226815,0.341588,34.7956785466522,0,153,2015,6
2015-06-03,25.55999332517388,0.45901886,34.87807852216065,0,154,2015,6
2015-06-04,25.499993326514986,0.21025312,34.882656298577785,0,155,2015,6
2015-06-05,25.37999332919719,0.20667106,34.931485913693905,0,156,2015,6
2015-06-06,25.359993329644222,0.19629607,34.992522932589054,0,157,2015,6
2015-06-07,25.46999332718553,0.24764936,35.00015255995095,0,158,2015,6
2015-06-08,25.44999332763257,0.2497094,34.97573775239289,0,159,2015,6
2015-06-09,25.37999332919719,0.2554157,35.02151551656425,0,160,2015,6
2015-06-10,25.39999332875016,0.35266924,35.07950068451464,2,161,2015,6
2015-06-11,25.329993330314775,0.3109006,35.09323401376605,0,162,2015,6
2015-06-12,25.21999333277347,0.2331471,35.06881920620799,0,163,2015,6
2015-06-13,25.09999333545568,0.26396984,35.04898217506707,0,164,2015,6
2015-06-14,24.98999333791437,0.20107022,35.04135254770517,0,165,2015,6
2015-06-15,25.229993332549952,0.21376704,35.03067106939852,0,166,2015,6
2015-06-16,25.17999333366754,0.27213708,34.99862663447857,0,167,2015,6
2015-06-17,25.079993335902717,0.5435388,34.96963405050337,0,168,2015,6
2015-06-18,24.75999334305527,0.20256414,34.88113037310541,0,169,2015,6
2015-06-19,24.689993344619893,0.27390668,34.8384044598788,0,170,2015,6
2015-06-20,24.63999334573748,0.20987502,34.870448894798756,0,171,2015,6
2015-06-21,24.459993349760797,0.19689271,34.94827109389007,0,172,2015,6
2015-06-22,24.359993351995968,0.32548776,34.98794515617192,0,173,2015,6
2015-06-23,24.1699933562428,0.3173928,34.99557478353381,0,174,2015,6
2015-06-24,24.039993359148525,0.3007061,34.99710070900619,0,175,2015,6
2015-06-25,23.84999336339536,0.5766226,35.00625626184046,0,176,2015,6
2015-06-26,23.809993364289426,0.43555278,35.01998959109187,0,177,2015,6
2015-06-27,23.91999336183073,0.35264507,35.04898217506707,0,178,2015,6
2015-06-28,24.119993357360386,0.38359368,35.06881920620799,0,179,2015,6
2015-06-29,24.22999335490169,0.3239294,35.09170808829367,1,180,2015,6
2015-06-30,24.279993353784107,0.3239294,35.15121918171644,0,181,2015,6
2015-07-01,24.1699933562428,0.24963991,35.21683397702873,0,182,2015,7
2015-07-02,24.12999335713687,0.17485605,35.256508039310575,0,183,2015,7
2015-07-03,23.989993360266112,0.31745997,35.27024136856198,1,184,2015,7
2015-07-04,23.84999336339536,0.1890785,35.28397469781339,0,185,2015,7
2015-07-05,23.82999336384239,0.3281395,35.291604325175285,0,186,2015,7
2015-07-06,23.89999336227777,0.22770591,35.303811728954315,0,187,2015,7
2015-07-07,23.9399933613837,0.24864809,35.3190709836781,0,188,2015,7
2015-07-08,23.7099933665246,0.32739726,35.34195986576378,0,189,2015,7
2015-07-09,23.759993365407013,0.29959068,35.35416726954281,0,190,2015,7
2015-07-10,23.85999336317184,0.32182106,35.36027097143233,0,191,2015,7
2015-07-11,23.90999336205425,0.34761372,35.37400430068374,0,192,2015,7
2015-07-12,23.91999336183073,0.26133513,35.38163392804563,0,193,2015,7
2015-07-13,23.82999336384239,0.38251233,35.37095244973898,0,194,2015,7
2015-07-14,23.949993361160185,0.29463902,35.34958949312568,0,195,2015,7
2015-07-15,24.24999335445466,0.28010562,35.326700611039996,0,196,2015,7
2015-07-16,24.1699933562428,0.18831627,35.31144135631621,0,197,2015,7
2015-07-17,24.069993358477973,0.25084943,35.303811728954315,0,198,2015,7
2015-07-18,24.119993357360386,0.33776313,35.30228580348194,0,199,2015,7
2015-07-19,24.299993353337072,0.45915502,35.29465617612004,0,200,2015,7
2015-07-20,24.20999335534873,0.23774512,35.28702654875815,0,201,2015,7
2015-07-21,24.21999335512521,0.33634228,35.2763450704515,0,202,2015,7
2015-07-22,24.279993353784107,0.27060455,35.23819693364203,0,203,2015,7
2015-07-23,24.1699933562428,0.21211997,35.14969325624406,0,204,2015,7
2015-07-24,24.00999335981908,0.24303786,35.160374734550714,0,205,2015,7
2015-07-25,23.949993361160185,0.2465874,35.13901177793741,0,206,2015,7
2015-07-26,23.839993363618877,0.30426136,35.09781179018319,0,207,2015,7
2015-07-27,23.81999336406591,0.29648006,35.04898217506707,0,208,2015,7
2015-07-28,24.029993359372043,0.20286258,35.02304144203663,0,209,2015,7
2015-07-29,23.969993360713147,0.19770229,35.0108340382576,0,210,2015,7
2015-07-30,23.879993362724804,0.47330877,35.04440439864993,0,211,2015,7
2015-07-31,23.799993364512943,0.47201982,35.076448833569884,0,212,2015,7
2015-08-01,23.89999336227777,0.32940865,35.05966365337372,0,213,2015,8
2015-08-02,24.199993355572246,0.263853,35.05661180242896,0,214,2015,8
2015-08-03,24.44999334998431,0.2521081,35.06729328073561,0,215,2015,8
2015-08-04,24.43999335020783,0.18985446,35.07797475904226,0,216,2015,8
2015-08-05,24.189993355795764,0.36401278,35.08407846093178,0,217,2015,8
2015-08-06,23.90999336205425,0.3976454,35.07950068451464,0,218,2015,8
2015-08-07,23.839993363618877,0.29593587,35.062715504318476,0,219,2015,8
2015-08-08,23.839993363618877,0.40517688,34.920804435387254,0,220,2015,8
2015-08-09,23.929993361607217,0.26997495,34.61409341543913,0,221,2015,8
2015-08-10,24.039993359148525,0.21749574,34.68733783811331,0,222,2015,8
2015-08-11,24.089993358030934,0.21640058,34.72090819850564,0,223,2015,8
2015-08-12,23.62999336831274,0.2620523,34.75905633531511,0,224,2015,8
2015-08-13,23.569993369653844,0.3377039,34.91317480802536,0,225,2015,8
2015-08-14,23.529993370547917,0.39619955,34.94521924294531,0,226,2015,8
2015-08-15,23.769993365183492,0.43568587,34.93453776463866,0,227,2015,8
2015-08-16,23.999993360042595,0.29391328,34.929959988221526,0,228,2015,8
2015-08-17,24.09999335780742,0.28674725,34.91317480802536,0,229,2015,8
2015-08-18,24.32999335266652,0.36750758,34.859767416492105,0,230,2015,8
2015-08-19,24.259993354231145,0.25929764,34.812463726848364,0,231,2015,8
2015-08-20,24.029993359372043,0.24083535,34.78194521740079,0,232,2015,8
2015-08-21,23.84999336339536,0.28962493,34.69954524189234,0,233,2015,8
2015-08-22,23.809993364289426,0.28991207,34.62477489374578,0,234,2015,8
2015-08-23,23.809993364289426,0.4161653,34.690389689058065,0,235,2015,8
2015-08-24,23.86999336294832,0.4176457,34.74837485700846,0,236,2015,8
2015-08-25,23.769993365183492,0.29398456,34.763634111732244,0,237,2015,8
2015-08-26,23.929993361607217,0.52153224,34.78194521740079,0,238,2015,8
2015-08-27,24.339993352443003,0.35002917,34.80636002495885,0,239,2015,8
2015-08-28,24.549993347749137,0.4310141,34.812463726848364,0,240,2015,8
2015-08-29,24.48999334909024,0.41408128,34.7956785466522,0,241,2015,8
2015-08-30,24.739993343502302,0.2752332,34.74074522964656,0,242,2015,8
2015-08-31,24.739993343502302,0.21529256,34.67665635980666,0,243,2015,8
2015-09-01,24.339993352443003,0.3351326,34.582048980519176,0,244,2015,9
2015-09-02,24.15999335646632,0.23606744,34.46607864461839,0,245,2015,9
2015-09-03,23.989993360266112,0.2360169,34.319589799270034,0,246,2015,9
2015-09-04,24.00999335981908,0.21684377,34.22650834545493,0,247,2015,9
2015-09-05,23.929993361607217,0.20606257,34.22956019639969,0,248,2015,9
2015-09-06,24.299993353337072,0.20606244,34.14410836994648,0,249,2015,9
2015-09-07,24.379993351548933,2.7128618,34.07544172368944,0,250,2015,9
2015-09-08,24.17999335601928,0.2241236,33.932004729285836,0,251,2015,9
2015-09-09,24.069993358477973,0.2284571,33.849604753777385,0,252,2015,9
2015-09-10,24.1699933562428,0.37831157,34.006775077432394,0,253,2015,9
2015-09-11,24.22999335490169,0.35765162,34.031189884990454,0,254,2015,9
2015-09-12,24.349993352219485,0.35925263,34.27533796057105,0,255,2015,9
2015-09-13,24.189993355795764,0.28236717,34.36841941438615,0,256,2015,9
2015-09-14,24.379993351548933,0.27899766,34.44624161347747,0,257,2015,9
2015-09-15,24.28999335356059,0.2914552,34.48438975028694,0,258,2015,9
2015-09-16,24.089993358030934,0.39615846,34.5805230550468,0,259,2015,9
2015-09-17,24.119993357360386,0.3975566,34.66444895602763,0,260,2015,9
2015-09-18,24.109993357583903,0.39755636,34.559160098433495,0,261,2015,9
2015-09-19,24.069993358477973,0.2738488,34.65071562677622,0,262,2015,9
2015-09-20,24.039993359148525,0.3088591,34.84450816176832,0,263,2015,9
2015-09-21,24.049993358925008,0.28812853,34.884182224050164,0,264,2015,9
2015-09-22,24.47999334931376,0.7009546,34.81856742873788,0,265,2015,9
2015-09-23,24.53999334797265,0.7856884,34.80788595043123,0,266,2015,9
2015-09-24,24.46999334953728,0.6341105,34.84908593818545,0,267,2015,9
2015-09-25,24.299993353337072,0.5374694,34.89791555330157,0,268,2015,9
2015-09-26,24.24999335445466,0.2982999,35.003204410895705,0,269,2015,9
2015-09-27,24.52999334819617,0.29272476,35.02151551656425,0,270,2015,9
2015-09-28,24.299993353337072,0.37868944,35.01235996372998,0,271,2015,9
2015-09-29,24.259993354231145,0.37866923,35.00015255995095,0,272,2015,9
2015-09-30,24.189993355795764,16.46555,35.004730336368084,0,273,2015,9
2015-10-01,24.089993358030934,9.610073,35.05813772790134,0,274,2015,10
2015-10-02,24.069993358477973,4.686464,35.122226597741246,0,275,2015,10
2015-10-03,23.89999336227777,2.3729217,35.18631546758115,0,276,2015,10
2015-10-04,23.82999336384239,2.7355514,35.16800436191261,0,277,2015,10
2015-10-05,23.66999336741867,2.199486,35.05661180242896,0,278,2015,10
2015-10-06,23.82999336384239,1.8537511,35.064241429790854,0,279,2015,10
2015-10-07,23.879993362724804,3.534629,35.148167330771685,0,280,2015,10
2015-10-08,24.31999335289004,2.1496265,34.95284887030721,0,281,2015,10
2015-10-09,24.579993347078585,37.713726,34.569841576740146,0,282,2015,10
2015-10-10,24.379993351548933,1.2330837,34.21277501620352,0,283,2015,10
2015-10-11,24.12999335713687,7.359648,33.919797325506806,0,284,2015,10
2015-10-12,24.13999335691335,7.359645,33.88164918869734,0,285,2015,10
2015-10-13,24.029993359372043,1.3592403,34.510330483317375,0,286,2015,10
2015-10-14,24.05999335870149,0.94711465,34.220404643565416,0,287,2015,10
2015-10-15,24.109993357583903,0.9265503,34.319589799270034,0,288,2015,10
2015-10-16,24.21999335512521,0.7250457,34.99710070900619,0,289,2015,10
2015-10-17,24.359993351995968,0.61943775,35.10544141754508,0,290,2015,10
2015-10-18,25.229993332549952,0.3735706,34.98641923069954,0,291,2015,10
2015-10-19,25.619993323832773,0.21470717,34.933011839166284,0,292,2015,10
2015-10-20,25.739993321150564,0.21533109,34.73311560228467,0,293,2015,10
2015-10-21,25.77999332025649,0.28592333,34.67665635980666,0,294,2015,10
2015-10-22,25.809993319585946,0.213361,34.665974881500006,0,295,2015,10
2015-10-23,25.739993321150564,0.19093017,34.73616745322943,0,296,2015,10
2015-10-24,25.639993323385735,0.24624272,34.93453776463866,0,297,2015,10
2015-10-25,25.629993323609256,0.18531959,35.07950068451464,0,298,2015,10
2015-10-26,25.67999332249167,0.17358603,35.14206362888217,0,299,2015,10
2015-10-27,25.659993322938703,0.19925734,35.17868584021926,0,300,2015,10
2015-10-28,25.619993323832773,0.13313913,35.21530805155635,0,301,2015,10
2015-10-29,25.619993323832773,0.19825545,35.225989529863,0,302,2015,10
2015-10-30,25.619993323832773,0.20005307,35.233619157224894,0,303,2015,10
2015-10-31,25.539993325620912,0.20229259,35.232093231752515,0,304,2015,10
2015-11-01,24.83999334126713,0.30002424,35.22446360439062,0,305,2015,11
2015-11-02,24.67999334484341,0.3027771,35.21683397702873,0,306,2015,11
2015-11-03,24.889993340149545,0.27362305,35.20157472230494,0,307,2015,11
2015-11-04,25.0299933370203,0.2747228,35.209204349666834,0,308,2015,11
2015-11-05,25.119993335008644,0.3361067,35.21530805155635,0,309,2015,11
2015-11-06,24.979993338137888,0.3361067,35.22904138080776,0,310,2015,11
2015-11-07,24.959993338584923,0.32620248,35.24124878458679,0,311,2015,11
2015-11-08,25.09999333545568,0.32933483,35.25345618836582,0,312,2015,11
2015-11-09,25.44999332763257,0.5044326,35.26108581572771,0,313,2015,11
2015-11-10,25.37999332919719,0.42961589,35.27176729403436,0,314,2015,11
2015-11-11,25.359993329644222,0.40950707,35.268715443089604,0,315,2015,11
2015-11-12,25.0299933370203,1.4425926,35.27787099592388,0,316,2015,11
2015-11-13,24.71999334394934,0.777628,35.2763450704515,0,317,2015,11
2015-11-14,24.579993347078585,0.8284591,35.2763450704515,0,318,2015,11
2015-11-15,24.419993350654863,0.828476,35.2763450704515,0,319,2015,11
2015-11-16,24.699993344396376,0.9523866,35.26413766667247,0,320,2015,11
2015-11-17,24.889993340149545,0.6099729,35.25803396478295,0,321,2015,11
2015-11-18,25.0299933370203,0.29223925,35.27329321950674,0,322,2015,11
2015-11-19,25.309993330761813,0.26775867,35.24124878458679,0,323,2015,11
2015-11-20,25.439993327856087,0.21155442,35.27787099592388,0,324,2015,11
2015-11-21,25.46999332718553,0.21152216,34.66902673244476,0,325,2015,11
2015-11-22,25.699993322044637,0.20260791,34.38062681816518,0,326,2015,11
2015-11-23,25.629993323609256,0.3565823,34.44471568800509,0,327,2015,11
2015-11-24,25.639993323385735,0.31613117,34.511856408789754,0,328,2015,11
2015-11-25,25.519993326067947,0.3329818,34.04492321424186,0,329,2015,11
2015-11-26,25.41999332830312,0.5108489,33.13547163270414,0,330,2015,11
2015-11-27,25.37999332919719,0.5097218,33.25754567049444,0,331,2015,11
2015-11-28,25.44999332763257,0.50971633,33.31247898750007,0,332,2015,11
2015-11-29,25.479993326962017,0.22193469,33.548997435718775,0,333,2015,11
2015-11-30,25.519993326067947,0.2212673,33.90453807078302,0,334,2015,11
2015-12-01,26.219993310421728,0.2133744,34.221930569037795,0,335,2015,12
2015-12-02,26.209993310645245,0.21339099,34.244819451123476,0,336,2015,12
2015-12-03,26.209993310645245,0.12649576,34.16852317750454,0,337,2015,12
2015-12-04,26.479993304610275,0.11947253,34.47828604839742,0,338,2015,12
2015-12-05,26.519993303716205,0.13824366,34.61104156449437,0,339,2015,12
2015-12-06,26.789993297681235,0.117127664,34.679708210751414,0,340,2015,12
2015-12-07,26.96999329365792,0.14209937,34.64003414846957,0,341,2015,12
2015-12-08,27.11999329030516,0.14215933,34.606463788077235,0,342,2015,12
2015-12-09,26.96999329365792,0.16262953,34.606463788077235,0,343,2015,12
2015-12-10,26.69999329969289,0.17217556,34.607989713549614,0,344,2015,12
2015-12-11,26.92999329455199,0.1837859,34.65834525413811,0,345,2015,12
2015-12-12,27.059993291646265,0.21754189,34.61104156449437,0,346,2015,12
2015-12-13,27.129993290081643,0.219779,34.5011749304831,0,347,2015,12
2015-12-14,27.179993288964056,0.219779,34.17615280486643,0,348,2015,12
2015-12-15,27.25999328717592,0.17948344,34.043397288769484,0,349,2015,12
2015-12-16,27.2699932869524,0.18786901,33.54289373382926,0,350,2015,12
2015-12-17,27.399993284046676,0.21157968,33.36130860261619,0,351,2015,12
2015-12-18,27.359993284940742,0.22748223,33.41929377056658,0,352,2015,12
2015-12-19,27.34999328516426,0.2285004,33.61308630555868,0,353,2015,12
2015-12-20,27.829993274435424,0.14613807,33.55357521213591,0,354,2015,12
2015-12-21,27.94999327175321,0.26398686,33.393353037536144,0,355,2015,12
2015-12-22,27.88999327309432,0.12132629,33.138523483648896,0,356,2015,12
2015-12-23,27.369993284717225,0.16593283,33.11105682514608,0,357,2015,12
2015-12-24,27.65999327823522,0.16593283,32.73415323346853,0,358,2015,12
2015-12-25,28.109993268176936,0.123824835,32.38624222576618,0,359,2015,12
2015-12-26,28.219993265718244,0.1092825,31.948301615193486,0,360,2015,12
2015-12-27,27.94999327175321,0.109592535,32.05206454731524,0,361,2015,12
2015-12-28,27.61999327912929,0.1637166,32.79671617783606,0,362,2015,12
2015-12-29,27.369993284717225,0.16277152,33.33841972053051,0,363,2015,12
2015-12-30,27.489993282035016,0.08601395,33.73210849240422,0,364,2015,12
2015-12-31,27.649993278458737,0.0893612,33.89538251794875,0,365,2015,12
2016-01-01,28.109993268176936,0.13081846,34.00067137554288,0,1,2016,1
2016-01-02,28.329993263259556,0.13040313,34.08459727652371,0,2,2016,1
2016-01-03,27.81999327465894,0.10714003,34.319589799270034,0,3,2016,1
2016-01-04,27.65999327823522,0.1086622,34.461500868201256,0,4,2016,1
2016-01-05,27.869993273541358,0.11814833,34.39283422194421,0,5,2016,1
2016-01-06,28.139993267506384,0.11566343,34.20361946336925,0,6,2016,1
2016-01-07,28.309993263706588,0.12887628,34.031189884990454,0,7,2016,1
2016-01-08,28.43999326080086,0.15865463,34.17004910297692,0,8,2016,1
2016-01-09,27.529993281140943,0.15865463,34.70564894378185,0,9,2016,1
2016-01-10,27.799993275105976,0.115287125,34.96353034861386,0,10,2016,1
2016-01-11,27.93999327197673,0.11675937,35.12680437415838,0,11,2016,1
2016-01-12,28.339993263036035,0.08565364,35.20004879683256,0,12,2016,1
2016-01-13,28.769993253424783,0.08878058,35.233619157224894,0,13,2016,1
2016-01-14,29.09999324604871,0.0924876,35.232093231752515,0,14,2016,1
2016-01-15,29.31999324113133,0.0913375,35.207678424194455,0,15,2016,1
2016-01-16,29.039993247389816,0.115210615,35.233619157224894,0,16,2016,1
2016-01-17,28.74999325387182,0.11353639,35.267189517617226,0,17,2016,1
2016-01-18,28.56999325789513,0.113700636,35.28550062328577,0,18,2016,1
2016-01-19,28.309993263706588,0.13882208,35.29923395253718,0,19,2016,1
2016-01-20,28.25999326482417,0.13882923,35.2977080270648,0,20,2016,1
2016-01-21,28.19999326616528,0.14739671,35.267189517617226,0,21,2016,1
2016-01-22,28.329993263259556,0.11858843,35.172582138329744,0,22,2016,1
2016-01-23,28.149993267282863,0.13318561,35.13748585246503,0,23,2016,1
2016-01-24,27.909993272647284,0.13040274,35.21073027513921,0,24,2016,1
2016-01-25,27.749993276223563,0.13040274,35.225989529863,0,25,2016,1
2016-01-26,27.649993278458737,0.1304028,35.17715991474688,0,26,2016,1
2016-01-27,27.679993277788185,0.19527769,35.15274510718882,0,27,2016,1
2016-01-28,27.769993275776528,0.19497882,35.183263616636395,0,28,2016,1
2016-01-29,27.869993273541358,0.1652482,35.196996945887804,0,29,2016,1
2016-01-30,28.149993267282863,0.11513878,35.233619157224894,0,30,2016,1
2016-01-31,27.96999327130618,0.09975595,35.27329321950674,0,31,2016,1
2016-02-01,28.109993268176936,0.09278521,35.28397469781339,0,32,2016,2
2016-02-02,28.24999326504769,0.103273675,35.27329321950674,0,33,2016,2
2016-02-03,28.219993265718244,0.106907465,35.24582656100392,0,34,2016,2
2016-02-04,27.959993271529697,0.106907465,35.21378212608397,0,35,2016,2
2016-02-05,27.959993271529697,0.11184829,35.242774710059166,0,36,2016,2
2016-02-06,28.109993268176936,0.092215024,35.35721912048757,0,37,2016,2
2016-02-07,28.11999326795342,0.09782063,35.43809317052364,0,38,2016,2
2016-02-08,28.27999326437714,0.15464978,35.47776723280549,0,39,2016,2
2016-02-09,28.269993264600657,0.15035556,35.48081908375025,0,40,2016,2
2016-02-10,28.16999326683583,0.15036844,35.4701376054436,0,41,2016,2
2016-02-11,28.409993261471413,0.24589369,35.45487835071981,0,42,2016,2
2016-02-12,28.459993260353823,0.25345528,35.4701376054436,0,43,2016,2
2016-02-13,28.609993257001065,0.18528461,35.496078338474035,0,44,2016,2
2016-02-14,28.619993256777548,0.19639364,35.509811667725444,0,45,2016,2
2016-02-15,28.66999325565996,0.16196197,35.52507092244923,0,46,2016,2
2016-02-16,28.299993263930105,0.1813707,35.532700549811125,0,47,2016,2
2016-02-17,28.20999326594176,0.14726357,35.51438944414258,0,48,2016,2
2016-02-18,28.409993261471413,0.1488142,35.5418561026454,0,49,2016,2
2016-02-19,28.70999325476589,0.1329715,35.51133759319782,0,50,2016,2
2016-02-20,28.97999324873092,0.1329715,35.38468577899039,0,51,2016,2
2016-02-21,29.029993247613334,0.13280404,35.31296728178859,0,52,2016,2
2016-02-22,28.86999325118961,0.13759378,35.00778218731284,0,53,2016,2
2016-02-23,29.029993247613334,0.13500156,34.908597031608224,0,54,2016,2
2016-02-24,28.839993251860164,0.13500156,34.871974820271134,0,55,2016,2
2016-02-25,28.56999325789513,0.15032001,34.90401925519109,0,56,2016,2
2016-02-26,28.419993261247896,0.13901934,34.98489330522716,0,57,2016,2
2016-02-27,28.059993269294523,0.13902278,35.01235996372998,0,58,2016,2
2016-02-28,28.24999326504769,0.13917457,35.01846366561949,0,59,2016,2
2016-02-29,27.8999932728708,0.14359728,34.99862663447857,0,60,2016,2
2016-03-01,28.059993269294523,0.15740739,34.97726367786527,0,61,2016,3
2016-03-02,28.289993264153622,0.15404372,34.95742664672434,0,62,2016,3
2016-03-03,28.43999326080086,0.13124773,34.91317480802536,0,63,2016,3
2016-03-04,28.369993262365483,0.10296688,34.90249332971871,0,64,2016,3
2016-03-05,28.309993263706588,0.13990727,34.858241491019726,0,65,2016,3
2016-03-06,28.839993251860164,0.1335188,34.73464152775705,0,66,2016,3
2016-03-07,29.05999324694278,0.19620961,34.594256384298205,0,67,2016,3
2016-03-08,28.949993249401476,0.21967013,34.60341193713248,0,68,2016,3
2016-03-09,29.109993245825198,0.1912969,34.61104156449437,0,69,2016,3
2016-03-10,28.849993251636647,0.16153958,34.583574905991554,0,70,2016,3
2016-03-11,28.66999325565996,0.15813108,34.508804557845,0,71,2016,3
2016-03-12,28.87999325096609,0.17017743,34.449293464422226,0,72,2016,3
2016-03-13,28.959993249177955,0.16043454,34.424878656864166,0,73,2016,3
2016-03-14,28.78999325297775,0.13959683,34.340952755883336,0,74,2016,3
2016-03-15,28.69999325498941,0.16626514,34.319589799270034,0,75,2016,3
2016-03-16,28.74999325387182,0.20010123,34.365367563441396,0,76,2016,3
2016-03-17,28.839993251860164,0.22140685,34.47065642103553,0,77,2016,3
2016-03-18,28.849993251636647,0.21960233,34.281441662460566,0,78,2016,3
2016-03-19,28.78999325297775,0.21458007,33.39945673942566,0,79,2016,3
2016-03-20,28.77999325320127,0.23959342,32.97830130904913,0,80,2016,3
2016-03-21,28.299993263930105,0.24071497,33.48338264040649,0,81,2016,3
2016-03-22,28.38999326191845,0.16644146,34.42335273139179,0,82,2016,3
2016-03-23,28.529993258789204,0.21509664,35.07339698262513,0,83,2016,3
2016-03-24,28.489993259683278,0.20940152,35.088656237348914,0,84,2016,3
2016-03-25,28.1299932677299,0.17066997,35.209204349666834,0,85,2016,3
2016-03-26,28.109993268176936,0.16147667,35.22751545533538,0,86,2016,3
2016-03-27,28.219993265718244,0.14819953,35.16495251096785,0,87,2016,3
2016-03-28,28.16999326683583,0.13980414,35.07034513168037,0,88,2016,3
2016-03-29,28.25999326482417,0.11263236,35.14206362888217,0,89,2016,3
2016-03-30,28.369993262365483,0.15669456,35.23667100816965,0,90,2016,3
2016-03-31,28.449993260577344,0.12216412,35.22904138080776,0,91,2016,3
2016-04-01,28.46999326013031,0.118399195,35.23514508269727,0,92,2016,4
2016-04-02,28.39999326169493,0.124552354,35.242774710059166,0,93,2016,4
2016-04-03,28.019993270188596,0.14911444,35.27787099592388,0,94,2016,4
2016-04-04,27.709993277117636,0.14354755,35.34195986576378,0,95,2016,4
2016-04-05,27.919993272423767,0.14026189,35.36790059879422,0,96,2016,4
2016-04-06,27.769993275776528,0.14026472,35.39384133182466,0,97,2016,4
2016-04-07,27.44999328292909,0.17898516,35.46861167997122,0,98,2016,4
2016-04-08,27.459993282705568,0.1871946,35.48997463658452,0,99,2016,4
2016-04-09,27.27999328672888,0.23915407,35.49455241300166,0,100,2016,4
2016-04-10,27.299993286281847,0.32981515,35.50523389130831,0,101,2016,4
2016-04-11,27.19999328851702,0.34061792,35.47929315827787,0,102,2016,4
2016-04-12,27.029993292316817,0.19959578,35.44572279788554,0,103,2016,4
2016-04-13,26.979993293434404,0.24576767,35.41673021391034,0,104,2016,4
2016-04-14,26.829993296787165,0.17447272,35.39231540635228,0,105,2016,4
2016-04-15,26.989993293210887,0.20780402,35.40757466107607,0,106,2016,4
2016-04-16,27.32999328561129,0.22864382,35.4701376054436,0,107,2016,4
2016-04-17,27.519993281364464,0.20870607,35.518967220559716,0,108,2016,4
2016-04-18,27.209993288293504,0.22306012,35.522019071504474,0,109,2016,4
2016-04-19,27.289993286505364,0.15173724,35.520493146032095,0,110,2016,4
2016-04-20,27.15999328941109,0.19204083,35.518967220559716,0,111,2016,4
2016-04-21,26.789993297681235,0.18690673,35.51744129508734,0,112,2016,4
2016-04-22,26.509993303939723,0.16623682,35.51591536961496,0,113,2016,4
2016-04-23,26.479993304610275,0.3047298,35.48997463658452,0,114,2016,4
2016-04-24,26.429993305727866,0.3047298,35.39689318276942,0,115,2016,4
2016-04-25,26.33999330773952,0.1673951,35.26413766667247,0,116,2016,4
2016-04-26,26.33999330773952,0.15510781,35.16495251096785,0,117,2016,4
2016-04-27,26.749993298575305,0.19400011,35.052034026011825,0,118,2016,4
2016-04-28,26.5799933023751,0.18936796,35.01846366561949,0,119,2016,4
2016-04-29,26.48999330438676,0.23174787,35.074922908097506,0,120,2016,4
2016-04-30,26.38999330662193,0.22851317,35.1542710326612,0,121,2016,4
2016-05-01,26.41999330595138,0.21511322,35.1329080760479,0,122,2016,5
2016-05-02,26.33999330773952,0.20027052,35.125278448686004,0,123,2016,5
2016-05-03,26.409993306174897,0.1939163,35.1329080760479,0,124,2016,5
2016-05-04,26.449993305280827,0.22587204,35.17410806380212,0,125,2016,5
2016-05-05,26.49999330416324,0.2280586,35.23819693364203,0,126,2016,5
2016-05-06,26.359993307292484,0.21730064,35.29465617612004,0,127,2016,5
2016-05-07,26.01999331489208,0.23093708,35.33280431292951,0,128,2016,5
2016-05-08,25.969993316009663,0.2615411,35.37400430068374,0,129,2016,5
2016-05-09,26.219993310421728,0.2003561,35.401470959186554,0,130,2016,5
2016-05-10,26.22999331019821,0.19690606,35.401470959186554,0,131,2016,5
2016-05-11,26.249993309751176,0.2267228,35.39384133182466,0,132,2016,5
2016-05-12,26.14999331198635,0.19029371,35.37095244973898,0,133,2016,5
2016-05-13,26.289993308857103,0.26630825,35.326700611039996,0,134,2016,5
2016-05-14,26.38999330662193,0.28436804,35.30838950537145,0,135,2016,5
2016-05-15,26.30999330841007,0.44880095,35.30075987800956,0,136,2016,5
2016-05-16,26.02999331466856,0.26284406,35.280922846868634,0,137,2016,5
2016-05-17,25.909993317350768,0.32546875,35.267189517617226,0,138,2016,5
2016-05-18,25.98999331556263,0.20331484,35.268715443089604,0,139,2016,5
2016-05-19,26.009993315115597,0.22257893,35.26566359214485,0,140,2016,5
2016-05-20,25.909993317350768,0.20855045,35.27024136856198,0,141,2016,5
2016-05-21,25.749993320927047,0.17416178,35.27176729403436,0,142,2016,5
2016-05-22,25.86999331824484,0.20403701,35.26261174120009,0,143,2016,5
2016-05-23,25.699993322044637,0.21112512,35.24887841194868,0,144,2016,5
2016-05-24,25.639993323385735,0.22766782,35.244300635531545,0,145,2016,5
2016-05-25,25.619993323832773,0.22682509,35.225989529863,0,146,2016,5
2016-05-26,25.619993323832773,0.17885701,35.196996945887804,0,147,2016,5
2016-05-27,25.619993323832773,0.17307065,35.17868584021926,0,148,2016,5
2016-05-28,25.44999332763257,0.20471823,35.16647843644023,0,149,2016,5
2016-05-29,25.41999332830312,0.22650948,35.160374734550714,0,150,2016,5
2016-05-30,25.33999333009126,0.22681758,35.15732288360596,0,151,2016,5
2016-05-31,25.06999333612623,0.3200946,35.146641405299306,0,152,2016,5
2016-06-01,24.98999333791437,0.2297413,35.14053770340979,0,153,2016,6
2016-06-02,25.10999333523216,0.21784598,35.148167330771685,0,154,2016,6
2016-06-03,25.40999332852664,0.20284678,35.15579695813358,0,155,2016,6
2016-06-04,25.39999332875016,0.21430351,35.16190066002309,0,156,2016,6
2016-06-05,25.019993337243815,0.14523306,35.16647843644023,0,157,2016,6
2016-06-06,24.959993338584923,0.17325526,35.171056212857366,0,158,2016,6
2016-06-07,25.049993336573262,0.2173582,35.18173769116402,0,159,2016,6
2016-06-08,25.09999333545568,0.20596613,35.19852287136018,0,160,2016,6
2016-06-09,25.169993333891057,0.18835133,35.21378212608397,0,161,2016,6
2016-06-10,25.049993336573262,0.2519891,35.225989529863,0,162,2016,6
2016-06-11,24.93999333903196,0.2386007,35.23972285911441,0,163,2016,6
2016-06-12,24.83999334126713,0.24828297,35.27481914497912,0,164,2016,6
2016-06-13,24.659993345290445,0.21780938,35.303811728954315,0,165,2016,6
2016-06-14,24.46999334953728,0.2638154,35.31296728178859,0,166,2016,6
2016-06-15,24.46999334953728,0.2664022,35.3190709836781,0,167,2016,6
2016-06-16,24.17999335601928,0.2574262,35.329752461984754,0,168,2016,6
2016-06-17,24.1699933562428,0.26876172,35.33585616387427,0,169,2016,6
2016-06-18,24.31999335289004,0.24471974,35.338908014819026,0,170,2016,6
2016-06-19,24.44999334998431,0.24843615,35.338908014819026,0,171,2016,6
2016-06-20,24.339993352443003,0.2565232,35.340433940291405,0,172,2016,6
2016-06-21,24.279993353784107,0.26318797,35.34195986576378,0,173,2016,6
2016-06-22,24.15999335646632,0.23171508,35.34958949312568,0,174,2016,6
2016-06-23,23.929993361607217,0.2510704,35.36637467332184,0,175,2016,6
2016-06-24,23.54999337010088,0.23910944,35.3907894808799,0,176,2016,6
2016-06-25,23.84999336339536,0.24597125,35.412152437493205,0,177,2016,6
2016-06-26,23.839993363618877,0.26627576,35.43198946863413,0,178,2016,6
2016-06-27,23.71999336630108,0.32032856,35.44572279788554,0,179,2016,6
2016-06-28,23.54999337010088,0.2167935,35.45182649977505,0,180,2016,6
2016-06-29,23.71999336630108,0.20616324,35.45793020166457,0,181,2016,6
2016-06-30,23.969993360713147,0.18830325,35.460982052609324,0,182,2016,6
2016-07-01,23.729993366077565,0.1992848,35.46861167997122,0,183,2016,7
2016-07-02,23.619993368536257,0.20642228,35.4701376054436,0,184,2016,7
2016-07-03,23.58999336920681,0.20010993,35.4701376054436,0,185,2016,7
2016-07-04,23.4799933716655,0.2368195,35.459456127136946,0,186,2016,7
2016-07-05,23.43999337255957,0.29714578,35.4625079780817,0,187,2016,7
2016-07-06,23.219993377476957,0.35814732,35.4625079780817,0,188,2016,7
2016-07-07,23.199993377923988,0.4697113,35.45640427619219,0,189,2016,7
2016-07-08,23.0799933806062,0.35826725,35.45793020166457,0,190,2016,7
2016-07-09,23.059993381053232,0.34194222,35.45640427619219,0,191,2016,7
2016-07-10,23.14999337904157,0.20783754,35.45487835071981,0,192,2016,7
2016-07-11,23.38999337367716,0.20406596,35.448774648830295,0,193,2016,7
2016-07-12,23.50999337099495,0.22159159,35.4197820648551,0,194,2016,7
2016-07-13,23.529993370547917,0.2224235,35.36790059879422,0,195,2016,7
2016-07-14,23.5399933703244,0.238606,35.29923395253718,0,196,2016,7
2016-07-15,23.449993372336053,0.3553582,35.25345618836582,0,197,2016,7
2016-07-16,23.38999337367716,0.27806935,35.230567306280136,0,198,2016,7
2016-07-17,23.27999337613585,0.27596736,35.21073027513921,0,199,2016,7
2016-07-18,23.449993372336053,0.21678007,35.2046265732497,0,200,2016,7
2016-07-19,23.39999337345364,0.20977049,35.21530805155635,0,201,2016,7
2016-07-20,23.27999337613585,0.32826132,35.23514508269727,0,202,2016,7
2016-07-21,23.14999337904157,0.6267155,35.25040433742106,0,203,2016,7
2016-07-22,23.38999337367716,0.2846806,35.25040433742106,0,204,2016,7
2016-07-23,23.58999336920681,0.55696714,35.24887841194868,0,205,2016,7
2016-07-24,23.22999337725344,0.2954014,35.25040433742106,0,206,2016,7
2016-07-25,23.27999337613585,0.2779595,35.23819693364203,1,207,2016,7
2016-07-26,23.379993373900675,0.28700617,35.221411753445864,0,208,2016,7
2016-07-27,23.309993375465297,0.52374184,35.20157472230494,0,209,2016,7
2016-07-28,22.879993385076546,0.5785726,35.19089324399829,0,210,2016,7
2016-07-29,23.029993381723784,0.9442853,35.19241916947067,0,211,2016,7
2016-07-30,23.339993374794744,0.3827347,35.196996945887804,0,212,2016,7
2016-07-31,24.119993357360386,0.20204121,35.206152498722076,0,213,2016,7
2016-08-01,24.029993359372043,0.20203325,35.21530805155635,0,214,2016,8
2016-08-02,23.89999336227777,0.2079477,35.23514508269727,0,215,2016,8
2016-08-03,23.969993360713147,0.20358786,35.267189517617226,0,216,2016,8
2016-08-04,23.949993361160185,0.19795968,35.28550062328577,0,217,2016,8
2016-08-05,23.97999336048963,0.49145564,35.293130250647664,0,218,2016,8
2016-08-06,23.9399933613837,0.32333347,35.29618210159242,0,219,2016,8
2016-08-07,23.799993364512943,0.2587391,35.30075987800956,0,220,2016,8
2016-08-08,23.71999336630108,0.91898364,35.24887841194868,0,221,2016,8
2016-08-09,23.729993366077565,0.31410283,35.18631546758115,0,222,2016,8
2016-08-10,23.739993365854048,0.4948278,35.16495251096785,0,223,2016,8
2016-08-11,23.729993366077565,0.23937356,35.07339698262513,0,224,2016,8
2016-08-12,23.22999337725344,0.5425864,35.02151551656425,0,225,2016,8
2016-08-13,23.2499933768064,0.84994406,34.99557478353381,0,226,2016,8
2016-08-14,23.309993375465297,1.5901451,35.03677477128804,0,227,2016,8
2016-08-15,23.0799933806062,1.1832705,35.0321969948709,0,228,2016,8
2016-08-16,23.0799933806062,0.5633534,35.06729328073561,0,229,2016,8
2016-08-17,23.269993376359366,0.23602366,35.11917474679649,0,230,2016,8
2016-08-18,23.419993373006605,0.19086613,35.158848809078336,0,231,2016,8
2016-08-19,23.59999336898329,0.22797455,35.20157472230494,0,232,2016,8
2016-08-20,23.62999336831274,0.3463221,35.20310064777732,0,233,2016,8
2016-08-21,23.38999337367716,0.37898076,35.22446360439062,0,234,2016,8
2016-08-22,23.419993373006605,0.3128523,35.221411753445864,0,235,2016,8
2016-08-23,23.619993368536257,0.22376218,35.29465617612004,0,236,2016,8
2016-08-24,23.779993364959974,0.25589082,35.340433940291405,0,237,2016,8
2016-08-25,23.889993362501286,0.21944226,35.340433940291405,0,238,2016,8
2016-08-26,23.9399933613837,0.24908409,35.29465617612004,0,239,2016,8
2016-08-27,23.959993360936664,0.20334296,35.25193026289344,0,240,2016,8
2016-08-28,23.9399933613837,0.20338999,35.23819693364203,0,241,2016,8
2016-08-29,23.469993371889014,0.20020366,35.21225620061159,0,242,2016,8
2016-08-30,23.419993373006605,0.19800033,35.20310064777732,0,243,2016,8
2016-08-31,23.89999336227777,0.20554398,35.206152498722076,0,244,2016,8
2016-09-01,24.17999335601928,0.20169981,35.20310064777732,0,245,2016,9
2016-09-02,24.13999335691335,0.17899679,35.21530805155635,0,246,2016,9
2016-09-03,24.299993353337072,0.19944184,35.21225620061159,0,247,2016,9
2016-09-04,24.20999335534873,0.19009233,35.18173769116402,0,248,2016,9
2016-09-05,23.90999336205425,0.33838385,35.1542710326612,0,249,2016,9
2016-09-06,23.51999337077143,0.380583,35.135959926992655,0,250,2016,9
2016-09-07,23.189993378147506,0.9586778,35.134434001520276,0,251,2016,9
2016-09-08,22.97999338284137,0.9500087,35.15274510718882,0,252,2016,9
2016-09-09,22.809993386641167,0.87902194,35.17868584021926,0,253,2016,9
2016-09-10,23.219993377476957,0.4165072,35.195471020415425,0,254,2016,9
2016-09-11,23.799993364512943,0.73869234,35.18784139305353,0,255,2016,9
2016-09-12,23.959993360936664,0.7208359,35.183263616636395,0,256,2016,9
2016-09-13,24.309993353113555,0.22721991,35.2046265732497,0,257,2016,9
2016-09-14,24.379993351548933,0.21296017,35.22293767891824,0,258,2016,9
2016-09-15,23.639993368089225,0.25949416,35.221411753445864,0,259,2016,9
2016-09-16,23.43999337255957,0.24870351,35.22751545533538,0,260,2016,9
2016-09-17,23.59999336898329,0.2066092,35.254982113838196,0,261,2016,9
2016-09-18,23.85999336317184,0.23721202,35.23514508269727,0,262,2016,9
2016-09-19,24.049993358925008,0.23616242,35.16190066002309,0,263,2016,9
2016-09-20,24.44999334998431,0.26363727,35.029145143926144,0,264,2016,9
2016-09-21,24.22999335490169,0.24900737,34.97115997597575,0,265,2016,9
2016-09-22,23.929993361607217,0.5457283,35.09170808829367,0,266,2016,9
2016-09-23,23.85999336317184,0.5795261,35.171056212857366,0,267,2016,9
2016-09-24,24.31999335289004,0.61842704,35.195471020415425,0,268,2016,9
2016-09-25,24.669993345066928,0.41382653,35.21378212608397,0,269,2016,9
2016-09-26,24.279993353784107,0.17190629,35.219885827973485,0,270,2016,9
2016-09-27,23.779993364959974,0.74622965,35.18631546758115,0,271,2016,9
2016-09-28,23.69999336674812,0.7467416,35.06881920620799,0,272,2016,9
2016-09-29,23.809993364289426,0.67371476,35.0321969948709,0,273,2016,9
2016-09-30,24.52999334819617,0.80522555,35.04898217506707,0,274,2016,9
2016-10-01,24.969993338361405,0.8048274,35.06881920620799,0,275,2016,10
2016-10-02,24.569993347302105,1.0782074,35.09323401376605,0,276,2016,10
2016-10-03,24.279993353784107,1.0179287,35.16953028738499,0,277,2016,10
2016-10-04,24.05999335870149,0.32162672,35.21683397702873,0,278,2016,10
2016-10-05,24.1699933562428,0.35300216,35.21073027513921,0,279,2016,10
2016-10-06,23.86999336294832,0.5561194,35.221411753445864,0,280,2016,10
2016-10-07,23.309993375465297,0.35116416,35.21225620061159,0,281,2016,10
2016-10-08,23.179993378371023,0.26118737,35.207678424194455,0,282,2016,10
2016-10-09,23.59999336898329,0.26567474,35.206152498722076,0,283,2016,10
2016-10-10,24.22999335490169,0.2929443,35.207678424194455,0,284,2016,10
2016-10-11,24.609993346408032,0.38362378,35.21378212608397,0,285,2016,10
2016-10-12,24.709993344172855,0.23060349,35.219885827973485,0,286,2016,10
2016-10-13,24.709993344172855,0.23061596,35.22293767891824,0,287,2016,10
2016-10-14,24.459993349760797,0.13781425,35.232093231752515,0,288,2016,10
2016-10-15,24.53999334797265,0.13781425,35.23819693364203,0,289,2016,10
2016-10-16,24.63999334573748,0.16941279,35.23514508269727,0,290,2016,10
2016-10-17,24.689993344619893,0.16941279,35.24124878458679,0,291,2016,10
2016-10-18,24.619993346184515,0.17354499,35.254982113838196,0,292,2016,10
2016-10-19,24.569993347302105,0.24010545,35.26566359214485,0,293,2016,10
2016-10-20,24.459993349760797,0.25126183,35.26566359214485,0,294,2016,10
2016-10-21,24.619993346184515,0.26705492,35.27176729403436,0,295,2016,10
2016-10-22,24.63999334573748,0.28224763,35.2763450704515,0,296,2016,10
2016-10-23,24.86999334059658,0.21071458,35.28550062328577,0,297,2016,10
2016-10-24,25.019993337243815,0.21501234,35.291604325175285,0,298,2016,10
2016-10-25,25.72999332137408,0.28069457,35.27787099592388,0,299,2016,10
2016-10-26,26.56999330259862,0.20397684,35.25803396478295,0,300,2016,10
2016-10-27,26.509993303939723,0.16596258,35.254982113838196,0,301,2016,10
2016-10-28,26.519993303716205,0.16239959,35.27176729403436,0,302,2016,10
2016-10-29,26.049993314221524,0.15832675,35.280922846868634,0,303,2016,10
2016-10-30,25.749993320927047,0.15870018,35.29618210159242,0,304,2016,10
2016-10-31,25.929993316903733,0.12615025,35.30991543084383,0,305,2016,10
2016-11-01,26.08999331332745,0.12520885,35.30991543084383,0,306,2016,11
2016-11-02,26.01999331489208,0.12755574,35.30991543084383,0,307,2016,11
2016-11-03,25.969993316009663,0.15733132,35.30838950537145,0,308,2016,11
2016-11-04,25.99999331533911,0.16063397,35.32212283462286,0,309,2016,11
2016-11-05,25.75999332070353,0.16511254,35.328226536512375,0,310,2016,11
2016-11-06,25.659993322938703,0.15378453,35.33738208934665,0,311,2016,11
2016-11-07,26.279993309080623,0.19847563,35.32364876009524,0,312,2016,11
2016-11-08,26.319993308186557,0.12205901,35.2977080270648,0,313,2016,11
2016-11-09,26.94999329410496,0.16339974,35.24582656100392,0,314,2016,11
2016-11-10,26.819993297010683,0.17135021,35.11612289585173,0,315,2016,11
2016-11-11,26.669993300363444,0.20507775,34.823145205155015,0,316,2016,11
2016-11-12,26.669993300363444,0.2042021,34.67207858338952,0,317,2016,11
2016-11-13,26.53999330326917,0.21484073,34.90554518066347,0,318,2016,11
2016-11-14,26.669993300363444,0.21331848,34.81398965232074,0,319,2016,11
2016-11-15,26.5799933023751,0.1664635,34.75753040984273,0,320,2016,11
2016-11-16,26.5799933023751,0.1664635,34.75905633531511,0,321,2016,11
2016-11-17,26.49999330416324,0.16088419,34.73006375133991,0,322,2016,11
2016-11-18,26.61999330148103,0.1608858,34.737693378701806,0,323,2016,11
2016-11-19,26.599993301928063,0.15484694,34.727011900395155,0,324,2016,11
2016-11-20,26.68999329991641,0.14524016,34.76821188814938,0,325,2016,11
2016-11-21,26.60999330170455,0.15720169,34.84908593818545,0,326,2016,11
2016-11-22,26.319993308186557,0.14040188,34.894863702356815,0,327,2016,11
2016-11-23,26.759993298351787,0.11715125,34.920804435387254,0,328,2016,11
2016-11-24,26.589993302151584,0.11852839,34.968108125030994,0,329,2016,11
2016-11-25,26.56999330259862,0.11852839,34.95742664672434,0,330,2016,11
2016-11-26,26.429993305727866,0.13646017,34.97421182692051,0,331,2016,11
2016-11-27,26.059993313998007,0.14358811,35.003204410895705,0,332,2016,11
2016-11-28,26.02999331466856,0.14332268,35.03067106939852,0,333,2016,11
2016-11-29,26.429993305727866,0.12795249,35.04440439864993,0,334,2016,11
2016-11-30,26.469993304833796,0.16802907,35.0321969948709,0,335,2016,11
2016-12-01,25.98999331556263,0.19691348,35.027619218453765,0,336,2016,12
2016-12-02,25.969993316009663,0.1851702,35.03524884581566,0,337,2016,12
2016-12-03,26.56999330259862,0.1577287,35.05661180242896,0,338,2016,12
2016-12-04,26.409993306174897,0.14787327,35.07797475904226,0,339,2016,12
2016-12-05,26.33999330773952,0.17043856,35.09628586471081,0,340,2016,12
2016-12-06,26.33999330773952,0.15350968,35.11459697037935,0,341,2016,12
2016-12-07,26.29999330863359,0.36942267,35.13138215057552,0,342,2016,12
2016-12-08,26.39999330639841,0.24850954,35.135959926992655,0,343,2016,12
2016-12-09,26.349993307516,0.18866578,35.1329080760479,0,344,2016,12
2016-12-10,26.469993304833796,0.18866564,35.13748585246503,0,345,2016,12
2016-12-11,26.48999330438676,0.18412237,35.15274510718882,0,346,2016,12
2016-12-12,26.669993300363444,0.15944032,35.23514508269727,0,347,2016,12
2016-12-13,26.88999329544606,0.16515163,35.25955989025533,0,348,2016,12
2016-12-14,26.84999329634013,0.14816646,35.21225620061159,0,349,2016,12
2016-12-15,26.749993298575305,0.133708,35.27329321950674,0,350,2016,12
2016-12-16,26.779993297904756,0.13062455,35.2977080270648,0,351,2016,12
2016-12-17,27.179993288964056,0.13402969,35.30991543084383,0,352,2016,12
2016-12-18,27.38999328427019,0.14767781,35.30991543084383,0,353,2016,12
2016-12-19,27.19999328851702,0.14013396,35.256508039310575,0,354,2016,12
2016-12-20,27.559993280470398,0.13257061,35.12070067226887,0,355,2016,12
2016-12-21,27.709993277117636,0.13257061,34.95895257219672,0,356,2016,12
2016-12-22,27.679993277788185,0.1513112,34.884182224050164,0,357,2016,12
2016-12-23,27.909993272647284,0.16386095,34.75600448437035,0,358,2016,12
2016-12-24,27.57999328002336,0.15696482,34.86892296932638,0,359,2016,12
2016-12-25,27.179993288964056,0.15696482,34.85671556554735,0,360,2016,12
2016-12-26,27.01999329254033,0.13619396,34.473708271980286,0,361,2016,12
2016-12-27,27.179993288964056,0.11355799,34.07544172368944,0,362,2016,12
2016-12-28,27.42999328337612,0.11853286,33.67259739898145,0,363,2016,12
2016-12-29,27.53999328091743,0.11497985,33.59172334894538,0,364,2016,12
2016-12-30,27.609993279352807,0.13663898,33.81145661696792,0,365,2016,12
2016-12-31,27.999993270635628,0.13137831,34.06933802179992,0,366,2016,12
2017-01-01,28.099993268400453,0.12676248,34.25244907848537,0,1,2017,1
2017-01-02,28.20999326594176,0.12363711,34.30127869360149,0,2,2017,1
2017-01-03,28.31999326348307,0.103823714,34.136478742584586,0,3,2017,1
2017-01-04,27.77999327555301,0.10674431,34.15784169919789,0,4,2017,1
2017-01-05,28.34999326281252,0.14975531,34.24176760017872,0,5,2017,1
2017-01-06,28.539993258565687,0.15869622,34.005249151960015,0,6,2017,1
2017-01-07,28.639993256330516,0.11997639,33.8557084556669,0,7,2017,1
2017-01-08,28.70999325476589,0.12138679,34.01135285384953,0,8,2017,1
2017-01-09,28.19999326616528,0.122793086,34.36384163796902,0,9,2017,1
2017-01-10,28.139993267506384,0.12482037,34.473708271980286,0,10,2017,1
2017-01-11,28.269993264600657,0.12478406,34.58967860788107,0,11,2017,1
2017-01-12,28.459993260353823,0.10818427,34.617145266383886,0,12,2017,1
2017-01-13,28.37999326214197,0.12246539,34.041871363297105,0,13,2017,1
2017-01-14,28.179993266612318,0.122461185,33.72295293956995,0,14,2017,1
2017-01-15,28.219993265718244,0.12246112,33.50474559701979,0,15,2017,1
2017-01-16,28.16999326683583,0.11590163,33.46049375832081,0,16,2017,1
2017-01-17,28.06999326907101,0.28454953,33.285012328997254,0,17,2017,1
2017-01-18,27.839993274211903,0.28452477,33.43150117434561,0,18,2017,1
2017-01-19,27.339993285387777,0.28452477,33.57646409422159,0,19,2017,1
2017-01-20,27.369993284717225,0.19585645,34.03424173593521,0,20,2017,1
2017-01-21,27.439993283152603,0.19585645,34.63850822299719,0,21,2017,1
2017-01-22,27.529993281140943,0.24415578,34.87502667121589,0,22,2017,1
2017-01-23,27.7299932766706,0.19330725,34.95895257219672,0,23,2017,1
2017-01-24,27.649993278458737,0.18110768,34.99710070900619,0,24,2017,1
2017-01-25,27.69999327734115,0.32408607,34.93606369011104,0,25,2017,1
2017-01-26,27.85999327376487,0.2299602,34.60036008618772,0,26,2017,1
2017-01-27,27.92999327220025,0.1724373,34.522537887096405,0,27,2017,1
2017-01-28,28.04999326951804,0.35021916,34.47676012292504,0,28,2017,1
2017-01-29,28.03999326974156,0.25315934,34.234137972816825,0,29,2017,1
2017-01-30,27.94999327175321,0.25286388,34.24787130206823,0,30,2017,1
2017-01-31,27.87999327331784,0.2787952,34.18836020864546,0,31,2017,1
2017-02-01,27.679993277788185,0.16572028,34.00067137554288,0,32,2017,2
2017-02-02,27.669993278011702,0.17687173,33.7336344178766,0,33,2017,2
2017-02-03,27.58999327979984,0.23006886,33.77178255468607,0,34,2017,2
2017-02-04,27.53999328091743,0.2806044,34.08612320199609,0,35,2017,2
2017-02-05,27.459993282705568,0.213373,34.005249151960015,0,36,2017,2
2017-02-06,27.089993290975716,0.213373,33.77178255468607,0,37,2017,2
2017-02-07,27.289993286505364,0.36036453,33.90453807078302,0,38,2017,2
2017-02-08,27.85999327376487,1.1805923,33.55510113760829,0,39,2017,2
2017-02-09,28.31999326348307,0.31115073,33.021027222275734,0,40,2017,2
2017-02-10,28.329993263259556,0.20888783,32.89132355712354,0,41,2017,2
2017-02-11,28.54999325834217,0.21758996,32.90658281184733,0,42,2017,2
2017-02-12,28.82999325208368,0.17296028,32.8440198674798,0,43,2017,2
2017-02-13,29.13999324515464,0.17777742,32.71431620232761,0,44,2017,2
2017-02-14,29.12999324537816,0.1760212,32.56630143150687,0,45,2017,2
2017-02-15,28.99999324828389,0.17339145,32.33130890876055,0,46,2017,2
2017-02-16,28.029993269965075,0.47278476,32.35572371631861,0,47,2017,2
2017-02-17,27.689993277564668,0.5159817,32.35267186537385,0,48,2017,2
2017-02-18,28.34999326281252,0.45774037,32.62123474851251,0,49,2017,2
2017-02-19,28.49999325945976,0.26437673,33.199560502544045,0,50,2017,2
2017-02-20,28.56999325789513,0.30615267,33.48338264040649,0,51,2017,2
2017-02-21,28.729993254318856,0.27361482,33.61766408197582,0,52,2017,2
2017-02-22,29.09999324604871,0.27415553,33.66496777161956,0,53,2017,2
2017-02-23,29.299993241578363,0.1911076,33.65123444236815,0,54,2017,2
2017-02-24,29.35999324023726,0.36402372,33.646656665951014,0,55,2017,2
2017-02-25,29.569993235543397,0.2164299,33.61461223103106,0,56,2017,2
2017-02-26,29.219993243366503,0.2164299,33.8053529150784,0,57,2017,2
2017-02-27,28.49999325945976,0.19390537,34.08459727652371,0,58,2017,2
2017-02-28,28.329993263259556,0.19615579,34.125797264277935,0,59,2017,2
2017-03-01,28.55999325811865,0.20001753,34.13495281711221,0,60,2017,3
2017-03-02,28.719993254542374,0.20405316,34.14105651900172,0,61,2017,3
2017-03-03,28.82999325208368,0.2194186,34.2143009416759,0,62,2017,3
2017-03-04,28.949993249401476,0.19434069,34.46760457009077,0,63,2017,3
2017-03-05,28.77999325320127,0.23416314,34.38367866910994,0,64,2017,3
2017-03-06,28.65999325588348,0.14786974,34.33332312852144,0,65,2017,3
2017-03-07,28.65999325588348,0.13489357,34.379100892692804,0,66,2017,3
2017-03-08,28.849993251636647,0.13240767,34.449293464422226,0,67,2017,3
2017-03-09,28.82999325208368,0.1380792,34.51796011067927,0,68,2017,3
2017-03-10,28.47999325990679,0.13429374,34.71785634756088,0,69,2017,3
2017-03-11,28.43999326080086,0.28742826,34.84908593818545,0,70,2017,3
2017-03-12,28.309993263706588,0.1757608,34.89181185141206,0,71,2017,3
2017-03-13,28.269993264600657,0.2201246,34.90096740424633,0,72,2017,3
2017-03-14,28.219993265718244,0.20288691,34.90401925519109,0,73,2017,3
2017-03-15,28.25999326482417,0.19268106,34.8887600004673,0,74,2017,3
2017-03-16,27.85999327376487,0.17416628,34.84298223629594,0,75,2017,3
2017-03-17,27.85999327376487,0.31426096,34.800256323069334,0,76,2017,3
2017-03-18,27.999993270635628,0.3124784,34.73311560228467,0,77,2017,3
2017-03-19,27.96999327130618,0.24556406,34.595782309770584,0,78,2017,3
2017-03-20,27.75999327600005,0.1840024,34.440137911587954,0,79,2017,3
2017-03-21,27.61999327912929,0.13258985,34.56068602390587,0,80,2017,3
2017-03-22,27.689993277564668,0.14189467,34.60951563902199,0,81,2017,3
2017-03-23,27.93999327197673,0.13886268,34.51490825973451,0,82,2017,3
2017-03-24,28.449993260577344,0.105697066,34.473708271980286,0,83,2017,3
2017-03-25,28.27999326437714,0.117907465,34.50422678142786,0,84,2017,3
2017-03-26,28.11999326795342,0.09424745,34.763634111732244,0,85,2017,3
2017-03-27,28.139993267506384,0.1536622,34.966582199558616,0,86,2017,3
2017-03-28,27.919993272423767,0.13458563,34.86587111838162,0,87,2017,3
2017-03-29,27.65999327823522,0.152491,34.89028592593968,0,88,2017,3
2017-03-30,27.62999327890577,0.14292236,35.039826622232795,0,89,2017,3
2017-03-31,27.65999327823522,0.15736303,35.076448833569884,0,90,2017,3
2017-04-01,27.479993282258533,0.13474339,35.09628586471081,0,91,2017,4
2017-04-02,27.32999328561129,0.1294294,35.100863641127944,0,92,2017,4
2017-04-03,27.359993284940742,0.18374054,35.10696734301746,0,93,2017,4
2017-04-04,27.409993283823155,0.17878616,35.09628586471081,0,94,2017,4
2017-04-05,27.38999328427019,0.23947796,35.04593032412231,0,95,2017,4
2017-04-06,27.65999327823522,0.16258383,35.04593032412231,0,96,2017,4
2017-04-07,27.8999932728708,0.1977701,35.17715991474688,0,97,2017,4
2017-04-08,27.84999327398839,0.19531162,35.22751545533538,0,98,2017,4
2017-04-09,27.869993273541358,0.13526018,35.22751545533538,0,99,2017,4
2017-04-10,27.77999327555301,0.12603785,35.21073027513921,0,100,2017,4
2017-04-11,27.73999327644708,0.15245523,35.196996945887804,0,101,2017,4
2017-04-12,27.73999327644708,0.16144446,35.171056212857366,0,102,2017,4
2017-04-13,27.61999327912929,0.25570157,35.146641405299306,0,103,2017,4
2017-04-14,27.46999328248205,0.35597607,35.11917474679649,0,104,2017,4
2017-04-15,27.18999328874054,0.25035357,35.06729328073561,0,105,2017,4
2017-04-16,26.859993296116613,0.19413707,35.074922908097506,0,106,2017,4
2017-04-17,26.69999329969289,0.16715112,35.11917474679649,0,107,2017,4
2017-04-18,26.679993300139927,0.16964039,35.14969325624406,0,108,2017,4
2017-04-19,26.69999329969289,0.16568527,35.00625626184046,0,109,2017,4
2017-04-20,26.96999329365792,0.17354144,34.908597031608224,0,110,2017,4
2017-04-21,26.829993296787165,0.22027105,34.82924890704453,0,111,2017,4
2017-04-22,26.759993298351787,0.18502735,34.75905633531511,0,112,2017,4
2017-04-23,26.589993302151584,0.17792857,34.71175264567137,0,113,2017,4
2017-04-24,26.349993307516,0.14939521,34.73464152775705,0,114,2017,4
2017-04-25,26.32999330796304,0.18374638,34.774315590038896,0,115,2017,4
2017-04-26,26.26999330930414,0.1732725,34.87960444763303,0,116,2017,4
2017-04-27,26.219993310421728,0.21523121,34.97268590144813,0,117,2017,4
2017-04-28,26.25999330952766,0.19966172,35.02456736750901,0,118,2017,4
2017-04-29,26.319993308186557,0.18101013,35.03677477128804,0,119,2017,4
2017-04-30,26.469993304833796,0.15095916,34.98641923069954,0,120,2017,4
2017-05-01,26.429993305727866,0.15982223,34.954374795779586,0,121,2017,5
2017-05-02,26.22999331019821,0.16079505,35.02304144203663,0,122,2017,5
2017-05-03,26.199993310868763,0.20373751,35.09170808829367,0,123,2017,5
2017-05-04,26.279993309080623,0.18533602,35.09781179018319,0,124,2017,5
2017-05-05,26.359993307292484,0.18655516,35.09170808829367,0,125,2017,5
2017-05-06,26.39999330639841,0.17474584,35.09781179018319,0,126,2017,5
2017-05-07,26.29999330863359,0.16110094,35.04745624959469,0,127,2017,5
2017-05-08,26.239993309974693,0.16746789,34.9818414542824,0,128,2017,5
2017-05-09,26.22999331019821,0.1611103,34.99404885806143,0,129,2017,5
2017-05-10,26.33999330773952,0.19790344,35.016937740147114,0,130,2017,5
2017-05-11,26.289993308857103,0.2095891,35.02456736750901,0,131,2017,5
2017-05-12,26.29999330863359,0.16490017,35.027619218453765,0,132,2017,5
2017-05-13,26.10999331288042,0.15470368,35.04898217506707,0,133,2017,5
2017-05-14,25.849993318691872,0.16533846,35.05508587695658,0,134,2017,5
2017-05-15,25.899993317574285,0.15303324,35.05661180242896,0,135,2017,5
2017-05-16,25.819993319362425,0.2512893,35.06881920620799,0,136,2017,5
2017-05-17,25.849993318691872,0.26107493,35.09628586471081,0,137,2017,5
2017-05-18,25.87999331802132,0.17094237,35.100863641127944,0,138,2017,5
2017-05-19,25.929993316903733,0.1908115,35.09475993923843,0,139,2017,5
2017-05-20,26.119993312656906,0.20611973,35.08102660998702,0,140,2017,5
2017-05-21,26.519993303716205,0.17896524,35.05508587695658,0,141,2017,5
2017-05-22,26.559993302822136,0.13997409,35.038300696760416,0,142,2017,5
2017-05-23,26.589993302151584,0.14725092,35.026093292981386,0,143,2017,5
2017-05-24,26.53999330326917,0.15811953,35.0321969948709,0,144,2017,5
2017-05-25,26.14999331198635,0.17101948,35.04898217506707,0,145,2017,5
2017-05-26,25.939993316680216,0.16252999,35.050508100539446,0,146,2017,5
2017-05-27,25.889993317797803,0.16651759,35.0611895788461,0,147,2017,5
2017-05-28,26.03999331444504,0.110531636,35.08560438640416,0,148,2017,5
2017-05-29,25.83999331891539,0.13358691,35.13138215057552,0,149,2017,5
2017-05-30,25.739993321150564,0.14066418,35.16342658549547,0,150,2017,5
2017-05-31,25.699993322044637,0.19951731,35.17868584021926,0,151,2017,5
2017-06-01,25.629993323609256,0.2083123,35.19852287136018,0,152,2017,6
2017-06-02,25.60999332405629,0.20944245,35.219885827973485,0,153,2017,6
2017-06-03,25.589993324503325,0.18986604,35.25345618836582,0,154,2017,6
2017-06-04,25.589993324503325,0.18468817,35.27481914497912,0,155,2017,6
2017-06-05,25.479993326962017,0.26769567,35.2763450704515,0,156,2017,6
2017-06-06,25.13999333456161,0.19217001,35.28855247423053,0,157,2017,6
2017-06-07,25.039993336796783,0.15677272,35.291604325175285,0,158,2017,6
2017-06-08,24.959993338584923,0.17799686,35.27481914497912,0,159,2017,6
2017-06-09,24.859993340820097,0.17799686,35.30075987800956,0,160,2017,6
2017-06-10,24.929993339255475,0.3473809,35.35416726954281,0,161,2017,6
2017-06-11,24.769993342831757,0.21774049,35.351115418598056,0,162,2017,6
2017-06-12,24.52999334819617,0.20357426,35.34501171670854,0,163,2017,6
2017-06-13,24.44999334998431,0.29250094,35.36637467332184,0,164,2017,6
2017-06-14,24.459993349760797,0.26353022,35.37858207710087,0,165,2017,6
2017-06-15,24.46999334953728,0.1538811,35.36637467332184,0,166,2017,6
2017-06-16,24.51999334841969,0.11681575,35.364848747849464,0,167,2017,6
2017-06-17,24.589993346855067,0.167984,35.389263555407524,0,168,2017,6
2017-06-18,24.52999334819617,0.14505967,35.36790059879422,0,169,2017,6
2017-06-19,24.589993346855067,0.25017804,35.35874504595995,0,170,2017,6
2017-06-20,24.729993343725823,0.18334253,35.35416726954281,0,171,2017,6
2017-06-21,24.919993339478992,0.1971682,35.35721912048757,0,172,2017,6
2017-06-22,24.83999334126713,0.16372919,35.36637467332184,0,173,2017,6
2017-06-23,24.819993341714166,0.15730813,35.363322822377086,0,174,2017,6
2017-06-24,24.809993341937684,0.13861892,35.35874504595995,0,175,2017,6
2017-06-25,24.709993344172855,0.19209825,35.352641344070435,0,176,2017,6
2017-06-26,24.739993343502302,0.22171707,35.34653764218092,0,177,2017,6
2017-06-27,24.929993339255475,0.16655415,35.34958949312568,0,178,2017,6
2017-06-28,24.809993341937684,0.198384,35.352641344070435,0,179,2017,6
2017-06-29,24.629993345961,0.29665318,35.35569319501519,0,180,2017,6
2017-06-30,24.689993344619893,0.17774358,35.36179689690471,0,181,2017,6
2017-07-01,24.86999334059658,0.1908269,35.3694265242666,0,182,2017,7
2017-07-02,24.629993345961,0.18537459,35.377056151628494,0,183,2017,7
2017-07-03,24.429993350431342,0.18784285,35.38163392804563,0,184,2017,7
2017-07-04,24.40999335087838,0.20988292,35.38621170446277,0,185,2017,7
2017-07-05,24.349993352219485,0.17862663,35.3907894808799,0,186,2017,7
2017-07-06,24.44999334998431,0.18444793,35.39536725729704,0,187,2017,7
2017-07-07,24.40999335087838,0.23315135,35.399945033714175,0,188,2017,7
2017-07-08,24.429993350431342,0.19450158,35.40757466107607,0,189,2017,7
2017-07-09,24.379993351548933,0.1983308,35.412152437493205,0,190,2017,7
2017-07-10,24.379993351548933,0.23642433,35.413678362965584,0,191,2017,7
2017-07-11,24.43999335020783,0.21001802,35.424359841272235,0,192,2017,7
2017-07-12,24.669993345066928,0.2015537,35.43351539410651,0,193,2017,7
2017-07-13,24.609993346408032,0.21318646,35.435041319578886,0,194,2017,7
2017-07-14,24.199993355572246,0.22916353,35.42893761768937,0,195,2017,7
2017-07-15,24.029993359372043,0.45363224,35.412152437493205,0,196,2017,7
2017-07-16,24.01999335959556,0.39858085,35.40757466107607,0,197,2017,7
2017-07-17,24.00999335981908,0.30880773,35.399945033714175,0,198,2017,7
2017-07-18,23.89999336227777,0.2478463,35.40757466107607,0,199,2017,7
2017-07-19,23.739993365854048,0.3201069,35.41520428843796,0,200,2017,7
2017-07-20,23.659993367642187,0.24419686,35.42130799032748,0,201,2017,7
2017-07-21,23.7099933665246,0.18617173,35.422833915799856,0,202,2017,7
2017-07-22,23.74999336563053,0.19483721,35.42893761768937,0,203,2017,7
2017-07-23,23.689993366971635,0.22619162,35.43351539410651,0,204,2017,7
2017-07-24,23.71999336630108,0.20801789,35.41520428843796,0,205,2017,7
2017-07-25,23.74999336563053,0.24227439,35.32212283462286,0,206,2017,7
2017-07-26,23.879993362724804,0.24138789,35.27787099592388,0,207,2017,7
2017-07-27,23.989993360266112,0.22099307,35.06881920620799,0,208,2017,7
2017-07-28,23.989993360266112,0.23963933,34.867397043854,0,209,2017,7
2017-07-29,23.879993362724804,0.20455797,34.870448894798756,0,210,2017,7
2017-07-30,23.89999336227777,0.2137774,34.86587111838162,0,211,2017,7
2017-07-31,23.90999336205425,0.18494165,34.88723407499492,0,212,2017,7
2017-08-01,23.929993361607217,0.24801964,34.93453776463866,0,213,2017,8
2017-08-02,23.949993361160185,0.30053222,34.97115997597575,0,214,2017,8
2017-08-03,23.889993362501286,0.26226258,35.004730336368084,0,215,2017,8
2017-08-04,23.969993360713147,0.18638779,35.076448833569884,0,216,2017,8
2017-08-05,23.89999336227777,0.25097573,35.100863641127944,0,217,2017,8
2017-08-06,23.649993367865704,0.40584707,35.10696734301746,0,218,2017,8
2017-08-07,23.649993367865704,0.23951155,35.14358955435455,0,219,2017,8
2017-08-08,23.799993364512943,0.2543028,35.14969325624406,0,220,2017,8
2017-08-09,23.84999336339536,0.215789,35.14358955435455,0,221,2017,8
2017-08-10,23.59999336898329,0.3230303,35.14511547982693,0,222,2017,8
2017-08-11,23.74999336563053,0.3753547,35.146641405299306,0,223,2017,8
2017-08-12,23.91999336183073,0.31118706,35.13748585246503,0,224,2017,8
2017-08-13,24.189993355795764,0.7109524,35.14511547982693,0,225,2017,8
2017-08-14,24.15999335646632,0.33565962,35.17715991474688,0,226,2017,8
2017-08-15,24.079993358254452,0.28991473,35.19394509494305,0,227,2017,8
2017-08-16,24.069993358477973,0.27310368,35.20310064777732,0,228,2017,8
2017-08-17,24.029993359372043,0.32276374,35.22446360439062,0,229,2017,8
2017-08-18,23.999993360042595,0.32642955,35.244300635531545,0,230,2017,8
2017-08-19,23.969993360713147,0.1740275,35.268715443089604,0,231,2017,8
2017-08-20,24.22999335490169,0.18415566,35.27481914497912,0,232,2017,8
2017-08-21,24.299993353337072,0.22521001,35.27787099592388,0,233,2017,8
2017-08-22,24.05999335870149,0.3157966,35.27481914497912,0,234,2017,8
2017-08-23,23.969993360713147,0.27976984,35.27787099592388,0,235,2017,8
2017-08-24,23.929993361607217,0.3226338,35.28855247423053,0,236,2017,8
2017-08-25,24.029993359372043,0.3548656,35.28550062328577,0,237,2017,8
2017-08-26,23.949993361160185,0.3207871,35.28397469781339,0,238,2017,8
2017-08-27,23.91999336183073,0.23715882,35.28397469781339,0,239,2017,8
2017-08-28,23.85999336317184,0.25299254,35.28702654875815,0,240,2017,8
2017-08-29,23.81999336406591,0.24687366,35.29007839970291,0,241,2017,8
2017-08-30,23.84999336339536,0.17204638,35.293130250647664,0,242,2017,8
2017-08-31,23.779993364959974,0.18408914,35.291604325175285,0,243,2017,8
2017-09-01,23.729993366077565,0.21492639,35.28702654875815,0,244,2017,9
2017-09-02,23.69999336674812,0.19708985,35.293130250647664,0,245,2017,9
2017-09-03,23.84999336339536,0.17556916,35.293130250647664,0,246,2017,9
2017-09-04,23.959993360936664,0.19601984,35.29618210159242,0,247,2017,9
2017-09-05,23.969993360713147,0.21841185,35.30686357989907,0,248,2017,9
2017-09-06,23.799993364512943,0.2143655,35.32212283462286,0,249,2017,9
2017-09-07,23.84999336339536,0.14991792,35.33433023840189,0,250,2017,9
2017-09-08,23.89999336227777,0.20823343,35.34348579123616,0,251,2017,9
2017-09-09,24.09999335780742,0.18985188,35.34958949312568,0,252,2017,9
2017-09-10,24.13999335691335,0.1952654,35.34501171670854,0,253,2017,9
2017-09-11,24.119993357360386,0.17664236,35.34653764218092,0,254,2017,9
2017-09-12,24.22999335490169,0.19964841,35.351115418598056,0,255,2017,9
2017-09-13,23.999993360042595,0.19032097,35.351115418598056,0,256,2017,9
2017-09-14,23.7099933665246,0.2379967,35.3480635676533,0,257,2017,9
2017-09-15,23.619993368536257,0.1710956,35.34653764218092,0,258,2017,9
2017-09-16,23.759993365407013,0.2656654,35.351115418598056,0,259,2017,9
2017-09-17,23.659993367642187,0.27169028,35.35416726954281,0,260,2017,9
2017-09-18,23.529993370547917,0.30048433,35.35416726954281,0,261,2017,9
2017-09-19,23.799993364512943,0.31916153,35.35874504595995,0,262,2017,9
2017-09-20,23.989993360266112,0.27671787,35.363322822377086,0,263,2017,9
2017-09-21,24.079993358254452,0.25319883,35.37247837521136,0,264,2017,9
2017-09-22,24.20999335534873,0.27212295,35.38468577899039,0,265,2017,9
2017-09-23,24.31999335289004,0.20606382,35.389263555407524,0,266,2017,9
2017-09-24,24.32999335266652,0.19764563,35.39536725729704,0,267,2017,9
2017-09-25,24.259993354231145,0.22040427,35.40604873560369,0,268,2017,9
2017-09-26,24.299993353337072,0.20758821,35.41520428843796,0,269,2017,9
2017-09-27,24.359993351995968,0.24182458,35.4197820648551,0,270,2017,9
2017-09-28,24.43999335020783,0.24181403,35.41825613938272,0,271,2017,9
2017-09-29,24.709993344172855,0.18476243,35.41520428843796,0,272,2017,9
2017-09-30,24.82999334149065,0.17018603,35.3984191082418,0,273,2017,9
2017-10-01,24.74999334327879,0.14799052,35.364848747849464,0,274,2017,10
2017-10-02,24.74999334327879,0.19143203,35.34653764218092,0,275,2017,10
2017-10-03,24.739993343502302,0.16389461,35.33585616387427,0,276,2017,10
2017-10-04,24.859993340820097,0.14915924,35.340433940291405,0,277,2017,10
2017-10-05,25.209993332996987,0.13875143,35.351115418598056,0,278,2017,10
2017-10-06,25.15999333411457,0.15280077,35.34653764218092,0,279,2017,10
2017-10-07,25.169993333891057,0.1528177,35.34348579123616,0,280,2017,10
2017-10-08,25.389993328973677,0.14337392,35.338908014819026,0,281,2017,10
2017-10-09,25.56999332495036,0.18422481,35.340433940291405,0,282,2017,10
2017-10-10,25.589993324503325,0.18538359,35.314493207260966,0,283,2017,10
2017-10-11,25.169993333891057,0.37871864,35.3190709836781,0,284,2017,10
2017-10-12,25.039993336796783,0.4190044,35.326700611039996,0,285,2017,10
2017-10-13,24.959993338584923,0.23576742,35.32364876009524,0,286,2017,10
2017-10-14,24.51999334841969,0.11274221,35.32212283462286,0,287,2017,10
2017-10-15,24.109993357583903,0.12698711,35.32517468556762,0,288,2017,10
2017-10-16,23.969993360713147,0.43106148,35.33433023840189,0,289,2017,10
2017-10-17,23.9399933613837,0.44259968,35.351115418598056,0,290,2017,10
2017-10-18,23.9399933613837,0.3936687,35.35416726954281,0,291,2017,10
2017-10-19,24.09999335780742,0.3567091,35.364848747849464,0,292,2017,10
2017-10-20,24.09999335780742,0.35662088,35.375530226156116,0,293,2017,10
2017-10-21,24.739993343502302,0.36608058,35.38163392804563,0,294,2017,10
2017-10-22,24.699993344396376,1.1434909,35.38163392804563,0,295,2017,10
2017-10-23,24.83999334126713,0.80092704,35.38010800257325,0,296,2017,10
2017-10-24,25.289993331208848,0.80073875,35.38010800257325,0,297,2017,10
2017-10-25,25.439993327856087,0.3522832,35.377056151628494,0,298,2017,10
2017-10-26,25.46999332718553,0.35210985,35.389263555407524,0,299,2017,10
2017-10-27,25.41999332830312,0.3517717,35.36027097143233,0,300,2017,10
2017-10-28,25.229993332549952,0.21245335,35.32517468556762,0,301,2017,10
2017-10-29,25.21999333277347,0.21214867,35.28550062328577,0,302,2017,10
2017-10-30,25.13999333456161,0.30567595,35.27481914497912,0,303,2017,10
2017-10-31,24.94999333880844,0.30651233,35.29618210159242,0,304,2017,10
2017-11-01,24.48999334909024,0.17857443,35.317545058205724,0,305,2017,11
2017-11-02,24.349993352219485,0.1468748,35.33433023840189,0,306,2017,11
2017-11-03,24.729993343725823,0.15664674,35.34958949312568,0,307,2017,11
2017-11-04,25.169993333891057,0.1426187,35.35874504595995,0,308,2017,11
2017-11-05,25.199993333220505,0.16221485,35.37247837521136,0,309,2017,11
2017-11-06,25.349993329867743,0.1732439,35.37858207710087,0,310,2017,11
2017-11-07,25.349993329867743,0.17360452,35.352641344070435,0,311,2017,11
2017-11-08,25.29999333098533,0.16217366,35.328226536512375,0,312,2017,11
2017-11-09,25.40999332852664,0.18895839,35.326700611039996,0,313,2017,11
2017-11-10,25.589993324503325,0.20655216,35.338908014819026,0,314,2017,11
2017-11-11,25.849993318691872,0.20625563,35.351115418598056,0,315,2017,11
2017-11-12,25.46999332718553,0.23199679,35.363322822377086,0,316,2017,11
2017-11-13,25.359993329644222,0.23356302,35.377056151628494,0,317,2017,11
2017-11-14,25.37999332919719,0.33882457,35.38010800257325,0,318,2017,11
2017-11-15,25.289993331208848,0.3345299,35.35721912048757,0,319,2017,11
2017-11-16,25.17999333366754,0.2822108,35.2977080270648,0,320,2017,11
2017-11-17,25.509993326291465,0.2891846,35.305337654426694,0,321,2017,11
2017-11-18,25.45999332740905,0.29241538,35.31296728178859,0,322,2017,11
2017-11-19,25.64999332316222,0.39703828,35.10238956660032,0,323,2017,11
2017-11-20,26.06999331377449,0.17878321,35.1542710326612,0,324,2017,11
2017-11-21,26.10999331288042,0.15458788,35.16800436191261,0,325,2017,11
2017-11-22,26.249993309751176,0.20032498,35.16800436191261,0,326,2017,11
2017-11-23,26.359993307292484,0.115727976,35.16190066002309,0,327,2017,11
2017-11-24,26.209993310645245,0.1190232,35.196996945887804,0,328,2017,11
2017-11-25,25.969993316009663,0.11539648,35.21378212608397,0,329,2017,11
2017-11-26,25.87999331802132,0.11567416,35.225989529863,0,330,2017,11
2017-11-27,26.06999331377449,0.14335309,35.26108581572771,0,331,2017,11
2017-11-28,26.059993313998007,0.1250254,35.303811728954315,0,332,2017,11
2017-11-29,26.06999331377449,0.11274652,35.314493207260966,0,333,2017,11
2017-11-30,26.03999331444504,0.13666908,35.305337654426694,0,334,2017,11
2017-12-01,26.279993309080623,0.119789675,35.326700611039996,0,335,2017,12
2017-12-02,26.479993304610275,0.09557122,35.340433940291405,0,336,2017,12
2017-12-03,26.56999330259862,0.105255865,35.340433940291405,0,337,2017,12
2017-12-04,26.65999330058696,0.10819752,35.34348579123616,0,338,2017,12
2017-12-05,26.5799933023751,0.10912233,35.352641344070435,0,339,2017,12
2017-12-06,26.629993301257517,0.085888155,35.34501171670854,0,340,2017,12
2017-12-07,26.1799933113158,0.086430795,35.340433940291405,0,341,2017,12
2017-12-08,26.119993312656906,0.118824564,35.33280431292951,0,342,2017,12
2017-12-09,26.25999330952766,0.12569848,35.314493207260966,0,343,2017,12
2017-12-10,26.139993312209867,0.15338029,35.293130250647664,0,344,2017,12
2017-12-11,26.129993312433385,0.14230375,35.28855247423053,0,345,2017,12
2017-12-12,26.349993307516,0.15124026,35.28397469781339,0,346,2017,12
2017-12-13,26.38999330662193,0.15501931,35.27787099592388,0,347,2017,12
2017-12-14,26.18999331109228,0.1407101,35.268715443089604,0,348,2017,12
2017-12-15,26.249993309751176,0.14913656,35.29618210159242,0,349,2017,12
2017-12-16,26.239993309974693,0.12705483,35.31296728178859,0,350,2017,12
2017-12-17,26.289993308857103,0.15159598,35.30686357989907,0,351,2017,12
2017-12-18,26.60999330170455,0.15208061,35.29923395253718,0,352,2017,12
2017-12-19,27.00999329276385,0.100426465,35.27787099592388,0,353,2017,12
2017-12-20,27.00999329276385,0.10039192,35.256508039310575,0,354,2017,12
2017-12-21,27.129993290081643,0.13594222,35.26413766667247,0,355,2017,12
2017-12-22,27.27999328672888,0.12003977,35.26261174120009,0,356,2017,12
2017-12-23,27.25999328717592,0.11967741,35.218359902501106,0,357,2017,12
2017-12-24,27.19999328851702,0.192889,35.17410806380212,0,358,2017,12
2017-12-25,27.059993291646265,0.14247276,35.14053770340979,0,359,2017,12
2017-12-26,27.18999328874054,0.14247276,35.13138215057552,0,360,2017,12
2017-12-27,27.129993290081643,0.13996762,35.16953028738499,0,361,2017,12
2017-12-28,27.01999329254033,0.13507366,35.21683397702873,0,362,2017,12
2017-12-29,26.92999329455199,0.109708264,35.19241916947067,0,363,2017,12
2017-12-30,26.72999329902234,0.10103751,35.15732288360596,0,364,2017,12
2017-12-31,26.819993297010683,0.1507378,35.17715991474688,0,365,2017,12
2018-01-01,27.099993290752195,0.12822792,35.171056212857366,0,1,2018,1
2018-01-02,27.11999329030516,0.12822792,35.111545119434595,0,2,2018,1
2018-01-03,27.089993290975716,0.114085644,35.09475993923843,0,3,2018,1
2018-01-04,27.2699932869524,0.12478592,35.14511547982693,0,4,2018,1
2018-01-05,27.23999328762295,0.105622485,35.17868584021926,0,5,2018,1
2018-01-06,27.289993286505364,0.10560806,35.20157472230494,0,6,2018,1
2018-01-07,27.529993281140943,0.11039008,35.22904138080776,0,7,2018,1
2018-01-08,27.57999328002336,0.13182808,35.21530805155635,0,8,2018,1
2018-01-09,27.609993279352807,0.11841226,35.123752523213625,0,9,2018,1
2018-01-10,27.56999328024688,0.113253765,35.111545119434595,0,10,2018,1
2018-01-11,27.38999328427019,0.10401146,35.16190066002309,0,11,2018,1
2018-01-12,26.979993293434404,0.10761915,35.21225620061159,0,12,2018,1
2018-01-13,26.92999329455199,0.12343538,35.267189517617226,0,13,2018,1
2018-01-14,27.07999329119923,0.13335045,35.29465617612004,0,14,2018,1
2018-01-15,27.719993276894115,0.14453201,35.28855247423053,0,15,2018,1
2018-01-16,27.769993275776528,0.12159999,35.29007839970291,0,16,2018,1
2018-01-17,27.719993276894115,0.13381717,35.29923395253718,0,17,2018,1
2018-01-18,27.75999327600005,0.1244099,35.317545058205724,0,18,2018,1
2018-01-19,27.77999327555301,0.13557108,35.32364876009524,0,19,2018,1
2018-01-20,27.789993275329493,0.126207,35.32212283462286,0,20,2018,1
2018-01-21,27.749993276223563,0.119282365,35.32517468556762,0,21,2018,1
2018-01-22,27.69999327734115,0.16198158,35.34501171670854,0,22,2018,1
2018-01-23,27.77999327555301,0.12774213,35.36790059879422,0,23,2018,1
2018-01-24,27.789993275329493,0.14884937,35.37095244973898,0,24,2018,1
2018-01-25,27.559993280470398,0.12526013,35.35874504595995,0,25,2018,1
2018-01-26,27.41999328359964,0.11111992,35.35874504595995,0,26,2018,1
2018-01-27,27.73999327644708,0.14301811,35.37400430068374,0,27,2018,1
2018-01-28,27.85999327376487,0.17659299,35.36637467332184,0,28,2018,1
2018-01-29,27.7299932766706,0.1739101,35.40910058654845,0,29,2018,1
2018-01-30,27.69999327734115,0.1618933,35.45335242524743,0,30,2018,1
2018-01-31,27.96999327130618,0.16741164,35.473189456388354,0,31,2018,1
2018-02-01,28.07999326884749,0.19711675,35.459456127136946,0,32,2018,2
2018-02-02,27.839993274211903,0.16621576,35.44572279788554,0,33,2018,2
2018-02-03,27.85999327376487,0.19423139,35.36637467332184,0,34,2018,2
2018-02-04,27.7299932766706,0.1990912,35.10696734301746,0,35,2018,2
2018-02-05,27.789993275329493,0.19917472,35.016937740147114,0,36,2018,2
2018-02-06,28.059993269294523,0.1987335,35.099337715655565,0,37,2018,2
2018-02-07,27.919993272423767,0.20017008,35.2046265732497,0,38,2018,2
2018-02-08,27.689993277564668,0.19419447,35.26261174120009,0,39,2018,2
2018-02-09,27.769993275776528,0.17118362,35.2977080270648,0,40,2018,2
2018-02-10,27.989993270859145,0.17083456,35.316019132733345,0,41,2018,2
2018-02-11,28.04999326951804,0.17054842,35.32517468556762,0,42,2018,2
2018-02-12,27.689993277564668,0.16796084,35.352641344070435,0,43,2018,2
2018-02-13,27.789993275329493,0.17000875,35.36027097143233,0,44,2018,2
2018-02-14,27.799993275105976,0.14829123,35.34958949312568,0,45,2018,2
2018-02-15,27.81999327465894,0.20852807,35.36027097143233,0,46,2018,2
2018-02-16,27.649993278458737,0.21270289,35.38315985351801,0,47,2018,2
2018-02-17,27.459993282705568,0.21236937,35.38468577899039,0,48,2018,2
2018-02-18,27.75999327600005,0.33335105,35.340433940291405,0,49,2018,2
2018-02-19,28.03999326974156,0.3413047,35.303811728954315,0,50,2018,2
2018-02-20,27.94999327175321,0.23683667,35.293130250647664,0,51,2018,2
2018-02-21,27.749993276223563,0.2199649,35.25193026289344,0,52,2018,2
2018-02-22,27.7299932766706,0.19273849,35.09475993923843,0,53,2018,2
2018-02-23,27.77999327555301,0.17121379,34.98794515617192,0,54,2018,2
2018-02-24,27.559993280470398,0.17830124,34.89028592593968,0,55,2018,2
2018-02-25,27.519993281364464,0.20974742,34.76973781362176,0,56,2018,2
2018-02-26,27.519993281364464,0.20974742,34.73158967681229,0,57,2018,2
2018-02-27,27.529993281140943,0.21198393,34.307382395491004,0,58,2018,2
2018-02-28,27.54999328069391,0.2119842,33.71379738673568,0,59,2018,2
2018-03-01,27.489993282035016,0.1951707,33.668019622564316,0,60,2018,3
2018-03-02,27.559993280470398,0.17689809,33.765678852796555,0,61,2018,3
2018-03-03,27.94999327175321,0.23121795,34.18225650675595,0,62,2018,3
2018-03-04,27.92999327220025,0.21592587,34.6736045088619,0,63,2018,3
2018-03-05,27.959993271529697,0.1832702,34.72090819850564,0,64,2018,3
2018-03-06,27.81999327465894,0.2529735,34.68886376358569,0,65,2018,3
2018-03-07,28.179993266612318,0.21045902,34.727011900395155,0,66,2018,3
2018-03-08,28.289993264153622,0.22996686,34.65987117961049,0,67,2018,3
2018-03-09,28.27999326437714,0.20374341,34.49049345217645,0,68,2018,3
2018-03-10,27.96999327130618,0.18077604,34.74074522964656,0,69,2018,3
2018-03-11,27.93999327197673,0.1692053,35.015411814674735,0,70,2018,3
2018-03-12,27.96999327130618,0.12132503,34.990997007116675,0,71,2018,3
2018-03-13,28.019993270188596,0.121228755,34.92690813727677,0,72,2018,3
2018-03-14,28.00999327041211,0.12024829,34.920804435387254,0,73,2018,3
2018-03-15,27.999993270635628,0.12622935,34.846034087240696,0,74,2018,3
2018-03-16,27.88999327309432,0.15046261,34.75295263342559,0,75,2018,3
2018-03-17,27.81999327465894,0.09390293,34.77889336645603,0,76,2018,3
2018-03-18,28.5899932574481,0.099214,34.91317480802536,0,77,2018,3
2018-03-19,28.579993257671617,0.13302538,34.91470073349774,0,78,2018,3
2018-03-20,28.599993257224583,0.13120675,34.87807852216065,0,79,2018,3
2018-03-21,28.649993256106995,0.1725395,34.85061186365783,0,80,2018,3
2018-03-22,28.769993253424783,0.16271584,34.846034087240696,0,81,2018,3
2018-03-23,28.66999325565996,0.14189336,34.882656298577785,0,82,2018,3
2018-03-24,28.649993256106995,0.18659633,34.92385628633201,0,83,2018,3
2018-03-25,28.55999325811865,0.1813006,34.89333777688444,0,84,2018,3
2018-03-26,28.409993261471413,0.18252136,34.87502667121589,0,85,2018,3
2018-03-27,28.299993263930105,0.1492862,35.00167848542333,0,86,2018,3
2018-03-28,28.46999326013031,0.1661274,35.076448833569884,0,87,2018,3
2018-03-29,28.51999325901272,0.13919243,35.04440439864993,0,88,2018,3
2018-03-30,28.51999325901272,0.14970927,35.015411814674735,0,89,2018,3
2018-03-31,28.369993262365483,0.13993555,35.01235996372998,0,90,2018,3
2018-04-01,28.339993263036035,0.1734399,35.03677477128804,0,91,2018,4
2018-04-02,28.309993263706588,0.1163515,35.03524884581566,0,92,2018,4
2018-04-03,28.229993265494727,0.17276655,35.00930811278522,0,93,2018,4
2018-04-04,28.459993260353823,0.14819875,35.004730336368084,0,94,2018,4
2018-04-05,28.37999326214197,0.15958323,35.02304144203663,0,95,2018,4
2018-04-06,28.07999326884749,0.18584882,35.02151551656425,0,96,2018,4
2018-04-07,28.06999326907101,0.19663116,34.98336737975478,0,97,2018,4
2018-04-08,28.019993270188596,0.15133168,34.94827109389007,0,98,2018,4
2018-04-09,28.04999326951804,0.08644143,35.00167848542333,0,99,2018,4
2018-04-10,27.81999327465894,0.14072767,35.02456736750901,0,100,2018,4
2018-04-11,27.829993274435424,0.14072767,35.03067106939852,0,101,2018,4
2018-04-12,27.709993277117636,0.23823991,35.12985622510314,0,102,2018,4
2018-04-13,27.63999327868225,0.26488307,35.18936731852591,0,103,2018,4
2018-04-14,27.459993282705568,0.3806026,35.225989529863,0,104,2018,4
2018-04-15,27.369993284717225,0.24518579,35.23972285911441,0,105,2018,4
2018-04-16,27.379993284493708,0.2340636,35.23514508269727,0,106,2018,4
2018-04-17,27.339993285387777,0.17162555,35.18631546758115,0,107,2018,4
2018-04-18,27.299993286281847,0.15784867,35.146641405299306,0,108,2018,4
2018-04-19,27.25999328717592,0.18584657,35.06729328073561,0,109,2018,4
2018-04-20,27.18999328874054,0.13260895,34.992522932589054,0,110,2018,4
2018-04-21,27.049993291869782,0.17763427,34.94521924294531,0,111,2018,4
2018-04-22,27.289993286505364,0.14123793,34.98336737975478,0,112,2018,4
2018-04-23,27.289993286505364,0.22679044,35.052034026011825,0,113,2018,4
2018-04-24,27.25999328717592,0.3057274,35.1039154920727,0,114,2018,4
2018-04-25,27.10999329052868,0.19090739,35.12070067226887,0,115,2018,4
2018-04-26,27.13999328985813,0.2462803,35.125278448686004,0,116,2018,4
2018-04-27,27.099993290752195,0.18775295,35.12833029963076,0,117,2018,4
2018-04-28,27.13999328985813,0.17157577,35.148167330771685,0,118,2018,4
2018-04-29,27.099993290752195,0.19574924,35.172582138329744,0,119,2018,4
2018-04-30,26.989993293210887,0.18199326,35.20310064777732,0,120,2018,4
2018-05-01,26.99999329298737,0.19536684,35.24124878458679,0,121,2018,5
2018-05-02,27.01999329254033,0.20959911,35.25955989025533,0,122,2018,5
2018-05-03,26.899993295222544,0.19580808,35.27176729403436,0,123,2018,5
2018-05-04,27.00999329276385,0.19565125,35.305337654426694,0,124,2018,5
2018-05-05,27.049993291869782,0.14353488,35.34958949312568,0,125,2018,5
2018-05-06,27.0399932920933,0.1418344,35.38163392804563,0,126,2018,5
2018-05-07,26.589993302151584,0.18672962,35.39536725729704,0,127,2018,5
2018-05-08,26.829993296787165,0.17879373,35.40299688465893,0,128,2018,5
2018-05-09,26.87999329566958,0.19042648,35.4197820648551,0,129,2018,5
2018-05-10,26.899993295222544,0.14469683,35.435041319578886,0,130,2018,5
2018-05-11,26.479993304610275,0.1732143,35.44267094694078,0,131,2018,5
2018-05-12,26.479993304610275,0.17446353,35.45030057430267,0,132,2018,5
2018-05-13,26.439993305504345,0.144973,35.45640427619219,0,133,2018,5
2018-05-14,26.289993308857103,0.08060397,35.460982052609324,0,134,2018,5
2018-05-15,25.929993316903733,0.08026038,35.46403390355408,0,135,2018,5
2018-05-16,26.01999331489208,0.16379915,35.471663530915976,0,136,2018,5
2018-05-17,25.909993317350768,0.11345198,35.47929315827787,0,137,2018,5
2018-05-18,25.83999331891539,0.14494441,35.4915005620569,0,138,2018,5
2018-05-19,25.55999332517388,0.1404832,35.509811667725444,0,139,2018,5
2018-05-20,25.56999332495036,0.107201256,35.53575240075588,0,140,2018,5
2018-05-21,25.539993325620912,0.121357635,35.55864128284156,0,141,2018,5
2018-05-22,25.44999332763257,0.15160467,35.57390053756535,0,142,2018,5
2018-05-23,25.479993326962017,0.22105388,35.580004239454865,0,143,2018,5
2018-05-24,25.46999332718553,0.17340472,35.57847831398249,0,144,2018,5
2018-05-25,25.509993326291465,0.1474862,35.581530164927244,0,145,2018,5
2018-05-26,25.599993324279808,0.17364597,35.57390053756535,0,146,2018,5
2018-05-27,25.899993317574285,0.14175537,35.57237461209297,0,147,2018,5
2018-05-28,25.929993316903733,0.15373203,35.569322761148214,0,148,2018,5
2018-05-29,25.909993317350768,0.16581072,35.55101165547967,0,149,2018,5
2018-05-30,25.809993319585946,0.12949705,35.497604263946414,0,150,2018,5
2018-05-31,25.79999331980946,0.20288941,35.4411450214684,0,151,2018,5
2018-06-01,25.7199933215976,0.16823195,35.41520428843796,0,152,2018,6
2018-06-02,25.589993324503325,0.2825675,35.425885766744614,0,153,2018,6
2018-06-03,25.639993323385735,0.29015636,35.435041319578886,0,154,2018,6
2018-06-04,25.829993319138907,0.270586,35.45793020166457,0,155,2018,6
2018-06-05,25.87999331802132,0.20182788,35.50218204036355,0,156,2018,6
2018-06-06,25.639993323385735,0.1788954,35.49913018941879,0,157,2018,6
2018-06-07,25.359993329644222,0.16654149,35.459456127136946,0,158,2018,6
2018-06-08,25.10999333523216,0.26080185,35.435041319578886,0,159,2018,6
2018-06-09,25.06999333612623,0.23711699,35.41520428843796,0,160,2018,6
2018-06-10,25.0299933370203,0.2329179,35.41520428843796,0,161,2018,6
2018-06-11,25.019993337243815,0.29448414,35.436567245051265,0,162,2018,6
2018-06-12,25.06999333612623,0.17310141,35.459456127136946,0,163,2018,6
2018-06-13,25.049993336573262,0.24345994,35.39384133182466,0,164,2018,6
2018-06-14,25.15999333411457,0.24175748,35.26261174120009,0,165,2018,6
2018-06-15,25.06999333612623,0.2071601,35.34348579123616,0,166,2018,6
2018-06-16,25.009993337467336,0.21990901,35.412152437493205,0,167,2018,6
2018-06-17,25.039993336796783,0.2182849,35.39231540635228,0,168,2018,6
2018-06-18,24.999993337690853,0.22944917,35.39536725729704,0,169,2018,6
2018-06-19,24.859993340820097,0.2328528,35.40910058654845,0,170,2018,6
2018-06-20,24.7999933421612,0.20302457,35.40299688465893,0,171,2018,6
2018-06-21,24.84999334104361,0.18658674,35.39536725729704,0,172,2018,6
2018-06-22,24.979993338137888,0.17547628,35.40757466107607,0,173,2018,6
2018-06-23,25.41999332830312,0.24165654,35.40452281013131,0,174,2018,6
2018-06-24,25.509993326291465,0.17921868,35.399945033714175,0,175,2018,6
2018-06-25,25.45999332740905,0.20101254,35.389263555407524,0,176,2018,6
2018-06-26,25.0299933370203,0.32000956,35.3907894808799,0,177,2018,6
2018-06-27,24.889993340149545,0.32477993,35.39231540635228,0,178,2018,6
2018-06-28,24.90999333970251,0.21301068,35.39536725729704,0,179,2018,6
2018-06-29,24.999993337690853,0.15962605,35.37858207710087,0,180,2018,6
2018-06-30,25.119993335008644,0.1648487,35.363322822377086,0,181,2018,6
2018-07-01,25.039993336796783,0.15070136,35.3480635676533,0,182,2018,7
2018-07-02,25.05999333634975,0.17226098,35.32517468556762,0,183,2018,7
2018-07-03,25.049993336573262,0.12447607,35.30838950537145,0,184,2018,7
2018-07-04,24.919993339478992,0.16626084,35.29618210159242,0,185,2018,7
2018-07-05,24.879993340373066,0.19331333,35.291604325175285,0,186,2018,7
2018-07-06,24.689993344619893,0.16381767,35.28244877234101,0,187,2018,7
2018-07-07,24.47999334931376,0.22541408,35.27024136856198,0,188,2018,7
2018-07-08,24.659993345290445,0.28794152,35.25193026289344,0,189,2018,7
2018-07-09,24.63999334573748,0.20563008,35.23819693364203,0,190,2018,7
2018-07-10,24.51999334841969,0.19172542,35.232093231752515,0,191,2018,7
2018-07-11,24.31999335289004,0.24543332,35.232093231752515,0,192,2018,7
2018-07-12,24.31999335289004,0.19605337,35.230567306280136,0,193,2018,7
2018-07-13,24.31999335289004,0.17975274,35.232093231752515,0,194,2018,7
2018-07-14,24.28999335356059,0.18045352,35.23819693364203,0,195,2018,7
2018-07-15,24.15999335646632,0.19072929,35.23819693364203,0,196,2018,7
2018-07-16,24.01999335959556,0.17822686,35.22751545533538,0,197,2018,7
2018-07-17,24.069993358477973,0.16464482,35.22293767891824,0,198,2018,7
2018-07-18,24.01999335959556,0.21933372,35.22446360439062,0,199,2018,7
2018-07-19,23.78999336473646,0.22076046,35.23972285911441,0,200,2018,7
2018-07-20,23.339993374794744,0.27222577,35.26261174120009,0,201,2018,7
2018-07-21,23.35999337434771,0.2947307,35.28550062328577,0,202,2018,7
2018-07-22,23.38999337367716,0.2390615,35.31144135631621,0,203,2018,7
2018-07-23,23.43999337255957,0.26599973,35.338908014819026,0,204,2018,7
2018-07-24,23.069993380829715,0.28159353,35.364848747849464,0,205,2018,7
2018-07-25,22.92999338395896,0.28950882,35.3907894808799,0,206,2018,7
2018-07-26,22.96999338306489,0.20281109,35.40604873560369,0,207,2018,7
2018-07-27,23.029993381723784,0.34394038,35.41520428843796,0,208,2018,7
2018-07-28,23.139993379265093,0.21531618,35.410626512020826,0,209,2018,7
2018-07-29,23.2499933768064,0.23872851,35.3907894808799,0,210,2018,7
2018-07-30,23.2499933768064,0.2263544,35.377056151628494,0,211,2018,7
2018-07-31,23.219993377476957,0.24763112,35.37247837521136,0,212,2018,7
2018-08-01,23.259993376582884,0.40960798,35.375530226156116,0,213,2018,8
2018-08-02,23.32999337501826,0.70505005,35.375530226156116,0,214,2018,8
2018-08-03,23.40999337323012,0.2994424,35.37247837521136,0,215,2018,8
2018-08-04,23.219993377476957,0.3807588,35.3694265242666,0,216,2018,8
2018-08-05,23.04999338127675,0.9822478,35.36790059879422,0,217,2018,8
2018-08-06,22.97999338284137,0.9822478,35.364848747849464,0,218,2018,8
2018-08-07,23.029993381723784,0.9822478,35.351115418598056,0,219,2018,8
2018-08-08,22.98999338261785,1.2398413,35.34501171670854,0,220,2018,8
2018-08-09,23.039993381500267,1.2301041,35.34501171670854,0,221,2018,8
2018-08-10,23.08999338038268,1.2394004,35.34653764218092,0,222,2018,8
2018-08-11,23.069993380829715,1.2581929,35.34348579123616,0,223,2018,8
2018-08-12,23.649993367865704,4.1181707,35.316019132733345,0,224,2018,8
2018-08-13,23.60999336875977,1.212871,35.29465617612004,0,225,2018,8
2018-08-14,23.739993365854048,0.41853175,35.28244877234101,0,226,2018,8
2018-08-15,23.779993364959974,0.5630635,35.28702654875815,0,227,2018,8
2018-08-16,23.839993363618877,0.36629272,35.29923395253718,0,228,2018,8
2018-08-17,23.809993364289426,0.3382147,35.314493207260966,0,229,2018,8
2018-08-18,23.91999336183073,0.24688756,35.32517468556762,0,230,2018,8
2018-08-19,23.89999336227777,0.44351602,35.33738208934665,0,231,2018,8
2018-08-20,23.809993364289426,0.6487902,35.35569319501519,0,232,2018,8
2018-08-21,23.799993364512943,0.39425847,35.352641344070435,0,233,2018,8
2018-08-22,23.969993360713147,0.34530097,35.34653764218092,0,234,2018,8
2018-08-23,24.20999335534873,3.3201075,35.33738208934665,0,235,2018,8
2018-08-24,24.349993352219485,0.42875955,35.328226536512375,0,236,2018,8
2018-08-25,24.46999334953728,0.2085135,35.31296728178859,0,237,2018,8
2018-08-26,24.51999334841969,0.14642009,35.2763450704515,0,238,2018,8
2018-08-27,24.269993354007624,0.14641364,35.21225620061159,0,239,2018,8
2018-08-28,24.24999335445466,0.27307218,34.810937801375985,0,240,2018,8
2018-08-29,24.279993353784107,0.24861704,34.19598983600736,0,241,2018,8
2018-08-30,24.339993352443003,0.21744715,33.75652329996228,0,242,2018,8
2018-08-31,24.51999334841969,0.1832153,33.753471449017525,0,243,2018,8
2018-09-01,24.429993350431342,0.17379016,33.86638993397355,0,244,2018,9
2018-09-02,24.109993357583903,0.27712622,33.99761952459812,0,245,2018,9
2018-09-03,23.769993365183492,1.1977891,34.14105651900172,0,246,2018,9
2018-09-04,23.85999336317184,0.5976125,34.23718982376158,0,247,2018,9
2018-09-05,24.509993348643206,1.1617647,34.38215274363756,0,248,2018,9
2018-09-06,24.619993346184515,0.25166485,34.557634172961116,0,249,2018,9
2018-09-07,24.44999334998431,0.82028204,34.713278571143746,0,250,2018,9
2018-09-08,24.24999335445466,0.42061922,34.82772298157215,0,251,2018,9
2018-09-09,24.09999335780742,0.4201459,34.90096740424633,0,252,2018,9
2018-09-10,23.78999336473646,0.6441956,35.029145143926144,0,253,2018,9
2018-09-11,24.049993358925008,0.61584634,35.00778218731284,0,254,2018,9
2018-09-12,23.989993360266112,0.44940332,34.92690813727677,0,255,2018,9
2018-09-13,23.839993363618877,0.6439758,34.89791555330157,0,256,2018,9
2018-09-14,23.759993365407013,0.3705177,34.91164888255298,0,257,2018,9
2018-09-15,23.959993360936664,0.45414814,34.94064146652818,0,258,2018,9
2018-09-16,23.91999336183073,0.4518018,34.95895257219672,0,259,2018,9
2018-09-17,23.839993363618877,0.44947386,34.97268590144813,0,260,2018,9
2018-09-18,23.69999336674812,0.30875543,34.99862663447857,0,261,2018,9
2018-09-19,23.469993371889014,2.446594,35.01846366561949,0,262,2018,9
2018-09-20,24.629993345961,1.1874875,35.03067106939852,0,263,2018,9
2018-09-21,24.769993342831757,0.3520464,35.052034026011825,0,264,2018,9
2018-09-22,24.769993342831757,0.3063575,35.06729328073561,0,265,2018,9
2018-09-23,24.63999334573748,0.41652924,35.08407846093178,0,266,2018,9
2018-09-24,24.389993351325412,0.4134212,35.09323401376605,0,267,2018,9
2018-09-25,24.21999335512521,0.32790974,35.09628586471081,0,268,2018,9
2018-09-26,24.279993353784107,1.0793881,35.11612289585173,0,269,2018,9
2018-09-27,24.709993344172855,0.83215153,35.12833029963076,0,270,2018,9
2018-09-28,25.36999332942071,0.28314337,35.135959926992655,0,271,2018,9
2018-09-29,25.83999331891539,0.2018204,35.158848809078336,0,272,2018,9
2018-09-30,25.72999332137408,0.19914085,35.195471020415425,0,273,2018,9
2018-10-01,25.669993322715182,0.19810914,35.23972285911441,0,274,2018,10
2018-10-02,25.599993324279808,0.21153566,35.2763450704515,0,275,2018,10
2018-10-03,25.539993325620912,0.18236175,35.29007839970291,0,276,2018,10
2018-10-04,25.239993332326435,0.18910505,35.28855247423053,0,277,2018,10
2018-10-05,24.999993337690853,0.18502496,35.279396921396255,0,278,2018,10
2018-10-06,25.0299933370203,0.19184536,35.280922846868634,0,279,2018,10
2018-10-07,25.009993337467336,0.18057814,35.29618210159242,0,280,2018,10
2018-10-08,24.82999334149065,0.18298353,35.31144135631621,0,281,2018,10
2018-10-09,24.809993341937684,0.16040687,35.32517468556762,0,282,2018,10
2018-10-10,24.7999933421612,0.14965898,35.329752461984754,0,283,2018,10
2018-10-11,24.7999933421612,0.15816413,35.32364876009524,0,284,2018,10
2018-10-12,24.729993343725823,0.16281871,35.3190709836781,0,285,2018,10
2018-10-13,24.67999334484341,0.15601586,35.316019132733345,0,286,2018,10
2018-10-14,25.15999333411457,0.13705906,35.30838950537145,0,287,2018,10
2018-10-15,25.479993326962017,0.16192986,35.30228580348194,0,288,2018,10
2018-10-16,25.579993324726843,0.16239701,35.30228580348194,0,289,2018,10
2018-10-17,25.639993323385735,0.21676475,35.28702654875815,0,290,2018,10
2018-10-18,25.659993322938703,0.1943961,35.27329321950674,0,291,2018,10
2018-10-19,25.669993322715182,0.2374378,35.27481914497912,0,292,2018,10
2018-10-20,25.289993331208848,0.22166453,35.280922846868634,0,293,2018,10
2018-10-21,25.239993332326435,0.17070876,35.2977080270648,0,294,2018,10
2018-10-22,25.24999333210292,0.17030717,35.31296728178859,0,295,2018,10
2018-10-23,25.129993334785127,0.18069047,35.32517468556762,0,296,2018,10
2018-10-24,25.14999333433809,0.21912476,35.34195986576378,0,297,2018,10
2018-10-25,25.0299933370203,0.24037823,35.36179689690471,0,298,2018,10
2018-10-26,25.05999333634975,0.2497515,35.375530226156116,0,299,2018,10
2018-10-27,24.999993337690853,0.2416577,35.38315985351801,0,300,2018,10
2018-10-28,25.14999333433809,0.23693834,35.387737629935145,0,301,2018,10
2018-10-29,25.189993333444026,0.18536311,35.39384133182466,0,302,2018,10
2018-10-30,25.15999333411457,0.2097711,35.38621170446277,0,303,2018,10
2018-10-31,25.14999333433809,0.17240727,35.38010800257325,0,304,2018,10
2018-11-01,24.999993337690853,0.21568272,35.364848747849464,0,305,2018,11
2018-11-02,25.0899933356792,0.21714802,35.340433940291405,0,306,2018,11
2018-11-03,25.039993336796783,0.17134616,35.317545058205724,0,307,2018,11
2018-11-04,25.049993336573262,0.16579449,35.30686357989907,0,308,2018,11
2018-11-05,24.979993338137888,0.20556618,35.28702654875815,0,309,2018,11
2018-11-06,24.84999334104361,0.21514677,35.27024136856198,1,310,2018,11
2018-11-07,24.819993341714166,0.21514677,35.254982113838196,0,311,2018,11
2018-11-08,24.74999334327879,0.21581444,35.24887841194868,0,312,2018,11
2018-11-09,24.769993342831757,0.22532131,35.25955989025533,0,313,2018,11
2018-11-10,24.7999933421612,0.23901951,35.27024136856198,0,314,2018,11
2018-11-11,24.899993339926027,0.2465478,35.28397469781339,0,315,2018,11
2018-11-12,24.979993338137888,0.21763918,35.29007839970291,0,316,2018,11
2018-11-13,25.119993335008644,0.21276526,35.29923395253718,0,317,2018,11
2018-11-14,25.06999333612623,0.1776564,35.31144135631621,0,318,2018,11
2018-11-15,25.119993335008644,0.17473601,35.33738208934665,0,319,2018,11
2018-11-16,25.819993319362425,0.17277224,35.37095244973898,0,320,2018,11
2018-11-17,26.01999331489208,0.1650378,35.38468577899039,0,321,2018,11
2018-11-18,26.07999331355097,0.17344142,35.314493207260966,0,322,2018,11
2018-11-19,25.99999331533911,0.16086979,35.225989529863,0,323,2018,11
2018-11-20,25.86999331824484,0.14897768,35.16342658549547,0,324,2018,11
2018-11-21,25.909993317350768,0.19536711,35.15579695813358,0,325,2018,11
2018-11-22,26.159993311762832,0.2033901,35.195471020415425,0,326,2018,11
2018-11-23,26.239993309974693,0.15853061,35.11612289585173,0,327,2018,11
2018-11-24,26.199993310868763,0.18095204,35.10696734301746,0,328,2018,11
2018-11-25,26.219993310421728,0.27486208,35.11917474679649,0,329,2018,11
2018-11-26,26.08999331332745,0.27797794,35.11917474679649,0,330,2018,11
2018-11-27,26.009993315115597,0.1529641,35.11917474679649,0,331,2018,11
2018-11-28,26.06999331377449,0.23083964,35.06881920620799,0,332,2018,11
2018-11-29,26.059993313998007,0.2307389,35.09018216282129,0,333,2018,11
2018-11-30,26.03999331444504,0.14233829,35.09781179018319,0,334,2018,11
2018-12-01,25.86999331824484,0.15670998,35.03067106939852,0,335,2018,12
2018-12-02,25.83999331891539,0.20087786,34.94827109389007,0,336,2018,12
2018-12-03,25.909993317350768,0.15620805,34.83230075798929,0,337,2018,12
2018-12-04,26.14999331198635,0.14374304,34.78194521740079,0,338,2018,12
2018-12-05,26.22999331019821,0.13964695,34.836878534406424,0,339,2018,12
2018-12-06,26.249993309751176,0.1285419,34.821619279682636,0,340,2018,12
2018-12-07,26.289993308857103,0.1434142,34.77278966456652,0,341,2018,12
2018-12-08,26.26999330930414,0.18075736,34.727011900395155,0,342,2018,12
2018-12-09,26.169993311539315,0.18075736,34.643085999414325,0,343,2018,12
2018-12-10,26.03999331444504,0.15784714,34.45692309178412,0,344,2018,12
2018-12-11,26.32999330796304,0.119786665,34.498123079538345,0,345,2018,12
2018-12-12,26.779993297904756,0.1329126,34.197515761479735,0,346,2018,12
2018-12-13,26.68999329991641,0.15765181,33.57493816874921,0,347,2018,12
2018-12-14,26.69999329969289,0.13771866,32.94015317223966,0,348,2018,12
2018-12-15,26.61999330148103,0.14169654,33.00576796755195,0,349,2018,12
2018-12-16,26.439993305504345,0.109411955,33.04696795530617,0,350,2018,12
2018-12-17,26.409993306174897,0.12470262,33.25449381954968,0,351,2018,12
2018-12-18,26.5799933023751,0.1333625,33.35215304978192,0,352,2018,12
2018-12-19,26.87999329566958,0.16740783,33.130893856287,0,353,2018,12
2018-12-20,27.369993284717225,0.1666849,33.09732349589467,0,354,2018,12
2018-12-21,27.339993285387777,0.117461,32.93099761940539,0,355,2018,12
2018-12-22,27.19999328851702,0.10938793,33.03933832794428,0,356,2018,12
2018-12-23,27.219993288069983,0.10989264,33.44523450359702,0,357,2018,12
2018-12-24,27.209993288293504,0.19166619,33.69548628106713,0,358,2018,12
2018-12-25,26.909993294999023,0.17289673,33.51084929890931,0,359,2018,12
2018-12-26,26.94999329410496,0.13921696,33.32926416769624,0,360,2018,12
2018-12-27,27.069993291422747,0.14826237,33.28653825446963,0,361,2018,12
2018-12-28,27.409993283823155,0.14826237,33.44981228001416,0,362,2018,12
2018-12-29,27.709993277117636,0.1372033,33.80687884055078,0,363,2018,12
2018-12-30,27.919993272423767,0.1372033,33.982360269874334,0,364,2018,12
2018-12-31,28.00999327041211,0.12877177,33.681752951815724,0,365,2018,12
2019-01-01,27.959993271529697,0.12455784,33.561204839497805,0,1,2019,1
2019-01-02,27.85999327376487,0.15460177,33.451338205486536,0,2,2019,1
2019-01-03,28.00999327041211,0.13340446,33.34910119883716,0,3,2019,1
2019-01-04,28.27999326437714,0.13512984,33.3964048884809,0,4,2019,1
2019-01-05,28.179993266612318,0.15812398,33.356730826199055,1,5,2019,1
2019-01-06,28.219993265718244,0.1479388,33.25754567049444,0,6,2019,1
2019-01-07,28.24999326504769,0.15402363,33.645130740478635,0,7,2019,1
2019-01-08,28.269993264600657,0.15593381,34.125797264277935,0,8,2019,1
2019-01-09,28.359993262589,0.14442007,33.81145661696792,0,9,2019,1
2019-01-10,28.34999326281252,0.107498445,33.70158998295665,0,10,2019,1
2019-01-11,28.299993263930105,0.09009253,33.56730854138732,0,11,2019,1
2019-01-12,28.99999324828389,0.11986932,33.63902703858912,0,12,2019,1
2019-01-13,29.09999324604871,0.12532923,33.69548628106713,0,13,2019,1
2019-01-14,29.09999324604871,0.12532951,33.84044920094311,0,14,2019,1
2019-01-15,29.05999324694278,0.12532951,34.043397288769484,0,15,2019,1
2019-01-16,28.949993249401476,0.107957385,33.93658250570297,0,16,2019,1
2019-01-17,28.78999325297775,0.1438471,32.26416818797588,0,17,2019,1
2019-01-18,28.73999325409534,0.13816813,33.64207888953388,0,18,2019,1
2019-01-19,28.70999325476589,0.14744835,34.06170839443803,0,19,2019,1
2019-01-20,28.679993255436443,0.14708543,34.42182680591941,0,20,2019,1
2019-01-21,28.5899932574481,0.15913048,34.665974881500006,0,21,2019,1
2019-01-22,28.489993259683278,0.19975711,34.7239600494504,0,22,2019,1
2019-01-23,27.96999327130618,0.19463243,34.74684893153608,0,23,2019,1
2019-01-24,26.429993305727866,0.17264351,34.7239600494504,0,24,2019,1
2019-01-25,26.839993296563648,0.13929641,34.786522993817925,0,25,2019,1
2019-01-26,26.70999329946937,0.12995124,34.90401925519109,0,26,2019,1
2019-01-27,26.68999329991641,0.15331823,35.02151551656425,0,27,2019,1
2019-01-28,26.589993302151584,0.17617714,35.08560438640416,0,28,2019,1
2019-01-29,26.599993301928063,0.11766514,35.135959926992655,0,29,2019,1
2019-01-30,26.509993303939723,0.17010981,35.171056212857366,0,30,2019,1
2019-01-31,27.53999328091743,0.16288626,35.19089324399829,0,31,2019,1
2019-02-01,28.11999326795342,0.15634322,35.2046265732497,0,32,2019,2
2019-02-02,27.8999932728708,0.12568106,35.2046265732497,0,33,2019,2
2019-02-03,27.77999327555301,0.12406908,35.184789542108774,0,34,2019,2
2019-02-04,27.85999327376487,0.15886284,35.12985622510314,0,35,2019,2
2019-02-05,28.08999326862397,0.13576436,35.0611895788461,0,36,2019,2
2019-02-06,27.96999327130618,0.12339426,35.00625626184046,0,37,2019,2
2019-02-07,27.88999327309432,0.12972851,34.9818414542824,0,38,2019,2
2019-02-08,27.61999327912929,0.12276907,34.9604784976691,0,39,2019,2
2019-02-09,27.38999328427019,0.11677416,34.97421182692051,0,40,2019,2
2019-02-10,27.359993284940742,0.18351488,34.98794515617192,0,41,2019,2
2019-02-11,27.38999328427019,0.14612482,34.992522932589054,0,42,2019,2
2019-02-12,27.599993279576324,0.15971953,34.908597031608224,0,43,2019,2
2019-02-13,27.749993276223563,0.16501611,34.77278966456652,0,44,2019,2
2019-02-14,27.919993272423767,0.16501611,34.713278571143746,0,45,2019,2
2019-02-15,27.88999327309432,0.1714241,34.78499706834555,0,46,2019,2
2019-02-16,27.789993275329493,0.19776432,34.80330817401409,0,47,2019,2
2019-02-17,26.909993294999023,0.19959709,34.617145266383886,0,48,2019,2
2019-02-18,26.95999329388144,0.19674592,34.79720447212458,0,49,2019,2
2019-02-19,26.899993295222544,0.2120022,34.90401925519109,0,50,2019,2
2019-02-20,26.819993297010683,0.19828597,34.92233036085963,0,51,2019,2
2019-02-21,27.11999329030516,0.17531958,34.90249332971871,0,52,2019,2
2019-02-22,27.369993284717225,0.20312099,34.91622665897012,0,53,2019,2
2019-02-23,27.77999327555301,0.22476166,34.258552780374885,0,54,2019,2
2019-02-24,28.00999327041211,0.15035112,32.863856898620725,0,55,2019,2
2019-02-25,28.43999326080086,0.12034056,32.78603469952941,0,56,2019,2
2019-02-26,28.42999326102438,0.24508281,33.40250859037042,0,57,2019,2
2019-02-27,28.34999326281252,0.20735766,33.90148621983826,0,58,2019,2
2019-02-28,28.339993263036035,0.22842702,33.92895287834108,0,59,2019,2
2019-03-01,28.369993262365483,0.12724201,33.81603439338505,0,60,2019,3
2019-03-02,28.23999326527121,0.109402314,33.78704180940986,0,61,2019,3
2019-03-03,28.24999326504769,0.12510188,34.029663959518075,0,62,2019,3
2019-03-04,28.34999326281252,0.11585307,34.25397500395775,0,63,2019,3
2019-03-05,28.359993262589,0.16281871,34.41724902950227,0,64,2019,3
2019-03-06,28.31999326348307,0.12651455,34.67665635980666,0,65,2019,3
2019-03-07,28.25999326482417,0.13538378,34.8384044598788,0,66,2019,3
2019-03-08,28.24999326504769,0.121974126,34.812463726848364,0,67,2019,3
2019-03-09,28.24999326504769,0.13582635,34.821619279682636,0,68,2019,3
2019-03-10,28.219993265718244,0.15666072,34.86434519290924,0,69,2019,3
2019-03-11,28.1299932677299,0.12293933,34.92385628633201,0,70,2019,3
2019-03-12,28.059993269294523,0.16700563,34.93453776463866,0,71,2019,3
2019-03-13,27.85999327376487,0.1327103,34.95132294483483,0,72,2019,3
2019-03-14,27.81999327465894,0.11223934,35.00930811278522,0,73,2019,3
2019-03-15,27.63999327868225,0.112720996,35.038300696760416,0,74,2019,3
2019-03-16,27.53999328091743,0.19983865,35.01235996372998,0,75,2019,3
2019-03-17,27.749993276223563,0.20849158,34.99404885806143,0,76,2019,3
2019-03-18,27.96999327130618,0.37368482,34.98641923069954,0,77,2019,3
2019-03-19,28.029993269965075,0.16415489,34.99862663447857,0,78,2019,3
2019-03-20,27.829993274435424,0.19835402,35.004730336368084,0,79,2019,3
2019-03-21,27.69999327734115,0.16218911,35.0535599514842,0,80,2019,3
2019-03-22,27.27999328672888,0.17478043,35.113071044906974,0,81,2019,3
2019-03-23,27.209993288293504,0.14520074,35.13138215057552,0,82,2019,3
2019-03-24,27.299993286281847,0.17649646,35.125278448686004,0,83,2019,3
2019-03-25,27.38999328427019,0.13899933,35.111545119434595,0,84,2019,3
2019-03-26,27.44999328292909,0.120003216,35.10544141754508,0,85,2019,3
2019-03-27,27.27999328672888,0.17034861,35.12985622510314,0,86,2019,3
2019-03-28,27.19999328851702,0.16989216,35.122226597741246,0,87,2019,3
2019-03-29,27.25999328717592,0.13283163,35.10238956660032,0,88,2019,3
2019-03-30,27.34999328516426,0.123236656,35.11612289585173,0,89,2019,3
2019-03-31,27.19999328851702,0.12747927,35.10696734301746,0,90,2019,3
2019-04-01,27.169993289187573,0.15263432,35.10544141754508,0,91,2019,4
2019-04-02,27.11999329030516,0.16123666,35.09628586471081,0,92,2019,4
2019-04-03,27.00999329276385,0.104706496,35.110019193962216,0,93,2019,4
2019-04-04,27.01999329254033,0.14252566,35.11764882132411,0,94,2019,4
2019-04-05,27.07999329119923,0.14304668,35.09170808829367,0,95,2019,4
2019-04-06,27.209993288293504,0.16695863,35.06729328073561,0,96,2019,4
2019-04-07,27.289993286505364,0.13730186,35.076448833569884,0,97,2019,4
2019-04-08,27.15999328941109,0.13859384,35.10544141754508,0,98,2019,4
2019-04-09,27.059993291646265,0.18617025,35.0825525354594,0,99,2019,4
2019-04-10,27.10999329052868,0.15126953,34.929959988221526,0,100,2019,4
2019-04-11,27.19999328851702,0.15422459,34.65681932866573,0,101,2019,4
2019-04-12,26.759993298351787,0.15569541,34.45997494272888,0,102,2019,4
2019-04-13,26.65999330058696,0.14237934,34.49659715406597,0,103,2019,4
2019-04-14,26.779993297904756,0.19178852,34.55610824748874,0,104,2019,4
2019-04-15,26.869993295893096,0.16440961,34.655293403193355,0,105,2019,4
2019-04-16,26.70999329946937,0.2622126,34.69801931641996,0,106,2019,4
2019-04-17,26.53999330326917,0.27797872,34.606463788077235,0,107,2019,4
2019-04-18,26.199993310868763,0.40900832,34.39588607288897,0,108,2019,4
2019-04-19,25.55999332517388,0.3968837,34.05560469254851,0,109,2019,4
2019-04-20,25.17999333366754,1.5943705,32.131412671878934,0,110,2019,4
2019-04-21,25.039993336796783,0.50897956,30.05462810397148,0,111,2019,4
2019-04-22,25.699993322044637,0.23310524,30.45442057773471,0,112,2019,4
2019-04-23,25.739993321150564,0.2266003,31.495101749897003,0,113,2019,4
2019-04-24,25.79999331980946,0.19103962,31.94372383877635,0,114,2019,4
2019-04-25,25.83999331891539,0.22954161,31.913205329328775,0,115,2019,4
2019-04-26,25.889993317797803,0.22857204,31.84759053401649,0,116,2019,4
2019-04-27,25.849993318691872,0.30605754,32.41218295879662,0,117,2019,4
2019-04-28,25.789993320032977,0.20358384,33.104953123256564,0,118,2019,4
2019-04-29,25.859993318468355,0.19143078,33.59935297630727,0,119,2019,4
2019-04-30,25.56999332495036,0.21009754,34.005249151960015,0,120,2019,4
2019-05-01,25.499993326514986,0.19829781,33.75804922543466,0,121,2019,5
2019-05-02,25.519993326067947,0.2045954,33.01187166944146,0,122,2019,5
2019-05-03,25.499993326514986,0.24064362,32.87148652598262,0,123,2019,5
2019-05-04,25.56999332495036,0.26724347,33.283486403524876,0,124,2019,5
2019-05-05,26.199993310868763,0.18837449,32.515945890918374,0,125,2019,5
2019-05-06,26.5799933023751,0.19869861,32.04901269637048,0,126,2019,5
2019-05-07,26.65999330058696,0.12722252,32.28247929364443,0,127,2019,5
2019-05-08,26.749993298575305,0.14545012,32.63191622681916,0,128,2019,5
2019-05-09,26.72999329902234,0.170815,32.79671617783606,0,129,2019,5
2019-05-10,26.65999330058696,0.13426276,33.295693807303905,0,130,2019,5
2019-05-11,26.559993302822136,0.18745412,33.63750111311674,0,131,2019,5
2019-05-12,26.39999330639841,0.15171067,33.75652329996228,0,132,2019,5
2019-05-13,26.37999330684545,0.19616207,33.838923275470734,0,133,2019,5
2019-05-14,26.319993308186557,0.16870515,34.45387124083936,0,134,2019,5
2019-05-15,25.909993317350768,0.20302701,34.690389689058065,0,135,2019,5
2019-05-16,25.699993322044637,0.15903142,34.65071562677622,0,136,2019,5
2019-05-17,25.739993321150564,0.27315527,34.52864158898592,0,137,2019,5
2019-05-18,25.789993320032977,0.18956946,34.54084899276495,0,138,2019,5
2019-05-19,25.749993320927047,0.18597637,34.629352670162916,0,139,2019,5
2019-05-20,25.549993325397395,0.14526229,34.68886376358569,0,140,2019,5
2019-05-21,25.52999332584443,0.17027438,34.6736045088619,0,141,2019,5
2019-05-22,25.509993326291465,0.13930956,34.617145266383886,0,142,2019,5
2019-05-23,24.689993344619893,0.17642695,34.63850822299719,0,143,2019,5
2019-05-24,24.63999334573748,0.57292116,34.69344154000282,0,144,2019,5
2019-05-25,24.67999334484341,0.44223124,34.7453230060637,0,145,2019,5
2019-05-26,24.609993346408032,0.24849781,34.80636002495885,0,146,2019,5
2019-05-27,25.039993336796783,0.23843277,34.86434519290924,0,147,2019,5
2019-05-28,25.359993329644222,0.19028401,34.87350074574351,0,148,2019,5
2019-05-29,25.439993327856087,0.26955765,34.89333777688444,0,149,2019,5
2019-05-30,25.429993328079604,0.20862047,34.94521924294531,0,150,2019,5
2019-05-31,25.4899933267385,0.2688221,34.92843406274915,0,151,2019,5
2019-06-01,25.209993332996987,0.2007507,34.97573775239289,0,152,2019,6
2019-06-02,25.05999333634975,0.24614865,34.980315528810024,0,153,2019,6
2019-06-03,25.199993333220505,0.21427429,34.90249332971871,0,154,2019,6
2019-06-04,25.229993332549952,0.24926968,34.933011839166284,0,155,2019,6
2019-06-05,25.279993331432365,0.22573048,34.978789603337646,0,156,2019,6
2019-06-06,25.349993329867743,0.21735883,34.98336737975478,0,157,2019,6
2019-06-07,25.39999332875016,0.20633821,34.95895257219672,0,158,2019,6
2019-06-08,25.289993331208848,0.18284684,34.968108125030994,0,159,2019,6
2019-06-09,25.209993332996987,0.156621,34.98489330522716,0,160,2019,6
2019-06-10,25.209993332996987,0.14855048,35.00778218731284,0,161,2019,6
2019-06-11,24.889993340149545,0.1985713,35.029145143926144,0,162,2019,6
2019-06-12,24.84999334104361,0.19655441,35.04287847317755,0,163,2019,6
2019-06-13,24.82999334149065,0.20622785,35.0535599514842,0,164,2019,6
2019-06-14,24.879993340373066,0.217873,35.08407846093178,0,165,2019,6
2019-06-15,24.929993339255475,0.122276664,35.1039154920727,0,166,2019,6
2019-06-16,25.169993333891057,0.12590577,35.13901177793741,0,167,2019,6
2019-06-17,25.119993335008644,0.15673633,35.14969325624406,0,168,2019,6
2019-06-18,25.0299933370203,0.18459897,35.160374734550714,0,169,2019,6
2019-06-19,24.579993347078585,0.15351164,35.18173769116402,0,170,2019,6
2019-06-20,24.36999335177245,0.16412055,35.21225620061159,0,171,2019,6
2019-06-21,24.359993351995968,0.17630313,35.23514508269727,0,172,2019,6
2019-06-22,24.199993355572246,0.18914357,35.230567306280136,0,173,2019,6
2019-06-23,24.46999334953728,0.19959958,35.232093231752515,0,174,2019,6
2019-06-24,24.74999334327879,0.138143,35.22904138080776,0,175,2019,6
2019-06-25,24.699993344396376,0.18832491,35.232093231752515,0,176,2019,6
2019-06-26,24.549993347749137,0.2118181,35.23667100816965,0,177,2019,6
2019-06-27,24.299993353337072,0.21109878,35.233619157224894,0,178,2019,6
2019-06-28,24.419993350654863,0.19387017,35.230567306280136,0,179,2019,6
2019-06-29,24.359993351995968,0.17663635,35.219885827973485,0,180,2019,6
2019-06-30,24.589993346855067,0.1897444,35.18173769116402,0,181,2019,6
2019-07-01,24.67999334484341,0.17577097,35.11764882132411,0,182,2019,7
2019-07-02,24.77999334260824,0.25333962,35.062715504318476,0,183,2019,7
2019-07-03,24.71999334394934,0.1918546,35.00625626184046,0,184,2019,7
2019-07-04,24.459993349760797,0.22179076,34.98336737975478,0,185,2019,7
2019-07-05,24.269993354007624,0.29766148,34.95895257219672,0,186,2019,7
2019-07-06,24.039993359148525,0.79657894,34.94521924294531,0,187,2019,7
2019-07-07,23.90999336205425,0.89789534,34.94827109389007,0,188,2019,7
2019-07-08,24.089993358030934,0.33356655,34.94521924294531,0,189,2019,7
2019-07-09,24.20999335534873,1.0940236,34.95132294483483,0,190,2019,7
2019-07-10,24.149993356689837,0.62500346,34.95132294483483,0,191,2019,7
2019-07-11,24.1699933562428,0.94368196,34.95284887030721,0,192,2019,7
2019-07-12,24.28999335356059,0.3980023,34.954374795779586,0,193,2019,7
2019-07-13,24.389993351325412,0.22444385,34.955900721251965,0,194,2019,7
2019-07-14,24.90999333970251,0.19947925,34.955900721251965,0,195,2019,7
2019-07-15,24.809993341937684,0.21008791,34.954374795779586,0,196,2019,7
2019-07-16,24.78999334238472,0.19680415,34.95284887030721,0,197,2019,7
2019-07-17,24.7999933421612,0.20258132,34.95284887030721,0,198,2019,7
2019-07-18,24.709993344172855,0.23816602,34.94521924294531,0,199,2019,7
2019-07-19,24.63999334573748,0.36421868,34.90401925519109,0,200,2019,7
2019-07-20,24.459993349760797,0.27586207,34.85671556554735,0,201,2019,7
2019-07-21,24.20999335534873,0.22399642,34.762108186259866,0,202,2019,7
2019-07-22,24.12999335713687,0.22463067,34.751426707953215,0,203,2019,7
2019-07-23,23.7099933665246,0.3487266,34.766685962677,0,204,2019,7
2019-07-24,23.339993374794744,0.5327098,34.79415262117982,0,205,2019,7
2019-07-25,23.419993373006605,1.1089355,34.80636002495885,0,206,2019,7
2019-07-26,23.569993369653844,0.78596795,34.80636002495885,0,207,2019,7
2019-07-27,23.55999336987736,0.3565986,34.763634111732244,0,208,2019,7
2019-07-28,23.529993370547917,0.29645726,34.69801931641996,0,209,2019,7
2019-07-29,23.5399933703244,0.34932092,34.68733783811331,0,210,2019,7
2019-07-30,23.50999337099495,0.28256872,34.68581191264093,0,211,2019,7
2019-07-31,23.55999336987736,0.43387786,34.6736045088619,0,212,2019,7
2019-08-01,23.639993368089225,0.32607442,34.68733783811331,0,213,2019,8
2019-08-02,24.339993352443003,0.27579853,34.71785634756088,0,214,2019,8
2019-08-03,24.36999335177245,0.40174314,34.77889336645603,0,215,2019,8
2019-08-04,24.299993353337072,0.37120843,34.86434519290924,0,216,2019,8
2019-08-05,23.739993365854048,0.22273798,34.95132294483483,0,217,2019,8
2019-08-06,23.86999336294832,0.22377454,34.97573775239289,0,218,2019,8
2019-08-07,24.13999335691335,0.3457772,35.00015255995095,0,219,2019,8
2019-08-08,24.40999335087838,0.33743662,34.99710070900619,0,220,2019,8
2019-08-09,24.149993356689837,0.14233218,34.9894710816443,0,221,2019,8
2019-08-10,24.259993354231145,0.21038258,34.97268590144813,0,222,2019,8
2019-08-11,24.359993351995968,0.204748,34.943693317472935,0,223,2019,8
2019-08-12,24.359993351995968,0.5991471,34.907071106135845,0,224,2019,8
2019-08-13,24.279993353784107,0.19107783,34.89944147877395,0,225,2019,8
2019-08-14,24.309993353113555,0.28328964,34.88570814952254,0,226,2019,8
2019-08-15,24.36999335177245,0.13298482,34.88723407499492,0,227,2019,8
2019-08-16,24.379993351548933,0.14694782,34.89333777688444,0,228,2019,8
2019-08-17,24.309993353113555,0.166306,34.90096740424633,0,229,2019,8
2019-08-18,24.239993354678177,0.18790078,34.92233036085963,0,230,2019,8
2019-08-19,24.15999335646632,0.21820107,34.93758961558342,0,231,2019,8
2019-08-20,24.13999335691335,0.20500734,34.94827109389007,0,232,2019,8
2019-08-21,24.149993356689837,0.15166216,34.98489330522716,0,233,2019,8
2019-08-22,24.13999335691335,0.2379931,35.003204410895705,0,234,2019,8
2019-08-23,24.079993358254452,0.21353823,35.00015255995095,0,235,2019,8
2019-08-24,23.999993360042595,0.23949732,35.013885889202356,0,236,2019,8
2019-08-25,24.12999335713687,0.19998544,35.04287847317755,0,237,2019,8
2019-08-26,24.149993356689837,0.26145282,35.07950068451464,0,238,2019,8
2019-08-27,24.22999335490169,0.21582182,35.113071044906974,0,239,2019,8
2019-08-28,24.299993353337072,0.16014451,35.12985622510314,0,240,2019,8
2019-08-29,24.339993352443003,0.19870669,35.134434001520276,0,241,2019,8
2019-08-30,24.31999335289004,0.16683917,35.123752523213625,0,242,2019,8
2019-08-31,24.279993353784107,0.19912262,35.100863641127944,0,243,2019,8
2019-09-01,24.029993359372043,0.19908437,35.100863641127944,0,244,2019,9
2019-09-02,24.069993358477973,0.20235479,35.111545119434595,0,245,2019,9
2019-09-03,24.13999335691335,0.16673268,35.11459697037935,0,246,2019,9
2019-09-04,24.049993358925008,0.17658882,35.11764882132411,0,247,2019,9
2019-09-05,23.84999336339536,0.22764802,35.12070067226887,0,248,2019,9
2019-09-06,23.7099933665246,0.22642997,35.11917474679649,0,249,2019,9
2019-09-07,23.839993363618877,0.13912678,35.12833029963076,0,250,2019,9
2019-09-08,23.879993362724804,0.22582777,35.14053770340979,0,251,2019,9
2019-09-09,24.01999335959556,0.19380625,35.15579695813358,0,252,2019,9
2019-09-10,24.029993359372043,0.2202765,35.16953028738499,0,253,2019,9
2019-09-11,23.959993360936664,0.20015247,35.17868584021926,0,254,2019,9
2019-09-12,23.929993361607217,0.20472573,35.17868584021926,0,255,2019,9
2019-09-13,24.00999335981908,0.22234325,35.18631546758115,0,256,2019,9
2019-09-14,24.01999335959556,0.2642368,35.184789542108774,0,257,2019,9
2019-09-15,24.049993358925008,0.26196954,35.18631546758115,0,258,2019,9
2019-09-16,23.84999336339536,0.20278867,35.18936731852591,0,259,2019,9
2019-09-17,23.89999336227777,0.20626576,35.19394509494305,0,260,2019,9
2019-09-18,23.959993360936664,0.34474987,35.207678424194455,0,261,2019,9
2019-09-19,24.199993355572246,0.2126346,35.23514508269727,0,262,2019,9
2019-09-20,23.969993360713147,0.22738403,35.23972285911441,0,263,2019,9
2019-09-21,23.969993360713147,0.27096727,35.233619157224894,0,264,2019,9
2019-09-22,23.949993361160185,0.18537593,35.22751545533538,0,265,2019,9
2019-09-23,23.959993360936664,0.2400762,35.22904138080776,0,266,2019,9
2019-09-24,24.12999335713687,0.2761863,35.18173769116402,0,267,2019,9
2019-09-25,23.84999336339536,0.19804269,35.17715991474688,0,268,2019,9
2019-09-26,23.9399933613837,0.22284688,35.22293767891824,0,269,2019,9
2019-09-27,23.27999337613585,0.26353648,35.26566359214485,0,270,2019,9
2019-09-28,23.28999337591233,0.2126524,35.305337654426694,0,271,2019,9
2019-09-29,23.379993373900675,0.21473569,35.314493207260966,0,272,2019,9
2019-09-30,23.569993369653844,0.22436929,35.33433023840189,0,273,2019,9
2019-10-01,23.569993369653844,0.22436929,35.29007839970291,0,274,2019,10
2019-10-02,23.659993367642187,0.24515568,35.1756339892745,0,275,2019,10
2019-10-03,24.049993358925008,0.23925489,35.16495251096785,0,276,2019,10
2019-10-04,23.91999336183073,0.20076971,35.183263616636395,0,277,2019,10
2019-10-05,24.22999335490169,0.22361697,35.16495251096785,0,278,2019,10
2019-10-06,23.929993361607217,0.18124908,35.038300696760416,0,279,2019,10
2019-10-07,23.89999336227777,0.20964658,35.00625626184046,0,280,2019,10
2019-10-08,23.89999336227777,0.30328545,35.113071044906974,0,281,2019,10
2019-10-09,24.109993357583903,0.35718974,35.206152498722076,0,282,2019,10
2019-10-10,24.379993351548933,0.3495142,35.24124878458679,0,283,2019,10
2019-10-11,24.499993348866724,0.22317375,35.09781179018319,0,284,2019,10
2019-10-12,24.589993346855067,0.22394514,35.10849326848984,0,285,2019,10
2019-10-13,24.029993359372043,0.6576352,35.14358955435455,0,286,2019,10
2019-10-14,24.05999335870149,0.41719615,35.158848809078336,0,287,2019,10
2019-10-15,24.189993355795764,0.3493937,35.16495251096785,0,288,2019,10
2019-10-16,24.399993351101894,0.23718424,35.1756339892745,0,289,2019,10
2019-10-17,24.899993339926027,0.26171246,35.19241916947067,0,290,2019,10
2019-10-18,24.999993337690853,0.17594513,35.21378212608397,0,291,2019,10
2019-10-19,25.129993334785127,0.18537451,35.23972285911441,0,292,2019,10
2019-10-20,25.21999333277347,0.3457171,35.27176729403436,0,293,2019,10
2019-10-21,25.14999333433809,0.28305903,35.29923395253718,0,294,2019,10
2019-10-22,24.959993338584923,0.2819213,35.305337654426694,0,295,2019,10
2019-10-23,24.90999333970251,0.2388502,35.30838950537145,0,296,2019,10
2019-10-24,24.959993338584923,1.0719279,35.31296728178859,0,297,2019,10
2019-10-25,24.77999334260824,1.3212293,35.31144135631621,0,298,2019,10
2019-10-26,25.229993332549952,1.5182977,35.33433023840189,0,299,2019,10
2019-10-27,25.699993322044637,0.21115734,35.33433023840189,0,300,2019,10
2019-10-28,25.929993316903733,0.23628439,35.34501171670854,0,301,2019,10
2019-10-29,25.629993323609256,0.23065093,35.316019132733345,0,302,2019,10
2019-10-30,25.24999333210292,0.17025965,35.24124878458679,0,303,2019,10
2019-10-31,25.439993327856087,0.15862887,35.1756339892745,0,304,2019,10
2019-11-01,25.37999332919719,0.17286725,35.12833029963076,0,305,2019,11
2019-11-02,25.4899933267385,0.18917036,35.10696734301746,0,306,2019,11
2019-11-03,25.46999332718553,0.19398034,35.14511547982693,0,307,2019,11
2019-11-04,25.52999332584443,0.2068465,35.15121918171644,0,308,2019,11
2019-11-05,25.929993316903733,0.11212214,35.1756339892745,0,309,2019,11
2019-11-06,26.03999331444504,0.20609021,35.21378212608397,0,310,2019,11
2019-11-07,26.03999331444504,0.21323901,35.23667100816965,0,311,2019,11
2019-11-08,26.10999331288042,0.29918703,35.23667100816965,0,312,2019,11
2019-11-09,26.119993312656906,0.29917887,35.04440439864993,0,313,2019,11
2019-11-10,25.899993317574285,0.17427659,35.00778218731284,0,314,2019,11
2019-11-11,26.059993313998007,0.18420902,35.062715504318476,0,315,2019,11
2019-11-12,26.26999330930414,0.18419987,35.14511547982693,0,316,2019,11
2019-11-13,26.219993310421728,0.18525714,35.21683397702873,0,317,2019,11
2019-11-14,25.899993317574285,0.1264499,35.23667100816965,0,318,2019,11
2019-11-15,26.06999331377449,0.13911533,34.76821188814938,0,319,2019,11
2019-11-16,26.119993312656906,0.17109124,35.10544141754508,0,320,2019,11
2019-11-17,26.169993311539315,0.2952423,35.15274510718882,0,321,2019,11
2019-11-18,26.119993312656906,0.15762195,35.16953028738499,0,322,2019,11
2019-11-19,26.45999330505731,0.19310825,35.16647843644023,0,323,2019,11
2019-11-20,26.639993301034,0.19310825,35.15732288360596,0,324,2019,11
2019-11-21,26.69999329969289,0.17349133,35.099337715655565,0,325,2019,11
2019-11-22,26.69999329969289,0.17346273,35.15579695813358,0,326,2019,11
2019-11-23,26.61999330148103,0.14785711,35.1756339892745,0,327,2019,11
2019-11-24,26.65999330058696,0.19663991,35.148167330771685,0,328,2019,11
2019-11-25,26.279993309080623,0.19771764,34.96200442314148,0,329,2019,11
2019-11-26,26.18999331109228,0.22178571,34.42030088044703,0,330,2019,11
2019-11-27,26.319993308186557,0.22251067,33.89080474153161,0,331,2019,11
2019-11-28,26.349993307516,1.3712701,33.619190007448196,0,332,2019,11
2019-11-29,26.219993310421728,0.4716407,33.69701220653951,0,333,2019,11
2019-11-30,25.86999331824484,1.9371345,33.55204928666353,0,334,2019,11
2019-12-01,25.619993323832773,0.99844456,33.74584182165563,0,335,2019,12
2019-12-02,25.669993322715182,1.1781702,33.93810843117535,0,336,2019,12
2019-12-03,25.739993321150564,0.6759282,34.29822684265673,0,337,2019,12
2019-12-04,25.67999332249167,0.30003136,34.340952755883336,0,338,2019,12
2019-12-05,25.819993319362425,0.28776938,34.620197117328644,0,339,2019,12
2019-12-06,27.219993288069983,0.31157058,34.67513043433428,0,340,2019,12
2019-12-07,27.07999329119923,0.36571798,34.71938227303326,0,341,2019,12
2019-12-08,27.099993290752195,0.356573,34.63850822299719,0,342,2019,12
2019-12-09,26.95999329388144,0.42154944,34.63545637205243,0,343,2019,12
2019-12-10,26.91999329477551,0.29299366,34.76058226078749,0,344,2019,12
2019-12-11,27.10999329052868,0.35358778,34.809411875903606,0,345,2019,12
2019-12-12,27.299993286281847,0.37739983,34.810937801375985,0,346,2019,12
2019-12-13,27.46999328248205,0.40603217,34.92690813727677,0,347,2019,12
2019-12-14,27.649993278458737,0.5595134,34.907071106135845,0,348,2019,12
2019-12-15,27.689993277564668,0.64802086,34.867397043854,0,349,2019,12
2019-12-16,27.679993277788185,0.64697933,34.87807852216065,0,350,2019,12
2019-12-17,27.529993281140943,0.2648361,34.93606369011104,0,351,2019,12
2019-12-18,27.34999328516426,0.54254067,34.92690813727677,0,352,2019,12
2019-12-19,27.369993284717225,0.3427187,34.90249332971871,0,353,2019,12
2019-12-20,27.50999328158798,0.4006815,34.942167392000556,0,354,2019,12
2019-12-21,27.869993273541358,0.34559023,34.931485913693905,0,355,2019,12
2019-12-22,28.08999326862397,0.38635692,34.96353034861386,0,356,2019,12
2019-12-23,28.07999326884749,0.84313786,35.04287847317755,0,357,2019,12
2019-12-24,28.109993268176936,0.6544601,35.052034026011825,0,358,2019,12
2019-12-25,27.88999327309432,0.76426184,34.990997007116675,0,359,2019,12
2019-12-26,28.03999326974156,0.76931703,34.88723407499492,0,360,2019,12
2019-12-27,28.139993267506384,1.1500369,34.83077483251691,0,361,2019,12
2019-12-28,28.62999325655403,0.77570784,34.78499706834555,0,362,2019,12
2019-12-29,28.099993268400453,0.4897795,34.751426707953215,0,363,2019,12
2019-12-30,28.34999326281252,0.57368845,34.6446119248867,0,364,2019,12
2019-12-31,28.66999325565996,0.55893755,34.6018860116601,0,365,2019,12
2020-01-01,28.649993256106995,0.759824,34.57747120410204,0,1,2020,1
2020-01-02,28.599993257224583,0.75255835,34.49049345217645,0,2,2020,1
2020-01-03,28.69999325498941,0.8347988,34.473708271980286,0,3,2020,1
2020-01-04,28.68999325521293,0.7585866,34.463026793673635,0,4,2020,1
2020-01-05,28.5899932574481,0.8370147,34.522537887096405,0,5,2020,1
2020-01-06,28.56999325789513,1.2794751,34.56068602390587,0,6,2020,1
2020-01-07,28.86999325118961,0.5203688,34.691915614530444,0,7,2020,1
2020-01-08,29.029993247613334,0.6822877,34.76058226078749,0,8,2020,1
2020-01-09,29.08999324627223,0.6970519,34.44776753894985,0,9,2020,1
2020-01-10,28.77999325320127,0.56635636,33.94268620759249,0,10,2020,1
2020-01-11,29.469993237778567,0.39591756,33.61308630555868,0,11,2020,1
2020-01-12,29.80999323017897,0.46865323,33.042390178889036,0,12,2020,1
2020-01-13,29.70999323241415,0.550637,32.358775567263365,0,13,2020,1
2020-01-14,29.42999323867264,0.55059093,32.3633533436805,0,14,2020,1
2020-01-15,29.63999323397877,0.44226006,32.827234687283635,0,15,2020,1
2020-01-16,29.59999323487284,0.7114816,33.127842005342245,0,16,2020,1
2020-01-17,29.88999322839084,0.7147908,33.26822714880109,0,17,2020,1
2020-01-18,30.02999322526159,0.3720005,33.30484936013818,0,18,2020,1
2020-01-19,30.02999322526159,0.37200022,33.05764943361282,0,19,2020,1
2020-01-20,29.9099932279438,0.32302707,33.69701220653951,0,20,2020,1
2020-01-21,29.219993243366503,0.19789535,34.30280461907387,0,21,2020,1
2020-01-22,28.599993257224583,0.22547643,34.61256748996675,0,22,2020,1
2020-01-23,28.599993257224583,0.21345115,34.81551557779312,0,23,2020,1
2020-01-24,28.619993256777548,0.20077161,34.98641923069954,0,24,2020,1
2020-01-25,28.39999326169493,0.20956886,35.11459697037935,0,25,2020,1
2020-01-26,28.489993259683278,0.18557324,35.24582656100392,0,26,2020,1
2020-01-27,28.579993257671617,0.18554044,35.10238956660032,0,27,2020,1
2020-01-28,28.729993254318856,0.19051452,35.20157472230494,0,28,2020,1
2020-01-29,28.309993263706588,0.21049751,35.24887841194868,0,29,2020,1
2020-01-30,28.269993264600657,0.20891926,35.254982113838196,0,30,2020,1
2020-01-31,28.149993267282863,0.17503496,35.232093231752515,0,31,2020,1
2020-02-01,28.1299932677299,0.16908367,35.22904138080776,0,32,2020,2
2020-02-02,28.15999326705935,0.18669337,35.206152498722076,0,33,2020,2
2020-02-03,28.20999326594176,0.17480643,35.1756339892745,0,34,2020,2
2020-02-04,28.50999325923624,0.22240317,35.15121918171644,0,35,2020,2
2020-02-05,28.51999325901272,0.17713898,35.1039154920727,0,36,2020,2
2020-02-06,28.229993265494727,0.1908299,35.00015255995095,0,37,2020,2
2020-02-07,28.27999326437714,0.19833834,34.91317480802536,0,38,2020,2
2020-02-08,28.649993256106995,0.20544259,34.87960444763303,0,39,2020,2
2020-02-09,28.8199932523072,0.27118072,34.79262669570744,0,40,2020,2
2020-02-10,29.469993237778567,0.26807258,34.68276006169617,0,41,2020,2
2020-02-11,29.349993240460776,0.17904828,34.751426707953215,0,42,2020,2
2020-02-12,29.199993243813537,0.1337078,34.92538221180439,0,43,2020,2
2020-02-13,29.20999324359002,0.15534388,35.0825525354594,0,44,2020,2
2020-02-14,29.219993243366503,0.19165483,35.12985622510314,0,45,2020,2
2020-02-15,29.0499932471663,0.18695526,35.14053770340979,0,46,2020,2
2020-02-16,28.959993249177955,0.14156033,35.14206362888217,0,47,2020,2
2020-02-17,29.18999324403705,0.17109136,35.14511547982693,0,48,2020,2
2020-02-18,29.459993238002085,0.14534923,35.14358955435455,0,49,2020,2
2020-02-19,29.419993238896154,0.13084698,35.13901177793741,0,50,2020,2
2020-02-20,29.379993239790224,0.13799627,35.123752523213625,0,51,2020,2
2020-02-21,29.20999324359002,0.11764372,35.08102660998702,0,52,2020,2
2020-02-22,29.17999324426057,0.0940536,35.05813772790134,0,53,2020,2
2020-02-23,29.109993245825198,0.14002685,35.06576735526323,0,54,2020,2
2020-02-24,28.369993262365483,0.13577762,35.34348579123616,0,55,2020,2
2020-02-25,28.38999326191845,0.1618544,35.37247837521136,0,56,2020,2
2020-02-26,28.409993261471413,0.1492129,35.387737629935145,0,57,2020,2
2020-02-27,28.43999326080086,0.17118442,35.35721912048757,0,58,2020,2
2020-02-28,28.029993269965075,0.15380773,35.377056151628494,0,59,2020,2
2020-02-29,27.75999327600005,0.15381725,35.42130799032748,0,60,2020,2
2020-03-01,27.839993274211903,0.17865059,35.412152437493205,0,61,2020,3
2020-03-02,27.769993275776528,0.14742343,35.4197820648551,0,62,2020,3
2020-03-03,27.409993283823155,0.15422323,35.41825613938272,0,63,2020,3
2020-03-04,27.42999328337612,0.19713682,35.43809317052364,0,64,2020,3
2020-03-05,27.4999932818115,0.19538589,35.45793020166457,0,65,2020,3
2020-03-06,27.44999328292909,0.16442059,35.40452281013131,0,66,2020,3
2020-03-07,27.519993281364464,0.14859864,35.219885827973485,0,67,2020,3
2020-03-08,27.53999328091743,0.16865703,35.01998959109187,0,68,2020,3
2020-03-09,27.58999327979984,0.17814432,34.94064146652818,0,69,2020,3
2020-03-10,27.689993277564668,0.16379438,34.882656298577785,0,70,2020,3
2020-03-11,27.87999327331784,0.19573767,34.84908593818545,0,71,2020,3
2020-03-12,27.8999932728708,0.1820787,34.83993038535118,0,72,2020,3
2020-03-13,27.919993272423767,0.2010476,34.846034087240696,0,73,2020,3
2020-03-14,28.029993269965075,0.15508826,34.858241491019726,0,74,2020,3
2020-03-15,28.03999326974156,0.14956105,34.88113037310541,0,75,2020,3
2020-03-16,27.77999327555301,0.17245576,34.89333777688444,0,76,2020,3
2020-03-17,27.58999327979984,0.17920431,34.80483409948647,0,77,2020,3
2020-03-18,27.489993282035016,0.1904468,34.667500806972384,0,78,2020,3
2020-03-19,27.0399932920933,0.19827078,34.690389689058065,0,79,2020,3
2020-03-20,27.0399932920933,0.2262857,34.73006375133991,0,80,2020,3
2020-03-21,27.32999328561129,0.38905242,34.79262669570744,0,81,2020,3
2020-03-22,27.609993279352807,0.21398214,34.82924890704453,0,82,2020,3
2020-03-23,27.73999327644708,0.2080529,34.86281926743686,0,83,2020,3
2020-03-24,27.88999327309432,0.21485278,34.917752584442496,0,84,2020,3
2020-03-25,27.81999327465894,0.30763704,34.96505627408624,0,85,2020,3
2020-03-26,27.94999327175321,0.2576587,34.966582199558616,0,86,2020,3
2020-03-27,28.1899932663888,0.2576587,34.94674516841769,0,87,2020,3
2020-03-28,28.339993263036035,0.19124372,35.04593032412231,0,88,2020,3
2020-03-29,28.25999326482417,0.27598187,34.9604784976691,0,89,2020,3
2020-03-30,28.49999325945976,0.3578246,34.617145266383886,0,90,2020,3
2020-03-31,28.619993256777548,0.183204,33.92437510192394,0,91,2020,3
2020-04-01,28.55999325811865,0.2474359,33.970152866095304,0,92,2020,4
2020-04-02,28.359993262589,0.19286542,34.13037504069507,0,93,2020,4
2020-04-03,28.00999327041211,0.19335599,34.2646564822644,0,94,2020,4
2020-04-04,27.81999327465894,0.20881872,34.03881951235235,0,95,2020,4
2020-04-05,27.769993275776528,0.24641429,33.94268620759249,0,96,2020,4
2020-04-06,27.73999327644708,0.19460057,33.95184176042676,0,97,2020,4
2020-04-07,27.63999327868225,0.1510143,33.89996029436588,0,98,2020,4
2020-04-08,27.42999328337612,0.11471969,33.95489361137152,0,99,2020,4
2020-04-09,27.339993285387777,0.10205447,34.10748615860939,0,100,2020,4
2020-04-10,27.399993284046676,0.1518966,34.36994533985853,0,101,2020,4
2020-04-11,27.399993284046676,0.18858409,34.33332312852144,0,102,2020,4
2020-04-12,27.46999328248205,0.13455424,34.24787130206823,0,103,2020,4
2020-04-13,27.409993283823155,0.1672823,34.258552780374885,0,104,2020,4
2020-04-14,27.30999328605833,0.15677764,34.27533796057105,0,105,2020,4
2020-04-15,27.519993281364464,0.12493542,34.26160463131964,0,106,2020,4
2020-04-16,27.459993282705568,0.1409544,34.20209353789687,0,107,2020,4
2020-04-17,27.44999328292909,0.16375114,34.16699725203216,0,108,2020,4
2020-04-18,27.409993283823155,0.16102469,34.16547132655978,0,109,2020,4
2020-04-19,27.299993286281847,0.14126606,34.1425824444741,0,110,2020,4
2020-04-20,27.489993282035016,0.16170973,34.136478742584586,0,111,2020,4
2020-04-21,27.63999327868225,0.20229587,34.17767873033881,0,112,2020,4
2020-04-22,27.41999328359964,0.23699795,34.221930569037795,0,113,2020,4
2020-04-23,27.15999328941109,0.21265721,34.28754536435008,0,114,2020,4
2020-04-24,27.209993288293504,0.21355127,34.23871574923396,0,115,2020,4
2020-04-25,27.30999328605833,0.14891249,34.20056761242449,0,116,2020,4
2020-04-26,27.10999329052868,0.15407577,34.27686388604343,0,117,2020,4
2020-04-27,27.029993292316817,0.13605866,34.40046384930611,0,118,2020,4
2020-04-28,27.07999329119923,0.14268948,34.42030088044703,0,119,2020,4
2020-04-29,27.179993288964056,0.17144607,34.36994533985853,0,120,2020,4
2020-04-30,27.089993290975716,0.17596449,34.340952755883336,0,121,2020,4
2020-05-01,27.11999329030516,0.20678404,34.39741199836135,0,122,2020,5
2020-05-02,27.10999329052868,0.16737801,34.5728934276849,0,123,2020,5
2020-05-03,27.059993291646265,0.18284696,34.6522415522486,0,124,2020,5
2020-05-04,26.91999329477551,0.17424293,34.667500806972384,0,125,2020,5
2020-05-05,26.639993301034,0.1870977,34.7239600494504,0,126,2020,5
2020-05-06,26.88999329544606,0.18094456,34.655293403193355,0,127,2020,5
2020-05-07,26.91999329477551,0.18375647,34.66444895602763,0,128,2020,5
2020-05-08,27.069993291422747,0.15873367,34.73006375133991,0,129,2020,5
2020-05-09,26.989993293210887,0.1825827,34.84450816176832,0,130,2020,5
2020-05-10,26.94999329410496,0.19509387,34.91470073349774,0,131,2020,5
2020-05-11,26.76999329812827,0.16836712,34.86587111838162,0,132,2020,5
2020-05-12,26.01999331489208,0.2030759,34.84145631082356,0,133,2020,5
2020-05-13,26.119993312656906,0.14631523,34.82772298157215,0,134,2020,5
2020-05-14,26.07999331355097,0.1745957,34.836878534406424,0,135,2020,5
2020-05-15,25.819993319362425,0.19812831,34.919278509914875,0,136,2020,5
2020-05-16,25.70999332182112,0.1906844,34.97573775239289,0,137,2020,5
2020-05-17,25.56999332495036,0.18404873,35.0321969948709,0,138,2020,5
2020-05-18,25.4899933267385,0.18117484,35.064241429790854,0,139,2020,5
2020-05-19,25.429993328079604,0.24746253,35.09628586471081,0,140,2020,5
2020-05-20,25.29999333098533,0.18566391,35.11917474679649,0,141,2020,5
2020-05-21,25.39999332875016,0.13235015,35.158848809078336,0,142,2020,5
2020-05-22,25.44999332763257,0.15029606,35.19852287136018,0,143,2020,5
2020-05-23,25.499993326514986,0.18893723,35.20310064777732,0,144,2020,5
2020-05-24,25.229993332549952,0.18286413,35.20157472230494,0,145,2020,5
2020-05-25,25.15999333411457,0.17099014,35.19241916947067,0,146,2020,5
2020-05-26,25.189993333444026,0.24162377,35.183263616636395,0,147,2020,5
2020-05-27,25.10999333523216,0.2565065,35.18173769116402,0,148,2020,5
2020-05-28,25.049993336573262,0.3750027,35.2046265732497,0,149,2020,5
2020-05-29,24.959993338584923,0.21020606,35.22293767891824,0,150,2020,5
2020-05-30,24.969993338361405,0.2818719,35.23819693364203,0,151,2020,5
2020-05-31,24.94999333880844,0.17527777,35.244300635531545,0,152,2020,5
2020-06-01,24.90999333970251,0.20923916,35.25345618836582,0,153,2020,6
2020-06-02,24.929993339255475,0.18106517,35.26108581572771,0,154,2020,6
2020-06-03,24.94999333880844,0.24688709,35.27176729403436,0,155,2020,6
2020-06-04,24.929993339255475,0.20277569,35.27787099592388,0,156,2020,6
2020-06-05,25.05999333634975,0.19216873,35.28244877234101,0,157,2020,6
2020-06-06,25.0299933370203,0.21127196,35.29007839970291,0,158,2020,6
2020-06-07,25.05999333634975,0.15226837,35.30838950537145,0,159,2020,6
2020-06-08,25.229993332549952,0.19634187,35.32364876009524,0,160,2020,6
2020-06-09,25.269993331655883,0.21798344,35.32059690915048,0,161,2020,6
2020-06-10,25.24999333210292,0.21117021,35.29465617612004,0,162,2020,6
2020-06-11,25.14999333433809,0.1890867,35.26413766667247,0,163,2020,6
2020-06-12,24.919993339478992,0.19370396,35.25345618836582,0,164,2020,6
2020-06-13,24.769993342831757,0.21090975,35.22293767891824,0,165,2020,6
2020-06-14,24.709993344172855,0.20973864,35.221411753445864,0,166,2020,6
2020-06-15,24.769993342831757,0.23840022,35.22751545533538,0,167,2020,6
2020-06-16,24.899993339926027,0.26723358,35.25193026289344,0,168,2020,6
2020-06-17,24.689993344619893,0.19719681,35.25803396478295,0,169,2020,6
2020-06-18,24.589993346855067,0.22317134,35.230567306280136,0,170,2020,6
2020-06-19,24.28999335356059,0.33722892,35.18173769116402,0,171,2020,6
2020-06-20,24.32999335266652,0.32548955,35.13748585246503,0,172,2020,6
2020-06-21,24.379993351548933,0.25516656,35.111545119434595,0,173,2020,6
2020-06-22,24.43999335020783,0.21781787,35.09170808829367,0,174,2020,6
2020-06-23,24.399993351101894,0.24834302,35.076448833569884,0,175,2020,6
2020-06-24,24.589993346855067,0.3015021,35.08407846093178,0,176,2020,6
2020-06-25,24.83999334126713,0.23501907,35.10544141754508,0,177,2020,6
2020-06-26,24.899993339926027,0.19063005,35.1329080760479,0,178,2020,6
2020-06-27,25.079993335902717,0.16468282,35.16647843644023,0,179,2020,6
2020-06-28,25.019993337243815,0.19548792,35.206152498722076,0,180,2020,6
2020-06-29,25.009993337467336,0.23484154,35.20004879683256,0,181,2020,6
2020-06-30,25.05999333634975,0.1867367,35.19241916947067,0,182,2020,6
2020-07-01,24.86999334059658,0.20262127,35.1542710326612,0,183,2020,7
2020-07-02,24.32999335266652,0.21124305,35.1039154920727,0,184,2020,7
2020-07-03,24.379993351548933,0.2091663,35.1039154920727,0,185,2020,7
2020-07-04,24.32999335266652,0.30972934,35.09323401376605,0,186,2020,7
2020-07-05,24.46999334953728,0.23248309,35.07034513168037,0,187,2020,7
2020-07-06,24.419993350654863,0.23524752,35.076448833569884,0,188,2020,7
2020-07-07,24.419993350654863,0.2062165,35.07339698262513,0,189,2020,7
2020-07-08,24.149993356689837,0.19978762,35.064241429790854,0,190,2020,7
2020-07-09,24.109993357583903,0.19227146,35.05966365337372,0,191,2020,7
2020-07-10,24.119993357360386,0.3356298,35.06881920620799,0,192,2020,7
2020-07-11,24.039993359148525,0.23531872,35.07187105715275,0,193,2020,7
2020-07-12,24.00999335981908,0.24887902,35.09018216282129,0,194,2020,7
2020-07-13,23.74999336563053,0.71825635,35.10696734301746,0,195,2020,7
2020-07-14,23.51999337077143,0.43470627,35.10849326848984,0,196,2020,7
2020-07-15,23.14999337904157,0.3577589,35.08407846093178,0,197,2020,7
2020-07-16,23.35999337434771,0.25855383,35.087130311876535,0,198,2020,7
2020-07-17,23.429993372783088,0.20942196,35.10238956660032,0,199,2020,7
2020-07-18,23.449993372336053,0.2837618,35.13138215057552,0,200,2020,7
2020-07-19,23.469993371889014,0.28637958,35.16800436191261,0,201,2020,7
2020-07-20,23.429993372783088,0.2896228,35.18631546758115,0,202,2020,7
2020-07-21,23.449993372336053,0.28143618,35.18784139305353,0,203,2020,7
2020-07-22,23.619993368536257,0.28910327,35.19394509494305,0,204,2020,7
2020-07-23,23.69999336674812,0.27342904,35.206152498722076,0,205,2020,7
2020-07-24,23.679993367195152,0.31745267,35.22751545533538,0,206,2020,7
2020-07-25,23.469993371889014,0.25850645,35.2473524864763,0,207,2020,7
2020-07-26,23.109993379935645,0.41665778,35.26413766667247,0,208,2020,7
2020-07-27,22.92999338395896,0.42075992,35.29007839970291,0,209,2020,7
2020-07-28,22.73999338820579,0.42091957,35.33280431292951,0,210,2020,7
2020-07-29,22.73999338820579,0.4167782,35.363322822377086,0,211,2020,7
2020-07-30,22.77999338731172,0.27354398,35.35874504595995,0,212,2020,7
2020-07-31,22.83999338597061,0.22666095,35.377056151628494,0,213,2020,7
2020-08-01,22.91999338418248,0.18016893,35.401470959186554,0,214,2020,8
2020-08-02,23.0799933806062,0.17681913,35.40757466107607,0,215,2020,8
2020-08-03,23.08999338038268,0.16318376,35.39536725729704,0,216,2020,8
2020-08-04,23.0199933819473,0.19064566,35.36790059879422,0,217,2020,8
2020-08-05,23.039993381500267,0.21097478,35.326700611039996,0,218,2020,8
2020-08-06,23.04999338127675,0.1927657,35.28550062328577,0,219,2020,8
2020-08-07,23.09999338015916,0.19617395,35.25193026289344,0,220,2020,8
2020-08-08,22.809993386641167,0.22104448,35.206152498722076,0,221,2020,8
2020-08-09,22.92999338395896,0.19736142,35.18021176569164,0,222,2020,8
2020-08-10,23.029993381723784,0.23576613,35.18936731852591,0,223,2020,8
2020-08-11,23.2499933768064,0.20578693,35.2046265732497,0,224,2020,8
2020-08-12,23.269993376359366,0.19378874,35.20004879683256,0,225,2020,8
2020-08-13,23.09999338015916,0.3273534,35.207678424194455,0,226,2020,8
2020-08-14,22.83999338597061,0.3582008,35.207678424194455,0,227,2020,8
2020-08-15,22.83999338597061,0.33170298,35.206152498722076,0,228,2020,8
2020-08-16,22.89999338462951,0.16864812,35.207678424194455,0,229,2020,8
2020-08-17,22.96999338306489,0.22064279,35.2046265732497,0,230,2020,8
2020-08-18,22.97999338284137,0.25401214,35.2046265732497,0,231,2020,8
2020-08-19,22.97999338284137,0.25401092,35.21073027513921,0,232,2020,8
2020-08-20,22.949993383511924,0.12578394,35.219885827973485,0,233,2020,8
2020-08-21,22.96999338306489,0.12106651,35.21530805155635,0,234,2020,8
2020-08-22,22.7899933870882,0.30220896,35.207678424194455,0,235,2020,8
2020-08-23,22.98999338261785,0.21180485,35.195471020415425,0,236,2020,8
2020-08-24,22.95999338328841,0.19030677,35.17715991474688,1,237,2020,8
2020-08-25,22.849993385747094,0.2034615,35.148167330771685,0,238,2020,8
2020-08-26,22.93999338373544,0.29413664,35.111545119434595,0,239,2020,8
2020-08-27,23.45999337211253,0.1746115,35.110019193962216,0,240,2020,8
2020-08-28,23.89999336227777,0.30140066,35.10544141754508,0,241,2020,8
2020-08-29,23.84999336339536,0.25968423,35.10849326848984,0,242,2020,8
2020-08-30,23.84999336339536,0.22954687,35.11459697037935,0,243,2020,8
2020-08-31,23.799993364512943,0.17911418,35.10238956660032,0,244,2020,8
2020-09-01,23.739993365854048,0.19231482,35.10849326848984,0,245,2020,9
2020-09-02,23.69999336674812,0.18999219,35.123752523213625,0,246,2020,9
2020-09-03,23.66999336741867,0.21646774,35.134434001520276,0,247,2020,9
2020-09-04,23.62999336831274,0.21611434,35.146641405299306,0,248,2020,9
2020-09-05,23.469993371889014,0.17698169,35.160374734550714,0,249,2020,9
2020-09-06,23.499993371218466,0.17638145,35.17868584021926,0,250,2020,9
2020-09-07,23.45999337211253,0.1723018,35.19852287136018,0,251,2020,9
2020-09-08,23.43999337255957,0.25247204,35.21530805155635,0,252,2020,9
2020-09-09,23.499993371218466,0.23537192,35.206152498722076,0,253,2020,9
2020-09-10,23.50999337099495,0.21368907,35.16342658549547,0,254,2020,9
2020-09-11,23.619993368536257,0.22702992,35.15579695813358,0,255,2020,9
2020-09-12,23.729993366077565,0.33567485,35.21073027513921,0,256,2020,9
2020-09-13,23.759993365407013,0.42917556,35.23972285911441,0,257,2020,9
2020-09-14,23.799993364512943,0.39956975,35.22751545533538,0,258,2020,9
2020-09-15,23.809993364289426,1.0005944,35.26108581572771,0,259,2020,9
2020-09-16,23.82999336384239,0.4782704,35.31296728178859,0,260,2020,9
2020-09-17,23.90999336205425,0.5052709,35.34195986576378,0,261,2020,9
2020-09-18,24.00999335981908,0.30463883,35.35721912048757,0,262,2020,9
2020-09-19,24.199993355572246,0.19549699,35.38010800257325,0,263,2020,9
2020-09-20,24.21999335512521,0.21169645,35.36179689690471,0,264,2020,9
2020-09-21,24.17999335601928,0.26922283,35.34653764218092,0,265,2020,9
2020-09-22,24.279993353784107,0.26893315,35.351115418598056,0,266,2020,9
2020-09-23,24.40999335087838,0.20257172,35.36790059879422,0,267,2020,9
2020-09-24,24.17999335601928,0.18678309,35.27787099592388,0,268,2020,9
2020-09-25,24.01999335959556,0.17019932,35.280922846868634,0,269,2020,9
2020-09-26,23.91999336183073,0.19431162,35.28550062328577,0,270,2020,9
2020-09-27,23.7099933665246,0.19432513,35.2763450704515,0,271,2020,9
2020-09-28,24.659993345290445,0.19433472,35.233619157224894,0,272,2020,9
2020-09-29,24.669993345066928,0.37098348,35.206152498722076,0,273,2020,9
2020-09-30,24.74999334327879,0.6118168,35.171056212857366,0,274,2020,9
2020-10-01,24.55999334752562,0.62570417,35.12985622510314,0,275,2020,10
2020-10-02,24.55999334752562,0.7283771,35.05813772790134,0,276,2020,10
2020-10-03,24.299993353337072,0.49054357,35.00625626184046,0,277,2020,10
2020-10-04,24.32999335266652,0.48343614,34.93758961558342,0,278,2020,10
2020-10-05,23.809993364289426,0.28053555,34.846034087240696,0,279,2020,10
2020-10-06,23.659993367642187,0.7938559,34.69649339094758,0,280,2020,10
2020-10-07,23.31999337524178,0.9580319,34.58662675693631,0,281,2020,10
2020-10-08,23.189993378147506,1.3005477,34.56831565126777,0,282,2020,10
2020-10-09,23.139993379265093,1.3641368,34.61561934091151,0,283,2020,10
2020-10-10,23.08999338038268,2.3306003,34.82924890704453,0,284,2020,10
2020-10-11,23.20999337770047,2.3306031,34.87350074574351,0,285,2020,10
2020-10-12,23.529993370547917,0.19792135,34.79262669570744,0,286,2020,10
2020-10-13,24.13999335691335,0.19792135,34.83993038535118,0,287,2020,10
2020-10-14,24.079993358254452,0.16645658,34.91622665897012,0,288,2020,10
2020-10-15,24.729993343725823,0.32639655,35.12070067226887,0,289,2020,10
2020-10-16,24.86999334059658,0.2274745,35.18021176569164,0,290,2020,10
2020-10-17,24.769993342831757,0.12767278,35.21378212608397,0,291,2020,10
2020-10-18,24.71999334394934,0.20855904,35.218359902501106,0,292,2020,10
2020-10-19,24.15999335646632,0.4407727,35.22751545533538,0,293,2020,10
2020-10-20,23.69999336674812,0.40378845,35.22751545533538,0,294,2020,10
2020-10-21,23.82999336384239,0.21505542,35.22446360439062,0,295,2020,10
2020-10-22,24.309993353113555,0.23488474,35.233619157224894,0,296,2020,10
2020-10-23,24.47999334931376,0.19904931,35.22293767891824,0,297,2020,10
2020-10-24,24.699993344396376,0.25440556,35.225989529863,0,298,2020,10
2020-10-25,24.979993338137888,0.1882943,35.23972285911441,0,299,2020,10
2020-10-26,25.209993332996987,0.18243943,35.25345618836582,0,300,2020,10
2020-10-27,25.209993332996987,0.161696,35.24124878458679,0,301,2020,10
2020-10-28,25.309993330761813,0.15976161,35.19852287136018,0,302,2020,10
2020-10-29,25.209993332996987,0.1532784,35.206152498722076,0,303,2020,10
2020-10-30,25.55999332517388,0.15019943,35.21073027513921,0,304,2020,10
2020-10-31,25.60999332405629,0.18860936,35.22446360439062,0,305,2020,10
2020-11-01,25.669993322715182,0.12274913,35.25040433742106,0,306,2020,11
2020-11-02,25.739993321150564,0.13713217,35.267189517617226,0,307,2020,11
2020-11-03,25.77999332025649,0.14588404,35.29465617612004,0,308,2020,11
2020-11-04,25.789993320032977,0.18802053,35.340433940291405,0,309,2020,11
2020-11-05,25.4899933267385,0.18506317,35.30686357989907,0,310,2020,11
2020-11-06,25.359993329644222,0.20798792,35.25803396478295,0,311,2020,11
2020-11-07,25.29999333098533,0.2548697,35.254982113838196,0,312,2020,11
2020-11-08,25.14999333433809,0.27437755,35.25955989025533,0,313,2020,11
2020-11-09,26.139993312209867,0.21912397,35.26413766667247,0,314,2020,11
2020-11-10,26.239993309974693,0.16591367,35.27329321950674,0,315,2020,11
2020-11-11,26.209993310645245,0.1268804,35.33738208934665,0,316,2020,11
2020-11-12,26.14999331198635,0.1126068,35.387737629935145,0,317,2020,11
2020-11-13,25.39999332875016,0.23233342,35.41520428843796,0,318,2020,11
2020-11-14,25.479993326962017,0.3212733,35.41673021391034,0,319,2020,11
2020-11-15,25.70999332182112,0.17816418,35.41825613938272,0,320,2020,11
2020-11-16,26.049993314221524,0.13562343,35.424359841272235,0,321,2020,11
2020-11-17,26.409993306174897,0.12314015,35.38621170446277,0,322,2020,11
2020-11-18,26.529993303492688,0.12131704,35.32059690915048,0,323,2020,11
2020-11-19,26.53999330326917,0.12396699,35.314493207260966,0,324,2020,11
2020-11-20,26.60999330170455,0.13261497,35.30075987800956,0,325,2020,11
2020-11-21,26.61999330148103,0.13871795,35.305337654426694,0,326,2020,11
2020-11-22,26.719993299245857,0.14615148,35.30838950537145,0,327,2020,11
2020-11-23,26.859993296116613,0.12181399,35.32212283462286,0,328,2020,11
2020-11-24,27.049993291869782,0.12612462,35.326700611039996,0,329,2020,11
2020-11-25,26.99999329298737,0.13506907,35.32059690915048,0,330,2020,11
2020-11-26,27.42999328337612,0.12120645,35.30075987800956,0,331,2020,11
2020-11-27,27.75999327600005,0.113962255,35.256508039310575,0,332,2020,11
2020-11-28,27.719993276894115,0.10663855,35.329752461984754,0,333,2020,11
2020-11-29,27.489993282035016,0.11940152,35.351115418598056,0,334,2020,11
2020-11-30,27.84999327398839,0.09173086,35.34195986576378,0,335,2020,11
2020-12-01,27.919993272423767,0.110492535,35.3480635676533,0,336,2020,12
2020-12-02,27.609993279352807,0.11056204,35.30991543084383,0,337,2020,12
2020-12-03,27.07999329119923,0.101106286,35.35416726954281,0,338,2020,12
2020-12-04,27.089993290975716,0.09728255,35.38315985351801,0,339,2020,12
2020-12-05,27.00999329276385,0.0972825,35.387737629935145,0,340,2020,12
2020-12-06,26.749993298575305,0.22844352,35.39384133182466,0,341,2020,12
2020-12-07,26.65999330058696,0.19288063,35.3907894808799,0,342,2020,12
2020-12-08,26.869993295893096,0.1510373,35.37858207710087,0,343,2020,12
2020-12-09,26.909993294999023,0.3129871,35.06576735526323,0,344,2020,12
2020-12-10,27.029993292316817,0.56362945,34.678182285279036,0,345,2020,12
2020-12-11,27.27999328672888,0.25056085,34.82772298157215,0,346,2020,12
2020-12-12,27.30999328605833,0.3245006,34.90096740424633,0,347,2020,12
2020-12-13,27.4999932818115,0.42076683,34.847560012713075,0,348,2020,12
2020-12-14,27.50999328158798,0.49735105,34.81551557779312,0,349,2020,12
2020-12-15,27.46999328248205,1.7048213,34.82009335421026,0,350,2020,12
2020-12-16,27.439993283152603,1.2727598,34.81398965232074,0,351,2020,12
2020-12-17,27.559993280470398,0.9716981,34.73311560228467,0,352,2020,12
2020-12-18,27.439993283152603,0.6065025,34.60341193713248,0,353,2020,12
2020-12-19,27.219993288069983,0.474498,34.38825644552708,0,354,2020,12
2020-12-20,27.23999328762295,0.4742303,34.47218234650791,0,355,2020,12
2020-12-21,27.58999327979984,0.3633318,34.511856408789754,0,356,2020,12
2020-12-22,27.30999328605833,0.4777322,34.46607864461839,0,357,2020,12
2020-12-23,27.219993288069983,0.43946126,34.450819389894605,0,358,2020,12
2020-12-24,27.19999328851702,0.43946126,34.463026793673635,0,359,2020,12
2020-12-25,27.27999328672888,0.45195895,33.77178255468607,0,360,2020,12
2020-12-26,27.169993289187573,0.4422262,33.80687884055078,0,361,2020,12
2020-12-27,27.179993288964056,0.45850265,33.909115847200155,0,362,2020,12
2020-12-28,27.479993282258533,0.30833778,34.00830100290477,0,363,2020,12
2020-12-29,27.93999327197673,0.48113966,33.81908624432981,0,364,2020,12
2020-12-30,28.11999326795342,0.21476766,33.66038999520242,0,365,2020,12
2020-12-31,28.06999326907101,0.15369532,33.91827140003443,0,366,2020,12
2021-01-01,28.099993268400453,0.20015945,34.127323189750314,0,1,2021,1
2021-01-02,28.37999326214197,0.16481076,34.43250828422606,0,2,2021,1
2021-01-03,28.55999325811865,0.16712151,34.67207858338952,0,3,2021,1
2021-01-04,28.97999324873092,0.1476201,34.63393044658005,0,4,2021,1
2021-01-05,29.029993247613334,0.18597108,34.63545637205243,0,5,2021,1
2021-01-06,28.949993249401476,0.205704,34.52864158898592,0,6,2021,1
2021-01-07,28.909993250295543,0.20308,34.5011749304831,0,7,2021,1
2021-01-08,28.769993253424783,0.11537287,34.76058226078749,0,8,2021,1
2021-01-09,28.619993256777548,0.099133536,34.896389627829194,0,9,2021,1
2021-01-10,28.579993257671617,0.09070537,34.87655259668827,0,10,2021,1
2021-01-11,28.50999325923624,0.114923544,34.91622665897012,0,11,2021,1
2021-01-12,28.619993256777548,0.11577633,34.94827109389007,0,12,2021,1
2021-01-13,28.68999325521293,0.10115221,34.95132294483483,0,13,2021,1
2021-01-14,29.08999324627223,0.10226429,34.97268590144813,0,14,2021,1
2021-01-15,29.199993243813537,0.11691809,34.94827109389007,0,15,2021,1
2021-01-16,29.229993243142985,0.13173895,34.810937801375985,0,16,2021,1
2021-01-17,29.26999324224892,0.1317392,34.5301675144583,0,17,2021,1
2021-01-18,29.159993244707607,0.13199413,34.0922269038856,0,18,2021,1
2021-01-19,28.729993254318856,0.13103642,34.29670091718435,0,19,2021,1
2021-01-20,28.54999325834217,0.13107707,33.96099731326103,0,20,2021,1
2021-01-21,28.269993264600657,0.1253986,33.70006405748427,0,21,2021,1
2021-01-22,27.81999327465894,0.11811935,33.668019622564316,0,22,2021,1
2021-01-23,27.93999327197673,0.14534487,33.48643449135125,0,23,2021,1
2021-01-24,28.109993268176936,0.20339614,32.456434797495604,0,24,2021,1
2021-01-25,28.1899932663888,0.20045345,31.879634968936443,0,25,2021,1
2021-01-26,28.31999326348307,0.19875899,31.72704242169857,0,26,2021,1
2021-01-27,28.54999325834217,0.25222635,31.864375714212656,0,27,2021,1
2021-01-28,28.649993256106995,0.44531575,32.105471938848495,0,28,2021,1
2021-01-29,28.69999325498941,0.34911054,31.949827540665865,0,29,2021,1
2021-01-30,28.47999325990679,0.22735177,31.453901762142777,0,30,2021,1
2021-01-31,29.35999324023726,0.23654214,31.22196109034121,0,31,2021,1
2021-02-01,29.42999323867264,0.20131625,32.06427195109427,0,32,2021,2
2021-02-02,29.529993236437463,0.20131625,32.43964961729944,0,33,2021,2
2021-02-03,29.959993226826214,0.28658798,32.77382729575038,0,34,2021,2
2021-02-04,29.97999322637918,0.25916734,32.87911615334451,0,35,2021,2
2021-02-05,29.86999322883787,0.24359,33.03628647699952,0,36,2021,2
2021-02-06,29.58999323509636,0.18974976,33.9991454500705,0,37,2021,2
2021-02-07,29.79999323040249,0.19509672,34.871974820271134,0,38,2021,2
2021-02-08,29.699993232637667,0.1767906,35.13138215057552,0,39,2021,2
2021-02-09,29.569993235543397,0.15008159,35.18631546758115,0,40,2021,2
2021-02-10,29.339993240684294,0.20897555,35.221411753445864,0,41,2021,2
2021-02-11,29.31999324113133,0.21146284,35.20004879683256,0,42,2021,2
2021-02-12,29.159993244707607,0.16492327,35.0825525354594,0,43,2021,2
2021-02-13,28.989993248507403,0.1901663,34.67055265791714,0,44,2021,2
2021-02-14,28.909993250295543,0.19032158,33.98388619534671,0,45,2021,2
2021-02-15,28.77999325320127,0.19199444,33.81145661696792,0,46,2021,2
2021-02-16,28.619993256777548,0.1956935,33.56425669044256,0,47,2021,2
2021-02-17,28.459993260353823,0.1858542,33.98846397176385,0,48,2021,2
2021-02-18,28.449993260577344,0.3396483,34.66139710508287,0,49,2021,2
2021-02-19,28.489993259683278,0.93495226,34.87655259668827,0,50,2021,2
2021-02-20,28.49999325945976,0.9397387,34.751426707953215,0,51,2021,2
2021-02-21,27.909993272647284,0.9399099,34.36994533985853,0,52,2021,2
2021-02-22,27.65999327823522,0.8194396,34.29670091718435,0,53,2021,2
2021-02-23,27.69999327734115,1.173558,34.328745352104306,0,54,2021,2
2021-02-24,27.669993278011702,0.50396764,34.30433054454625,0,55,2021,2
2021-02-25,27.909993272647284,1.3430824,34.37299719080329,0,56,2021,2
2021-02-26,28.20999326594176,0.4196186,34.408093476668,0,57,2021,2
2021-02-27,28.1899932663888,0.25798887,34.690389689058065,0,58,2021,2
2021-02-28,28.139993267506384,0.199073,34.70717486925423,0,59,2021,2
2021-03-01,26.779993297904756,0.16602422,34.69801931641996,0,60,2021,3
2021-03-02,26.92999329455199,0.14629306,34.73464152775705,0,61,2021,3
2021-03-03,26.899993295222544,0.19779181,34.79262669570744,0,62,2021,3
2021-03-04,27.029993292316817,0.17443858,34.79262669570744,0,63,2021,3
2021-03-05,27.599993279576324,0.15665169,34.79262669570744,0,64,2021,3
2021-03-06,27.69999327734115,0.15777574,34.847560012713075,0,65,2021,3
2021-03-07,27.789993275329493,0.19146335,34.920804435387254,0,66,2021,3
2021-03-08,27.749993276223563,0.1692142,34.97115997597575,0,67,2021,3
2021-03-09,27.65999327823522,0.16317473,34.98641923069954,0,68,2021,3
2021-03-10,27.669993278011702,0.2068306,34.91470073349774,0,69,2021,3
2021-03-11,27.839993274211903,0.25370294,34.859767416492105,0,70,2021,3
2021-03-12,27.92999327220025,0.21060416,34.84908593818545,0,71,2021,3
2021-03-13,27.8999932728708,0.19735967,34.90401925519109,0,72,2021,3
2021-03-14,28.06999326907101,0.18352732,34.931485913693905,0,73,2021,3
2021-03-15,28.179993266612318,0.18155885,34.919278509914875,0,74,2021,3
2021-03-16,28.06999326907101,0.18297154,34.89944147877395,0,75,2021,3
2021-03-17,28.019993270188596,0.19586271,34.83993038535118,0,76,2021,3
2021-03-18,28.409993261471413,0.26466146,34.77126373909414,0,77,2021,3
2021-03-19,28.47999325990679,0.25057197,34.6949674654752,0,78,2021,3
2021-03-20,28.51999325901272,0.2051849,34.620197117328644,0,79,2021,3
2021-03-21,28.5899932574481,0.22163591,34.51948603615165,0,80,2021,3
2021-03-22,28.459993260353823,0.1693761,34.401989774778485,0,81,2021,3
2021-03-23,28.27999326437714,0.113538146,34.414197178557515,0,82,2021,3
2021-03-24,28.24999326504769,0.13864765,34.461500868201256,0,83,2021,3
2021-03-25,28.39999326169493,0.12073573,34.5011749304831,0,84,2021,3
2021-03-26,28.309993263706588,0.106869996,34.51948603615165,0,85,2021,3
2021-03-27,28.16999326683583,0.101513885,34.50422678142786,0,86,2021,3
2021-03-28,27.799993275105976,0.12740311,34.53779714182019,0,87,2021,3
2021-03-29,27.8999932728708,0.16073604,34.620197117328644,0,88,2021,3
2021-03-30,27.85999327376487,0.16994496,34.679708210751414,0,89,2021,3
2021-03-31,27.829993274435424,0.17183556,34.71938227303326,0,90,2021,3
2021-04-01,27.769993275776528,0.16914918,34.65834525413811,0,91,2021,4
2021-04-02,27.789993275329493,0.15680864,34.55458232201636,0,92,2021,4
2021-04-03,27.839993274211903,0.14424495,34.51948603615165,0,93,2021,4
2021-04-04,27.799993275105976,0.13625397,34.569841576740146,0,94,2021,4
2021-04-05,27.679993277788185,0.12315717,34.6522415522486,0,95,2021,4
2021-04-06,27.689993277564668,0.14109002,34.77889336645603,0,96,2021,4
2021-04-07,27.599993279576324,0.16002789,34.87807852216065,0,97,2021,4
2021-04-08,27.559993280470398,0.11793875,34.93606369011104,0,98,2021,4
2021-04-09,27.689993277564668,0.14314689,34.95742664672434,0,99,2021,4
2021-04-10,27.669993278011702,0.13327152,34.95284887030721,0,100,2021,4
2021-04-11,27.56999328024688,0.16999483,34.931485913693905,0,101,2021,4
2021-04-12,27.42999328337612,0.15615213,34.90401925519109,0,102,2021,4
2021-04-13,27.41999328359964,0.14294349,34.87807852216065,0,103,2021,4
2021-04-14,27.359993284940742,0.11309389,34.86587111838162,0,104,2021,4
2021-04-15,27.289993286505364,0.13209264,34.87350074574351,0,105,2021,4
2021-04-16,27.31999328583481,0.10308459,34.89181185141206,0,106,2021,4
2021-04-17,26.739993298798822,0.20885427,34.942167392000556,0,107,2021,4
2021-04-18,26.599993301928063,0.14550182,34.96963405050337,0,108,2021,4
2021-04-19,26.599993301928063,0.14680043,34.980315528810024,0,109,2021,4
2021-04-20,26.319993308186557,0.18372424,34.9894710816443,0,110,2021,4
2021-04-21,26.18999331109228,0.14753182,35.013885889202356,0,111,2021,4
2021-04-22,26.159993311762832,0.1410062,35.03372292034328,0,112,2021,4
2021-04-23,26.239993309974693,0.17454115,35.052034026011825,0,113,2021,4
2021-04-24,26.349993307516,0.16486077,35.0611895788461,0,114,2021,4
2021-04-25,26.30999330841007,0.16070561,35.07187105715275,0,115,2021,4
2021-04-26,26.359993307292484,0.16569115,35.087130311876535,0,116,2021,4
2021-04-27,26.38999330662193,0.30606186,35.09475993923843,0,117,2021,4
2021-04-28,26.749993298575305,0.19491124,35.10849326848984,0,118,2021,4
2021-04-29,26.869993295893096,0.18916677,35.125278448686004,0,119,2021,4
2021-04-30,26.91999329477551,0.16270544,35.14358955435455,0,120,2021,4
2021-05-01,26.739993298798822,0.1936195,35.14358955435455,0,121,2021,5
2021-05-02,26.56999330259862,0.20689711,35.15274510718882,0,122,2021,5
2021-05-03,26.409993306174897,0.1695908,35.160374734550714,0,123,2021,5
2021-05-04,26.349993307516,0.19348031,35.18021176569164,0,124,2021,5
2021-05-05,26.349993307516,0.19320442,35.21225620061159,0,125,2021,5
2021-05-06,26.059993313998007,0.20196612,35.225989529863,0,126,2021,5
2021-05-07,26.049993314221524,0.16971318,35.23819693364203,0,127,2021,5
2021-05-08,26.099993313103937,0.16233397,35.25040433742106,0,128,2021,5
2021-05-09,26.08999331332745,0.1763488,35.26108581572771,0,129,2021,5
2021-05-10,25.969993316009663,0.20569979,35.26261174120009,0,130,2021,5
2021-05-11,25.929993316903733,0.21118638,35.26413766667247,0,131,2021,5
2021-05-12,25.929993316903733,0.18731894,35.268715443089604,0,132,2021,5
2021-05-13,25.95999331623318,0.18218881,35.268715443089604,0,133,2021,5
2021-05-14,25.79999331980946,0.21863465,35.27024136856198,0,134,2021,5
2021-05-15,25.659993322938703,0.17849368,35.27176729403436,0,135,2021,5
2021-05-16,25.60999332405629,0.24755713,35.24582656100392,0,136,2021,5
2021-05-17,25.599993324279808,0.33655292,35.100863641127944,0,137,2021,5
2021-05-18,25.40999332852664,0.19407508,34.87350074574351,0,138,2021,5
2021-05-19,25.36999332942071,0.23034021,34.77889336645603,0,139,2021,5
2021-05-20,25.389993328973677,0.2503052,34.73311560228467,0,140,2021,5
2021-05-21,25.519993326067947,0.22520109,34.7956785466522,0,141,2021,5
2021-05-22,25.83999331891539,0.21538605,34.821619279682636,0,142,2021,5
2021-05-23,25.9499933164567,0.20038188,34.521011961624026,0,143,2021,5
2021-05-24,25.95999331623318,0.19111586,34.391308296471834,0,144,2021,5
2021-05-25,25.479993326962017,0.30532563,34.39741199836135,0,145,2021,5
2021-05-26,25.4899933267385,0.34873375,34.38825644552708,0,146,2021,5
2021-05-27,25.45999332740905,0.20840356,34.31196017190814,0,147,2021,5
2021-05-28,25.37999332919719,0.18411495,34.234137972816825,0,148,2021,5
2021-05-29,25.269993331655883,0.1675984,34.28449351340532,0,149,2021,5
2021-05-30,25.309993330761813,0.18393706,34.34400460682809,0,150,2021,5
2021-05-31,25.37999332919719,0.16983584,34.46760457009077,0,151,2021,5
2021-06-01,25.33999333009126,0.13925189,34.60036008618772,0,152,2021,6
2021-06-02,25.229993332549952,0.14976192,34.65834525413811,0,153,2021,6
2021-06-03,25.199993333220505,0.18540232,34.74837485700846,0,154,2021,6
2021-06-04,25.189993333444026,0.15506008,34.92690813727677,0,155,2021,6
2021-06-05,24.90999333970251,0.20903943,35.015411814674735,0,156,2021,6
2021-06-06,24.84999334104361,0.22694665,35.052034026011825,0,157,2021,6
2021-06-07,24.859993340820097,0.17922173,35.07950068451464,0,158,2021,6
2021-06-08,24.86999334059658,0.21829163,35.09475993923843,0,159,2021,6
2021-06-09,24.649993345513963,0.1945995,35.10696734301746,0,160,2021,6
2021-06-10,24.699993344396376,0.22570984,35.064241429790854,0,161,2021,6
2021-06-11,24.689993344619893,0.19496967,34.992522932589054,0,162,2021,6
2021-06-12,24.709993344172855,0.20638362,34.9818414542824,0,163,2021,6
2021-06-13,24.919993339478992,0.20458296,35.02151551656425,0,164,2021,6
2021-06-14,24.819993341714166,0.18768258,35.0611895788461,0,165,2021,6
2021-06-15,24.83999334126713,0.1978985,35.09323401376605,0,166,2021,6
2021-06-16,24.819993341714166,0.18172833,35.111545119434595,0,167,2021,6
2021-06-17,24.569993347302105,0.18767725,35.12985622510314,0,168,2021,6
2021-06-18,24.389993351325412,0.16379178,35.14206362888217,0,169,2021,6
2021-06-19,24.549993347749137,0.1796017,35.16953028738499,0,170,2021,6
2021-06-20,24.629993345961,0.13111535,35.18784139305353,0,171,2021,6
2021-06-21,24.43999335020783,0.17610554,35.195471020415425,0,172,2021,6
2021-06-22,24.089993358030934,0.17745522,35.209204349666834,0,173,2021,6
2021-06-23,24.029993359372043,0.17370504,35.221411753445864,0,174,2021,6
2021-06-24,24.029993359372043,0.18769984,35.22446360439062,0,175,2021,6
2021-06-25,23.929993361607217,0.22947016,35.22446360439062,0,176,2021,6
2021-06-26,23.86999336294832,0.2619024,35.232093231752515,0,177,2021,6
2021-06-27,23.799993364512943,0.21600507,35.230567306280136,0,178,2021,6
2021-06-28,23.59999336898329,0.3460792,35.244300635531545,0,179,2021,6
2021-06-29,23.159993378818054,0.19510265,35.27329321950674,0,180,2021,6
2021-06-30,23.069993380829715,1.7501765,35.244300635531545,0,181,2021,6
2021-07-01,22.97999338284137,1.6074952,35.24582656100392,0,182,2021,7
2021-07-02,22.52999339289965,1.3619488,35.22904138080776,0,183,2021,7
2021-07-03,22.35999339669945,8.664219,35.22904138080776,0,184,2021,7
2021-07-04,22.3899933960289,6.5135703,35.24582656100392,0,185,2021,7
2021-07-05,22.419993395358347,1.3779432,35.27787099592388,0,186,2021,7
2021-07-06,22.62999339066448,0.88352054,35.33585616387427,0,187,2021,7
2021-07-07,23.00999338217082,0.6755481,35.35416726954281,0,188,2021,7
2021-07-08,23.029993381723784,0.23098089,35.36790059879422,0,189,2021,7
2021-07-09,23.069993380829715,0.27751547,35.37247837521136,0,190,2021,7
2021-07-10,23.27999337613585,0.2121648,35.36179689690471,0,191,2021,7
2021-07-11,23.51999337077143,0.19819644,35.33127838745713,0,192,2021,7
2021-07-12,23.489993371441983,0.22589646,35.110019193962216,0,193,2021,7
2021-07-13,23.469993371889014,0.22043313,34.8170415032655,0,194,2021,7
2021-07-14,23.97999336048963,0.22043313,34.77736744098365,0,195,2021,7
2021-07-15,24.13999335691335,0.2386954,34.52864158898592,0,196,2021,7
2021-07-16,24.119993357360386,0.19852194,34.22498241998255,0,197,2021,7
2021-07-17,23.999993360042595,0.19561137,34.29822684265673,0,198,2021,7
2021-07-18,23.91999336183073,0.17013136,34.36994533985853,0,199,2021,7
2021-07-19,23.91999336183073,0.20300598,34.45539716631174,0,200,2021,7
2021-07-20,23.769993365183492,0.31134513,34.511856408789754,0,201,2021,7
2021-07-21,23.43999337255957,0.21635339,34.56526380032301,0,202,2021,7
2021-07-22,23.35999337434771,0.300697,34.56526380032301,0,203,2021,7
2021-07-23,23.269993376359366,0.22219582,34.716330422088504,0,204,2021,7
2021-07-24,23.199993377923988,0.22529587,34.751426707953215,0,205,2021,7
2021-07-25,23.23999337702992,0.21172684,34.78499706834555,0,206,2021,7
2021-07-26,23.529993370547917,0.18613715,34.871974820271134,0,207,2021,7
2021-07-27,23.679993367195152,0.2012301,35.07187105715275,0,208,2021,7
2021-07-28,23.7099933665246,0.16844718,35.20310064777732,0,209,2021,7
2021-07-29,23.569993369653844,0.18923725,35.25803396478295,0,210,2021,7
2021-07-30,23.269993376359366,0.212638,35.3190709836781,0,211,2021,7
2021-07-31,23.159993378818054,0.21528344,35.225989529863,0,212,2021,7
2021-08-01,23.20999337770047,0.22118999,34.812463726848364,0,213,2021,8
2021-08-02,23.2499933768064,0.2280973,34.84298223629594,0,214,2021,8
2021-08-03,23.339993374794744,0.23002885,34.95132294483483,0,215,2021,8
2021-08-04,23.449993372336053,0.19284905,35.05813772790134,0,216,2021,8
2021-08-05,23.569993369653844,0.1961067,35.16953028738499,0,217,2021,8
2021-08-06,23.779993364959974,0.1403376,35.13901177793741,0,218,2021,8
2021-08-07,23.739993365854048,0.22281466,35.134434001520276,0,219,2021,8
2021-08-08,23.59999336898329,0.17238288,35.171056212857366,0,220,2021,8
2021-08-09,23.4799933716655,0.23107661,35.184789542108774,0,221,2021,8
2021-08-10,23.349993374571227,0.23107661,35.195471020415425,0,222,2021,8
2021-08-11,23.349993374571227,0.2235681,35.230567306280136,0,223,2021,8
2021-08-12,23.419993373006605,0.2969765,35.25193026289344,0,224,2021,8
2021-08-13,23.40999337323012,0.2933091,35.2473524864763,0,225,2021,8
2021-08-14,23.29999337568881,0.18529022,35.27176729403436,0,226,2021,8
2021-08-15,23.29999337568881,0.17251173,35.279396921396255,0,227,2021,8
2021-08-16,23.31999337524178,0.26376748,35.28244877234101,0,228,2021,8
2021-08-17,23.159993378818054,0.27718738,35.291604325175285,0,229,2021,8
2021-08-18,22.73999338820579,0.27371567,35.293130250647664,0,230,2021,8
2021-08-19,22.70999338887634,0.36504775,35.27481914497912,0,231,2021,8
2021-08-20,22.729993388429307,0.5328303,35.25955989025533,0,232,2021,8
2021-08-21,23.159993378818054,0.41791666,35.254982113838196,0,233,2021,8
2021-08-22,23.16999337859454,0.2453437,35.26108581572771,0,234,2021,8
2021-08-23,23.309993375465297,0.2115917,35.27787099592388,0,235,2021,8
2021-08-24,23.309993375465297,0.21814328,35.28702654875815,0,236,2021,8
2021-08-25,23.039993381500267,0.3673119,35.28550062328577,0,237,2021,8
2021-08-26,22.849993385747094,0.3913714,35.28397469781339,0,238,2021,8
2021-08-27,22.83999338597061,0.46354654,35.28244877234101,0,239,2021,8
2021-08-28,22.85999338552358,0.4448213,35.27176729403436,0,240,2021,8
2021-08-29,22.799993386864685,0.3703869,35.34195986576378,0,241,2021,8
2021-08-30,22.77999338731172,0.34402394,35.39689318276942,0,242,2021,8
2021-08-31,22.73999338820579,0.539084,35.3984191082418,0,243,2021,8
2021-09-01,22.77999338731172,0.37354904,35.38621170446277,0,244,2021,9
2021-09-02,22.83999338597061,0.518297,35.37858207710087,0,245,2021,9
2021-09-03,23.0799933806062,0.36523438,35.37400430068374,0,246,2021,9
2021-09-04,23.58999336920681,0.35944217,35.36027097143233,0,247,2021,9
2021-09-05,23.759993365407013,0.2803789,35.34653764218092,0,248,2021,9
2021-09-06,23.66999336741867,0.21479532,35.33585616387427,0,249,2021,9
2021-09-07,23.35999337434771,0.22302774,35.31144135631621,0,250,2021,9
2021-09-08,23.31999337524178,0.20841663,35.305337654426694,0,251,2021,9
2021-09-09,23.59999336898329,0.15336777,35.317545058205724,0,252,2021,9
2021-09-10,23.78999336473646,0.13262163,35.34195986576378,0,253,2021,9
2021-09-11,23.839993363618877,0.13114025,35.364848747849464,0,254,2021,9
2021-09-12,23.85999336317184,0.1975527,35.38468577899039,0,255,2021,9
2021-09-13,23.259993376582884,0.1761227,35.38468577899039,0,256,2021,9
2021-09-14,23.429993372783088,0.2016734,35.375530226156116,0,257,2021,9
2021-09-15,23.69999336674812,0.41203946,35.35874504595995,0,258,2021,9
2021-09-16,24.01999335959556,0.38922253,35.35416726954281,0,259,2021,9
2021-09-17,24.24999335445466,0.42921758,35.36179689690471,0,260,2021,9
2021-09-18,23.71999336630108,0.19255152,35.38315985351801,0,261,2021,9
2021-09-19,23.639993368089225,0.17506678,35.38621170446277,0,262,2021,9
2021-09-20,23.659993367642187,0.23215494,35.38315985351801,0,263,2021,9
2021-09-21,23.729993366077565,0.20694555,35.38468577899039,0,264,2021,9
2021-09-22,23.7099933665246,0.17592844,35.338908014819026,0,265,2021,9
2021-09-23,23.71999336630108,0.1527018,35.29923395253718,0,266,2021,9
2021-09-24,23.739993365854048,0.18418495,35.23972285911441,0,267,2021,9
2021-09-25,23.81999336406591,0.17057323,35.22751545533538,0,268,2021,9
2021-09-26,23.91999336183073,0.17469302,35.22904138080776,0,269,2021,9
2021-09-27,24.01999335959556,0.19523443,35.26108581572771,0,270,2021,9
2021-09-28,24.01999335959556,0.2064095,35.317545058205724,0,271,2021,9
2021-09-29,24.069993358477973,0.17320322,35.34653764218092,0,272,2021,9
2021-09-30,23.60999336875977,0.26596895,35.29465617612004,0,273,2021,9
2021-10-01,23.62999336831274,0.18347517,35.28550062328577,0,274,2021,10
2021-10-02,23.619993368536257,0.75811523,35.316019132733345,0,275,2021,10
2021-10-03,23.7099933665246,0.75811523,35.34348579123616,0,276,2021,10
2021-10-04,23.889993362501286,0.71501803,35.280922846868634,0,277,2021,10
2021-10-05,23.929993361607217,0.23179476,35.16647843644023,0,278,2021,10
2021-10-06,23.989993360266112,0.23099744,35.22293767891824,0,279,2021,10
2021-10-07,23.839993363618877,0.22601166,35.25345618836582,0,280,2021,10
2021-10-08,23.59999336898329,0.21766603,35.27024136856198,0,281,2021,10
2021-10-09,23.54999337010088,0.2974028,35.29007839970291,0,282,2021,10
2021-10-10,23.569993369653844,0.27768505,35.316019132733345,0,283,2021,10
2021-10-11,23.81999336406591,0.21916404,35.314493207260966,0,284,2021,10
2021-10-12,24.359993351995968,0.27551615,35.30075987800956,0,285,2021,10
2021-10-13,24.31999335289004,0.2105478,35.303811728954315,0,286,2021,10
2021-10-14,24.339993352443003,0.35466763,35.314493207260966,0,287,2021,10
2021-10-15,23.90999336205425,0.3755896,35.316019132733345,0,288,2021,10
2021-10-16,23.799993364512943,0.81445307,35.21683397702873,0,289,2021,10
2021-10-17,23.74999336563053,0.884946,35.12070067226887,0,290,2021,10
2021-10-18,23.81999336406591,0.8851901,35.207678424194455,0,291,2021,10
2021-10-19,23.69999336674812,0.3632557,35.20004879683256,0,292,2021,10
2021-10-20,23.569993369653844,0.36326548,35.19241916947067,0,293,2021,10
2021-10-21,23.579993369430326,0.26905772,35.19394509494305,0,294,2021,10
2021-10-22,23.23999337702992,0.33053467,35.18936731852591,0,295,2021,10
2021-10-23,23.50999337099495,0.29700032,35.1329080760479,0,296,2021,10
2021-10-24,23.489993371441983,0.3202082,35.110019193962216,0,297,2021,10
2021-10-25,24.089993358030934,0.33015567,35.11764882132411,0,298,2021,10
2021-10-26,23.90999336205425,0.48275807,35.15732288360596,0,299,2021,10
2021-10-27,24.01999335959556,0.33331895,35.195471020415425,0,300,2021,10
2021-10-28,24.269993354007624,0.30074278,35.225989529863,0,301,2021,10
2021-10-29,24.649993345513963,0.19320615,35.233619157224894,0,302,2021,10
2021-10-30,24.699993344396376,0.182522,35.225989529863,0,303,2021,10
2021-10-31,24.919993339478992,0.4055371,35.22446360439062,0,304,2021,10
2021-11-01,24.689993344619893,0.52795655,35.23514508269727,0,305,2021,11
2021-11-02,24.669993345066928,0.8509591,35.25193026289344,0,306,2021,11
2021-11-03,24.59999334663155,0.17163919,35.25955989025533,0,307,2021,11
2021-11-04,24.77999334260824,0.1453587,35.267189517617226,0,308,2021,11
2021-11-05,24.83999334126713,0.21659273,35.26566359214485,0,309,2021,11
2021-11-06,24.959993338584923,0.15942594,35.27329321950674,0,310,2021,11
2021-11-07,25.55999332517388,0.23765059,35.29465617612004,0,311,2021,11
2021-11-08,25.4899933267385,0.2744969,35.30991543084383,0,312,2021,11
2021-11-09,25.46999332718553,0.2082337,35.30838950537145,0,313,2021,11
2021-11-10,25.359993329644222,0.1881136,35.28855247423053,0,314,2021,11
2021-11-11,25.479993326962017,0.19893368,35.27787099592388,0,315,2021,11
2021-11-12,25.509993326291465,0.17542496,35.016937740147114,0,316,2021,11
2021-11-13,25.55999332517388,0.1472911,34.78499706834555,0,317,2021,11
2021-11-14,26.139993312209867,0.16704667,34.59120453335345,0,318,2021,11
2021-11-15,26.1799933113158,0.17473401,34.58967860788107,0,319,2021,11
2021-11-16,26.07999331355097,0.13648742,34.751426707953215,0,320,2021,11
2021-11-17,25.979993315786142,0.13042359,34.86587111838162,0,321,2021,11
2021-11-18,25.83999331891539,0.17483105,34.90554518066347,0,322,2021,11
2021-11-19,25.98999331556263,0.17483105,34.859767416492105,0,323,2021,11
2021-11-20,26.099993313103937,0.140782,34.79110077023506,0,324,2021,11
2021-11-21,25.98999331556263,0.11977316,34.835352608934045,0,325,2021,11
2021-11-22,26.009993315115597,0.11839794,34.8384044598788,0,326,2021,11
2021-11-23,25.64999332316222,0.11474701,34.846034087240696,0,327,2021,11
2021-11-24,25.33999333009126,0.12801102,35.039826622232795,0,328,2021,11
2021-11-25,25.499993326514986,0.07022559,35.14511547982693,0,329,2021,11
2021-11-26,25.4899933267385,0.11574319,35.1542710326612,0,330,2021,11
2021-11-27,25.429993328079604,0.15356639,35.14206362888217,0,331,2021,11
2021-11-28,25.17999333366754,0.13337204,35.160374734550714,0,332,2021,11
2021-11-29,25.239993332326435,0.12307336,35.18021176569164,0,333,2021,11
2021-11-30,25.72999332137408,0.113046944,35.18173769116402,0,334,2021,11
2021-12-01,26.049993314221524,0.10391331,35.19089324399829,0,335,2021,12
2021-12-02,26.26999330930414,0.09011761,35.21225620061159,0,336,2021,12
2021-12-03,26.319993308186557,0.12434732,35.195471020415425,0,337,2021,12
2021-12-04,26.629993301257517,0.116892464,35.16647843644023,0,338,2021,12
2021-12-05,26.789993297681235,0.15769868,35.16800436191261,0,339,2021,12
2021-12-06,26.91999329477551,0.116150886,35.17715991474688,0,340,2021,12
2021-12-07,26.979993293434404,0.11477171,35.172582138329744,0,341,2021,12
2021-12-08,27.53999328091743,0.17367654,35.196996945887804,0,342,2021,12
2021-12-09,27.519993281364464,0.1662171,35.233619157224894,0,343,2021,12
2021-12-10,27.54999328069391,0.16224983,35.23972285911441,0,344,2021,12
2021-12-11,27.409993283823155,0.21950817,35.23972285911441,0,345,2021,12
2021-12-12,27.46999328248205,0.25952426,35.22904138080776,0,346,2021,12
2021-12-13,27.479993282258533,0.22397071,35.183263616636395,0,347,2021,12
2021-12-14,27.839993274211903,0.20546247,35.14358955435455,0,348,2021,12
2021-12-15,28.03999326974156,0.11647102,35.15579695813358,0,349,2021,12
2021-12-16,28.019993270188596,0.123870954,35.184789542108774,0,350,2021,12
2021-12-17,27.94999327175321,0.09901426,35.062715504318476,0,351,2021,12
2021-12-18,27.829993274435424,0.12783499,35.171056212857366,0,352,2021,12
2021-12-19,27.69999327734115,0.11514448,35.18936731852591,0,353,2021,12
2021-12-20,27.30999328605833,0.13254803,35.09781179018319,0,354,2021,12
2021-12-21,27.10999329052868,0.15702721,34.64613785035908,0,355,2021,12
2021-12-22,27.01999329254033,0.08494775,33.475753013044596,0,356,2021,12
2021-12-23,26.989993293210887,0.09362908,33.6115603800863,0,357,2021,12
2021-12-24,26.99999329298737,0.10816545,33.5398418828845,0,358,2021,12
2021-12-25,27.129993290081643,0.10179222,33.72600479051471,0,359,2021,12
2021-12-26,27.169993289187573,0.09868749,33.57036039233208,0,360,2021,12
2021-12-27,27.27999328672888,0.10305533,32.67769399099052,0,361,2021,12
2021-12-28,27.379993284493708,0.13328509,32.540360698476434,0,362,2021,12
2021-12-29,26.989993293210887,0.13371092,32.43964961729944,0,363,2021,12
2021-12-30,26.87999329566958,0.19743064,32.54341254942119,0,364,2021,12
2021-12-31,27.61999327912929,0.24787208,32.32825705781579,0,365,2021,12
2022-01-01,28.019993270188596,0.19783138,32.1985533926636,0,1,2022,1
2022-01-02,28.08999326862397,0.18921565,32.36487926915288,0,2,2022,1
2022-01-03,27.94999327175321,0.1492462,32.61665697209537,0,3,2022,1
2022-01-04,28.74999325387182,0.17712332,32.71431620232761,0,4,2022,1
2022-01-05,28.74999325387182,0.17065986,33.09884942136705,0,5,2022,1
2022-01-06,28.759993253648304,0.23186558,33.07748646475375,0,6,2022,1
2022-01-07,28.49999325945976,0.29152507,32.41065703332424,0,7,2022,1
2022-01-08,28.38999326191845,0.30441943,31.937620136886835,0,8,2022,1
2022-01-09,28.38999326191845,0.28490996,32.1695608086884,0,9,2022,1
2022-01-10,28.339993263036035,0.39351577,32.395397778600454,0,10,2022,1
2022-01-11,28.31999326348307,0.4705422,32.21076079644263,0,11,2022,1
2022-01-12,28.289993264153622,0.32372892,31.757560931146145,0,12,2022,1
2022-01-13,28.149993267282863,0.6518215,31.30588699132204,0,13,2022,1
2022-01-14,28.31999326348307,0.12966874,31.41270177438855,0,14,2022,1
2022-01-15,28.529993258789204,0.10778547,32.47627182863653,0,15,2022,1
2022-01-16,28.639993256330516,0.104122095,33.68480480276048,0,16,2022,1
2022-01-17,28.459993260353823,0.102559105,34.113589860498905,0,17,2022,1
2022-01-18,28.329993263259556,0.081155546,34.235663898289204,0,18,2022,1
2022-01-19,28.289993264153622,0.0994395,34.25550092943013,0,19,2022,1
2022-01-20,28.06999326907101,0.10290511,34.56526380032301,0,20,2022,1
2022-01-21,27.92999327220025,0.105244614,34.762108186259866,0,21,2022,1
2022-01-22,27.989993270859145,0.083048776,34.871974820271134,0,22,2022,1
2022-01-23,27.8999932728708,0.07962897,34.942167392000556,0,23,2022,1
2022-01-24,27.839993274211903,0.098322846,34.96200442314148,0,24,2022,1
2022-01-25,27.75999327600005,0.12864068,34.884182224050164,0,25,2022,1
2022-01-26,27.77999327555301,0.12899555,34.75295263342559,0,26,2022,1
2022-01-27,28.099993268400453,0.16787566,34.559160098433495,0,27,2022,1
2022-01-28,28.289993264153622,0.13164489,34.29059721529484,0,28,2022,1
2022-01-29,28.31999326348307,0.1428221,34.14410836994648,0,29,2022,1
2022-01-30,28.42999326102438,0.123904295,34.424878656864166,0,30,2022,1
2022-01-31,28.16999326683583,0.10460378,34.72243412397802,0,31,2022,1
2022-02-01,28.109993268176936,0.11077865,34.810937801375985,0,32,2022,2
2022-02-02,28.1299932677299,0.118597284,34.86892296932638,0,33,2022,2
2022-02-03,28.38999326191845,0.14545213,34.84145631082356,0,34,2022,2
2022-02-04,28.579993257671617,0.18542275,34.728537825867534,0,35,2022,2
2022-02-05,28.37999326214197,0.119630374,34.76058226078749,0,36,2022,2
2022-02-06,28.23999326527121,0.09419503,34.84450816176832,0,37,2022,2
2022-02-07,27.8999932728708,0.12945953,34.9101229570806,0,38,2022,2
2022-02-08,27.88999327309432,0.16104499,34.9391155410558,0,39,2022,2
2022-02-09,28.00999327041211,0.19792393,34.93758961558342,0,40,2022,2
2022-02-10,28.099993268400453,0.14196755,34.96200442314148,0,41,2022,2
2022-02-11,28.06999326907101,0.13362561,35.03067106939852,0,42,2022,2
2022-02-12,28.029993269965075,0.14483136,35.062715504318476,0,43,2022,2
2022-02-13,27.92999327220025,0.13309269,35.1039154920727,0,44,2022,2
2022-02-14,27.8999932728708,0.14127715,35.148167330771685,0,45,2022,2
2022-02-15,27.93999327197673,0.10062299,35.16190066002309,0,46,2022,2
2022-02-16,28.219993265718244,0.12557545,35.17868584021926,0,47,2022,2
2022-02-17,28.20999326594176,0.12544785,35.195471020415425,0,48,2022,2
2022-02-18,28.269993264600657,0.14893189,35.23819693364203,0,49,2022,2
2022-02-19,28.25999326482417,0.12256629,35.26566359214485,0,50,2022,2
2022-02-20,28.55999325811865,0.16930315,35.29007839970291,0,51,2022,2
2022-02-21,28.579993257671617,0.08688648,35.28550062328577,0,52,2022,2
2022-02-22,28.529993258789204,0.11433596,35.21225620061159,0,53,2022,2
2022-02-23,28.27999326437714,0.112190396,35.003204410895705,0,54,2022,2
2022-02-24,28.42999326102438,0.15589008,34.8384044598788,0,55,2022,2
2022-02-25,28.43999326080086,0.1702048,34.75295263342559,0,56,2022,2
2022-02-26,28.77999325320127,0.16052069,34.68733783811331,0,57,2022,2
2022-02-27,28.65999325588348,0.12364228,34.64766377583146,0,58,2022,2
2022-02-28,28.37999326214197,0.13407038,34.61409341543913,0,59,2022,2
2022-03-01,28.309993263706588,0.12902868,34.61256748996675,0,60,2022,3
2022-03-02,28.23999326527121,0.17520514,34.64613785035908,0,61,2022,3
2022-03-03,28.19999326616528,0.1550076,34.69801931641996,0,62,2022,3
2022-03-04,28.25999326482417,0.14168262,34.74837485700846,0,63,2022,3
2022-03-05,28.27999326437714,0.14329427,34.667500806972384,0,64,2022,3
2022-03-06,28.309993263706588,0.12643784,34.61409341543913,0,65,2022,3
2022-03-07,28.459993260353823,0.14084332,34.52864158898592,0,66,2022,3
2022-03-08,28.47999325990679,0.14779718,34.45997494272888,0,67,2022,3
2022-03-09,28.449993260577344,0.13645412,34.50727863237262,0,68,2022,3
2022-03-10,28.43999326080086,0.13111708,34.78957484476268,0,69,2022,3
2022-03-11,28.25999326482417,0.106931455,35.05661180242896,0,70,2022,3
2022-03-12,28.299993263930105,0.13126245,35.219885827973485,0,71,2022,3
2022-03-13,28.299993263930105,0.15284756,35.20157472230494,0,72,2022,3
2022-03-14,28.619993256777548,0.18178976,34.86587111838162,0,73,2022,3
2022-03-15,28.78999325297775,0.25854158,34.65834525413811,0,74,2022,3
2022-03-16,28.929993249848508,0.2585369,34.6949674654752,0,75,2022,3
2022-03-17,28.08999326862397,0.2603179,34.92233036085963,0,76,2022,3
2022-03-18,28.03999326974156,0.2272927,35.10544141754508,0,77,2022,3
2022-03-19,27.96999327130618,0.2272337,35.16342658549547,0,78,2022,3
2022-03-20,27.959993271529697,0.16983123,35.1329080760479,0,79,2022,3
2022-03-21,27.409993283823155,0.15999451,35.10544141754508,0,80,2022,3
2022-03-22,27.44999328292909,0.21887964,35.125278448686004,0,81,2022,3
2022-03-23,27.529993281140943,0.21335426,35.16495251096785,0,82,2022,3
2022-03-24,27.50999328158798,0.21037179,35.18631546758115,0,83,2022,3
2022-03-25,27.63999327868225,0.18259907,35.19394509494305,0,84,2022,3
2022-03-26,27.32999328561129,0.18259907,35.13901177793741,0,85,2022,3
2022-03-27,27.30999328605833,0.19566578,35.123752523213625,0,86,2022,3
2022-03-28,27.18999328874054,0.21862757,35.14969325624406,0,87,2022,3
2022-03-29,27.179993288964056,0.20764843,35.158848809078336,0,88,2022,3
2022-03-30,27.059993291646265,0.20651849,35.18173769116402,0,89,2022,3
2022-03-31,27.289993286505364,0.17787439,35.184789542108774,0,90,2022,3
2022-04-01,27.299993286281847,0.20772874,35.196996945887804,0,91,2022,4
2022-04-02,27.50999328158798,0.20601879,35.207678424194455,0,92,2022,4
2022-04-03,27.53999328091743,0.26107815,35.221411753445864,0,93,2022,4
2022-04-04,27.459993282705568,0.25140074,35.09628586471081,0,94,2022,4
2022-04-05,27.38999328427019,0.27049273,34.907071106135845,0,95,2022,4
2022-04-06,27.069993291422747,0.24953645,34.85213778913021,0,96,2022,4
2022-04-07,27.00999329276385,0.28416225,34.77126373909414,0,97,2022,4
2022-04-08,26.99999329298737,0.28411946,34.6446119248867,0,98,2022,4
2022-04-09,26.899993295222544,0.68015957,34.26160463131964,0,99,2022,4
2022-04-10,26.95999329388144,0.30181322,33.35825675167143,0,100,2022,4
2022-04-11,27.599993279576324,0.24998234,33.19193087518215,0,101,2022,4
2022-04-12,27.46999328248205,0.26848063,32.89590133354068,0,102,2022,4
2022-04-13,27.459993282705568,0.18190387,32.874538376927376,0,103,2022,4
2022-04-14,27.30999328605833,0.13155153,32.911160588264465,0,104,2022,4
2022-04-15,27.23999328762295,0.2039072,32.972197607159615,0,105,2022,4
2022-04-16,27.099993290752195,0.19806354,33.17972347140312,0,106,2022,4
2022-04-17,27.0399932920933,0.19806354,33.921323250979185,0,107,2022,4
2022-04-18,26.909993294999023,0.15846018,34.1425824444741,0,108,2022,4
2022-04-19,26.96999329365792,0.15827525,34.2432935256511,0,109,2022,4
2022-04-20,27.00999329276385,0.15628253,34.44471568800509,0,110,2022,4
2022-04-21,26.979993293434404,0.16371128,34.65681932866573,0,111,2022,4
2022-04-22,26.92999329455199,0.15477285,34.77126373909414,0,112,2022,4
2022-04-23,27.129993290081643,0.14512901,34.67207858338952,0,113,2022,4
2022-04-24,27.11999329030516,0.14555345,34.328745352104306,0,114,2022,4
2022-04-25,27.179993288964056,0.20776781,34.20514538884163,0,115,2022,4
2022-04-26,26.869993295893096,0.20098743,34.35621201060712,0,116,2022,4
2022-04-27,26.759993298351787,0.14522484,34.53932306729257,0,117,2022,4
2022-04-28,26.479993304610275,0.12743658,34.58967860788107,0,118,2022,4
2022-04-29,26.509993303939723,0.17195247,34.58967860788107,0,119,2022,4
2022-04-30,26.449993305280827,0.15383165,34.47218234650791,0,120,2022,4
2022-05-01,26.45999330505731,0.1384436,34.319589799270034,0,121,2022,5
2022-05-02,26.39999330639841,0.15829256,34.36841941438615,0,122,2022,5
2022-05-03,26.479993304610275,0.15107062,34.401989774778485,0,123,2022,5
2022-05-04,26.45999330505731,0.1570413,34.35621201060712,0,124,2022,5
2022-05-05,26.429993305727866,0.18765958,34.3363749794662,0,125,2022,5
2022-05-06,26.429993305727866,0.1683299,34.38520459458232,0,126,2022,5
2022-05-07,26.359993307292484,0.1811187,34.401989774778485,0,127,2022,5
2022-05-08,26.32999330796304,0.21816468,34.36994533985853,0,128,2022,5
2022-05-09,26.22999331019821,0.11119356,34.38367866910994,0,129,2022,5
2022-05-10,26.279993309080623,0.1548715,34.408093476668,0,130,2022,5
2022-05-11,26.1799933113158,0.16163144,34.475234197452664,0,131,2022,5
2022-05-12,26.289993308857103,0.14364995,34.49354530312121,0,132,2022,5
2022-05-13,26.18999331109228,0.18585134,34.510330483317375,0,133,2022,5
2022-05-14,26.08999331332745,0.13960353,34.52558973804116,0,134,2022,5
2022-05-15,26.06999331377449,0.14797196,34.54084899276495,0,135,2022,5
2022-05-16,26.139993312209867,0.18112725,34.57899712957442,0,136,2022,5
2022-05-17,25.699993322044637,0.13492173,34.65681932866573,0,137,2022,5
2022-05-18,25.629993323609256,0.20316577,34.68581191264093,0,138,2022,5
2022-05-19,25.44999332763257,0.23241842,34.67207858338952,0,139,2022,5
2022-05-20,25.809993319585946,0.21193413,34.64766377583146,0,140,2022,5
2022-05-21,25.819993319362425,0.26044163,34.44318976253271,0,141,2022,5
2022-05-22,25.859993318468355,0.26044163,34.028138034045696,0,142,2022,5
2022-05-23,25.739993321150564,0.1764124,34.18378243222833,0,143,2022,5
2022-05-24,25.52999332584443,0.19888084,34.46455271914601,0,144,2022,5
2022-05-25,25.319993330538296,0.18352506,34.632404521107674,0,145,2022,5
2022-05-26,25.46999332718553,0.27655432,34.70564894378185,0,146,2022,5
2022-05-27,25.359993329644222,0.15710603,34.76821188814938,0,147,2022,5
2022-05-28,25.599993324279808,0.21815242,34.7956785466522,0,148,2022,5
2022-05-29,25.4899933267385,0.20958033,34.77126373909414,0,149,2022,5
2022-05-30,25.319993330538296,0.18286328,34.691915614530444,0,150,2022,5
2022-05-31,25.13999333456161,0.18537031,34.64613785035908,0,151,2022,5
2022-06-01,24.959993338584923,0.19167131,34.64613785035908,0,152,2022,6
2022-06-02,25.14999333433809,0.21885744,34.653767477720976,0,153,2022,6
2022-06-03,25.169993333891057,0.20547248,34.65681932866573,0,154,2022,6
2022-06-04,25.039993336796783,0.20916045,34.67207858338952,0,155,2022,6
2022-06-05,25.06999333612623,0.16758408,34.690389689058065,0,156,2022,6
2022-06-06,24.83999334126713,0.16441162,34.713278571143746,0,157,2022,6
2022-06-07,24.78999334238472,0.1436871,34.73311560228467,0,158,2022,6
2022-06-08,24.75999334305527,0.17057897,34.749900782480836,0,159,2022,6
2022-06-09,24.74999334327879,0.17335808,34.77126373909414,0,160,2022,6
2022-06-10,24.659993345290445,0.1577179,34.81398965232074,0,161,2022,6
2022-06-11,24.28999335356059,0.20257592,34.859767416492105,0,162,2022,6
2022-06-12,24.44999334998431,0.22453175,34.90554518066347,0,163,2022,6
2022-06-13,24.419993350654863,0.19796522,34.917752584442496,0,164,2022,6
2022-06-14,24.43999335020783,0.25827727,34.91164888255298,0,165,2022,6
2022-06-15,24.31999335289004,0.24179976,34.89028592593968,0,166,2022,6
2022-06-16,24.279993353784107,0.24015465,34.894863702356815,0,167,2022,6
2022-06-17,24.32999335266652,0.24692507,34.91164888255298,0,168,2022,6
2022-06-18,24.379993351548933,0.23007084,34.92385628633201,0,169,2022,6
2022-06-19,24.349993352219485,0.31380838,34.919278509914875,0,170,2022,6
2022-06-20,24.739993343502302,0.20519997,34.917752584442496,0,171,2022,6
2022-06-21,25.17999333366754,0.14307715,34.919278509914875,0,172,2022,6
2022-06-22,24.699993344396376,0.1811995,34.920804435387254,0,173,2022,6
2022-06-23,24.589993346855067,0.18649541,34.91317480802536,0,174,2022,6
2022-06-24,24.239993354678177,0.5849275,34.91164888255298,0,175,2022,6
2022-06-25,24.20999335534873,0.37760672,34.9101229570806,0,176,2022,6
2022-06-26,24.079993358254452,0.40077356,34.92690813727677,0,177,2022,6
2022-06-27,23.89999336227777,0.3403825,34.94979701936245,0,178,2022,6
2022-06-28,23.949993361160185,0.3494083,34.97421182692051,0,179,2022,6
2022-06-29,24.049993358925008,0.3193722,34.98336737975478,0,180,2022,6
2022-06-30,24.039993359148525,0.3002701,34.98489330522716,0,181,2022,6
2022-07-01,23.989993360266112,0.23772474,34.97726367786527,0,182,2022,7
2022-07-02,23.89999336227777,0.21717726,34.94979701936245,0,183,2022,7
2022-07-03,23.949993361160185,0.28239846,34.90554518066347,0,184,2022,7
2022-07-04,23.949993361160185,0.27688313,34.89028592593968,0,185,2022,7
2022-07-05,24.00999335981908,0.22282939,34.89791555330157,0,186,2022,7
2022-07-06,23.889993362501286,0.17390624,34.94521924294531,0,187,2022,7
2022-07-07,23.85999336317184,0.270377,34.98794515617192,0,188,2022,7
2022-07-08,23.779993364959974,0.21633513,35.02456736750901,0,189,2022,7
2022-07-09,23.7099933665246,0.3415323,35.029145143926144,0,190,2022,7
2022-07-10,23.7099933665246,0.2946106,35.0321969948709,0,191,2022,7
2022-07-11,23.649993367865704,1.1687255,35.03372292034328,0,192,2022,7
2022-07-12,23.679993367195152,0.77818686,35.0321969948709,0,193,2022,7
2022-07-13,23.62999336831274,0.46184877,35.04440439864993,0,194,2022,7
2022-07-14,23.62999336831274,0.40717018,35.04593032412231,0,195,2022,7
2022-07-15,23.59999336898329,0.2568243,35.064241429790854,0,196,2022,7
2022-07-16,23.619993368536257,0.24184856,35.09781179018319,0,197,2022,7
2022-07-17,23.51999337077143,0.17252141,35.125278448686004,0,198,2022,7
2022-07-18,23.4799933716655,0.21854258,35.1542710326612,0,199,2022,7
2022-07-19,23.449993372336053,0.24272752,35.16495251096785,0,200,2022,7
2022-07-20,23.429993372783088,0.29608077,35.16800436191261,0,201,2022,7
2022-07-21,23.469993371889014,0.2699904,35.16495251096785,0,202,2022,7
2022-07-22,23.45999337211253,0.20821095,35.16190066002309,0,203,2022,7
2022-07-23,23.369993374124192,0.2578114,35.16342658549547,0,204,2022,7
2022-07-24,23.04999338127675,0.2807702,35.15121918171644,0,205,2022,7
2022-07-25,23.029993381723784,0.20702632,35.18021176569164,0,206,2022,7
2022-07-26,22.949993383511924,0.23438165,35.209204349666834,0,207,2022,7
2022-07-27,22.89999338462951,0.20916893,35.218359902501106,0,208,2022,7
2022-07-28,22.83999338597061,0.1513236,35.21683397702873,0,209,2022,7
2022-07-29,22.98999338261785,0.16471532,35.218359902501106,0,210,2022,7
2022-07-30,23.039993381500267,0.21173908,35.221411753445864,0,211,2022,7
2022-07-31,23.039993381500267,0.23869218,35.218359902501106,0,212,2022,7
2022-08-01,23.0799933806062,0.20802405,35.21683397702873,0,213,2022,8
2022-08-02,23.12999337948861,0.18983278,35.221411753445864,0,214,2022,8
2022-08-03,23.69999336674812,0.20927425,35.219885827973485,0,215,2022,8
2022-08-04,23.86999336294832,0.1865835,35.22293767891824,0,216,2022,8
2022-08-05,23.839993363618877,0.2274615,35.219885827973485,0,217,2022,8
2022-08-06,23.82999336384239,0.19945322,35.21683397702873,0,218,2022,8
2022-08-07,23.59999336898329,0.26123667,35.21225620061159,0,219,2022,8
2022-08-08,23.55999336987736,0.29513237,35.2046265732497,0,220,2022,8
2022-08-09,23.579993369430326,0.19238564,35.183263616636395,0,221,2022,8
2022-08-10,23.58999336920681,0.17483945,35.158848809078336,0,222,2022,8
2022-08-11,23.529993370547917,0.19372386,35.14053770340979,0,223,2022,8
2022-08-12,23.40999337323012,0.3427204,35.12070067226887,0,224,2022,8
2022-08-13,23.27999337613585,0.71157914,35.113071044906974,0,225,2022,8
2022-08-14,23.2499933768064,0.25385386,35.11764882132411,0,226,2022,8
2022-08-15,23.219993377476957,0.25723448,35.11764882132411,0,227,2022,8
2022-08-16,23.219993377476957,0.38041973,35.12833029963076,0,228,2022,8
2022-08-17,23.189993378147506,0.21459126,35.12985622510314,0,229,2022,8
2022-08-18,23.059993381053232,2.7578752,35.14206362888217,0,230,2022,8
2022-08-19,23.08999338038268,1.1702591,35.15579695813358,0,231,2022,8
2022-08-20,23.23999337702992,0.4265087,35.18784139305353,0,232,2022,8
2022-08-21,23.2499933768064,0.30517095,35.209204349666834,0,233,2022,8
2022-08-22,23.469993371889014,0.3254932,35.22446360439062,0,234,2022,8
2022-08-23,23.4799933716655,0.3652876,35.233619157224894,0,235,2022,8
2022-08-24,23.469993371889014,0.26994723,35.23972285911441,0,236,2022,8
2022-08-25,23.2499933768064,0.33938864,35.24582656100392,0,237,2022,8
2022-08-26,23.199993377923988,0.27450746,35.254982113838196,0,238,2022,8
2022-08-27,23.199993377923988,0.23344237,35.26108581572771,0,239,2022,8
2022-08-28,23.569993369653844,0.26432568,35.15579695813358,0,240,2022,8
2022-08-29,23.62999336831274,0.3084029,34.990997007116675,0,241,2022,8
2022-08-30,23.679993367195152,0.23410273,35.02151551656425,0,242,2022,8
2022-08-31,23.489993371441983,0.21072681,35.064241429790854,0,243,2022,8
2022-09-01,23.50999337099495,0.22284223,35.1039154920727,0,244,2022,9
2022-09-02,23.43999337255957,0.34917635,35.125278448686004,0,245,2022,9
2022-09-03,23.40999337323012,0.3308938,35.12985622510314,0,246,2022,9
2022-09-04,23.349993374571227,0.25259954,35.13748585246503,0,247,2022,9
2022-09-05,23.469993371889014,0.20139632,35.14511547982693,0,248,2022,9
2022-09-06,23.489993371441983,0.6479885,35.158848809078336,0,249,2022,9
2022-09-07,23.40999337323012,0.42687228,35.16800436191261,0,250,2022,9
2022-09-08,23.489993371441983,0.23034911,35.18173769116402,0,251,2022,9
2022-09-09,23.689993366971635,0.19780137,35.196996945887804,0,252,2022,9
2022-09-10,23.78999336473646,0.1495175,35.209204349666834,0,253,2022,9
2022-09-11,23.809993364289426,0.23066711,35.209204349666834,0,254,2022,9
2022-09-12,23.779993364959974,0.18054226,35.20310064777732,0,255,2022,9
2022-09-13,23.5399933703244,0.15733337,35.20310064777732,0,256,2022,9
2022-09-14,23.29999337568881,0.22935282,35.21530805155635,0,257,2022,9
2022-09-15,23.469993371889014,0.20055996,35.232093231752515,0,258,2022,9
2022-09-16,23.499993371218466,0.17572077,35.244300635531545,0,259,2022,9
2022-09-17,23.469993371889014,0.23838039,35.22751545533538,0,260,2022,9
2022-09-18,23.529993370547917,0.597316,35.19852287136018,0,261,2022,9
2022-09-19,23.679993367195152,1.1202638,35.125278448686004,0,262,2022,9
2022-09-20,23.89999336227777,1.6451501,35.00015255995095,0,263,2022,9
2022-09-21,23.90999336205425,0.87117606,34.97268590144813,0,264,2022,9
2022-09-22,23.739993365854048,1.0414604,34.90096740424633,0,265,2022,9
2022-09-23,23.739993365854048,1.3554001,34.82619705609977,0,266,2022,9
2022-09-24,23.7099933665246,1.2140241,34.667500806972384,0,267,2022,9
2022-09-25,23.879993362724804,0.29467654,34.305856470018625,0,268,2022,9
2022-09-26,24.259993354231145,0.61166644,34.403515700250864,0,269,2022,9
2022-09-27,24.619993346184515,0.7500002,34.403515700250864,0,270,2022,9
2022-09-28,24.999993337690853,0.21710809,34.19141205959022,0,271,2022,9
2022-09-29,24.859993340820097,0.26746503,34.03576766140759,0,272,2022,9
2022-09-30,24.889993340149545,0.19727123,33.886226965114474,0,273,2022,9
2022-10-01,25.009993337467336,0.34592587,33.98388619534671,0,274,2022,10
2022-10-02,25.189993333444026,0.20808205,34.00067137554288,0,275,2022,10
2022-10-03,25.13999333456161,0.21451704,33.86638993397355,0,276,2022,10
2022-10-04,24.879993340373066,0.24048121,33.65276036784053,0,277,2022,10
2022-10-05,24.809993341937684,0.19791676,33.751945523545146,0,278,2022,10
2022-10-06,25.15999333411457,0.2700833,33.80840476602316,0,279,2022,10
2022-10-07,25.309993330761813,0.5563243,33.78246403299272,0,280,2022,10
2022-10-08,25.60999332405629,0.2137619,33.92437510192394,0,281,2022,10
2022-10-09,25.36999332942071,0.18198259,34.005249151960015,0,282,2022,10
2022-10-10,25.4899933267385,0.18830985,34.06018246896565,0,283,2022,10
2022-10-11,25.55999332517388,0.22529694,34.2860194388777,0,284,2022,10
2022-10-12,25.46999332718553,0.22002986,34.427930507808924,0,285,2022,10
2022-10-13,25.499993326514986,0.16314466,34.42335273139179,0,286,2022,10
2022-10-14,25.37999332919719,0.16314466,34.438611986115575,0,287,2022,10
2022-10-15,25.629993323609256,0.15686072,34.424878656864166,0,288,2022,10
2022-10-16,25.77999332025649,0.13118984,34.4798119738698,0,289,2022,10
2022-10-17,25.829993319138907,0.11374037,34.55458232201636,0,290,2022,10
2022-10-18,25.77999332025649,0.15848063,34.63545637205243,0,291,2022,10
2022-10-19,25.809993319585946,0.13899808,34.72243412397802,0,292,2022,10
2022-10-20,25.739993321150564,0.1362747,34.80178224854171,0,293,2022,10
2022-10-21,26.289993308857103,0.11959608,34.85671556554735,0,294,2022,10
2022-10-22,26.38999330662193,0.15735492,34.871974820271134,0,295,2022,10
2022-10-23,26.48999330438676,0.1570984,34.867397043854,0,296,2022,10
2022-10-24,26.18999331109228,0.12964255,34.80636002495885,0,297,2022,10
2022-10-25,26.22999331019821,0.1749804,34.665974881500006,0,298,2022,10
2022-10-26,26.239993309974693,0.1749804,34.59120453335345,0,299,2022,10
2022-10-27,26.1799933113158,0.15033083,34.60036008618772,0,300,2022,10
2022-10-28,26.119993312656906,0.15017007,34.630878595635295,0,301,2022,10
2022-10-29,26.049993314221524,0.13310987,34.95132294483483,0,302,2022,10
2022-10-30,25.9499933164567,0.14571209,35.04593032412231,0,303,2022,10
2022-10-31,25.929993316903733,0.15394075,35.050508100539446,0,304,2022,10
2022-11-01,25.659993322938703,0.1551597,35.12070067226887,0,305,2022,11
2022-11-02,25.619993323832773,0.16867632,35.18631546758115,0,306,2022,11
2022-11-03,25.849993318691872,0.16571532,35.18631546758115,0,307,2022,11
2022-11-04,25.969993316009663,0.15683024,35.184789542108774,0,308,2022,11
2022-11-05,26.009993315115597,0.16021241,35.16495251096785,0,309,2022,11
2022-11-06,26.01999331489208,0.17031159,35.07034513168037,0,310,2022,11
2022-11-07,26.01999331489208,0.2260077,35.00167848542333,0,311,2022,11
2022-11-08,26.02999331466856,0.34266895,34.968108125030994,0,312,2022,11
2022-11-09,26.129993312433385,0.3530742,34.919278509914875,0,313,2022,11
2022-11-10,26.29999330863359,0.28428087,34.882656298577785,0,314,2022,11
2022-11-11,26.53999330326917,0.2771847,35.00625626184046,0,315,2022,11
2022-11-12,26.56999330259862,0.23959851,35.064241429790854,0,316,2022,11
2022-11-13,26.529993303492688,0.40382355,34.943693317472935,0,317,2022,11
2022-11-14,26.29999330863359,0.27128354,34.55305639654398,0,318,2022,11
2022-11-15,26.059993313998007,0.1853393,35.039826622232795,0,319,2022,11
2022-11-16,26.009993315115597,0.24140699,34.93758961558342,0,320,2022,11
2022-11-17,26.199993310868763,0.16609186,34.92843406274915,0,321,2022,11
2022-11-18,26.289993308857103,0.19833872,34.89944147877395,0,322,2022,11
2022-11-19,26.319993308186557,0.2145073,34.980315528810024,0,323,2022,11
2022-11-20,26.10999331288042,0.21450667,35.03372292034328,0,324,2022,11
2022-11-21,25.619993323832773,0.32884035,34.91470073349774,0,325,2022,11
2022-11-22,25.589993324503325,0.37314716,34.9101229570806,0,326,2022,11
2022-11-23,25.539993325620912,0.35504732,34.93758961558342,0,327,2022,11
2022-11-24,25.809993319585946,0.53436756,34.968108125030994,0,328,2022,11
2022-11-25,25.899993317574285,0.23576765,35.0535599514842,0,329,2022,11
2022-11-26,26.07999331355097,0.2297467,35.0825525354594,0,330,2022,11
2022-11-27,26.02999331466856,0.22979459,35.04135254770517,0,331,2022,11
2022-11-28,26.06999331377449,0.6754014,34.48438975028694,0,332,2022,11
2022-11-29,25.939993316680216,0.6881654,34.85061186365783,0,333,2022,11
2022-11-30,26.02999331466856,0.35543454,34.93758961558342,0,334,2022,11
2022-12-01,26.479993304610275,0.1672867,34.96505627408624,0,335,2022,12
2022-12-02,26.70999329946937,0.16715609,35.04287847317755,0,336,2022,12
2022-12-03,26.899993295222544,0.18937269,35.04440439864993,0,337,2022,12
2022-12-04,26.829993296787165,0.12872821,35.004730336368084,0,338,2022,12
2022-12-05,26.939993294328477,0.14099406,35.003204410895705,0,339,2022,12
2022-12-06,27.38999328427019,0.14307675,35.00015255995095,0,340,2022,12
2022-12-07,27.529993281140943,0.19102922,35.10696734301746,0,341,2022,12
2022-12-08,27.58999327979984,0.11521108,35.1756339892745,0,342,2022,12
2022-12-09,27.62999327890577,0.12369821,35.195471020415425,0,343,2022,12
2022-12-10,27.749993276223563,0.12734483,35.195471020415425,0,344,2022,12
2022-12-11,27.7299932766706,0.12471857,35.19089324399829,0,345,2022,12
2022-12-12,27.839993274211903,0.099797055,35.19089324399829,0,346,2022,12
2022-12-13,28.00999327041211,0.10402575,35.195471020415425,0,347,2022,12
2022-12-14,28.5899932574481,0.0887078,35.20310064777732,0,348,2022,12
2022-12-15,28.70999325476589,0.10550028,35.21683397702873,0,349,2022,12
2022-12-16,28.679993255436443,0.1062363,35.21378212608397,0,350,2022,12
2022-12-17,28.70999325476589,0.10101864,35.21073027513921,0,351,2022,12
2022-12-18,28.50999325923624,0.1010086,35.113071044906974,0,352,2022,12
2022-12-19,28.38999326191845,0.10396652,35.122226597741246,0,353,2022,12
2022-12-20,28.329993263259556,0.089888446,35.07187105715275,0,354,2022,12
2022-12-21,27.65999327823522,0.08634664,35.050508100539446,0,355,2022,12
2022-12-22,27.46999328248205,0.11076942,35.11612289585173,0,356,2022,12
2022-12-23,27.46999328248205,0.109655894,35.172582138329744,0,357,2022,12
2022-12-24,27.439993283152603,0.13885957,35.18631546758115,0,358,2022,12
2022-12-25,27.42999328337612,0.1449447,35.13901177793741,0,359,2022,12
2022-12-26,27.73999327644708,0.11913659,35.05661180242896,0,360,2022,12
2022-12-27,27.93999327197673,0.16556413,34.96200442314148,0,361,2022,12
2022-12-28,27.909993272647284,0.1431978,34.92538221180439,0,362,2022,12
2022-12-29,27.62999327890577,0.13106936,34.90249332971871,0,363,2022,12
2022-12-30,27.599993279576324,0.14419146,34.870448894798756,0,364,2022,12
2022-12-31,27.53999328091743,0.1125949,34.894863702356815,0,365,2022,12
2023-01-01,27.559993280470398,0.12654196,34.89944147877395,0,1,2023,1
2023-01-02,27.81999327465894,0.12877718,34.823145205155015,0,2,2023,1
2023-01-03,28.23999326527121,0.18234606,34.74837485700846,0,3,2023,1
2023-01-04,28.43999326080086,0.15521532,34.7239600494504,0,4,2023,1
2023-01-05,28.489993259683278,0.11111608,34.737693378701806,0,5,2023,1
2023-01-06,28.229993265494727,0.12650281,34.702597092837095,0,6,2023,1
2023-01-07,28.179993266612318,0.12396793,34.606463788077235,0,7,2023,1
2023-01-08,27.75999327600005,0.15778346,34.774315590038896,0,8,2023,1
2023-01-09,27.65999327823522,0.15778346,34.82772298157215,0,9,2023,1
2023-01-10,27.439993283152603,0.1343934,34.884182224050164,0,10,2023,1
2023-01-11,27.409993283823155,0.12804776,34.94827109389007,0,11,2023,1
2023-01-12,27.519993281364464,0.103666924,34.97421182692051,0,12,2023,1
2023-01-13,28.00999327041211,0.15974344,34.94521924294531,0,13,2023,1
2023-01-14,28.139993267506384,0.15045066,34.8384044598788,0,14,2023,1
2023-01-15,28.20999326594176,0.1557757,34.51490825973451,0,15,2023,1
2023-01-16,28.16999326683583,0.17401277,34.31196017190814,0,16,2023,1
2023-01-17,28.43999326080086,0.17381799,34.340952755883336,0,17,2023,1
2023-01-18,28.489993259683278,0.2215347,34.39588607288897,0,18,2023,1
2023-01-19,28.56999325789513,0.15998358,34.45387124083936,0,19,2023,1
2023-01-20,28.729993254318856,0.16978426,34.49049345217645,0,20,2023,1
2023-01-21,28.729993254318856,0.2067072,34.54237491823733,0,21,2023,1
2023-01-22,28.729993254318856,0.18949197,34.61104156449437,0,22,2023,1
2023-01-23,28.68999325521293,0.11726932,34.71022672019899,0,23,2023,1
2023-01-24,28.65999325588348,0.107779734,34.79415262117982,0,24,2023,1
2023-01-25,28.609993257001065,0.12089232,34.82619705609977,0,25,2023,1
2023-01-26,28.409993261471413,0.14794548,34.836878534406424,0,26,2023,1
2023-01-27,28.359993262589,0.14951856,34.87655259668827,0,27,2023,1
2023-01-28,28.25999326482417,0.124258086,34.92538221180439,0,28,2023,1
2023-01-29,28.329993263259556,0.10789538,34.96353034861386,0,29,2023,1
2023-01-30,28.55999325811865,0.09666756,35.016937740147114,0,30,2023,1
2023-01-31,28.70999325476589,0.14440951,34.99404885806143,0,31,2023,1
2023-02-01,28.74999325387182,0.11273856,34.91622665897012,0,32,2023,2
2023-02-02,28.70999325476589,0.14538456,34.917752584442496,0,33,2023,2
2023-02-03,28.619993256777548,0.14932257,34.978789603337646,0,34,2023,2
2023-02-04,28.68999325521293,0.12316605,35.03067106939852,0,35,2023,2
2023-02-05,28.42999326102438,0.11529828,35.00625626184046,0,36,2023,2
2023-02-06,28.419993261247896,0.11531754,34.85671556554735,0,37,2023,2
2023-02-07,28.489993259683278,0.10760531,34.766685962677,0,38,2023,2
2023-02-08,28.39999326169493,0.121403515,34.83993038535118,0,39,2023,2
2023-02-09,28.419993261247896,0.11955495,34.867397043854,0,40,2023,2
2023-02-10,28.03999326974156,0.11001912,34.86281926743686,0,41,2023,2
2023-02-11,27.999993270635628,0.12232403,34.714804496616125,0,42,2023,2
2023-02-12,27.749993276223563,0.13280578,34.774315590038896,0,43,2023,2
2023-02-13,28.019993270188596,0.12706408,34.77736744098365,0,44,2023,2
2023-02-14,28.11999326795342,0.12724252,34.71022672019899,0,45,2023,2
2023-02-15,28.329993263259556,0.13139607,34.59883416071534,0,46,2023,2
2023-02-16,28.31999326348307,0.13946399,34.32264165021479,0,47,2023,2
2023-02-17,28.27999326437714,0.19126368,33.884701039642096,0,48,2023,2
2023-02-18,28.24999326504769,0.1354604,33.26975307427347,0,49,2023,2
2023-02-19,28.1899932663888,0.105856106,32.9874568618834,0,50,2023,2
2023-02-20,28.289993264153622,0.09922797,33.30179750919342,0,51,2023,2
2023-02-21,28.27999326437714,0.15610944,33.535264106467366,0,52,2023,2
2023-02-22,28.229993265494727,0.1586647,33.584093721583486,0,53,2023,2
2023-02-23,27.979993271082662,0.14328949,33.39030118659139,0,54,2023,2
2023-02-24,27.8999932728708,0.1433012,33.68938257917762,0,55,2023,2
2023-02-25,27.88999327309432,0.14329357,33.246864192187786,0,56,2023,2
2023-02-26,27.87999327331784,0.14360793,33.07596053928137,0,57,2023,2
2023-02-27,27.94999327175321,0.12345336,32.68532361835241,0,58,2023,2
2023-02-28,27.979993271082662,0.14296095,31.049531511962414,0,59,2023,2
2023-03-01,27.559993280470398,0.1414617,30.552079807966948,0,60,2023,3
2023-03-02,27.41999328359964,0.14161721,30.422376142814755,0,61,2023,3
2023-03-03,27.22999328784647,0.14106628,30.365916900336742,0,62,2023,3
2023-03-04,27.049993291869782,0.14532778,31.06631669215858,0,63,2023,3
2023-03-05,27.15999328941109,0.16384482,31.81249424815178,0,64,2023,3
2023-03-06,27.179993288964056,0.14855763,32.236701529473066,0,65,2023,3
2023-03-07,27.089993290975716,0.13864478,32.53425699658692,0,66,2023,3
2023-03-08,26.88999329544606,0.12713893,32.61970882304013,0,67,2023,3
2023-03-09,26.87999329566958,0.11805531,32.30536817573011,0,68,2023,3
2023-03-10,26.869993295893096,0.14454082,32.047486770898104,0,69,2023,3
2023-03-11,27.129993290081643,0.11505984,32.33893853612244,0,70,2023,3
2023-03-12,27.289993286505364,0.12166407,32.575456984341145,0,71,2023,3
2023-03-13,27.41999328359964,0.12068101,32.94167909771204,0,72,2023,3
2023-03-14,27.439993283152603,0.15031824,33.11868645250797,0,73,2023,3
2023-03-15,27.519993281364464,0.12103744,33.20719012990594,0,74,2023,3
2023-03-16,27.529993281140943,0.13038203,33.632923336699605,0,75,2023,3
2023-03-17,27.559993280470398,0.1707924,33.69090850465,0,76,2023,3
2023-03-18,27.56999328024688,0.14516301,33.54594558477402,0,77,2023,3
2023-03-19,27.719993276894115,0.16352247,33.4681233856827,0,78,2023,3
2023-03-20,27.57999328002336,0.15882175,33.57799001969397,0,79,2023,3
2023-03-21,27.61999327912929,0.17168216,33.89996029436588,0,80,2023,3
2023-03-22,27.57999328002336,0.23945616,34.2143009416759,0,81,2023,3
2023-03-23,27.559993280470398,0.2023163,34.46913049556315,0,82,2023,3
2023-03-24,27.299993286281847,0.21165557,34.725485974922776,0,83,2023,3
2023-03-25,27.179993288964056,0.12543592,34.871974820271134,0,84,2023,3
2023-03-26,27.099993290752195,0.2028562,34.86587111838162,0,85,2023,3
2023-03-27,26.68999329991641,0.2028562,34.763634111732244,0,86,2023,3
2023-03-28,26.18999331109228,0.22256653,35.06729328073561,0,87,2023,3
2023-03-29,26.139993312209867,0.18607382,35.08560438640416,0,88,2023,3
2023-03-30,26.159993311762832,0.21939227,35.01235996372998,0,89,2023,3
2023-03-31,26.29999330863359,0.22428025,34.93606369011104,0,90,2023,3
2023-04-01,26.439993305504345,0.20763603,34.89333777688444,0,91,2023,4
2023-04-02,26.429993305727866,0.21460594,34.79262669570744,0,92,2023,4
2023-04-03,26.29999330863359,0.19806036,34.76973781362176,0,93,2023,4
2023-04-04,26.129993312433385,0.12098955,34.6736045088619,0,94,2023,4
2023-04-05,26.14999331198635,0.1896347,34.728537825867534,0,95,2023,4
2023-04-06,26.22999331019821,0.2051503,34.86281926743686,0,96,2023,4
2023-04-07,26.219993310421728,0.20523225,34.91164888255298,0,97,2023,4
2023-04-08,26.219993310421728,0.15353793,34.894863702356815,0,98,2023,4
2023-04-09,26.169993311539315,0.16535287,34.80636002495885,0,99,2023,4
2023-04-10,26.199993310868763,0.19092137,34.58510083146393,0,100,2023,4
2023-04-11,26.349993307516,0.123699345,34.46913049556315,0,101,2023,4
2023-04-12,26.38999330662193,0.1937186,34.69649339094758,0,102,2023,4
2023-04-13,26.369993307068967,0.22435245,34.739219304174185,0,103,2023,4
2023-04-14,26.289993308857103,0.23484057,34.73311560228467,0,104,2023,4
2023-04-15,26.32999330796304,0.17997125,34.74837485700846,0,105,2023,4
2023-04-16,26.01999331489208,0.24018951,34.882656298577785,0,106,2023,4
2023-04-17,25.98999331556263,0.19197434,34.94674516841769,0,107,2023,4
2023-04-18,26.02999331466856,0.24841495,34.980315528810024,0,108,2023,4
2023-04-19,26.099993313103937,0.17552173,34.978789603337646,0,109,2023,4
2023-04-20,26.159993311762832,0.17333773,34.954374795779586,0,110,2023,4
2023-04-21,26.289993308857103,0.22722384,34.82924890704453,0,111,2023,4
2023-04-22,26.26999330930414,0.120992444,34.69954524189234,0,112,2023,4
2023-04-23,26.359993307292484,0.19736937,34.66139710508287,0,113,2023,4
2023-04-24,26.33999330773952,0.21078452,34.67207858338952,0,114,2023,4
2023-04-25,26.37999330684545,0.16057687,34.68428598716855,0,115,2023,4
2023-04-26,26.369993307068967,0.1632319,34.70107116736472,0,116,2023,4
2023-04-27,26.349993307516,0.14792728,34.74074522964656,0,117,2023,4
2023-04-28,26.349993307516,0.26169288,34.786522993817925,0,118,2023,4
2023-04-29,26.349993307516,0.17990269,34.85213778913021,0,119,2023,4
2023-04-30,26.45999330505731,0.16861707,34.91164888255298,0,120,2023,4
2023-05-01,26.349993307516,0.17099169,34.95284887030721,0,121,2023,5
2023-05-02,26.369993307068967,0.16722219,34.97115997597575,0,122,2023,5
2023-05-03,26.38999330662193,0.14334984,34.98641923069954,0,123,2023,5
2023-05-04,26.39999330639841,0.22923563,34.99710070900619,0,124,2023,5
2023-05-05,26.429993305727866,0.2641686,34.99710070900619,0,125,2023,5
2023-05-06,26.64999330081048,0.21827734,34.943693317472935,0,126,2023,5
2023-05-07,26.8099932972342,0.15956144,34.81856742873788,0,127,2023,5
2023-05-08,26.789993297681235,0.14280663,34.62630081921816,0,128,2023,5
2023-05-09,26.599993301928063,0.14831266,34.43403420969844,0,129,2023,5
2023-05-10,26.37999330684545,0.18742669,34.41114532761276,0,130,2023,5
2023-05-11,26.32999330796304,0.17750768,34.38367866910994,0,131,2023,5
2023-05-12,26.529993303492688,0.1420344,34.37299719080329,0,132,2023,5
2023-05-13,26.789993297681235,0.10359568,34.293649066239595,0,133,2023,5
2023-05-14,26.84999329634013,0.13886541,34.281441662460566,0,134,2023,5
2023-05-15,26.829993296787165,0.22147408,34.33332312852144,0,135,2023,5
2023-05-16,26.8099932972342,0.18038315,34.50270085595548,0,136,2023,5
2023-05-17,26.749993298575305,0.16111292,34.57594527862966,0,137,2023,5
2023-05-18,26.599993301928063,0.20264071,34.618671191856265,0,138,2023,5
2023-05-19,26.549993303045653,0.17688362,34.56373787485063,0,139,2023,5
2023-05-20,26.509993303939723,0.1704514,34.653767477720976,0,140,2023,5
2023-05-21,26.37999330684545,0.1477013,34.76516003720462,0,141,2023,5
2023-05-22,26.32999330796304,0.112261936,34.786522993817925,0,142,2023,5
2023-05-23,25.929993316903733,0.24097362,34.89181185141206,0,143,2023,5
2023-05-24,25.68999332226815,0.22020662,34.89944147877395,0,144,2023,5
2023-05-25,25.55999332517388,0.2572953,34.847560012713075,0,145,2023,5
2023-05-26,25.45999332740905,0.35560417,34.812463726848364,0,146,2023,5
2023-05-27,25.349993329867743,0.225829,34.87502667121589,0,147,2023,5
2023-05-28,25.269993331655883,0.31434467,34.88723407499492,0,148,2023,5
2023-05-29,25.309993330761813,0.24013379,34.31043424643576,0,149,2023,5
2023-05-30,25.509993326291465,0.39108446,33.5688344668597,0,150,2023,5
2023-05-31,25.72999332137408,0.19108593,33.84197512641549,0,151,2023,5
2023-06-01,25.809993319585946,0.19441143,33.95489361137152,0,152,2023,6
2023-06-02,25.79999331980946,0.19205517,33.96099731326103,0,153,2023,6
2023-06-03,25.749993320927047,0.16489847,34.03424173593521,0,154,2023,6
2023-06-04,25.46999332718553,0.21611269,34.20056761242449,0,155,2023,6
2023-06-05,25.389993328973677,0.9454756,34.38825644552708,0,156,2023,6
2023-06-06,25.329993330314775,0.4767681,34.463026793673635,0,157,2023,6
2023-06-07,25.44999332763257,2.2969747,33.99609359912574,0,158,2023,6
2023-06-08,25.329993330314775,1.9377503,33.62681963481009,0,159,2023,6
2023-06-09,25.129993334785127,1.2711287,33.76873070374131,0,160,2023,6
2023-06-10,25.17999333366754,0.99653774,33.96252323873341,0,161,2023,6
2023-06-11,25.049993336573262,0.19441698,33.87554548680782,0,162,2023,6
2023-06-12,25.06999333612623,0.20308177,33.6832788772881,0,163,2023,6
2023-06-13,24.94999333880844,0.20348492,33.86944178491831,0,164,2023,6
2023-06-14,24.84999334104361,0.18629235,33.91369362361729,0,165,2023,6
2023-06-15,24.769993342831757,0.20294051,34.199041686952114,0,166,2023,6
2023-06-16,24.67999334484341,0.33243412,34.29822684265673,0,167,2023,6
2023-06-17,24.689993344619893,0.19509685,34.485915675759315,0,168,2023,6
2023-06-18,24.729993343725823,0.1956948,34.47828604839742,0,169,2023,6
2023-06-19,24.549993347749137,0.19527094,34.50575270690024,0,170,2023,6
2023-06-20,24.43999335020783,0.28586534,34.533219365403056,0,171,2023,6
2023-06-21,24.339993352443003,0.24967733,34.62172304280102,0,172,2023,6
2023-06-22,24.359993351995968,0.22324051,34.69801931641996,0,173,2023,6
2023-06-23,24.389993351325412,0.22155504,34.86129334196448,0,174,2023,6
2023-06-24,24.149993356689837,0.1868951,34.91470073349774,0,175,2023,6
2023-06-25,24.189993355795764,0.18900876,34.907071106135845,0,176,2023,6
2023-06-26,24.05999335870149,0.1830495,34.90554518066347,0,177,2023,6
2023-06-27,23.97999336048963,0.19404745,34.91164888255298,0,178,2023,6
2023-06-28,24.029993359372043,0.19804104,34.94064146652818,0,179,2023,6
2023-06-29,23.989993360266112,0.21475826,34.95132294483483,0,180,2023,6
2023-06-30,24.049993358925008,0.46614888,34.9604784976691,0,181,2023,6
2023-07-01,24.00999335981908,0.25793284,35.013885889202356,0,182,2023,7
2023-07-02,24.1699933562428,0.20359498,35.05966365337372,1,183,2023,7
2023-07-03,24.21999335512521,0.17174664,35.08560438640416,0,184,2023,7
2023-07-04,24.28999335356059,0.1823244,35.088656237348914,0,185,2023,7
2023-07-05,24.269993354007624,0.18052118,35.08102660998702,0,186,2023,7
2023-07-06,24.28999335356059,0.15633942,35.08407846093178,0,187,2023,7
2023-07-07,24.299993353337072,0.1987173,35.08407846093178,0,188,2023,7
2023-07-08,24.09999335780742,0.18834561,35.06729328073561,0,189,2023,7
2023-07-09,23.949993361160185,0.29848912,35.05813772790134,0,190,2023,7
2023-07-10,23.7099933665246,0.16936141,35.05508587695658,0,191,2023,7
2023-07-11,23.729993366077565,0.20085801,35.08560438640416,0,192,2023,7
2023-07-12,23.659993367642187,0.21646528,35.09323401376605,0,193,2023,7
2023-07-13,23.529993370547917,0.15772958,35.099337715655565,0,194,2023,7
2023-07-14,23.449993372336053,0.14802252,35.10696734301746,0,195,2023,7
2023-07-15,23.55999336987736,0.258913,35.111545119434595,0,196,2023,7
2023-07-16,23.569993369653844,0.27959448,35.110019193962216,0,197,2023,7
2023-07-17,23.54999337010088,0.09415359,35.11612289585173,0,198,2023,7
2023-07-18,23.43999337255957,0.2346284,35.111545119434595,0,199,2023,7
2023-07-19,23.40999337323012,0.21671242,35.10238956660032,0,200,2023,7
2023-07-20,23.45999337211253,0.15785635,35.09170808829367,0,201,2023,7
2023-07-21,23.27999337613585,0.15297978,35.09170808829367,0,202,2023,7
2023-07-22,23.2499933768064,0.3213931,35.09628586471081,0,203,2023,7
2023-07-23,23.109993379935645,0.24817546,35.09475993923843,0,204,2023,7
2023-07-24,22.97999338284137,0.32461464,35.09781179018319,0,205,2023,7
2023-07-25,22.76999338753524,0.3271303,35.100863641127944,0,206,2023,7
2023-07-26,23.119993379712128,0.29059926,35.10696734301746,0,207,2023,7
2023-07-27,23.259993376582884,0.22697571,35.113071044906974,0,208,2023,7
2023-07-28,23.45999337211253,0.24585275,35.11917474679649,0,209,2023,7
2023-07-29,23.469993371889014,0.29728147,35.12833029963076,0,210,2023,7
2023-07-30,23.62999336831274,0.30661297,35.135959926992655,0,211,2023,7
2023-07-31,23.679993367195152,0.31688204,35.134434001520276,0,212,2023,7
2023-08-01,23.619993368536257,0.3236535,35.14969325624406,0,213,2023,8
2023-08-02,23.55999336987736,0.5645023,35.195471020415425,0,214,2023,8
2023-08-03,23.429993372783088,0.25798887,35.21073027513921,0,215,2023,8
2023-08-04,23.419993373006605,0.21623486,35.18021176569164,0,216,2023,8
2023-08-05,23.659993367642187,0.26678428,35.183263616636395,0,217,2023,8
2023-08-06,23.84999336339536,0.30915546,35.18173769116402,0,218,2023,8
2023-08-07,23.84999336339536,0.36600548,35.17410806380212,0,219,2023,8
2023-08-08,23.659993367642187,0.2419091,35.17410806380212,0,220,2023,8
2023-08-09,23.619993368536257,0.2020348,35.15732288360596,0,221,2023,8
2023-08-10,23.58999336920681,0.2330562,35.14206362888217,0,222,2023,8
2023-08-11,23.66999336741867,0.17157033,35.135959926992655,0,223,2023,8
2023-08-12,23.71999336630108,0.1809233,35.12985622510314,0,224,2023,8
2023-08-13,23.7099933665246,0.20153326,35.13748585246503,0,225,2023,8
2023-08-14,23.7099933665246,0.22250697,35.148167330771685,0,226,2023,8
2023-08-15,23.569993369653844,0.32399932,35.16342658549547,0,227,2023,8
2023-08-16,23.50999337099495,0.35947964,35.16953028738499,0,228,2023,8
2023-08-17,23.43999337255957,0.32390356,35.18173769116402,0,229,2023,8
2023-08-18,23.45999337211253,0.53724873,35.20157472230494,0,230,2023,8
2023-08-19,23.429993372783088,0.3126546,35.219885827973485,0,231,2023,8
2023-08-20,23.31999337524178,0.4572778,35.218359902501106,0,232,2023,8
2023-08-21,23.08999338038268,0.34189048,35.230567306280136,0,233,2023,8
2023-08-22,23.35999337434771,0.8047593,35.254982113838196,0,234,2023,8
2023-08-23,23.51999337077143,0.56096935,35.26261174120009,0,235,2023,8
2023-08-24,23.689993366971635,0.36778805,35.25955989025533,0,236,2023,8
2023-08-25,23.62999336831274,0.80481035,35.27329321950674,0,237,2023,8
2023-08-26,23.529993370547917,0.80481863,35.27787099592388,0,238,2023,8
2023-08-27,23.45999337211253,0.33421713,35.23514508269727,0,239,2023,8
2023-08-28,23.54999337010088,0.23462808,35.20310064777732,0,240,2023,8
2023-08-29,23.639993368089225,0.29490963,35.195471020415425,0,241,2023,8
2023-08-30,23.639993368089225,0.26807782,35.19089324399829,0,242,2023,8
2023-08-31,23.449993372336053,0.42602813,35.21378212608397,0,243,2023,8
2023-09-01,23.679993367195152,0.40745398,35.221411753445864,0,244,2023,9
2023-09-02,23.839993363618877,0.3904784,35.23667100816965,0,245,2023,9
2023-09-03,24.01999335959556,0.50109065,35.23667100816965,0,246,2023,9
2023-09-04,24.029993359372043,1.9296119,35.24582656100392,0,247,2023,9
2023-09-05,23.97999336048963,0.69591963,35.146641405299306,0,248,2023,9
2023-09-06,23.97999336048963,1.1431873,35.03524884581566,0,249,2023,9
2023-09-07,23.89999336227777,0.91955924,35.01235996372998,0,250,2023,9
2023-09-08,23.729993366077565,0.32274094,35.02456736750901,0,251,2023,9
2023-09-09,24.09999335780742,0.21242549,35.029145143926144,0,252,2023,9
2023-09-10,24.13999335691335,0.17183144,35.07950068451464,0,253,2023,9
2023-09-11,24.279993353784107,0.33903643,35.14358955435455,0,254,2023,9
2023-09-12,24.01999335959556,0.34097895,35.26566359214485,0,255,2023,9
2023-09-13,23.739993365854048,0.23816311,35.338908014819026,0,256,2023,9
2023-09-14,23.5399933703244,0.20787537,35.33280431292951,0,257,2023,9
2023-09-15,23.43999337255957,0.21523637,35.32364876009524,0,258,2023,9
2023-09-16,23.419993373006605,0.32641637,35.33127838745713,0,259,2023,9
2023-09-17,23.09999338015916,0.30867332,35.34348579123616,0,260,2023,9
2023-09-18,22.809993386641167,0.17991993,35.37858207710087,0,261,2023,9
2023-09-19,23.0199933819473,0.18701226,35.401470959186554,0,262,2023,9
2023-09-20,23.379993373900675,0.23270692,35.41673021391034,0,263,2023,9
2023-09-21,23.51999337077143,0.20880176,35.424359841272235,0,264,2023,9
2023-09-22,23.60999336875977,0.21942085,35.42893761768937,0,265,2023,9
2023-09-23,23.89999336227777,0.26458392,35.42741169221699,0,266,2023,9
2023-09-24,24.40999335087838,0.21290015,35.42741169221699,0,267,2023,9
2023-09-25,24.43999335020783,0.4018329,35.44419687241316,0,268,2023,9
2023-09-26,24.43999335020783,0.4104957,35.44419687241316,0,269,2023,9
2023-09-27,24.43999335020783,0.33191538,35.412152437493205,0,270,2023,9
2023-09-28,25.0299933370203,0.37032822,35.42741169221699,0,271,2023,9
2023-09-29,24.47999334931376,0.23266263,35.44572279788554,0,272,2023,9
2023-09-30,24.40999335087838,0.2859163,35.45335242524743,0,273,2023,9
2023-10-01,23.91999336183073,0.36754853,35.459456127136946,0,274,2023,10
2023-10-02,23.69999336674812,0.32025358,35.44267094694078,0,275,2023,10
2023-10-03,23.419993373006605,0.30411592,35.43046354316175,0,276,2023,10
2023-10-04,23.45999337211253,0.4070319,35.43961909599602,0,277,2023,10
2023-10-05,23.619993368536257,0.34722006,35.45182649977505,0,278,2023,10
2023-10-06,23.90999336205425,0.28399047,35.45640427619219,0,279,2023,10
2023-10-07,24.279993353784107,0.4821776,35.47624130733311,0,280,2023,10
2023-10-08,24.279993353784107,0.33333468,35.496078338474035,0,281,2023,10
2023-10-09,24.429993350431342,0.2214602,35.41825613938272,0,282,2023,10
2023-10-10,24.71999334394934,0.211888,35.38010800257325,0,283,2023,10
2023-10-11,24.84999334104361,0.2621716,35.387737629935145,0,284,2023,10
2023-10-12,24.78999334238472,0.4581787,35.39384133182466,0,285,2023,10
2023-10-13,24.859993340820097,0.43473238,35.389263555407524,0,286,2023,10
2023-10-14,25.189993333444026,0.13524391,35.38010800257325,0,287,2023,10
2023-10-15,25.239993332326435,0.13253674,35.38468577899039,0,288,2023,10
2023-10-16,25.33999333009126,0.12907442,35.35569319501519,0,289,2023,10
2023-10-17,25.479993326962017,0.16966979,35.22904138080776,0,290,2023,10
2023-10-18,25.36999332942071,0.16966979,35.280922846868634,0,291,2023,10
2023-10-19,25.41999332830312,0.20371686,35.27329321950674,0,292,2023,10
2023-10-20,25.37999332919719,0.20631383,35.225989529863,0,293,2023,10
2023-10-21,25.439993327856087,0.19851983,35.1329080760479,0,294,2023,10
2023-10-22,25.13999333456161,0.19483384,34.884182224050164,0,295,2023,10
2023-10-23,25.44999332763257,0.19483063,34.882656298577785,0,296,2023,10
2023-10-24,25.56999332495036,0.14975253,35.03372292034328,0,297,2023,10
2023-10-25,25.979993315786142,0.1380527,35.13138215057552,0,298,2023,10
2023-10-26,25.79999331980946,0.17109104,35.18936731852591,0,299,2023,10
2023-10-27,25.67999332249167,0.16821557,35.221411753445864,0,300,2023,10
2023-10-28,25.789993320032977,0.1742039,35.244300635531545,0,301,2023,10
2023-10-29,25.72999332137408,0.16029921,35.25193026289344,0,302,2023,10
2023-10-30,25.809993319585946,0.16029921,35.293130250647664,0,303,2023,10
2023-10-31,25.13999333456161,0.19345206,35.303811728954315,0,304,2023,10
2023-11-01,25.52999332584443,0.309829,35.291604325175285,0,305,2023,11
2023-11-02,25.56999332495036,0.23308752,35.29465617612004,0,306,2023,11
2023-11-03,25.64999332316222,0.18360867,35.30686357989907,0,307,2023,11
2023-11-04,25.539993325620912,0.18940175,35.32364876009524,0,308,2023,11
2023-11-05,25.579993324726843,0.18272507,35.33738208934665,0,309,2023,11
2023-11-06,25.56999332495036,0.18325181,35.363322822377086,0,310,2023,11
2023-11-07,25.539993325620912,0.14843197,35.37247837521136,0,311,2023,11
2023-11-08,25.479993326962017,0.14843197,35.32517468556762,0,312,2023,11
2023-11-09,25.349993329867743,0.20952539,35.34958949312568,0,313,2023,11
2023-11-10,25.309993330761813,0.1637081,35.363322822377086,0,314,2023,11
2023-11-11,25.329993330314775,0.36617404,35.375530226156116,0,315,2023,11
2023-11-12,25.37999332919719,0.8657184,35.38010800257325,0,316,2023,11
2023-11-13,25.0899933356792,0.63051337,35.38468577899039,0,317,2023,11
2023-11-14,24.859993340820097,0.19018154,35.39384133182466,0,318,2023,11
2023-11-15,25.13999333456161,0.27850235,35.40757466107607,0,319,2023,11
2023-11-16,25.29999333098533,0.26033932,35.424359841272235,0,320,2023,11
2023-11-17,25.289993331208848,0.18128455,35.435041319578886,0,321,2023,11
2023-11-18,25.209993332996987,0.37505135,35.43809317052364,0,322,2023,11
2023-11-19,25.2599933318794,0.3924298,35.448774648830295,0,323,2023,11
2023-11-20,25.239993332326435,0.44933015,35.45487835071981,0,324,2023,11
2023-11-21,25.79999331980946,0.20262602,35.45182649977505,0,325,2023,11
2023-11-22,26.48999330438676,0.28901652,35.45335242524743,0,326,2023,11
2023-11-23,26.70999329946937,1.7558539,35.44572279788554,0,327,2023,11
2023-11-24,27.459993282705568,0.4880035,35.43046354316175,0,328,2023,11
2023-11-25,27.169993289187573,0.23286179,35.41673021391034,0,329,2023,11
2023-11-26,27.19999328851702,0.26203567,35.40757466107607,0,330,2023,11
2023-11-27,27.169993289187573,0.27769068,35.41520428843796,0,331,2023,11
2023-11-28,27.149993289634608,0.23562764,35.413678362965584,0,332,2023,11
2023-11-29,26.789993297681235,0.18559527,35.3984191082418,0,333,2023,11
2023-11-30,26.199993310868763,0.1707276,35.41673021391034,0,334,2023,11
2023-12-01,26.409993306174897,0.19367619,35.40910058654845,0,335,2023,12
2023-12-02,26.69999329969289,0.1834662,35.41673021391034,0,336,2023,12
2023-12-03,26.76999329812827,0.17635113,35.40604873560369,0,337,2023,12
2023-12-04,27.15999328941109,0.14537394,35.40452281013131,0,338,2023,12
2023-12-05,27.209993288293504,0.15543483,35.39231540635228,0,339,2023,12
2023-12-06,27.0399932920933,0.09738643,35.389263555407524,0,340,2023,12
2023-12-07,26.859993296116613,0.09759243,35.3984191082418,0,341,2023,12
2023-12-08,26.92999329455199,0.117962286,35.412152437493205,0,342,2023,12
2023-12-09,27.069993291422747,0.13924836,35.40299688465893,0,343,2023,12
2023-12-10,27.25999328717592,0.12930441,35.38010800257325,0,344,2023,12
2023-12-11,27.15999328941109,0.13323313,35.33585616387427,0,345,2023,12
2023-12-12,27.049993291869782,0.12196689,35.27787099592388,0,346,2023,12
2023-12-13,26.99999329298737,0.12153039,35.10696734301746,0,347,2023,12
2023-12-14,26.979993293434404,0.10604159,35.12985622510314,0,348,2023,12
2023-12-15,27.099993290752195,0.12492016,35.122226597741246,0,349,2023,12
2023-12-16,27.059993291646265,0.123168714,34.90401925519109,0,350,2023,12
2023-12-17,27.41999328359964,0.12824515,34.138004668056965,0,351,2023,12
2023-12-18,27.61999327912929,0.15733767,34.51796011067927,0,352,2023,12
2023-12-19,27.829993274435424,0.15407835,34.59273045882583,0,353,2023,12
2023-12-20,27.96999327130618,0.16956672,34.678182285279036,0,354,2023,12
2023-12-21,28.08999326862397,0.18589222,34.60341193713248,0,355,2023,12
2023-12-22,28.139993267506384,0.10597837,34.38062681816518,0,356,2023,12
2023-12-23,28.08999326862397,0.123704255,33.84044920094311,0,357,2023,12
2023-12-24,28.109993268176936,0.13356012,33.042390178889036,0,358,2023,12
2023-12-25,28.08999326862397,0.15043184,32.876064302399755,0,359,2023,12
2023-12-26,28.109993268176936,0.15001458,32.970671681687236,0,360,2023,12
2023-12-27,28.059993269294523,0.15001458,32.970671681687236,0,361,2023,12
2023-12-28,28.07999326884749,0.15048423,33.03933832794428,0,362,2023,12
2023-12-29,27.979993271082662,0.22556318,33.381145633757114,0,363,2023,12
2023-12-30,27.839993274211903,0.22749597,33.812982542440295,0,364,2023,12
2023-12-31,27.80999327488246,0.22890264,34.08612320199609,0,365,2023,12
2024-01-01,27.909993272647284,0.18753368,34.223456494510174,0,1,2024,1
2024-01-02,27.989993270859145,0.13299309,34.522537887096405,0,2,2024,1
2024-01-03,27.8999932728708,0.13293105,34.80788595043123,0,3,2024,1
2024-01-04,28.099993268400453,0.19672018,34.894863702356815,0,4,2024,1
2024-01-05,28.07999326884749,0.18927075,34.87655259668827,0,5,2024,1
2024-01-06,28.23999326527121,0.18036072,34.83230075798929,0,6,2024,1
2024-01-07,28.31999326348307,0.17988531,34.42335273139179,0,7,2024,1
2024-01-08,28.38999326191845,0.19475831,33.764152927324176,0,8,2024,1
2024-01-09,28.449993260577344,0.16145252,33.76720477826893,0,9,2024,1
2024-01-10,28.449993260577344,0.16177915,33.82976772263646,0,10,2024,1
2024-01-11,28.34999326281252,0.18407528,33.898434368893504,0,11,2024,1
2024-01-12,28.68999325521293,0.15262555,33.90148621983826,0,12,2024,1
2024-01-13,28.69999325498941,0.15625308,33.73668626882136,0,13,2024,1
2024-01-14,28.909993250295543,0.18855058,33.74889367260039,0,14,2024,1
2024-01-15,28.839993251860164,0.17050293,33.84350105188787,0,15,2024,1
2024-01-16,28.82999325208368,0.2362233,33.886226965114474,0,16,2024,1
2024-01-17,28.799993252754238,0.21681252,33.95336768589914,0,17,2024,1
2024-01-18,28.56999325789513,0.21681252,34.06781209632754,0,18,2024,1
2024-01-19,28.309993263706588,0.1381205,34.42182680591941,0,19,2024,1
2024-01-20,28.029993269965075,0.1289344,34.92843406274915,0,20,2024,1
2024-01-21,27.85999327376487,0.14182365,34.97421182692051,0,21,2024,1
2024-01-22,27.84999327398839,0.10525891,34.89944147877395,0,22,2024,1
2024-01-23,27.75999327600005,0.08550797,35.050508100539446,0,23,2024,1
2024-01-24,27.709993277117636,0.10199313,35.2473524864763,0,24,2024,1
2024-01-25,27.56999328024688,0.09622722,35.351115418598056,0,25,2024,1
2024-01-26,27.61999327912929,0.11276152,35.35416726954281,0,26,2024,1
2024-01-27,27.81999327465894,0.15294248,35.36637467332184,0,27,2024,1
2024-01-28,27.88999327309432,0.13775119,35.38163392804563,0,28,2024,1
2024-01-29,27.989993270859145,0.13277398,35.375530226156116,0,29,2024,1
2024-01-30,27.979993271082662,0.13591887,35.34195986576378,0,30,2024,1
2024-01-31,28.019993270188596,0.16745189,35.280922846868634,0,31,2024,1
2024-02-01,28.04999326951804,0.20368879,35.26108581572771,0,32,2024,2
2024-02-02,28.03999326974156,0.19941446,35.28397469781339,0,33,2024,2
2024-02-03,28.25999326482417,0.20742907,35.31296728178859,0,34,2024,2
2024-02-04,28.34999326281252,0.29090017,35.233619157224894,0,35,2024,2
2024-02-05,28.459993260353823,0.19009987,35.160374734550714,0,36,2024,2
2024-02-06,28.769993253424783,0.15467313,35.16495251096785,0,37,2024,2
2024-02-07,28.65999325588348,0.16387843,35.21378212608397,0,38,2024,2
2024-02-08,28.68999325521293,0.16161428,35.244300635531545,0,39,2024,2
2024-02-09,28.50999325923624,0.15641119,35.27481914497912,0,40,2024,2
2024-02-10,28.56999325789513,0.16566671,35.28550062328577,0,41,2024,2
2024-02-11,28.369993262365483,0.16566671,35.30228580348194,0,42,2024,2
2024-02-12,28.37999326214197,0.22525373,35.33738208934665,0,43,2024,2
2024-02-13,28.289993264153622,0.20032343,35.35874504595995,0,44,2024,2
2024-02-14,28.38999326191845,0.19788639,35.36790059879422,0,45,2024,2
2024-02-15,28.77999325320127,0.22991326,35.363322822377086,0,46,2024,2
2024-02-16,29.17999324426057,0.24062632,35.35721912048757,0,47,2024,2
2024-02-17,29.229993243142985,0.2226049,35.35874504595995,0,48,2024,2
2024-02-18,29.159993244707607,0.2299781,35.35569319501519,0,49,2024,2
2024-02-19,29.01999324783685,0.18122743,35.35874504595995,0,50,2024,2
2024-02-20,28.62999325655403,0.22439986,35.36637467332184,0,51,2024,2
2024-02-21,28.39999326169493,0.24950981,35.3694265242666,0,52,2024,2
2024-02-22,28.289993264153622,0.35385495,35.352641344070435,0,53,2024,2
2024-02-23,28.359993262589,0.26068795,35.27024136856198,0,54,2024,2
2024-02-24,28.409993261471413,0.22797853,35.18021176569164,0,55,2024,2
2024-02-25,28.409993261471413,0.22740594,35.10849326848984,0,56,2024,2
2024-02-26,28.289993264153622,0.20836288,35.0108340382576,0,57,2024,2
2024-02-27,28.20999326594176,0.085513555,35.064241429790854,0,58,2024,2
2024-02-28,28.1899932663888,0.087177835,35.15274510718882,0,59,2024,2
2024-02-29,28.15999326705935,0.104542874,35.19089324399829,0,60,2024,2
2024-03-01,28.04999326951804,0.21440296,35.20310064777732,0,61,2024,3
2024-03-02,28.08999326862397,0.15830456,35.24582656100392,0,62,2024,3
2024-03-03,27.999993270635628,0.14244181,35.27481914497912,0,63,2024,3
2024-03-04,28.15999326705935,0.15476646,35.280922846868634,0,64,2024,3
2024-03-05,28.24999326504769,0.2022909,35.26566359214485,0,65,2024,3
2024-03-06,28.54999325834217,0.16202252,35.27329321950674,0,66,2024,3
2024-03-07,28.55999325811865,0.12875865,35.33433023840189,0,67,2024,3
2024-03-08,28.639993256330516,0.13482252,35.3480635676533,0,68,2024,3
2024-03-09,28.51999325901272,0.115317084,35.363322822377086,0,69,2024,3
2024-03-10,28.619993256777548,0.14027172,35.387737629935145,0,70,2024,3
2024-03-11,28.68999325521293,0.14027186,35.37858207710087,0,71,2024,3
2024-03-12,28.27999326437714,0.46619886,35.242774710059166,0,72,2024,3
2024-03-13,28.1299932677299,0.46619886,35.099337715655565,0,73,2024,3
2024-03-14,28.06999326907101,0.3931703,35.04745624959469,0,74,2024,3
2024-03-15,28.149993267282863,0.20573165,35.11459697037935,0,75,2024,3
2024-03-16,28.299993263930105,0.18069114,35.027619218453765,0,76,2024,3
2024-03-17,28.289993264153622,0.16256692,34.97421182692051,0,77,2024,3
2024-03-18,28.27999326437714,0.15047434,34.9604784976691,0,78,2024,3
2024-03-19,28.219993265718244,0.17113128,35.00778218731284,0,79,2024,3
2024-03-20,28.179993266612318,0.19115712,35.04440439864993,0,80,2024,3
2024-03-21,28.15999326705935,0.18950342,35.088656237348914,0,81,2024,3
2024-03-22,28.149993267282863,0.15907483,35.113071044906974,0,82,2024,3
2024-03-23,28.1299932677299,0.14295343,35.12680437415838,0,83,2024,3
2024-03-24,28.179993266612318,0.14352934,35.08560438640416,0,84,2024,3
2024-03-25,27.749993276223563,0.2066234,35.064241429790854,0,85,2024,3
2024-03-26,27.479993282258533,0.2032134,35.06576735526323,0,86,2024,3
2024-03-27,27.529993281140943,0.18701103,35.110019193962216,0,87,2024,3
2024-03-28,27.54999328069391,0.17930706,35.12985622510314,0,88,2024,3
2024-03-29,27.63999327868225,0.1788645,35.13138215057552,0,89,2024,3
2024-03-30,27.529993281140943,0.1997054,35.110019193962216,0,90,2024,3
2024-03-31,27.54999328069391,0.19239464,34.99557478353381,0,91,2024,3
2024-04-01,27.42999328337612,0.16686575,34.92690813727677,0,92,2024,4
2024-04-02,27.41999328359964,0.15361612,34.93606369011104,0,93,2024,4
2024-04-03,27.529993281140943,0.20410484,34.929959988221526,0,94,2024,4
2024-04-04,27.669993278011702,0.17888346,34.931485913693905,0,95,2024,4
2024-04-05,27.7299932766706,0.15747003,34.9391155410558,0,96,2024,4
2024-04-06,27.69999327734115,0.1574659,34.919278509914875,0,97,2024,4
2024-04-07,27.58999327979984,0.15146734,34.9101229570806,0,98,2024,4
2024-04-08,27.4999932818115,0.16709493,34.93758961558342,0,99,2024,4
2024-04-09,27.42999328337612,0.19620904,34.97268590144813,0,100,2024,4
2024-04-10,27.38999328427019,0.20248306,34.99710070900619,0,101,2024,4
2024-04-11,27.379993284493708,0.17955425,35.02151551656425,0,102,2024,4
2024-04-12,27.299993286281847,0.20998675,35.04135254770517,0,103,2024,4
2024-04-13,27.299993286281847,0.19981796,35.0825525354594,0,104,2024,4
2024-04-14,27.2699932869524,0.16591746,35.100863641127944,0,105,2024,4
2024-04-15,27.249993287399437,0.23243383,35.07339698262513,0,106,2024,4
2024-04-16,27.18999328874054,0.18777938,35.05661180242896,0,107,2024,4
2024-04-17,27.209993288293504,0.13920553,35.062715504318476,0,108,2024,4
2024-04-18,27.289993286505364,0.1689109,35.04593032412231,0,109,2024,4
2024-04-19,27.369993284717225,0.21892534,35.01235996372998,0,110,2024,4
2024-04-20,27.2699932869524,0.2565667,34.978789603337646,0,111,2024,4
2024-04-21,27.249993287399437,0.19541271,34.88570814952254,0,112,2024,4
2024-04-22,27.359993284940742,0.18743315,34.858241491019726,0,113,2024,4
2024-04-23,27.599993279576324,0.3757179,34.86892296932638,0,114,2024,4
2024-04-24,27.80999327488246,0.31401348,34.83077483251691,0,115,2024,4
2024-04-25,27.75999327600005,0.18407755,34.78347114287317,0,116,2024,4
2024-04-26,27.7299932766706,0.17482074,34.6446119248867,0,117,2024,4
2024-04-27,27.58999327979984,0.13543455,34.36841941438615,0,118,2024,4
2024-04-28,27.10999329052868,0.14750631,34.11969356238842,0,119,2024,4
2024-04-29,27.149993289634608,0.20862047,34.05865654349327,0,120,2024,4
2024-04-30,27.179993288964056,0.17114525,34.066286170855165,0,121,2024,4
2024-05-01,27.339993285387777,0.21748197,34.0708639472723,0,122,2024,5
2024-05-02,27.369993284717225,0.1308253,34.125797264277935,0,123,2024,5
2024-05-03,27.42999328337612,0.17229716,34.211249090731144,0,124,2024,5
2024-05-04,27.27999328672888,0.15885253,34.24787130206823,0,125,2024,5
2024-05-05,26.96999329365792,0.15770924,34.28754536435008,0,126,2024,5
2024-05-06,26.96999329365792,0.18593666,34.37147126533091,0,127,2024,5
2024-05-07,26.88999329544606,0.20779064,34.44318976253271,0,128,2024,5
2024-05-08,26.829993296787165,0.16509017,34.45387124083936,0,129,2024,5
2024-05-09,26.739993298798822,0.18800117,34.4584490172565,0,130,2024,5
2024-05-10,26.509993303939723,0.22328553,34.48286382481456,0,131,2024,5
2024-05-11,26.479993304610275,0.3969244,34.53169343993068,0,132,2024,5
2024-05-12,26.469993304833796,0.39739013,34.5805230550468,0,133,2024,5
2024-05-13,26.599993301928063,0.26921058,34.643085999414325,0,134,2024,5
2024-05-14,26.719993299245857,0.26769802,34.71022672019899,0,135,2024,5
2024-05-15,26.68999329991641,0.38152638,34.74837485700846,0,136,2024,5
2024-05-16,26.68999329991641,0.35623023,34.71785634756088,0,137,2024,5
2024-05-17,26.38999330662193,0.19428143,34.58510083146393,0,138,2024,5
2024-05-18,26.449993305280827,0.18412237,34.31348609738052,0,139,2024,5
2024-05-19,26.359993307292484,0.20308276,34.041871363297105,0,140,2024,5
2024-05-20,25.95999331623318,0.3643417,34.06323431991041,0,141,2024,5
2024-05-21,25.549993325397395,0.28683913,34.13495281711221,0,142,2024,5
2024-05-22,25.359993329644222,0.41012743,34.20819723978639,0,143,2024,5
2024-05-23,25.64999332316222,0.56638205,34.26160463131964,0,144,2024,5
2024-05-24,25.539993325620912,0.3845585,34.29822684265673,0,145,2024,5
2024-05-25,25.329993330314775,0.26228058,34.34858238324523,0,146,2024,5
2024-05-26,25.329993330314775,0.5339333,34.38215274363756,0,147,2024,5
2024-05-27,25.329993330314775,0.38219056,34.3867305200547,0,148,2024,5
2024-05-28,25.36999332942071,0.36630353,34.32721942663193,0,149,2024,5
2024-05-29,25.599993324279808,0.27962327,34.257026854902506,0,150,2024,5
2024-05-30,25.619993323832773,0.4806161,34.257026854902506,0,151,2024,5
2024-05-31,25.739993321150564,0.5339615,34.29822684265673,0,152,2024,5
2024-06-01,25.70999332182112,6.748719,34.36078978702426,0,153,2024,6
2024-06-02,25.549993325397395,0.5810018,34.408093476668,0,154,2024,6
2024-06-03,25.329993330314775,0.27956405,34.46455271914601,0,155,2024,6
2024-06-04,25.2599933318794,0.60584754,34.47065642103553,0,156,2024,6
2024-06-05,24.649993345513963,1.4247577,34.57594527862966,0,157,2024,6
2024-06-06,23.999993360042595,1.0199268,34.68581191264093,0,158,2024,6
2024-06-07,24.039993359148525,1.0125332,34.71022672019899,0,159,2024,6
2024-06-08,23.91999336183073,0.32570198,34.74379708059132,0,160,2024,6
2024-06-09,24.21999335512521,0.2290742,34.74074522964656,0,161,2024,6
2024-06-10,24.55999334752562,0.48181164,34.75295263342559,0,162,2024,6
2024-06-11,25.45999332740905,0.28694576,34.762108186259866,0,163,2024,6
2024-06-12,25.4899933267385,0.43662494,34.77278966456652,0,164,2024,6
2024-06-13,25.429993328079604,0.43170956,34.751426707953215,0,165,2024,6
2024-06-14,25.37999332919719,0.2947963,34.39588607288897,0,166,2024,6
2024-06-15,25.599993324279808,0.23864233,34.1715750284493,0,167,2024,6
2024-06-16,25.659993322938703,0.20232596,34.3577379360795,0,168,2024,6
2024-06-17,25.669993322715182,0.20367254,34.536271216347814,0,169,2024,6
2024-06-18,25.479993326962017,0.2035259,34.618671191856265,0,170,2024,6
2024-06-19,25.519993326067947,0.22556801,34.65987117961049,0,171,2024,6
2024-06-20,25.669993322715182,0.33652973,34.716330422088504,0,172,2024,6
2024-06-21,25.629993323609256,0.1400122,34.78499706834555,0,173,2024,6
2024-06-22,25.55999332517388,0.29052812,34.82009335421026,0,174,2024,6
2024-06-23,25.52999332584443,0.22294497,34.85518964007497,0,175,2024,6
2024-06-24,25.519993326067947,0.22186011,34.87350074574351,0,176,2024,6
2024-06-25,25.479993326962017,0.22516431,34.86587111838162,1,177,2024,6
2024-06-26,25.39999332875016,0.16017984,34.87350074574351,0,178,2024,6
2024-06-27,25.289993331208848,0.17010479,34.896389627829194,0,179,2024,6
2024-06-28,25.279993331432365,0.20677705,34.89791555330157,0,180,2024,6
2024-06-29,25.229993332549952,0.20237948,34.86281926743686,0,181,2024,6
2024-06-30,25.13999333456161,0.20916057,34.83077483251691,0,182,2024,6
2024-07-01,25.09999333545568,0.21471986,34.81856742873788,0,183,2024,7
2024-07-02,24.77999334260824,0.19425029,34.79720447212458,0,184,2024,7
2024-07-03,24.959993338584923,0.20189618,34.77126373909414,0,185,2024,7
2024-07-04,24.93999333903196,0.26288098,34.75905633531511,0,186,2024,7
2024-07-05,25.079993335902717,0.23259632,34.751426707953215,0,187,2024,7
2024-07-06,24.929993339255475,0.30102077,34.74684893153608,0,188,2024,7
2024-07-07,24.84999334104361,0.30012533,34.75295263342559,0,189,2024,7
2024-07-08,24.769993342831757,0.22756901,34.749900782480836,0,190,2024,7
2024-07-09,24.67999334484341,0.70618546,34.74074522964656,0,191,2024,7
2024-07-10,24.59999334663155,0.8999698,34.737693378701806,0,192,2024,7
2024-07-11,24.46999334953728,0.27929622,34.74837485700846,0,193,2024,7
2024-07-12,24.459993349760797,1.572884,34.74379708059132,0,194,2024,7
2024-07-13,24.52999334819617,0.74127895,34.75600448437035,0,195,2024,7
2024-07-14,24.669993345066928,1.8925005,34.73464152775705,0,196,2024,7
2024-07-15,24.83999334126713,0.19100375,34.6949674654752,0,197,2024,7
2024-07-16,24.919993339478992,0.22376679,34.641560073941946,0,198,2024,7
2024-07-17,24.979993338137888,0.22749291,34.569841576740146,0,199,2024,7
2024-07-18,25.019993337243815,0.23660341,34.54847862012684,0,200,2024,7
2024-07-19,24.82999334149065,0.22885706,34.51490825973451,0,201,2024,7
2024-07-20,24.729993343725823,0.24969637,34.408093476668,0,202,2024,7
2024-07-21,24.53999334797265,0.28676453,34.08154542557895,0,203,2024,7
2024-07-22,24.53999334797265,0.1995732,33.66649369709194,0,204,2024,7
2024-07-23,24.549993347749137,0.22742851,33.320108614861965,0,205,2024,7
2024-07-24,24.499993348866724,0.22835593,33.41471599414945,0,206,2024,7
2024-07-25,24.47999334931376,0.30993024,33.631397411227226,0,207,2024,7
2024-07-26,24.149993356689837,0.43543136,33.140049409121275,0,208,2024,7
2024-07-27,24.119993357360386,0.62027633,33.38267155922949,0,209,2024,7
2024-07-28,23.929993361607217,0.9446904,33.86486400850117,0,210,2024,7
2024-07-29,24.189993355795764,0.90283996,34.05102691613138,0,211,2024,7
2024-07-30,24.28999335356059,0.48012057,34.064760245382786,0,212,2024,7
2024-07-31,24.20999335534873,0.55426294,34.1212194878608,0,213,2024,7
2024-08-01,24.299993353337072,0.4173491,34.0922269038856,0,214,2024,8
2024-08-02,24.389993351325412,0.3859052,34.09833060577512,0,215,2024,8
2024-08-03,24.53999334797265,0.3533202,34.19141205959022,0,216,2024,8
2024-08-04,24.46999334953728,0.5747073,34.19141205959022,0,217,2024,8
2024-08-05,24.43999335020783,0.57470065,34.150212071835995,0,218,2024,8
2024-08-06,24.339993352443003,0.56972677,34.13037504069507,0,219,2024,8
2024-08-07,24.629993345961,0.56955576,34.06170839443803,0,220,2024,8
2024-08-08,24.699993344396376,0.37050566,33.944212133064866,0,221,2024,8
2024-08-09,24.55999334752562,0.21715231,33.994567673653364,0,222,2024,8
2024-08-10,24.36999335177245,0.5389936,34.04797506518662,0,223,2024,8
2024-08-11,24.31999335289004,0.2592044,34.09833060577512,0,224,2024,8
2024-08-12,24.279993353784107,0.34772712,34.12884911522269,0,225,2024,8
2024-08-13,24.309993353113555,0.36387846,34.028138034045696,0,226,2024,8
2024-08-14,24.22999335490169,0.30437848,33.98388619534671,0,227,2024,8
2024-08-15,24.149993356689837,0.21336469,33.94268620759249,0,228,2024,8
2024-08-16,24.1699933562428,0.22836721,33.96710101515055,0,229,2024,8
2024-08-17,24.119993357360386,0.2928349,33.93658250570297,0,230,2024,8
2024-08-18,24.119993357360386,0.2008224,34.005249151960015,0,231,2024,8
2024-08-19,24.339993352443003,0.17364222,34.06323431991041,0,232,2024,8
2024-08-20,24.359993351995968,0.19235373,34.15631577372551,0,233,2024,8
2024-08-21,24.429993350431342,0.1845919,34.089175052940845,0,234,2024,8
2024-08-22,23.97999336048963,0.20500395,34.08154542557895,0,235,2024,8
2024-08-23,23.879993362724804,0.17835528,34.3150120228529,0,236,2024,8
2024-08-24,23.40999337323012,0.19661619,34.34705645777285,0,237,2024,8
2024-08-25,23.879993362724804,0.32580638,34.17615280486643,0,238,2024,8
2024-08-26,23.889993362501286,0.3217409,34.13342689163983,0,239,2024,8
2024-08-27,24.00999335981908,0.38423735,34.11816763691604,0,240,2024,8
2024-08-28,24.05999335870149,0.572481,34.08764912746847,0,241,2024,8
2024-08-29,23.9399933613837,0.52261263,34.090700978413224,0,242,2024,8
2024-08-30,23.879993362724804,0.25724372,34.27991573698819,0,243,2024,8
2024-08-31,23.89999336227777,0.27913666,34.50270085595548,0,244,2024,8
2024-09-01,24.119993357360386,0.27410018,34.629352670162916,0,245,2024,9
2024-09-02,24.359993351995968,0.26478517,34.66292303055525,0,246,2024,9
2024-09-03,24.239993354678177,0.27257717,34.65071562677622,0,247,2024,9
2024-09-04,24.15999335646632,0.22377051,34.690389689058065,0,248,2024,9
2024-09-05,24.1699933562428,0.45253828,34.73464152775705,0,249,2024,9
2024-09-06,24.32999335266652,0.37031195,34.73006375133991,0,250,2024,9
2024-09-07,24.32999335266652,0.2373694,34.68886376358569,0,251,2024,9
2024-09-08,24.349993352219485,0.4847406,34.64003414846957,0,252,2024,9
2024-09-09,24.239993354678177,1.3139608,34.63850822299719,0,253,2024,9
2024-09-10,23.85999336317184,0.28680322,34.714804496616125,0,254,2024,9
2024-09-11,23.779993364959974,0.592123,34.763634111732244,0,255,2024,9
2024-09-12,24.119993357360386,0.5209533,34.77126373909414,0,256,2024,9
2024-09-13,24.899993339926027,0.64417624,34.73158967681229,0,257,2024,9
2024-09-14,24.889993340149545,0.22874323,34.713278571143746,0,258,2024,9
2024-09-15,25.079993335902717,0.52946603,34.73158967681229,0,259,2024,9
2024-09-16,25.199993333220505,0.35398194,34.74837485700846,0,260,2024,9
2024-09-17,25.499993326514986,0.3987818,34.69344154000282,0,261,2024,9
2024-09-18,25.44999332763257,0.5541233,34.72090819850564,0,262,2024,9
2024-09-19,25.239993332326435,0.561365,34.64003414846957,0,263,2024,9
2024-09-20,25.209993332996987,0.561365,34.73464152775705,0,264,2024,9
2024-09-21,25.169993333891057,0.22280687,34.62782674469054,0,265,2024,9
2024-09-22,25.279993331432365,0.22839282,34.704123018309474,0,266,2024,9
2024-09-23,25.319993330538296,0.23455355,34.80330817401409,0,267,2024,9
2024-09-24,25.119993335008644,0.2042199,34.823145205155015,0,268,2024,9
2024-09-25,25.079993335902717,0.23525585,34.847560012713075,0,269,2024,9
2024-09-26,25.13999333456161,0.27101943,34.847560012713075,0,270,2024,9
2024-09-27,25.309993330761813,0.27101943,34.821619279682636,0,271,2024,9
2024-09-28,25.349993329867743,0.20435041,34.8384044598788,0,272,2024,9
2024-09-29,25.36999332942071,0.18789835,34.751426707953215,0,273,2024,9
2024-09-30,25.15999333411457,0.1920043,34.73158967681229,0,274,2024,9
2024-10-01,25.049993336573262,0.19070455,34.83077483251691,0,275,2024,10
2024-10-02,25.13999333456161,0.19377193,34.931485913693905,0,276,2024,10
2024-10-03,25.189993333444026,0.20776907,34.97573775239289,0,277,2024,10
2024-10-04,25.049993336573262,0.2034197,35.01235996372998,0,278,2024,10
2024-10-05,25.0299933370203,0.23767462,35.01998959109187,0,279,2024,10
2024-10-06,24.999993337690853,0.6343829,34.98641923069954,0,280,2024,10
2024-10-07,24.969993338361405,0.38287714,34.93606369011104,0,281,2024,10
2024-10-08,24.919993339478992,0.18923938,34.929959988221526,0,282,2024,10
2024-10-09,24.63999334573748,0.17474061,34.91470073349774,0,283,2024,10
2024-10-10,24.659993345290445,0.24425186,34.88113037310541,0,284,2024,10
2024-10-11,24.71999334394934,0.24099274,34.91622665897012,0,285,2024,10
2024-10-12,24.84999334104361,0.2184424,34.954374795779586,0,286,2024,10
2024-10-13,24.999993337690853,0.20041989,34.97421182692051,0,287,2024,10
2024-10-14,24.959993338584923,0.2328367,34.9818414542824,0,288,2024,10
2024-10-15,24.879993340373066,0.21568115,35.027619218453765,0,289,2024,10
2024-10-16,24.84999334104361,0.16636217,35.074922908097506,0,290,2024,10
2024-10-17,24.77999334260824,0.23182017,35.09018216282129,0,291,2024,10
2024-10-18,24.729993343725823,0.21683526,35.09170808829367,0,292,2024,10
2024-10-19,24.53999334797265,0.20055401,35.09628586471081,0,293,2024,10
2024-10-20,24.459993349760797,0.22927733,35.09628586471081,0,294,2024,10
2024-10-21,24.55999334752562,0.17763366,35.09628586471081,0,295,2024,10
2024-10-22,24.59999334663155,0.15878199,35.09170808829367,0,296,2024,10
2024-10-23,24.84999334104361,0.16306242,35.09475993923843,0,297,2024,10
2024-10-24,25.70999332182112,0.20760767,35.09628586471081,0,298,2024,10
2024-10-25,25.75999332070353,0.22663835,35.10696734301746,0,299,2024,10
2024-10-26,25.809993319585946,0.13757193,35.11459697037935,0,300,2024,10
2024-10-27,25.699993322044637,0.2592782,35.10544141754508,0,301,2024,10
2024-10-28,25.76999332048001,0.20501809,35.09628586471081,0,302,2024,10
2024-10-29,25.509993326291465,0.2049939,35.07034513168037,0,303,2024,10
2024-10-30,25.479993326962017,0.6320202,35.074922908097506,0,304,2024,10
2024-10-31,25.56999332495036,0.21887769,35.08102660998702,0,305,2024,10
2024-11-01,25.659993322938703,0.18131904,35.07034513168037,0,306,2024,11
2024-11-02,25.809993319585946,0.1728836,35.050508100539446,0,307,2024,11
2024-11-03,25.899993317574285,0.16615039,35.04135254770517,0,308,2024,11
2024-11-04,25.899993317574285,0.11744942,35.01235996372998,0,309,2024,11
2024-11-05,26.009993315115597,0.1761813,34.93758961558342,0,310,2024,11
2024-11-06,26.169993311539315,0.15560764,34.64766377583146,0,311,2024,11
2024-11-07,26.169993311539315,0.13936158,33.980834344401956,0,312,2024,11
2024-11-08,26.049993314221524,0.13155401,33.37656785733998,0,313,2024,11
2024-11-09,26.139993312209867,0.1265498,33.141575334593654,0,314,2024,11
2024-11-10,26.199993310868763,0.22199385,33.22092345915735,0,315,2024,11
2024-11-11,26.749993298575305,0.16005667,33.31705676391721,0,316,2024,11
2024-11-12,27.00999329276385,0.14165662,33.35062712430954,0,317,2024,11
2024-11-13,27.10999329052868,0.1582311,33.138523483648896,0,318,2024,11
2024-11-14,26.989993293210887,0.15983276,33.43760487623513,0,319,2024,11
2024-11-15,26.859993296116613,0.26336032,33.88927881605923,0,320,2024,11
2024-11-16,26.989993293210887,0.21506083,34.138004668056965,0,321,2024,11
2024-11-17,27.249993287399437,0.210351,33.70006405748427,0,322,2024,11
2024-11-18,27.379993284493708,0.5549218,33.55357521213591,0,323,2024,11
2024-11-19,27.10999329052868,0.2939463,33.56730854138732,0,324,2024,11
2024-11-20,27.0399932920933,0.16936816,33.70006405748427,0,325,2024,11
2024-11-21,27.38999328427019,0.11075532,34.18988613411784,0,326,2024,11
2024-11-22,27.87999327331784,0.1606673,34.38062681816518,0,327,2024,11
2024-11-23,27.829993274435424,0.14588812,34.21277501620352,0,328,2024,11
2024-11-24,27.719993276894115,0.12535451,34.2432935256511,0,329,2024,11
2024-11-25,27.87999327331784,0.11559595,34.41877495497465,0,330,2024,11
2024-11-26,27.839993274211903,0.15664008,34.485915675759315,0,331,2024,11
2024-11-27,27.799993275105976,0.14085692,34.40046384930611,0,332,2024,11
2024-11-28,27.519993281364464,0.14083543,34.41114532761276,0,333,2024,11
2024-11-29,27.0399932920933,0.13754492,34.72243412397802,0,334,2024,11
2024-11-30,27.01999329254033,0.14589097,34.75753040984273,0,335,2024,11
2024-12-01,27.25999328717592,0.15407337,34.775841515511274,0,336,2024,12
2024-12-02,27.15999328941109,0.12624529,34.798730397596955,0,337,2024,12
2024-12-03,26.979993293434404,0.16872849,34.79415262117982,0,338,2024,12
2024-12-04,26.92999329455199,0.18440759,34.74379708059132,0,339,2024,12
2024-12-05,27.01999329254033,0.18588549,34.6232489682734,0,340,2024,12
2024-12-06,27.15999328941109,0.20801549,34.58815268240869,0,341,2024,12
2024-12-07,27.94999327175321,0.1826814,34.595782309770584,0,342,2024,12
2024-12-08,28.06999326907101,0.3199446,34.61104156449437,0,343,2024,12
2024-12-09,28.019993270188596,0.20189604,34.607989713549614,0,344,2024,12
2024-12-10,27.85999327376487,0.12732369,34.653767477720976,0,345,2024,12
2024-12-11,27.999993270635628,0.15242183,34.76058226078749,0,346,2024,12
2024-12-12,27.769993275776528,0.14355926,34.86892296932638,0,347,2024,12
2024-12-13,27.649993278458737,0.22138257,34.5515304710716,0,348,2024,12
2024-12-14,27.439993283152603,0.12971681,34.1212194878608,0,349,2024,12
2024-12-15,27.529993281140943,0.10165365,34.15478984825313,0,350,2024,12
2024-12-16,27.92999327220025,0.26725358,34.089175052940845,0,351,2024,12
2024-12-17,28.24999326504769,0.15765044,34.330271277576685,0,352,2024,12
2024-12-18,28.39999326169493,0.12629431,34.594256384298205,0,353,2024,12
2024-12-19,28.49999325945976,0.13509813,34.56831565126777,0,354,2024,12
2024-12-20,28.609993257001065,0.16318077,34.440137911587954,0,355,2024,12
2024-12-21,28.78999325297775,0.1364104,34.36078978702426,0,356,2024,12
2024-12-22,28.87999325096609,0.14280067,34.36994533985853,0,357,2024,12
2024-12-23,28.799993252754238,0.11379069,34.45997494272888,0,358,2024,12
2024-12-24,28.82999325208368,0.19847754,34.424878656864166,0,359,2024,12
2024-12-25,28.65999325588348,0.16524886,34.52558973804116,0,360,2024,12
2024-12-26,28.989993248507403,0.16343465,34.766685962677,0,361,2024,12
2024-12-27,28.839993251860164,0.18782064,34.83077483251691,0,362,2024,12
2024-12-28,28.849993251636647,0.17439269,34.775841515511274,0,363,2024,12
2024-12-29,28.769993253424783,0.11959601,34.85366371460259,0,364,2024,12
2024-12-30,29.11999324560168,0.17558986,34.89944147877395,0,365,2024,12
2024-12-31,29.12999324537816,0.1949588,34.88570814952254,0,366,2024,12
2025-01-01,28.909993250295543,0.1804775,34.86892296932638,0,1,2025,1
2025-01-02,28.69999325498941,0.1648915,34.896389627829194,0,2,2025,1
2025-01-03,28.419993261247896,0.15878329,34.966582199558616,0,3,2025,1
2025-01-04,28.24999326504769,0.20807211,35.027619218453765,0,4,2025,1
2025-01-05,28.219993265718244,0.21024488,34.99404885806143,0,5,2025,1
2025-01-06,28.19999326616528,0.19655298,34.93758961558342,0,6,2025,1
2025-01-07,28.04999326951804,0.19508262,34.9391155410558,0,7,2025,1
2025-01-08,28.059993269294523,0.25521308,34.97268590144813,0,8,2025,1
2025-01-09,28.219993265718244,0.22165863,34.98489330522716,0,9,2025,1
2025-01-10,28.47999325990679,0.19439377,35.062715504318476,0,10,2025,1
2025-01-11,28.729993254318856,0.16721335,35.14053770340979,0,11,2025,1
2025-01-12,29.13999324515464,0.11814077,35.13138215057552,0,12,2025,1
2025-01-13,29.28999324180188,0.10837495,35.088656237348914,0,13,2025,1
2025-01-14,29.28999324180188,0.07924323,34.980315528810024,0,14,2025,1
2025-01-15,29.299993241578363,0.088479474,34.95742664672434,0,15,2025,1
2025-01-16,29.16999324448409,0.11855302,34.97573775239289,0,16,2025,1
2025-01-17,29.05999324694278,0.177535,35.00625626184046,0,17,2025,1
2025-01-18,29.159993244707607,0.17774154,35.039826622232795,0,18,2025,1
2025-01-19,29.379993239790224,0.1635605,35.052034026011825,0,19,2025,1
2025-01-20,29.299993241578363,0.15044521,35.07187105715275,0,20,2025,1
2025-01-21,29.24999324269595,0.11569317,35.06576735526323,0,21,2025,1
2025-01-22,29.239993242919468,0.14574137,35.0825525354594,0,22,2025,1
2025-01-23,29.20999324359002,0.15699275,35.122226597741246,0,23,2025,1
2025-01-24,29.529993236437463,0.13805877,35.15274510718882,0,24,2025,1
2025-01-25,29.43999323844912,0.10088984,35.17410806380212,0,25,2025,1
2025-01-26,29.43999323844912,0.08419294,35.19089324399829,0,26,2025,1
2025-01-27,29.16999324448409,0.087571114,35.195471020415425,0,27,2025,1
2025-01-28,29.05999324694278,0.085367076,35.20004879683256,0,28,2025,1
2025-01-29,28.949993249401476,0.11822795,35.218359902501106,0,29,2025,1
2025-01-30,28.73999325409534,0.14946519,35.244300635531545,0,30,2025,1
2025-01-31,28.80999325253072,0.14098091,35.267189517617226,0,31,2025,1
2025-02-01,29.05999324694278,0.13561207,35.29007839970291,0,32,2025,2
2025-02-02,29.0499932471663,0.12734948,35.30838950537145,0,33,2025,2
2025-02-03,29.109993245825198,0.13914408,35.328226536512375,0,34,2025,2
2025-02-04,29.0499932471663,0.12843981,35.328226536512375,0,35,2025,2
2025-02-05,29.079993246495743,0.13941643,35.27024136856198,0,36,2025,2
2025-02-06,28.96999324895444,0.15989423,35.016937740147114,0,37,2025,2
2025-02-07,29.0499932471663,0.15705828,34.94521924294531,0,38,2025,2
2025-02-08,29.199993243813537,0.1228824,34.90096740424633,0,39,2025,2
2025-02-09,29.229993243142985,0.104545586,34.5011749304831,0,40,2025,2
2025-02-10,29.299993241578363,0.10440186,34.33332312852144,0,41,2025,2
2025-02-11,28.949993249401476,0.14952506,34.27838981151581,0,42,2025,2
2025-02-12,28.77999325320127,0.15110172,34.33790090493858,0,43,2025,2
2025-02-13,28.729993254318856,0.12269299,34.45692309178412,0,44,2025,2
2025-02-14,28.759993253648304,0.1418464,34.498123079538345,0,45,2025,2
2025-02-15,28.329993263259556,0.1350854,34.498123079538345,0,46,2025,2
2025-02-16,28.409993261471413,0.11803771,34.50270085595548,0,47,2025,2
2025-02-17,28.459993260353823,0.13480064,34.52864158898592,0,48,2025,2
2025-02-18,28.65999325588348,0.15531012,34.55458232201636,0,49,2025,2
2025-02-19,28.759993253648304,0.18505539,34.534745290875435,0,50,2025,2
2025-02-20,28.82999325208368,0.14498308,34.498123079538345,0,51,2025,2
2025-02-21,28.839993251860164,0.15057066,34.42030088044703,0,52,2025,2
2025-02-22,28.66999325565996,0.11185544,34.25397500395775,0,53,2025,2
2025-02-23,28.65999325588348,0.14157546,34.40961940214038,0,54,2025,2
2025-02-24,28.66999325565996,0.1253875,34.632404521107674,0,55,2025,2
2025-02-25,28.68999325521293,0.110190585,34.704123018309474,0,56,2025,2
2025-02-26,28.43999326080086,0.11706995,34.788048919290304,0,57,2025,2
2025-02-27,28.289993264153622,0.14944477,34.919278509914875,0,58,2025,2
2025-02-28,28.099993268400453,0.16414171,34.98336737975478,0,59,2025,2
2025-03-01,28.219993265718244,0.27433342,34.98794515617192,0,60,2025,3
2025-03-02,28.19999326616528,0.21761997,34.978789603337646,0,61,2025,3
2025-03-03,28.339993263036035,0.44715428,34.9391155410558,0,62,2025,3
2025-03-04,28.37999326214197,0.19027047,34.8887600004673,0,63,2025,3
2025-03-05,28.34999326281252,0.20849329,34.88570814952254,0,64,2025,3
2025-03-06,28.31999326348307,0.20495494,34.992522932589054,0,65,2025,3
2025-03-07,28.27999326437714,0.16459006,35.06729328073561,0,66,2025,3
2025-03-08,28.1899932663888,0.17378925,35.04745624959469,0,67,2025,3
2025-03-09,28.07999326884749,0.12924282,35.029145143926144,0,68,2025,3
2025-03-10,28.07999326884749,0.13993737,35.064241429790854,0,69,2025,3
2025-03-11,28.20999326594176,0.1355033,35.11612289585173,0,70,2025,3
2025-03-12,28.219993265718244,0.13636146,35.125278448686004,0,71,2025,3
2025-03-13,28.15999326705935,0.09778635,35.08407846093178,0,72,2025,3
2025-03-14,27.75999327600005,0.10320698,35.04440439864993,0,73,2025,3
2025-03-15,27.53999328091743,0.09275101,35.03372292034328,0,74,2025,3
2025-03-16,27.359993284940742,0.15153079,35.04287847317755,0,75,2025,3
2025-03-17,27.359993284940742,0.1133168,35.04898217506707,0,76,2025,3
2025-03-18,27.27999328672888,0.15097243,35.05966365337372,0,77,2025,3
2025-03-19,27.249993287399437,0.14485218,35.08560438640416,0,78,2025,3
2025-03-20,27.30999328605833,0.17420664,35.10696734301746,0,79,2025,3
2025-03-21,27.2699932869524,0.17512357,35.11764882132411,0,80,2025,3
2025-03-22,27.44999328292909,0.14316551,35.11612289585173,0,81,2025,3
2025-03-23,27.53999328091743,0.14470749,35.100863641127944,0,82,2025,3
2025-03-24,27.73999327644708,0.110787086,35.09475993923843,0,83,2025,3
2025-03-25,27.73999327644708,0.13351732,35.06729328073561,0,84,2025,3
2025-03-26,27.719993276894115,0.1558399,34.929959988221526,0,85,2025,3
2025-03-27,27.649993278458737,0.10801438,34.68886376358569,0,86,2025,3
2025-03-28,27.719993276894115,0.09713561,34.67665635980666,0,87,2025,3
2025-03-29,27.7299932766706,0.10707222,34.71022672019899,0,88,2025,3
2025-03-30,27.799993275105976,0.1043137,34.713278571143746,0,89,2025,3
2025-03-31,27.799993275105976,0.17329688,34.66902673244476,0,90,2025,3
2025-04-01,28.109993268176936,0.15745752,34.62630081921816,0,91,2025,4
2025-04-02,28.139993267506384,0.15812871,34.728537825867534,0,92,2025,4
2025-04-03,28.27999326437714,0.15379888,34.70564894378185,0,93,2025,4
2025-04-04,28.269993264600657,0.18505615,34.75447855889797,0,94,2025,4
2025-04-05,28.309993263706588,0.16385517,34.798730397596955,0,95,2025,4
2025-04-06,28.19999326616528,0.17848013,34.83993038535118,0,96,2025,4
2025-04-07,28.139993267506384,0.17047513,34.847560012713075,0,97,2025,4
2025-04-08,28.07999326884749,0.14024389,34.86587111838162,0,98,2025,4
2025-04-09,28.08999326862397,0.18244536,34.858241491019726,0,99,2025,4
2025-04-10,28.15999326705935,0.14659977,34.847560012713075,0,100,2025,4
2025-04-11,27.88999327309432,0.14940144,34.871974820271134,0,101,2025,4
2025-04-12,27.669993278011702,0.15384135,34.89028592593968,0,102,2025,4
2025-04-13,27.8999932728708,0.16505739,34.89944147877395,0,103,2025,4
2025-04-14,28.06999326907101,0.15325437,34.91470073349774,0,104,2025,4
2025-04-15,28.1899932663888,0.16427341,34.94064146652818,0,105,2025,4
2025-04-16,28.149993267282863,0.13307776,34.94827109389007,0,106,2025,4
2025-04-17,27.999993270635628,0.12086322,34.92538221180439,0,107,2025,4
2025-04-18,27.81999327465894,0.19116469,34.95284887030721,0,108,2025,4
2025-04-19,27.789993275329493,0.20858623,34.99404885806143,0,109,2025,4
2025-04-20,27.87999327331784,0.19464515,35.00625626184046,0,110,2025,4
2025-04-21,27.679993277788185,0.16034073,34.992522932589054,0,111,2025,4
2025-04-22,27.599993279576324,0.14685042,34.98489330522716,0,112,2025,4
2025-04-23,27.54999328069391,0.18498449,34.99404885806143,0,113,2025,4
2025-04-24,27.599993279576324,0.14148374,34.97726367786527,0,114,2025,4
2025-04-25,27.63999327868225,0.14459786,34.919278509914875,0,115,2025,4
2025-04-26,27.75999327600005,0.15323913,34.88113037310541,0,116,2025,4
2025-04-27,27.63999327868225,0.17118002,34.84145631082356,0,117,2025,4
2025-04-28,27.53999328091743,0.16588351,34.77889336645603,0,118,2025,4
2025-04-29,27.379993284493708,0.14341645,34.6949674654752,0,119,2025,4
2025-04-30,27.529993281140943,0.16303675,34.64003414846957,0,120,2025,4
2025-05-01,27.559993280470398,0.13509494,34.60951563902199,0,121,2025,5
2025-05-02,27.459993282705568,0.100062616,34.533219365403056,0,122,2025,5
2025-05-03,27.149993289634608,0.21928772,34.52864158898592,0,123,2025,5
2025-05-04,26.979993293434404,0.21164924,34.47218234650791,0,124,2025,5
2025-05-05,26.68999329991641,0.20415525,34.473708271980286,0,125,2025,5
2025-05-06,26.68999329991641,0.22719088,34.51796011067927,0,126,2025,5
2025-05-07,26.60999330170455,0.17943463,34.569841576740146,0,127,2025,5
2025-05-08,26.70999329946937,0.19004875,34.63545637205243,0,128,2025,5
2025-05-09,26.589993302151584,0.17112966,34.74379708059132,0,129,2025,5
2025-05-10,26.589993302151584,0.14446141,34.8170415032655,0,130,2025,5
2025-05-11,26.589993302151584,0.18035305,34.83230075798929,0,131,2025,5
2025-05-12,26.53999330326917,0.17703967,34.84145631082356,0,132,2025,5
2025-05-13,26.509993303939723,0.19873382,34.812463726848364,0,133,2025,5
2025-05-14,26.439993305504345,0.19484933,34.78499706834555,0,134,2025,5
2025-05-15,26.239993309974693,0.19781387,34.76516003720462,0,135,2025,5
2025-05-16,26.249993309751176,0.16289043,34.73311560228467,0,136,2025,5
2025-05-17,26.209993310645245,0.1753507,34.69801931641996,0,137,2025,5
2025-05-18,26.169993311539315,0.189597,34.68428598716855,0,138,2025,5
2025-05-19,26.199993310868763,0.17171556,34.678182285279036,0,139,2025,5
2025-05-20,26.14999331198635,0.23383081,34.68428598716855,0,140,2025,5
2025-05-21,26.1799933113158,0.2360908,34.69801931641996,0,141,2025,5
2025-05-22,26.10999331288042,0.16136943,34.68886376358569,0,142,2025,5
2025-05-23,26.009993315115597,0.17720434,34.63698229752481,0,143,2025,5
2025-05-24,25.969993316009663,0.22033621,34.632404521107674,0,144,2025,5
2025-05-25,26.099993313103937,0.19636044,34.61409341543913,0,145,2025,5
2025-05-26,26.129993312433385,0.25631806,34.5728934276849,0,146,2025,5
2025-05-27,26.119993312656906,0.20206618,34.55305639654398,0,147,2025,5
2025-05-28,25.939993316680216,0.22650416,34.57441935315728,0,148,2025,5
2025-05-29,25.789993320032977,0.18310776,34.64003414846957,0,149,2025,5
2025-05-30,25.68999332226815,0.18306082,34.68276006169617,0,150,2025,5
2025-05-31,25.64999332316222,0.17801428,34.69649339094758,0,151,2025,5
2025-06-01,25.619993323832773,0.19515696,34.71022672019899,0,152,2025,6
2025-06-02,25.549993325397395,0.20345943,34.728537825867534,0,153,2025,6
2025-06-03,25.549993325397395,0.18750139,34.71785634756088,0,154,2025,6
2025-06-04,25.509993326291465,0.19285022,34.69344154000282,0,155,2025,6
2025-06-05,25.40999332852664,0.20261818,34.68276006169617,0,156,2025,6
2025-06-06,25.209993332996987,0.19310337,34.653767477720976,0,157,2025,6
2025-06-07,25.189993333444026,0.27262622,34.65834525413811,0,158,2025,6
2025-06-08,25.06999333612623,0.271683,34.67665635980666,0,159,2025,6
2025-06-09,24.919993339478992,0.24260186,34.67665635980666,0,160,2025,6
2025-06-10,24.98999333791437,0.1967139,34.66292303055525,0,161,2025,6
2025-06-11,25.049993336573262,0.2595047,34.66902673244476,0,162,2025,6
2025-06-12,25.079993335902717,0.28036928,34.667500806972384,0,163,2025,6
2025-06-13,25.129993334785127,0.24427372,34.6446119248867,0,164,2025,6
2025-06-14,25.009993337467336,0.20368977,34.632404521107674,0,165,2025,6
2025-06-15,24.90999333970251,0.20974995,34.620197117328644,0,166,2025,6
2025-06-16,24.93999333903196,0.21124998,34.57441935315728,0,167,2025,6
2025-06-17,24.899993339926027,0.2284703,34.415723104029894,0,168,2025,6
2025-06-18,24.52999334819617,0.21647716,34.30433054454625,0,169,2025,6
2025-06-19,24.43999335020783,0.36678338,34.33484905399382,0,170,2025,6
2025-06-20,24.46999334953728,0.30240977,34.36384163796902,0,171,2025,6
2025-06-21,24.689993344619893,0.24871543,34.33790090493858,0,172,2025,6
2025-06-22,24.729993343725823,0.25235996,34.3363749794662,0,173,2025,6
2025-06-23,24.77999334260824,0.21428764,34.38825644552708,0,174,2025,6
2025-06-24,24.819993341714166,0.21726976,34.46913049556315,0,175,2025,6
2025-06-25,24.83999334126713,0.18541087,34.475234197452664,0,176,2025,6
2025-06-26,24.77999334260824,0.20454006,34.487441601231694,0,177,2025,6
2025-06-27,24.729993343725823,0.22777005,34.48438975028694,0,178,2025,6
2025-06-28,24.31999335289004,0.22776961,34.29670091718435,0,179,2025,6
2025-06-29,24.299993353337072,0.24523571,34.17615280486643,0,180,2025,6
2025-06-30,24.22999335490169,0.3614381,34.005249151960015,0,181,2025,6
2025-07-01,24.279993353784107,0.3292012,33.77330848015845,0,182,2025,7
2025-07-02,24.389993351325412,0.27310157,33.631397411227226,0,183,2025,7
2025-07-03,24.509993348643206,0.20410244,33.62681963481009,0,184,2025,7
2025-07-04,24.389993351325412,0.17281827,33.87859733775258,0,185,2025,7
2025-07-05,24.149993356689837,0.3228864,34.15936762467027,0,186,2025,7
2025-07-06,24.01999335959556,0.4401412,34.18225650675595,0,187,2025,7
2025-07-07,23.91999336183073,0.36239678,34.02356025762856,0,188,2025,7
2025-07-08,23.799993364512943,0.38460895,33.739738119766116,0,189,2025,7
2025-07-09,23.689993366971635,0.26948875,33.86944178491831,0,190,2025,7
2025-07-10,23.759993365407013,0.21869446,34.041871363297105,0,191,2025,7
2025-07-11,23.689993366971635,0.21125028,34.293649066239595,0,192,2025,7
2025-07-12,23.759993365407013,0.26568496,34.56373787485063,0,193,2025,7
2025-07-13,23.689993366971635,0.19854091,34.65834525413811,0,194,2025,7
2025-07-14,23.729993366077565,0.22129062,34.75905633531511,0,195,2025,7
2025-07-15,23.649993367865704,0.19806354,34.79110077023506,0,196,2025,7
2025-07-16,23.78999336473646,0.19519292,34.76516003720462,0,197,2025,7
2025-07-17,23.81999336406591,0.16581006,34.800256323069334,0,198,2025,7
2025-07-18,24.15999335646632,0.17144929,34.870448894798756,0,199,2025,7
2025-07-19,24.12999335713687,0.19408627,35.07034513168037,0,200,2025,7
2025-07-20,24.28999335356059,0.1326032,35.16190066002309,0,201,2025,7
2025-07-21,24.239993354678177,0.15064368,35.158848809078336,0,202,2025,7
2025-07-22,23.999993360042595,0.24772754,35.16190066002309,0,203,2025,7
2025-07-23,23.66999336741867,0.23881778,35.16495251096785,0,204,2025,7
2025-07-24,23.779993364959974,0.25006256,35.160374734550714,0,205,2025,7
2025-07-25,23.81999336406591,0.23781921,35.050508100539446,0,206,2025,7
2025-07-26,23.879993362724804,0.18247414,34.86281926743686,0,207,2025,7
2025-07-27,23.729993366077565,0.18379322,34.810937801375985,0,208,2025,7
2025-07-28,23.84999336339536,0.1328146,34.85366371460259,0,209,2025,7
2025-07-29,23.969993360713147,0.19592746,34.8887600004673,0,210,2025,7
2025-07-30,23.91999336183073,0.1515906,34.931485913693905,0,211,2025,7
2025-07-31,23.759993365407013,0.22652338,34.966582199558616,0,212,2025,7
2025-08-01,23.71999336630108,0.36452448,34.97115997597575,0,213,2025,8
2025-08-02,23.66999336741867,0.18190679,34.96505627408624,0,214,2025,8
2025-08-03,23.619993368536257,0.24177673,34.97573775239289,0,215,2025,8
2025-08-04,23.50999337099495,0.2231692,34.992522932589054,0,216,2025,8
2025-08-05,23.619993368536257,0.24799238,35.013885889202356,0,217,2025,8
2025-08-06,23.51999337077143,0.2000429,35.03372292034328,0,218,2025,8
2025-08-07,23.679993367195152,0.18412139,35.06881920620799,0,219,2025,8
2025-08-08,23.739993365854048,0.18043236,35.100863641127944,0,220,2025,8
2025-08-09,23.89999336227777,0.18337092,35.11459697037935,0,221,2025,8
2025-08-10,23.989993360266112,0.16952321,35.125278448686004,0,222,2025,8
2025-08-11,23.999993360042595,0.31746644,35.12833029963076,0,223,2025,8
2025-08-12,24.01999335959556,0.15143348,35.12680437415838,0,224,2025,8
2025-08-13,23.89999336227777,0.15473844,35.11917474679649,0,225,2025,8
2025-08-14,23.949993361160185,0.20801018,35.111545119434595,0,226,2025,8
2025-08-15,23.779993364959974,0.19963129,35.10849326848984,0,227,2025,8
2025-08-16,23.81999336406591,0.18100318,35.09018216282129,0,228,2025,8
2025-08-17,23.649993367865704,0.16903186,35.05661180242896,0,229,2025,8
2025-08-18,23.769993365183492,0.15691912,35.03524884581566,0,230,2025,8
2025-08-19,23.729993366077565,0.17266886,35.039826622232795,0,231,2025,8
2025-08-20,23.989993360266112,0.19461566,35.01846366561949,0,232,2025,8
2025-08-21,23.999993360042595,0.25751397,34.9818414542824,0,233,2025,8
2025-08-22,23.89999336227777,0.4157379,34.97268590144813,0,234,2025,8
2025-08-23,23.60999336875977,0.43527555,34.98489330522716,0,235,2025,8
2025-08-24,23.619993368536257,0.47474542,34.99557478353381,0,236,2025,8
2025-08-25,23.659993367642187,1.1245759,34.97726367786527,0,237,2025,8
2025-08-26,23.81999336406591,1.7460699,34.97726367786527,0,238,2025,8
2025-08-27,23.86999336294832,0.31296927,35.026093292981386,0,239,2025,8
2025-08-28,23.91999336183073,0.45608044,34.97115997597575,0,240,2025,8
2025-08-29,24.339993352443003,0.5303126,34.678182285279036,0,241,2025,8
2025-08-30,24.649993345513963,0.26836762,34.569841576740146,0,242,2025,8
2025-08-31,24.78999334238472,0.25767732,34.53779714182019,0,243,2025,8
2025-09-01,24.7999933421612,0.4665379,34.50422678142786,0,244,2025,9
2025-09-02,24.959993338584923,0.49832135,34.51338233426213,0,245,2025,9
2025-09-03,24.74999334327879,0.1963351,34.438611986115575,0,246,2025,9
2025-09-04,24.689993344619893,0.19631934,34.38062681816518,0,247,2025,9
2025-09-05,24.419993350654863,0.1714216,34.328745352104306,0,248,2025,9
2025-09-06,24.40999335087838,0.15739067,34.35010830871761,0,249,2025,9
2025-09-07,24.12999335713687,0.3297292,34.23871574923396,0,250,2025,9
2025-09-08,24.1699933562428,0.5152001,33.982360269874334,0,251,2025,9
2025-09-09,24.31999335289004,0.19667684,33.77941218204796,0,252,2025,9
2025-09-10,24.40999335087838,0.20195071,33.643604815006256,0,253,2025,9
2025-09-11,24.569993347302105,0.29765812,33.45591598190367,0,254,2025,9
2025-09-12,24.709993344172855,0.2070027,33.489486342296004,0,255,2025,9
2025-09-13,24.71999334394934,0.29407823,33.56425669044256,0,256,2025,9
2025-09-14,24.46999334953728,0.48596781,33.585619647055864,0,257,2025,9
2025-09-15,24.029993359372043,0.483918,33.57799001969397,0,258,2025,9
2025-09-16,23.959993360936664,1.5498724,33.88164918869734,0,259,2025,9
2025-09-17,23.51999337077143,0.7479021,34.04797506518662,0,260,2025,9
2025-09-18,23.959993360936664,0.38171914,33.956419536843896,0,261,2025,9
2025-09-19,24.149993356689837,0.28046376,33.8770714122802,0,262,2025,9
2025-09-20,23.89999336227777,0.27540722,33.93658250570297,0,263,2025,9
2025-09-21,23.84999336339536,0.36390877,34.041871363297105,0,264,2025,9
2025-09-22,23.86999336294832,0.3063566,34.11969356238842,0,265,2025,9
2025-09-23,24.269993354007624,0.3343875,34.20361946336925,0,266,2025,9
2025-09-24,24.349993352219485,0.24718666,34.258552780374885,0,267,2025,9
2025-09-25,24.379993351548933,0.24717587,34.30433054454625,0,268,2025,9
2025-09-26,24.379993351548933,0.16578314,34.37604904174805,0,269,2025,9
2025-09-27,24.809993341937684,0.21375732,34.56373787485063,0,270,2025,9
2025-09-28,24.859993340820097,0.1808359,34.810937801375985,0,271,2025,9
2025-09-29,24.93999333903196,0.17895733,34.74837485700846,0,272,2025,9
2025-09-30,24.84999334104361,0.17787063,34.85366371460259,0,273,2025,9
2025-10-01,25.009993337467336,0.1355621,34.980315528810024,0,274,2025,10
2025-10-02,25.05999333634975,0.14612238,34.94064146652818,0,275,2025,10
2025-10-03,24.999993337690853,0.096763,34.920804435387254,0,276,2025,10
2025-10-04,24.769993342831757,0.091096036,34.97268590144813,0,277,2025,10
2025-10-05,24.809993341937684,0.14596522,34.978789603337646,0,278,2025,10
2025-10-06,24.7999933421612,0.18068334,34.9818414542824,0,279,2025,10
2025-10-07,24.929993339255475,0.21847604,34.9894710816443,0,280,2025,10
2025-10-08,24.77999334260824,0.24259427,34.98641923069954,0,281,2025,10
2025-10-09,24.83999334126713,0.17721081,34.978789603337646,0,282,2025,10
2025-10-10,24.84999334104361,0.15248504,34.97268590144813,0,283,2025,10
2025-10-11,25.169993333891057,0.1664633,34.955900721251965,0,284,2025,10
2025-10-12,25.45999332740905,0.17855065,34.92843406274915,0,285,2025,10
2025-10-13,25.389993328973677,0.19448589,34.908597031608224,0,286,2025,10
2025-10-14,25.39999332875016,0.12129721,34.884182224050164,0,287,2025,10
2025-10-15,25.68999332226815,0.1584853,34.859767416492105,0,288,2025,10
2025-10-16,25.639993323385735,0.14937079,34.83077483251691,0,289,2025,10
2025-10-17,25.64999332316222,0.13455603,34.84298223629594,0,290,2025,10
2025-10-18,25.2599933318794,0.18934499,34.84298223629594,0,291,2025,10
2025-10-19,25.269993331655883,0.18728724,34.833826683461666,0,292,2025,10
2025-10-20,25.269993331655883,0.1875831,34.85518964007497,0,293,2025,10
2025-10-21,25.209993332996987,0.14940189,34.88113037310541,0,294,2025,10
2025-10-22,25.209993332996987,0.17168398,34.90401925519109,0,295,2025,10
2025-10-23,25.119993335008644,0.17781591,34.917752584442496,0,296,2025,10
2025-10-24,25.24999333210292,0.15574263,34.919278509914875,0,297,2025,10
2025-10-25,25.289993331208848,0.17662448,34.90401925519109,0,298,2025,10
2025-10-26,25.349993329867743,0.21326822,34.87960444763303,0,299,2025,10
2025-10-27,25.699993322044637,0.3036322,34.85213778913021,0,300,2025,10
2025-10-28,25.4899933267385,0.17491108,34.77126373909414,0,301,2025,10
2025-10-29,25.52999332584443,0.11707298,34.74684893153608,0,302,2025,10
2025-10-30,25.46999332718553,0.078264326,34.74837485700846,0,303,2025,10
2025-10-31,25.889993317797803,0.1330575,34.763634111732244,0,304,2025,10
2025-11-01,25.889993317797803,0.12462668,34.775841515511274,0,305,2025,11
2025-11-02,25.739993321150564,0.1214252,34.798730397596955,0,306,2025,11
2025-11-03,25.55999332517388,0.14867996,34.859767416492105,0,307,2025,11
2025-11-04,25.539993325620912,0.1647734,34.90554518066347,0,308,2025,11
2025-11-05,25.75999332070353,0.14832723,34.90554518066347,0,309,2025,11
2025-11-06,25.76999332048001,0.10741513,34.929959988221526,0,310,2025,11
2025-11-07,25.829993319138907,0.14157866,34.954374795779586,0,311,2025,11
2025-11-08,26.009993315115597,0.13901411,34.966582199558616,0,312,2025,11
2025-11-09,26.07999331355097,0.15096971,34.97115997597575,0,313,2025,11
2025-11-10,26.10999331288042,0.11647024,34.978789603337646,0,314,2025,11
2025-11-11,26.529993303492688,0.17145503,34.97726367786527,0,315,2025,11
2025-11-12,26.56999330259862,0.1346777,34.931485913693905,0,316,2025,11
2025-11-13,26.469993304833796,0.14368443,34.9101229570806,0,317,2025,11
2025-11-14,26.48999330438676,0.17960277,34.882656298577785,0,318,2025,11
2025-11-15,26.39999330639841,0.1955633,34.93453776463866,0,319,2025,11
2025-11-16,26.32999330796304,0.18923827,34.99862663447857,0,320,2025,11
2025-11-17,26.159993311762832,0.15813181,34.955900721251965,0,321,2025,11
2025-11-18,25.86999331824484,0.20588765,34.978789603337646,0,322,2025,11
2025-11-19,25.849993318691872,0.20312525,35.0108340382576,0,323,2025,11
2025-11-20,25.859993318468355,0.18641368,35.027619218453765,0,324,2025,11
2025-11-21,26.199993310868763,0.20249881,35.052034026011825,0,325,2025,11
2025-11-22,26.38999330662193,0.25392398,35.05813772790134,0,326,2025,11
2025-11-23,26.219993310421728,0.19336948,35.052034026011825,0,327,2025,11
2025-11-24,26.129993312433385,0.394836,35.02456736750901,0,328,2025,11
2025-11-25,26.14999331198635,0.32114854,34.99710070900619,0,329,2025,11
2025-11-26,26.449993305280827,0.16309427,34.97268590144813,0,330,2025,11
2025-11-27,26.45999330505731,0.18728866,34.90249332971871,0,331,2025,11
2025-11-28,26.39999330639841,0.22557937,34.84145631082356,0,332,2025,11
2025-11-29,26.32999330796304,0.20069061,34.83993038535118,0,333,2025,11
2025-11-30,26.61999330148103,0.21835883,34.86434519290924,0,334,2025,11
2025-12-01,26.39999330639841,0.20713617,34.871974820271134,0,335,2025,12
2025-12-02,26.33999330773952,0.22315507,34.91164888255298,0,336,2025,12
2025-12-03,26.119993312656906,0.22309306,34.68276006169617,0,337,2025,12
2025-12-04,26.30999330841007,0.13087845,34.42182680591941,0,338,2025,12
2025-12-05,26.289993308857103,0.101532,34.77278966456652,0,339,2025,12
2025-12-06,26.469993304833796,0.12707254,34.78041929192841,0,340,2025,12
2025-12-07,26.53999330326917,0.1094937,34.85366371460259,0,341,2025,12
2025-12-08,26.94999329410496,0.09817188,34.85671556554735,0,342,2025,12
2025-12-09,27.209993288293504,0.09729054,34.86434519290924,0,343,2025,12
2025-12-10,26.94999329410496,0.10990063,34.88723407499492,0,344,2025,12
2025-12-11,26.739993298798822,0.08420503,34.919278509914875,0,345,2025,12
2025-12-12,26.759993298351787,0.108707026,34.94979701936245,0,346,2025,12
2025-12-13,26.96999329365792,0.13072248,34.92538221180439,0,347,2025,12
2025-12-14,26.91999329477551,0.091391295,34.93758961558342,0,348,2025,12
2025-12-15,27.01999329254033,0.11032873,35.0108340382576,0,349,2025,12
2025-12-16,27.54999328069391,0.10157011,35.03372292034328,0,350,2025,12
2025-12-17,27.44999328292909,0.1153489,35.02151551656425,0,351,2025,12
2025-12-18,27.489993282035016,0.11527475,35.00778218731284,0,352,2025,12
2025-12-19,27.50999328158798,0.10645278,34.92843406274915,0,353,2025,12
2025-12-20,27.61999327912929,0.12765726,34.98641923069954,0,354,2025,12
2025-12-21,27.599993279576324,0.12633884,35.04135254770517,0,355,2025,12
2025-12-22,27.50999328158798,0.11927397,35.04593032412231,0,356,2025,12
2025-12-23,27.53999328091743,0.120607756,34.91470073349774,0,357,2025,12
2025-12-24,27.649993278458737,0.10021375,34.534745290875435,0,358,2025,12
2025-12-25,27.749993276223563,0.0980265,34.03424173593521,0,359,2025,12
2025-12-26,27.84999327398839,0.12231948,33.64818259142339,0,360,2025,12
2025-12-27,27.87999327331784,0.1283963,33.33994564600289,0,361,2025,12
2025-12-28,27.799993275105976,0.17407666,33.127842005342245,0,362,2025,12
2025-12-29,27.58999327979984,0.15085031,33.33689379505813,0,363,2025,12
2025-12-30,27.50999328158798,0.14522968,33.69548628106713,0,364,2025,12
2025-12-31,27.57999328002336,0.11133435,34.03271581046283,0,365,2025,12
2026-01-01,27.58999327979984,0.11404565,34.14410836994648,0,1,2026,1
2026-01-02,27.61999327912929,0.11471073,34.01440470479429,0,2,2026,1
2026-01-03,27.56999328024688,0.12965007,34.25244907848537,0,3,2026,1
2026-01-04,28.15999326705935,0.12983385,34.51796011067927,0,4,2026,1
2026-01-05,28.51999325901272,0.114815585,34.73006375133991,0,5,2026,1
2026-01-06,28.409993261471413,0.1351525,34.84298223629594,0,6,2026,1
2026-01-07,28.1899932663888,0.13389827,34.894863702356815,0,7,2026,1
2026-01-08,28.16999326683583,0.110664435,34.933011839166284,0,8,2026,1
2026-01-09,28.109993268176936,0.11066427,34.74074522964656,0,9,2026,1
2026-01-10,27.989993270859145,0.108732186,34.3363749794662,0,10,2026,1
2026-01-11,27.959993271529697,0.124115236,34.17004910297692,0,11,2026,1
2026-01-12,27.909993272647284,0.16168226,34.246345376595855,0,12,2026,1
2026-01-13,27.94999327175321,0.14064312,34.25092315301299,0,13,2026,1
2026-01-14,28.019993270188596,0.13700819,34.26160463131964,0,14,2026,1
2026-01-15,28.06999326907101,0.13610488,34.36841941438615,0,15,2026,1
2026-01-16,28.03999326974156,0.14901604,34.24939722754061,0,16,2026,1
2026-01-17,27.979993271082662,0.17220002,33.944212133064866,0,17,2026,1
2026-01-18,27.999993270635628,0.17196035,33.932004729285836,0,18,2026,1
2026-01-19,27.989993270859145,0.18408789,33.945738058537245,0,19,2026,1
2026-01-20,27.84999327398839,0.1870314,34.65987117961049,0,20,2026,1
2026-01-21,27.46999328248205,0.18950713,34.812463726848364,0,21,2026,1
2026-01-22,27.479993282258533,0.36872187,34.91470073349774,0,22,2026,1
2026-01-23,27.46999328248205,0.12587307,35.02456736750901,0,23,2026,1
2026-01-24,27.749993276223563,0.18643276,35.07187105715275,0,24,2026,1
2026-01-25,27.85999327376487,0.288325,34.95742664672434,0,25,2026,1
2026-01-26,27.999993270635628,0.14052075,34.340952755883336,0,26,2026,1
2026-01-27,28.15999326705935,0.21168788,32.80587173067033,0,27,2026,1
2026-01-28,27.8999932728708,0.26924863,31.745353527367115,0,28,2026,1
2026-01-29,27.919993272423767,0.19208764,31.623279489576817,0,29,2026,1
2026-01-30,27.839993274211903,0.18242545,31.698049837723374,0,30,2026,1
2026-01-31,28.059993269294523,0.18259521,31.997131230309606,0,31,2026,1
2026-02-01,28.43999326080086,0.15609871,32.61513104662299,0,32,2026,2
2026-02-02,28.27999326437714,0.16164786,33.2529678940773,0,33,2026,2
2026-02-03,28.219993265718244,0.15467313,33.610034454613924,0,34,2026,2
2026-02-04,27.839993274211903,0.14360097,33.86333808302879,0,35,2026,2
2026-02-05,28.00999327041211,0.16059461,34.078493574634194,0,36,2026,2
2026-02-06,28.23999326527121,0.18999423,34.235663898289204,0,37,2026,2
2026-02-07,28.369993262365483,0.17743452,34.340952755883336,0,38,2026,2
2026-02-08,28.369993262365483,0.14563909,34.449293464422226,0,39,2026,2
2026-02-09,28.1299932677299,0.20875491,34.60341193713248,0,40,2026,2
2026-02-10,28.059993269294523,0.22284944,34.653767477720976,0,41,2026,2
2026-02-11,27.93999327197673,0.21004273,34.60951563902199,0,42,2026,2
2026-02-12,27.94999327175321,0.24808766,34.47065642103553,0,43,2026,2
2026-02-13,27.94999327175321,0.25137737,34.18225650675595,0,44,2026,2
2026-02-14,27.559993280470398,0.26572806,34.029663959518075,0,45,2026,2
2026-02-15,26.92999329455199,0.22454445,34.11053800955415,0,46,2026,2
2026-02-16,26.479993304610275,0.21561076,34.36078978702426,0,47,2026,2
2026-02-17,27.069993291422747,0.41295803,34.45997494272888,0,48,2026,2
2026-02-18,27.359993284940742,0.2950081,34.511856408789754,0,49,2026,2
2026-02-19,27.53999328091743,0.19903153,34.50575270690024,0,50,2026,2
2026-02-20,27.599993279576324,0.23758833,34.36078978702426,0,51,2026,2
2026-02-21,27.709993277117636,0.17077494,34.31348609738052,0,52,2026,2
2026-02-22,27.62999327890577,0.17221333,34.450819389894605,0,53,2026,2
2026-02-23,27.599993279576324,0.15778144,34.65834525413811,0,54,2026,2
2026-02-24,27.57999328002336,0.113805845,34.58967860788107,0,55,2026,2
2026-02-25,27.65999327823522,0.14103861,34.823145205155015,0,56,2026,2
2026-02-26,27.85999327376487,0.059249826,34.97573775239289,0,57,2026,2
2026-02-27,28.1899932663888,0.094185024,35.08102660998702,0,58,2026,2
2026-02-28,28.289993264153622,0.09819441,35.123752523213625,0,59,2026,2
2026-03-01,28.23999326527121,0.106632814,35.06576735526323,0,60,2026,3
2026-03-02,28.229993265494727,0.09129429,34.94521924294531,0,61,2026,3
2026-03-03,28.24999326504769,0.09129434,34.833826683461666,0,62,2026,3
2026-03-04,28.25999326482417,0.1348022,34.871974820271134,0,63,2026,3
2026-03-05,28.25999326482417,0.15717964,34.73464152775705,0,64,2026,3
2026-03-06,28.15999326705935,0.094821416,34.66292303055525,0,65,2026,3
2026-03-07,28.179993266612318,0.106692374,34.846034087240696,0,66,2026,3
2026-03-08,28.06999326907101,0.126607,34.79110077023506,0,67,2026,3
2026-03-09,28.08999326862397,0.11314601,34.60493786260486,0,68,2026,3
2026-03-10,28.059993269294523,0.114519544,34.64003414846957,0,69,2026,3
2026-03-11,28.1299932677299,0.13597257,34.99404885806143,0,70,2026,3
2026-03-12,28.149993267282863,0.12659691,35.06576735526323,0,71,2026,3
2026-03-13,28.099993268400453,0.1282665,35.07187105715275,0,72,2026,3
2026-03-14,28.029993269965075,0.111436576,35.074922908097506,0,73,2026,3
2026-03-15,28.139993267506384,0.113687746,34.823145205155015,0,74,2026,3
2026-03-16,28.419993261247896,0.11362831,34.340952755883336,0,75,2026,3
2026-03-17,28.639993256330516,0.13228378,34.185308357700706,0,76,2026,3
2026-03-18,28.529993258789204,0.13970985,34.14105651900172,0,77,2026,3
2026-03-19,28.599993257224583,0.15155591,34.1212194878608,0,78,2026,3
2026-03-20,28.66999325565996,0.13631018,34.06933802179992,0,79,2026,3
2026-03-21,28.73999325409534,0.1117307,33.993041748180985,0,80,2026,3
2026-03-22,28.919993250072025,0.12360022,33.910641772672534,0,81,2026,3
2026-03-23,28.889993250742577,0.10599207,33.79467143677175,0,82,2026,3
2026-03-24,28.909993250295543,0.12141326,33.70006405748427,0,83,2026,3
2026-03-25,28.949993249401476,0.11507321,33.753471449017525,0,84,2026,3
2026-03-26,29.24999324269595,0.12458798,33.88775289058685,0,85,2026,3
2026-03-27,29.299993241578363,0.10806007,33.970152866095304,0,86,2026,3
2026-03-28,29.30999324135485,0.14845894,33.948789909482,0,87,2026,3
2026-03-29,29.35999324023726,0.14981031,33.97625656798482,0,88,2026,3
2026-03-30,29.239993242919468,0.11693507,33.932004729285836,0,89,2026,3
2026-03-31,29.029993247613334,0.122582994,34.15326392278075,0,90,2026,3
2026-04-01,,0.13121013,34.269234258681536,0,91,2026,4
2026-04-02,,0.1208675,34.3150120228529,0,92,2026,4
2026-04-03,,0.11999485,34.32721942663193,0,93,2026,4
2026-04-04,,0.1734305,34.30890832096338,0,94,2026,4
2026-04-05,,0.15123576,34.36841941438615,0,95,2026,4
2026-04-06,,0.13085602,34.49049345217645,0,96,2026,4
2026-04-07,,0.115572505,34.595782309770584,0,97,2026,4
2026-04-08,,0.14989255,34.85671556554735,0,98,2026,4
2026-04-09,,0.12894203,34.87655259668827,0,99,2026,4
2026-04-10,,0.16385107,34.79720447212458,0,100,2026,4
2026-04-11,,0.1568698,34.77126373909414,0,101,2026,4
2026-04-12,,0.15418847,34.809411875903606,0,102,2026,4
2026-04-13,,0.1517488,34.79110077023506,0,103,2026,4
2026-04-14,,0.12862818,34.76058226078749,0,104,2026,4
2026-04-15,,0.131185,34.78957484476268,0,105,2026,4
2026-04-16,,0.13426842,34.81551557779312,0,106,2026,4
2026-04-17,,0.12650797,34.871974820271134,0,107,2026,4
2026-04-18,,0.18548557,34.867397043854,0,108,2026,4
2026-04-19,,0.14579013,34.871974820271134,0,109,2026,4
2026-04-20,,0.17165059,34.919278509914875,0,110,2026,4
2026-04-21,,0.17091617,34.9604784976691,0,111,2026,4
2026-04-22,,0.13122351,35.01235996372998,0,112,2026,4
2026-04-23,,0.13122351,35.026093292981386,0,113,2026,4
2026-04-24,,0.17848592,35.064241429790854,0,114,2026,4
2026-04-25,,0.21030429,35.06881920620799,0,115,2026,4
2026-04-26,,0.18150409,35.062715504318476,0,116,2026,4
2026-04-27,,0.16916995,35.04440439864993,0,117,2026,4
2026-04-28,,0.108777665,35.050508100539446,0,118,2026,4
2026-04-29,,0.094605215,35.07339698262513,0,119,2026,4
2026-04-30,,0.1288728,35.076448833569884,0,120,2026,4
2026-05-01,,0.17914176,35.04135254770517,0,121,2026,5
2026-05-02,,0.17382121,35.03524884581566,0,122,2026,5
2026-05-03,,0.13051973,35.052034026011825,0,123,2026,5
2026-05-04,,0.085264385,35.07034513168037,0,124,2026,5
2026-05-05,,0.14308453,35.09018216282129,0,125,2026,5
2026-05-06,,0.17213055,35.09628586471081,0,126,2026,5
2026-05-07,,0.14134577,35.111545119434595,0,127,2026,5
2026-05-08,,0.17669307,35.11764882132411,0,128,2026,5
2026-05-09,,0.27934065,35.10849326848984,0,129,2026,5
2026-05-10,,0.25117838,35.07797475904226,0,130,2026,5
2026-05-11,,0.24642247,35.076448833569884,0,131,2026,5
2026-05-12,,0.30436194,35.10238956660032,0,132,2026,5
2026-05-13,,0.2683701,35.13138215057552,0,133,2026,5
2026-05-14,,0.27382705,35.13901177793741,0,134,2026,5
2026-05-15,,0.1963631,35.122226597741246,0,135,2026,5
2026-05-16,,0.19617969,35.074922908097506,0,136,2026,5
2026-05-17,,0.26077315,34.867397043854,0,137,2026,5
2026-05-18,,0.25516436,34.28449351340532,0,138,2026,5
2026-05-19,,0.18254744,33.98693804629147,0,139,2026,5
2026-05-20,,0.1867556,33.71074553579092,0,140,2026,5
2026-05-21,,0.22856776,33.26975307427347,0,141,2026,5
2026-05-22,,0.3797507,33.22092345915735,0,142,2026,5
2026-05-23,,0.22257587,32.97524945810437,0,143,2026,5
2026-05-24,,0.30395862,32.8440198674798,0,144,2026,5
2026-05-25,,0.22483577,33.00576796755195,0,145,2026,5
2026-05-26,,0.20250656,33.500167820602655,0,146,2026,5
2026-05-27,,0.20150475,33.657338144257665,0,147,2026,5
2026-05-28,,0.19766338,33.693960355594754,0,148,2026,5
2026-05-29,,0.15508956,33.65428629331291,0,149,2026,5
2026-05-30,,0.15077737,33.8343454990536,0,150,2026,5
2026-05-31,,0.2540521,34.148686146363616,0,151,2026,5
2026-06-01,,0.23608166,34.47218234650791,0,152,2026,6
2026-06-02,,0.20977184,34.69801931641996,0,153,2026,6
2026-06-03,,0.19118863,34.77889336645603,0,154,2026,6
2026-06-04,,0.13195674,34.77736744098365,0,155,2026,6
2026-06-05,,0.19052242,34.8170415032655,0,156,2026,6
2026-06-06,,0.2877224,34.87502667121589,0,157,2026,6
2026-06-07,,0.27359647,34.93758961558342,0,158,2026,6
2026-06-08,,0.23905373,34.91164888255298,0,159,2026,6
2026-06-09,,0.20904431,34.89791555330157,0,160,2026,6
2026-06-10,,0.15900451,34.87350074574351,0,161,2026,6
2026-06-11,,0.23139903,34.833826683461666,0,162,2026,6
2026-06-12,,0.17279968,34.83077483251691,0,163,2026,6
2026-06-13,,0.16826087,34.86129334196448,0,164,2026,6
2026-06-14,,0.12893091,34.86281926743686,0,165,2026,6
2026-06-15,,0.1594186,34.86281926743686,0,166,2026,6
2026-06-16,,0.1594186,34.87350074574351,0,167,2026,6
2026-06-17,,0.15488105,34.88570814952254,0,168,2026,6
2026-06-18,,0.10697141,34.896389627829194,0,169,2026,6
2026-06-19,,0.12336706,34.90401925519109,0,170,2026,6
2026-06-20,,0.1499349,34.94521924294531,0,171,2026,6
2026-06-21,,0.18190838,34.97573775239289,0,172,2026,6
2026-06-22,,0.18666455,34.97726367786527,0,173,2026,6
2026-06-23,,0.20629478,34.9604784976691,0,174,2026,6
2026-06-24,,0.20235221,,0,175,2026,6
2026-06-25,,0.16150604,,0,176,2026,6
2026-06-26,,0.14854151,,0,177,2026,6
2026-06-27,,0.12944287,,0,178,2026,6
2026-06-28,,0.14219737,,0,179,2026,6
2026-06-29,,0.23854926,,0,180,2026,6
2026-06-30,,0.2222924,,0,181,2026,6
2026-07-01,,0.18992965,,0,182,2026,7
2026-07-02,,0.3701687,,0,183,2026,7
2026-07-03,,0.29637957,,0,184,2026,7
2026-07-04,,0.5398885,,0,185,2026,7
2026-07-05,,0.24780889,,0,186,2026,7
2026-07-06,,0.21069306,,0,187,2026,7
2026-07-07,,0.20907503,,0,188,2026,7
2026-07-08,,0.15404256,,0,189,2026,7
2026-07-09,,0.13939112,,0,190,2026,7
2026-07-10,,0.21009439,,0,191,2026,7
2026-07-11,,0.22334652,,0,192,2026,7
2026-07-12,,0.1752303,,0,193,2026,7
2026-07-13,,0.20176947,,0,194,2026,7
2026-07-14,,0.16822395,,0,195,2026,7
2026-07-15,,0.18704057,,0,196,2026,7
2026-07-16,,0.1546827,,0,197,2026,7
2026-07-17,,0.17485215,,0,198,2026,7
2026-07-18,,0.1664312,,0,199,2026,7
2026-07-19,,0.20505248,,0,200,2026,7
2026-07-20,,0.2400334,,0,201,2026,7
2026-07-21,,0.23178804,,0,202,2026,7
2026-07-22,,0.184386,,0,203,2026,7
2026-07-23,,0.20773742,,0,204,2026,7
2026-07-24,,0.16015735,,0,205,2026,7
2026-07-25,,0.14235972,,0,206,2026,7
2026-07-26,,0.18202303,,0,207,2026,7
2026-07-27,,0.17785323,,0,208,2026,7
2026-07-28,,0.1470686,,0,209,2026,7
2026-07-29,,0.2154544,,0,210,2026,7
2026-07-30,,0.21681508,,0,211,2026,7
2026-07-31,,0.2525502,,0,212,2026,7
2026-08-01,,0.22414394,,0,213,2026,8
2026-08-02,,0.19768839,,0,214,2026,8
2026-08-03,,0.24404043,,0,215,2026,8
2026-08-04,,0.22652474,,0,216,2026,8
2026-08-05,,0.17669013,,0,217,2026,8
2026-08-06,,0.19345336,,0,218,2026,8
2026-08-07,,0.21614246,,0,219,2026,8
2026-08-08,,0.20784096,,0,220,2026,8
2026-08-09,,0.24475747,,0,221,2026,8
2026-08-10,,0.3241192,,0,222,2026,8
2026-08-11,,0.304072,,0,223,2026,8
2026-08-12,,0.27600095,,0,224,2026,8
2026-08-13,,0.280829,,0,225,2026,8
2026-08-14,,0.32747263,,0,226,2026,8
2026-08-15,,0.31048214,,0,227,2026,8
2026-08-16,,0.25015634,,0,228,2026,8
2026-08-17,,0.20510542,,0,229,2026,8
2026-08-18,,0.31160295,,0,230,2026,8
2026-08-19,,0.22606006,,0,231,2026,8
2026-08-20,,0.21124128,,0,232,2026,8
2026-08-21,,0.2555721,,0,233,2026,8
2026-08-22,,0.1900249,,0,234,2026,8
2026-08-23,,0.28817666,,0,235,2026,8
2026-08-24,,0.21502607,,0,236,2026,8
2026-08-25,,0.21144238,,0,237,2026,8
2026-08-26,,0.18880199,,0,238,2026,8
2026-08-27,,0.20729662,,0,239,2026,8
2026-08-28,,0.16981567,,0,240,2026,8
2026-08-29,,0.24066658,,0,241,2026,8
2026-08-30,,0.25629652,,0,242,2026,8
2026-08-31,,0.17338853,,0,243,2026,8
2026-09-01,,0.21727958,,0,244,2026,9
2026-09-02,,0.26241255,,0,245,2026,9
2026-09-03,,0.20321251,,0,246,2026,9
2026-09-04,,0.2148933,,0,247,2026,9
2026-09-05,,0.19587684,,0,248,2026,9
2026-09-06,,0.40006563,,0,249,2026,9
2026-09-07,,0.39946467,,0,250,2026,9
2026-09-08,,0.20938204,,0,251,2026,9
2026-09-09,,0.27486554,,0,252,2026,9
2026-09-10,,0.21929257,,0,253,2026,9
2026-09-11,,0.18750748,,0,254,2026,9
2026-09-12,,0.1405908,,0,255,2026,9
2026-09-13,,0.14720494,,0,256,2026,9
