date,sst,chl,sss,sightings,doy,year,month
1990-01-01,24.569993347302102,,,0,1,1990,1
1990-01-02,24.429993350431346,,,0,2,1990,1
1990-01-03,24.539993347972654,,,0,3,1990,1
1990-01-04,24.729993343725823,,,0,4,1990,1
1990-01-05,24.75999334305527,,,0,5,1990,1
1990-01-06,24.739993343502306,,,0,6,1990,1
1990-01-07,24.7999933421612,,,0,7,1990,1
1990-01-08,24.899993339926027,,,0,8,1990,1
1990-01-09,24.549993347749137,,,0,9,1990,1
1990-01-10,24.36999335177245,,,0,10,1990,1
1990-01-11,24.339993352443003,,,0,11,1990,1
1990-01-12,24.309993353113555,,,0,12,1990,1
1990-01-13,24.51999334841969,,,0,13,1990,1
1990-01-14,24.979993338137888,,,0,14,1990,1
1990-01-15,25.049993336573266,,,0,15,1990,1
1990-01-16,25.019993337243818,,,0,16,1990,1
1990-01-17,25.049993336573266,,,0,17,1990,1
1990-01-18,25.14999333433809,,,0,18,1990,1
1990-01-19,25.199993333220505,,,0,19,1990,1
1990-01-20,25.329993330314778,,,0,20,1990,1
1990-01-21,25.349993329867743,,,0,21,1990,1
1990-01-22,25.749993320927047,,,0,22,1990,1
1990-01-23,25.749993320927047,,,0,23,1990,1
1990-01-24,25.95999331623318,,,0,24,1990,1
1990-01-25,25.95999331623318,,,0,25,1990,1
1990-01-26,26.089993313327454,,,0,26,1990,1
1990-01-27,26.199993310868763,,,0,27,1990,1
1990-01-28,26.29999330863359,,,0,28,1990,1
1990-01-29,27.289993286505364,,,0,29,1990,1
1990-01-30,27.42999328337612,,,0,30,1990,1
1990-01-31,27.439993283152603,,,0,31,1990,1
1990-02-01,28.029993269965075,,,0,32,1990,2
1990-02-02,28.449993260577344,,,0,33,1990,2
1990-02-03,28.639993256330513,,,0,34,1990,2
1990-02-04,28.639993256330513,,,0,35,1990,2
1990-02-05,28.289993264153622,,,0,36,1990,2
1990-02-06,28.1299932677299,,,0,37,1990,2
1990-02-07,28.109993268176936,,,0,38,1990,2
1990-02-08,27.84999327398839,,,0,39,1990,2
1990-02-09,27.80999327488246,,,0,40,1990,2
1990-02-10,27.789993275329493,,,0,41,1990,2
1990-02-11,27.719993276894115,,,0,42,1990,2
1990-02-12,27.759993276000046,,,0,43,1990,2
1990-02-13,27.879993273317837,,,0,44,1990,2
1990-02-14,27.8999932728708,,,0,45,1990,2
1990-02-15,27.399993284046673,,,0,46,1990,2
1990-02-16,26.91999329477551,,,0,47,1990,2
1990-02-17,26.679993300139927,,,0,48,1990,2
1990-02-18,26.589993302151584,,,0,49,1990,2
1990-02-19,26.589993302151584,,,0,50,1990,2
1990-02-20,26.99999329298737,,,0,51,1990,2
1990-02-21,26.99999329298737,,,0,52,1990,2
1990-02-22,26.989993293210887,,,0,53,1990,2
1990-02-23,26.87999329566958,,,0,54,1990,2
1990-02-24,26.88999329544606,,,0,55,1990,2
1990-02-25,26.909993294999026,,,0,56,1990,2
1990-02-26,27.07999329119923,,,0,57,1990,2
1990-02-27,27.209993288293504,,,0,58,1990,2
1990-02-28,28.539993258565687,,,0,59,1990,2
1990-03-01,29.039993247389816,,,0,60,1990,3
1990-03-02,29.149993244931125,,,0,61,1990,3
1990-03-03,29.029993247613334,,,0,62,1990,3
1990-03-04,28.93999324962499,,,0,63,1990,3
1990-03-05,28.759993253648304,,,0,64,1990,3
1990-03-06,28.74999325387182,,,0,65,1990,3
1990-03-07,28.569993257895135,,,0,66,1990,3
1990-03-08,27.339993285387777,,,0,67,1990,3
1990-03-09,27.18999328874054,,,0,68,1990,3
1990-03-10,27.209993288293504,,,0,69,1990,3
1990-03-11,27.15999328941109,,,0,70,1990,3
1990-03-12,27.069993291422747,,,0,71,1990,3
1990-03-13,27.359993284940742,,,0,72,1990,3
1990-03-14,28.619993256777548,,,0,73,1990,3
1990-03-15,28.89999325051906,,,0,74,1990,3
1990-03-16,28.829993252083682,,,0,75,1990,3
1990-03-17,28.829993252083682,,,0,76,1990,3
1990-03-18,28.70999325476589,,,0,77,1990,3
1990-03-19,28.73999325409534,,,0,78,1990,3
1990-03-20,27.789993275329493,,,0,79,1990,3
1990-03-21,27.359993284940742,,,0,80,1990,3
1990-03-22,27.129993290081643,,,0,81,1990,3
1990-03-23,26.949993294104956,,,0,82,1990,3
1990-03-24,26.96999329365792,,,0,83,1990,3
1990-03-25,27.169993289187573,,,0,84,1990,3
1990-03-26,27.299993286281847,,,0,85,1990,3
1990-03-27,27.299993286281847,,,0,86,1990,3
1990-03-28,27.299993286281847,,,0,87,1990,3
1990-03-29,27.319993285834812,,,0,88,1990,3
1990-03-30,27.11999329030516,,,0,89,1990,3
1990-03-31,27.009993292763852,,,0,90,1990,3
1990-04-01,27.029993292316817,,,0,91,1990,4
1990-04-02,27.18999328874054,,,0,92,1990,4
1990-04-03,27.46999328248205,,,0,93,1990,4
1990-04-04,27.149993289634608,,,0,94,1990,4
1990-04-05,26.979993293434404,,,0,95,1990,4
1990-04-06,26.869993295893096,,,0,96,1990,4
1990-04-07,26.91999329477551,,,0,97,1990,4
1990-04-08,26.909993294999026,,,0,98,1990,4
1990-04-09,27.059993291646265,,,0,99,1990,4
1990-04-10,27.099993290752195,,,0,100,1990,4
1990-04-11,27.109993290528678,,,0,101,1990,4
1990-04-12,27.179993288964056,,,0,102,1990,4
1990-04-13,27.2699932869524,,,0,103,1990,4
1990-04-14,27.299993286281847,,,0,104,1990,4
1990-04-15,27.46999328248205,,,0,105,1990,4
1990-04-16,27.419993283599638,,,0,106,1990,4
1990-04-17,27.27999328672888,,,0,107,1990,4
1990-04-18,27.299993286281847,,,0,108,1990,4
1990-04-19,27.439993283152603,,,0,109,1990,4
1990-04-20,27.73999327644708,,,0,110,1990,4
1990-04-21,27.8999932728708,,,0,111,1990,4
1990-04-22,27.459993282705568,,,0,112,1990,4
1990-04-23,27.019993292540335,,,0,113,1990,4
1990-04-24,26.739993298798822,,,0,114,1990,4
1990-04-25,27.109993290528678,,,0,115,1990,4
1990-04-26,27.2699932869524,,,0,116,1990,4
1990-04-27,27.289993286505364,,,0,117,1990,4
1990-04-28,27.2699932869524,,,0,118,1990,4
1990-04-29,27.139993289858126,,,0,119,1990,4
1990-04-30,27.019993292540335,,,0,120,1990,4
1990-05-01,27.089993290975713,,,0,121,1990,5
1990-05-02,27.11999329030516,,,0,122,1990,5
1990-05-03,27.209993288293504,,,0,123,1990,5
1990-05-04,27.259993287175917,,,0,124,1990,5
1990-05-05,27.22999328784647,,,0,125,1990,5
1990-05-06,27.049993291869782,,,0,126,1990,5
1990-05-07,26.989993293210887,,,0,127,1990,5
1990-05-08,27.179993288964056,,,0,128,1990,5
1990-05-09,27.339993285387777,,,0,129,1990,5
1990-05-10,26.96999329365792,,,0,130,1990,5
1990-05-11,26.789993297681235,,,0,131,1990,5
1990-05-12,26.739993298798822,,,0,132,1990,5
1990-05-13,26.949993294104956,,,0,133,1990,5
1990-05-14,27.049993291869782,,,0,134,1990,5
1990-05-15,27.009993292763852,,,0,135,1990,5
1990-05-16,26.839993296563648,,,0,136,1990,5
1990-05-17,26.629993301257514,,,0,137,1990,5
1990-05-18,26.399993306398414,,,0,138,1990,5
1990-05-19,26.199993310868763,,,0,139,1990,5
1990-05-20,26.119993312656902,,,0,140,1990,5
1990-05-21,26.06999331377449,,,0,141,1990,5
1990-05-22,26.18999331109228,,,0,142,1990,5
1990-05-23,26.29999330863359,,,0,143,1990,5
1990-05-24,26.359993307292484,,,0,144,1990,5
1990-05-25,26.399993306398414,,,0,145,1990,5
1990-05-26,26.409993306174897,,,0,146,1990,5
1990-05-27,26.409993306174897,,,0,147,1990,5
1990-05-28,26.209993310645245,,,0,148,1990,5
1990-05-29,26.099993313103937,,,0,149,1990,5
1990-05-30,26.10999331288042,,,0,150,1990,5
1990-05-31,26.03999331444504,,,0,151,1990,5
1990-06-01,26.139993312209867,,,0,152,1990,6
1990-06-02,26.119993312656902,,,0,153,1990,6
1990-06-03,26.06999331377449,,,0,154,1990,6
1990-06-04,25.979993315786146,,,0,155,1990,6
1990-06-05,25.9499933164567,,,0,156,1990,6
1990-06-06,25.939993316680216,,,0,157,1990,6
1990-06-07,25.899993317574285,,,0,158,1990,6
1990-06-08,25.739993321150564,,,0,159,1990,6
1990-06-09,25.639993323385738,,,0,160,1990,6
1990-06-10,25.519993326067947,,,0,161,1990,6
1990-06-11,25.509993326291465,,,0,162,1990,6
1990-06-12,25.519993326067947,,,0,163,1990,6
1990-06-13,25.52999332584443,,,0,164,1990,6
1990-06-14,25.129993334785127,,,0,165,1990,6
1990-06-15,24.849993341043614,,,0,166,1990,6
1990-06-16,24.509993348643206,,,0,167,1990,6
1990-06-17,24.36999335177245,,,0,168,1990,6
1990-06-18,24.359993351995968,,,0,169,1990,6
1990-06-19,24.67999334484341,,,0,170,1990,6
1990-06-20,24.659993345290445,,,0,171,1990,6
1990-06-21,24.59999334663155,,,0,172,1990,6
1990-06-22,24.579993347078585,,,0,173,1990,6
1990-06-23,24.689993344619893,,,0,174,1990,6
1990-06-24,24.71999334394934,,,0,175,1990,6
1990-06-25,24.67999334484341,,,0,176,1990,6
1990-06-26,24.629993345960997,,,0,177,1990,6
1990-06-27,24.609993346408032,,,0,178,1990,6
1990-06-28,24.419993350654863,,,0,179,1990,6
1990-06-29,24.43999335020783,,,0,180,1990,6
1990-06-30,24.44999334998431,,,0,181,1990,6
1990-07-01,24.40999335087838,,,0,182,1990,7
1990-07-02,24.339993352443003,,,0,183,1990,7
1990-07-03,24.199993355572246,,,0,184,1990,7
1990-07-04,24.20999335534873,,,0,185,1990,7
1990-07-05,23.739993365854048,,,0,186,1990,7
1990-07-06,23.55999336987736,,,0,187,1990,7
1990-07-07,23.489993371441983,,,0,188,1990,7
1990-07-08,23.78999336473646,,,0,189,1990,7
1990-07-09,23.849993363395356,,,0,190,1990,7
1990-07-10,23.66999336741867,,,0,191,1990,7
1990-07-11,23.449993372336053,,,0,192,1990,7
1990-07-12,23.20999337770047,,,0,193,1990,7
1990-07-13,22.919993384182476,,,0,194,1990,7
1990-07-14,22.869993385300063,,,0,195,1990,7
1990-07-15,22.989993382617854,,,0,196,1990,7
1990-07-16,23.16999337859454,,,0,197,1990,7
1990-07-17,23.12999337948861,,,0,198,1990,7
1990-07-18,23.2499933768064,,,0,199,1990,7
1990-07-19,23.409993373230122,,,0,200,1990,7
1990-07-20,23.389993373677157,,,0,201,1990,7
1990-07-21,23.349993374571227,,,0,202,1990,7
1990-07-22,23.299993375688814,,,0,203,1990,7
1990-07-23,23.08999338038268,,,0,204,1990,7
1990-07-24,23.04999338127675,,,0,205,1990,7
1990-07-25,23.08999338038268,,,0,206,1990,7
1990-07-26,23.079993380606197,,,0,207,1990,7
1990-07-27,23.04999338127675,,,0,208,1990,7
1990-07-28,23.04999338127675,,,0,209,1990,7
1990-07-29,23.039993381500267,,,0,210,1990,7
1990-07-30,22.839993385970615,,,0,211,1990,7
1990-07-31,22.409993395581864,,,0,212,1990,7
1990-08-01,21.989993404969596,,,0,213,1990,8
1990-08-02,21.909993406757735,,,0,214,1990,8
1990-08-03,21.989993404969596,,,0,215,1990,8
1990-08-04,22.189993400499247,,,0,216,1990,8
1990-08-05,22.23999339938166,,,0,217,1990,8
1990-08-06,22.379993396252416,,,0,218,1990,8
1990-08-07,22.639993390440964,,,0,219,1990,8
1990-08-08,22.849993385747098,,,0,220,1990,8
1990-08-09,23.0199933819473,,,0,221,1990,8
1990-08-10,23.0199933819473,,,0,222,1990,8
1990-08-11,22.959993383288406,,,0,223,1990,8
1990-08-12,22.85999338552358,,,0,224,1990,8
1990-08-13,22.609993391111516,,,0,225,1990,8
1990-08-14,22.34999339692297,,,0,226,1990,8
1990-08-15,22.289993398264073,,,0,227,1990,8
1990-08-16,22.799993386864685,,,0,228,1990,8
1990-08-17,22.97999338284137,,,0,229,1990,8
1990-08-18,22.989993382617854,,,0,230,1990,8
1990-08-19,22.649993390217446,,,0,231,1990,8
1990-08-20,22.54999339245262,,,0,232,1990,8
1990-08-21,22.54999339245262,,,0,233,1990,8
1990-08-22,22.569993392005586,,,0,234,1990,8
1990-08-23,22.519993393123173,,,0,235,1990,8
1990-08-24,22.369993396475934,,,0,236,1990,8
1990-08-25,22.31999339759352,,,0,237,1990,8
1990-08-26,22.299993398040556,,,0,238,1990,8
1990-08-27,22.329993397370004,,,0,239,1990,8
1990-08-28,22.31999339759352,,,0,240,1990,8
1990-08-29,22.099993402510904,,,0,241,1990,8
1990-08-30,22.209993400052213,,,0,242,1990,8
1990-08-31,22.27999339848759,,,0,243,1990,8
1990-09-01,22.35999339669945,,,0,244,1990,9
1990-09-02,22.409993395581864,,,0,245,1990,9
1990-09-03,22.409993395581864,,,0,246,1990,9
1990-09-04,22.3899933960289,,,0,247,1990,9
1990-09-05,22.34999339692297,,,0,248,1990,9
1990-09-06,22.369993396475934,,,0,249,1990,9
1990-09-07,22.879993385076546,,,0,250,1990,9
1990-09-08,23.119993379712128,,,0,251,1990,9
1990-09-09,22.85999338552358,,,0,252,1990,9
1990-09-10,22.679993389546894,,,0,253,1990,9
1990-09-11,22.689993389323377,,,0,254,1990,9
1990-09-12,22.869993385300063,,,0,255,1990,9
1990-09-13,22.989993382617854,,,0,256,1990,9
1990-09-14,22.96999338306489,,,0,257,1990,9
1990-09-15,23.00999338217082,,,0,258,1990,9
1990-09-16,22.849993385747098,,,0,259,1990,9
1990-09-17,22.70999338887634,,,0,260,1990,9
1990-09-18,22.679993389546894,,,0,261,1990,9
1990-09-19,22.799993386864685,,,0,262,1990,9
1990-09-20,22.93999338373544,,,0,263,1990,9
1990-09-21,23.029993381723784,,,0,264,1990,9
1990-09-22,23.039993381500267,,,0,265,1990,9
1990-09-23,23.08999338038268,,,0,266,1990,9
1990-09-24,22.769993387535237,,,0,267,1990,9
1990-09-25,22.749993387982272,,,0,268,1990,9
1990-09-26,22.729993388429307,,,0,269,1990,9
1990-09-27,22.70999338887634,,,0,270,1990,9
1990-09-28,22.749993387982272,,,0,271,1990,9
1990-09-29,23.059993381053232,,,0,272,1990,9
1990-09-30,23.159993378818058,,,0,273,1990,9
1990-10-01,23.159993378818058,,,0,274,1990,10
1990-10-02,23.23999337702992,,,0,275,1990,10
1990-10-03,23.04999338127675,,,0,276,1990,10
1990-10-04,22.96999338306489,,,0,277,1990,10
1990-10-05,23.309993375465297,,,0,278,1990,10
1990-10-06,23.489993371441983,,,0,279,1990,10
1990-10-07,23.539993370324396,,,0,280,1990,10
1990-10-08,23.539993370324396,,,0,281,1990,10
1990-10-09,23.119993379712128,,,0,282,1990,10
1990-10-10,22.77999338731172,,,0,283,1990,10
1990-10-11,22.81999338641765,,,0,284,1990,10
1990-10-12,22.69999338909986,,,0,285,1990,10
1990-10-13,22.249993399158143,,,0,286,1990,10
1990-10-14,22.169993400946282,,,0,287,1990,10
1990-10-15,22.409993395581864,,,0,288,1990,10
1990-10-16,22.649993390217446,,,0,289,1990,10
1990-10-17,22.579993391782068,,,0,290,1990,10
1990-10-18,22.489993393793725,,,0,291,1990,10
1990-10-19,22.50999339334669,,,0,292,1990,10
1990-10-20,22.479993394017242,,,0,293,1990,10
1990-10-21,22.489993393793725,,,0,294,1990,10
1990-10-22,22.949993383511924,,,0,295,1990,10
1990-10-23,23.369993374124192,,,0,296,1990,10
1990-10-24,23.4799933716655,,,0,297,1990,10
1990-10-25,23.32999337501826,,,0,298,1990,10
1990-10-26,23.119993379712128,,,0,299,1990,10
1990-10-27,22.989993382617854,,,0,300,1990,10
1990-10-28,22.92999338395896,,,0,301,1990,10
1990-10-29,22.85999338552358,,,0,302,1990,10
1990-10-30,22.789993387088202,,,0,303,1990,10
1990-10-31,22.849993385747098,,,0,304,1990,10
1990-11-01,22.889993384853028,,,0,305,1990,11
1990-11-02,22.839993385970615,,,0,306,1990,11
1990-11-03,22.789993387088202,,,0,307,1990,11
1990-11-04,22.769993387535237,,,0,308,1990,11
1990-11-05,22.789993387088202,,,0,309,1990,11
1990-11-06,22.81999338641765,,,0,310,1990,11
1990-11-07,23.029993381723784,,,0,311,1990,11
1990-11-08,23.08999338038268,,,0,312,1990,11
1990-11-09,23.149993379041575,,,0,313,1990,11
1990-11-10,23.229993377253436,,,0,314,1990,11
1990-11-11,23.739993365854048,,,0,315,1990,11
1990-11-12,23.579993369430326,,,0,316,1990,11
1990-11-13,23.389993373677157,,,0,317,1990,11
1990-11-14,23.32999337501826,,,0,318,1990,11
1990-11-15,23.369993374124192,,,0,319,1990,11
1990-11-16,23.029993381723784,,,0,320,1990,11
1990-11-17,22.829993386194133,,,0,321,1990,11
1990-11-18,22.839993385970615,,,0,322,1990,11
1990-11-19,22.85999338552358,,,0,323,1990,11
1990-11-20,22.719993388652824,,,0,324,1990,11
1990-11-21,22.569993392005586,,,0,325,1990,11
1990-11-22,22.54999339245262,,,0,326,1990,11
1990-11-23,22.649993390217446,,,0,327,1990,11
1990-11-24,22.769993387535237,,,0,328,1990,11
1990-11-25,22.93999338373544,,,0,329,1990,11
1990-11-26,23.539993370324396,,,0,330,1990,11
1990-11-27,23.78999336473646,,,0,331,1990,11
1990-11-28,23.639993368089222,,,0,332,1990,11
1990-11-29,23.429993372783088,,,0,333,1990,11
1990-11-30,23.20999337770047,,,0,334,1990,11
1990-12-01,23.08999338038268,,,0,335,1990,12
1990-12-02,23.069993380829715,,,0,336,1990,12
1990-12-03,23.51999337077143,,,0,337,1990,12
1990-12-04,23.539993370324396,,,0,338,1990,12
1990-12-05,23.369993374124192,,,0,339,1990,12
1990-12-06,23.339993374794744,,,0,340,1990,12
1990-12-07,23.489993371441983,,,0,341,1990,12
1990-12-08,23.529993370547913,,,0,342,1990,12
1990-12-09,23.699993366748117,,,0,343,1990,12
1990-12-10,24.20999335534873,,,0,344,1990,12
1990-12-11,24.399993351101898,,,0,345,1990,12
1990-12-12,24.619993346184515,,,0,346,1990,12
1990-12-13,24.7999933421612,,,0,347,1990,12
1990-12-14,24.459993349760794,,,0,348,1990,12
1990-12-15,24.349993352219485,,,0,349,1990,12
1990-12-16,24.319993352890037,,,0,350,1990,12
1990-12-17,24.319993352890037,,,0,351,1990,12
1990-12-18,24.32999335266652,,,0,352,1990,12
1990-12-19,24.379993351548933,,,0,353,1990,12
1990-12-20,24.459993349760794,,,0,354,1990,12
1990-12-21,24.569993347302102,,,0,355,1990,12
1990-12-22,24.689993344619893,,,0,356,1990,12
1990-12-23,24.429993350431346,,,0,357,1990,12
1990-12-24,24.039993359148525,,,0,358,1990,12
1990-12-25,24.029993359372043,,,0,359,1990,12
1990-12-26,24.119993357360386,,,0,360,1990,12
1990-12-27,24.149993356689833,,,0,361,1990,12
1990-12-28,24.279993353784107,,,0,362,1990,12
1990-12-29,24.589993346855067,,,0,363,1990,12
1990-12-30,24.649993345513963,,,0,364,1990,12
1990-12-31,24.539993347972654,,,0,365,1990,12
1991-01-01,24.239993354678177,,,0,1,1991,1
1991-01-02,23.959993360936664,,,0,2,1991,1
1991-01-03,23.889993362501286,,,0,3,1991,1
1991-01-04,23.679993367195152,,,0,4,1991,1
1991-01-05,23.499993371218466,,,0,5,1991,1
1991-01-06,23.969993360713147,,,0,6,1991,1
1991-01-07,24.75999334305527,,,0,7,1991,1
1991-01-08,24.71999334394934,,,0,8,1991,1
1991-01-09,24.47999334931376,,,0,9,1991,1
1991-01-10,24.13999335691335,,,0,10,1991,1
1991-01-11,24.049993358925008,,,0,11,1991,1
1991-01-12,24.669993345066928,,,0,12,1991,1
1991-01-13,25.119993335008644,,,0,13,1991,1
1991-01-14,25.129993334785127,,,0,14,1991,1
1991-01-15,25.049993336573266,,,0,15,1991,1
1991-01-16,24.959993338584923,,,0,16,1991,1
1991-01-17,24.809993341937684,,,0,17,1991,1
1991-01-18,24.47999334931376,,,0,18,1991,1
1991-01-19,24.319993352890037,,,0,19,1991,1
1991-01-20,24.459993349760794,,,0,20,1991,1
1991-01-21,24.48999334909024,,,0,21,1991,1
1991-01-22,24.459993349760794,,,0,22,1991,1
1991-01-23,24.089993358030938,,,0,23,1991,1
1991-01-24,23.959993360936664,,,0,24,1991,1
1991-01-25,23.679993367195152,,,0,25,1991,1
1991-01-26,23.609993368759774,,,0,26,1991,1
1991-01-27,23.729993366077565,,,0,27,1991,1
1991-01-28,24.01999335959556,,,0,28,1991,1
1991-01-29,24.669993345066928,,,0,29,1991,1
1991-01-30,24.83999334126713,,,0,30,1991,1
1991-01-31,24.859993340820097,,,0,31,1991,1
1991-02-01,24.939993339031957,,,0,32,1991,2
1991-02-02,25.10999333523216,,,0,33,1991,2
1991-02-03,25.129993334785127,,,0,34,1991,2
1991-02-04,25.2599933318794,,,0,35,1991,2
1991-02-05,25.469993327185534,,,0,36,1991,2
1991-02-06,25.589993324503325,,,0,37,1991,2
1991-02-07,25.249993332102918,,,0,38,1991,2
1991-02-08,24.90999333970251,,,0,39,1991,2
1991-02-09,25.439993327856087,,,0,40,1991,2
1991-02-10,25.83999331891539,,,0,41,1991,2
1991-02-11,25.869993318244838,,,0,42,1991,2
1991-02-12,25.79999331980946,,,0,43,1991,2
1991-02-13,26.06999331377449,,,0,44,1991,2
1991-02-14,26.41999330595138,,,0,45,1991,2
1991-02-15,25.60999332405629,,,0,46,1991,2
1991-02-16,25.289993331208848,,,0,47,1991,2
1991-02-17,25.2599933318794,,,0,48,1991,2
1991-02-18,25.36999332942071,,,0,49,1991,2
1991-02-19,25.429993328079604,,,0,50,1991,2
1991-02-20,25.709993321821116,,,0,51,1991,2
1991-02-21,25.859993318468355,,,0,52,1991,2
1991-02-22,25.91999331712725,,,0,53,1991,2
1991-02-23,26.059993313998007,,,0,54,1991,2
1991-02-24,26.199993310868763,,,0,55,1991,2
1991-02-25,26.30999330841007,,,0,56,1991,2
1991-02-26,27.019993292540335,,,0,57,1991,2
1991-02-27,27.249993287399434,,,0,58,1991,2
1991-02-28,27.319993285834812,,,0,59,1991,2
1991-03-01,27.479993282258533,,,0,60,1991,3
1991-03-02,27.58999327979984,,,0,61,1991,3
1991-03-03,27.57999328002336,,,0,62,1991,3
1991-03-04,27.46999328248205,,,0,63,1991,3
1991-03-05,27.34999328516426,,,0,64,1991,3
1991-03-06,27.53999328091743,,,0,65,1991,3
1991-03-07,27.53999328091743,,,0,66,1991,3
1991-03-08,27.53999328091743,,,0,67,1991,3
1991-03-09,27.479993282258533,,,0,68,1991,3
1991-03-10,27.989993270859145,,,0,69,1991,3
1991-03-11,28.999993248283886,,,0,70,1991,3
1991-03-12,29.16999324448409,,,0,71,1991,3
1991-03-13,28.93999324962499,,,0,72,1991,3
1991-03-14,28.909993250295543,,,0,73,1991,3
1991-03-15,28.08999326862397,,,0,74,1991,3
1991-03-16,27.789993275329493,,,0,75,1991,3
1991-03-17,27.479993282258533,,,0,76,1991,3
1991-03-18,27.15999328941109,,,0,77,1991,3
1991-03-19,27.099993290752195,,,0,78,1991,3
1991-03-20,27.2699932869524,,,0,79,1991,3
1991-03-21,27.369993284717225,,,0,80,1991,3
1991-03-22,27.339993285387777,,,0,81,1991,3
1991-03-23,27.369993284717225,,,0,82,1991,3
1991-03-24,27.219993288069986,,,0,83,1991,3
1991-03-25,27.15999328941109,,,0,84,1991,3
1991-03-26,27.129993290081643,,,0,85,1991,3
1991-03-27,27.089993290975713,,,0,86,1991,3
1991-03-28,27.149993289634608,,,0,87,1991,3
1991-03-29,27.19999328851702,,,0,88,1991,3
1991-03-30,27.30999328605833,,,0,89,1991,3
1991-03-31,27.329993285611295,,,0,90,1991,3
1991-04-01,27.449993282929086,,,0,91,1991,4
1991-04-02,27.569993280246877,,,0,92,1991,4
1991-04-03,27.34999328516426,,,0,93,1991,4
1991-04-04,27.259993287175917,,,0,94,1991,4
1991-04-05,27.27999328672888,,,0,95,1991,4
1991-04-06,27.519993281364464,,,0,96,1991,4
1991-04-07,27.669993278011702,,,0,97,1991,4
1991-04-08,27.609993279352807,,,0,98,1991,4
1991-04-09,27.42999328337612,,,0,99,1991,4
1991-04-10,27.379993284493708,,,0,100,1991,4
1991-04-11,27.369993284717225,,,0,101,1991,4
1991-04-12,27.34999328516426,,,0,102,1991,4
1991-04-13,27.339993285387777,,,0,103,1991,4
1991-04-14,27.329993285611295,,,0,104,1991,4
1991-04-15,27.489993282035016,,,0,105,1991,4
1991-04-16,27.439993283152603,,,0,106,1991,4
1991-04-17,27.38999328427019,,,0,107,1991,4
1991-04-18,27.38999328427019,,,0,108,1991,4
1991-04-19,27.449993282929086,,,0,109,1991,4
1991-04-20,27.529993281140946,,,0,110,1991,4
1991-04-21,27.669993278011702,,,0,111,1991,4
1991-04-22,28.1299932677299,,,0,112,1991,4
1991-04-23,28.23999326527121,,,0,113,1991,4
1991-04-24,28.269993264600657,,,0,114,1991,4
1991-04-25,28.329993263259553,,,0,115,1991,4
1991-04-26,28.31999326348307,,,0,116,1991,4
1991-04-27,28.269993264600657,,,0,117,1991,4
1991-04-28,28.179993266612314,,,0,118,1991,4
1991-04-29,28.07999326884749,,,0,119,1991,4
1991-04-30,28.019993270188593,,,0,120,1991,4
1991-05-01,28.00999327041211,,,0,121,1991,5
1991-05-02,27.939993271976732,,,0,122,1991,5
1991-05-03,27.839993274211906,,,0,123,1991,5
1991-05-04,27.88999327309432,,,0,124,1991,5
1991-05-05,27.869993273541354,,,0,125,1991,5
1991-05-06,27.84999327398839,,,0,126,1991,5
1991-05-07,27.769993275776528,,,0,127,1991,5
1991-05-08,27.829993274435424,,,0,128,1991,5
1991-05-09,27.8999932728708,,,0,129,1991,5
1991-05-10,27.92999327220025,,,0,130,1991,5
1991-05-11,27.919993272423767,,,0,131,1991,5
1991-05-12,27.92999327220025,,,0,132,1991,5
1991-05-13,27.8999932728708,,,0,133,1991,5
1991-05-14,27.669993278011702,,,0,134,1991,5
1991-05-15,27.559993280470394,,,0,135,1991,5
1991-05-16,27.53999328091743,,,0,136,1991,5
1991-05-17,27.529993281140946,,,0,137,1991,5
1991-05-18,27.519993281364464,,,0,138,1991,5
1991-05-19,27.399993284046673,,,0,139,1991,5
1991-05-20,27.30999328605833,,,0,140,1991,5
1991-05-21,27.27999328672888,,,0,141,1991,5
1991-05-22,27.23999328762295,,,0,142,1991,5
1991-05-23,27.319993285834812,,,0,143,1991,5
1991-05-24,27.15999328941109,,,0,144,1991,5
1991-05-25,27.069993291422747,,,0,145,1991,5
1991-05-26,27.049993291869782,,,0,146,1991,5
1991-05-27,27.019993292540335,,,0,147,1991,5
1991-05-28,26.909993294999026,,,0,148,1991,5
1991-05-29,26.64999330081048,,,0,149,1991,5
1991-05-30,26.56999330259862,,,0,150,1991,5
1991-05-31,26.45999330505731,,,0,151,1991,5
1991-06-01,26.739993298798822,,,0,152,1991,6
1991-06-02,26.599993301928066,,,0,153,1991,6
1991-06-03,26.60999330170455,,,0,154,1991,6
1991-06-04,26.65999330058696,,,0,155,1991,6
1991-06-05,26.719993299245857,,,0,156,1991,6
1991-06-06,26.65999330058696,,,0,157,1991,6
1991-06-07,26.61999330148103,,,0,158,1991,6
1991-06-08,26.439993305504345,,,0,159,1991,6
1991-06-09,26.26999330930414,,,0,160,1991,6
1991-06-10,26.099993313103937,,,0,161,1991,6
1991-06-11,26.049993314221524,,,0,162,1991,6
1991-06-12,25.9499933164567,,,0,163,1991,6
1991-06-13,25.909993317350768,,,0,164,1991,6
1991-06-14,25.749993320927047,,,0,165,1991,6
1991-06-15,25.699993322044634,,,0,166,1991,6
1991-06-16,25.64999332316222,,,0,167,1991,6
1991-06-17,25.67999332249167,,,0,168,1991,6
1991-06-18,25.60999332405629,,,0,169,1991,6
1991-06-19,25.509993326291465,,,0,170,1991,6
1991-06-20,25.45999332740905,,,0,171,1991,6
1991-06-21,25.44999332763257,,,0,172,1991,6
1991-06-22,25.429993328079604,,,0,173,1991,6
1991-06-23,25.329993330314778,,,0,174,1991,6
1991-06-24,25.2599933318794,,,0,175,1991,6
1991-06-25,25.17999333366754,,,0,176,1991,6
1991-06-26,25.169993333891057,,,0,177,1991,6
1991-06-27,25.13999333456161,,,0,178,1991,6
1991-06-28,25.13999333456161,,,0,179,1991,6
1991-06-29,25.089993335679196,,,0,180,1991,6
1991-06-30,25.33999333009126,,,0,181,1991,6
1991-07-01,25.33999333009126,,,0,182,1991,7
1991-07-02,25.309993330761813,,,0,183,1991,7
1991-07-03,25.2599933318794,,,0,184,1991,7
1991-07-04,25.36999332942071,,,0,185,1991,7
1991-07-05,25.079993335902714,,,0,186,1991,7
1991-07-06,24.689993344619893,,,0,187,1991,7
1991-07-07,24.47999334931376,,,0,188,1991,7
1991-07-08,24.429993350431346,,,0,189,1991,7
1991-07-09,24.399993351101898,,,0,190,1991,7
1991-07-10,24.349993352219485,,,0,191,1991,7
1991-07-11,24.319993352890037,,,0,192,1991,7
1991-07-12,24.239993354678177,,,0,193,1991,7
1991-07-13,24.32999335266652,,,0,194,1991,7
1991-07-14,24.359993351995968,,,0,195,1991,7
1991-07-15,24.28999335356059,,,0,196,1991,7
1991-07-16,24.17999335601928,,,0,197,1991,7
1991-07-17,24.089993358030938,,,0,198,1991,7
1991-07-18,23.949993361160182,,,0,199,1991,7
1991-07-19,23.889993362501286,,,0,200,1991,7
1991-07-20,23.879993362724804,,,0,201,1991,7
1991-07-21,23.879993362724804,,,0,202,1991,7
1991-07-22,23.78999336473646,,,0,203,1991,7
1991-07-23,23.639993368089222,,,0,204,1991,7
1991-07-24,23.539993370324396,,,0,205,1991,7
1991-07-25,23.449993372336053,,,0,206,1991,7
1991-07-26,23.409993373230122,,,0,207,1991,7
1991-07-27,23.619993368536257,,,0,208,1991,7
1991-07-28,23.7099933665246,,,0,209,1991,7
1991-07-29,23.74999336563053,,,0,210,1991,7
1991-07-30,23.619993368536257,,,0,211,1991,7
1991-07-31,23.499993371218466,,,0,212,1991,7
1991-08-01,23.369993374124192,,,0,213,1991,8
1991-08-02,23.689993366971635,,,0,214,1991,8
1991-08-03,23.74999336563053,,,0,215,1991,8
1991-08-04,23.74999336563053,,,0,216,1991,8
1991-08-05,23.649993367865704,,,0,217,1991,8
1991-08-06,23.619993368536257,,,0,218,1991,8
1991-08-07,23.529993370547913,,,0,219,1991,8
1991-08-08,23.459993372112535,,,0,220,1991,8
1991-08-09,23.419993373006605,,,0,221,1991,8
1991-08-10,23.58999336920681,,,0,222,1991,8
1991-08-11,23.659993367642187,,,0,223,1991,8
1991-08-12,23.699993366748117,,,0,224,1991,8
1991-08-13,23.74999336563053,,,0,225,1991,8
1991-08-14,23.719993366301082,,,0,226,1991,8
1991-08-15,23.579993369430326,,,0,227,1991,8
1991-08-16,24.01999335959556,,,0,228,1991,8
1991-08-17,24.20999335534873,,,0,229,1991,8
1991-08-18,24.21999335512521,,,0,230,1991,8
1991-08-19,24.17999335601928,,,0,231,1991,8
1991-08-20,23.929993361607217,,,0,232,1991,8
1991-08-21,23.74999336563053,,,0,233,1991,8
1991-08-22,23.759993365407013,,,0,234,1991,8
1991-08-23,23.649993367865704,,,0,235,1991,8
1991-08-24,23.619993368536257,,,0,236,1991,8
1991-08-25,23.539993370324396,,,0,237,1991,8
1991-08-26,23.569993369653844,,,0,238,1991,8
1991-08-27,23.609993368759774,,,0,239,1991,8
1991-08-28,23.679993367195152,,,0,240,1991,8
1991-08-29,23.699993366748117,,,0,241,1991,8
1991-08-30,23.729993366077565,,,0,242,1991,8
1991-08-31,23.769993365183495,,,0,243,1991,8
1991-09-01,23.739993365854048,,,0,244,1991,9
1991-09-02,23.659993367642187,,,0,245,1991,9
1991-09-03,23.639993368089222,,,0,246,1991,9
1991-09-04,23.639993368089222,,,0,247,1991,9
1991-09-05,23.229993377253436,,,0,248,1991,9
1991-09-06,22.97999338284137,,,0,249,1991,9
1991-09-07,23.039993381500267,,,0,250,1991,9
1991-09-08,23.00999338217082,,,0,251,1991,9
1991-09-09,22.879993385076546,,,0,252,1991,9
1991-09-10,22.719993388652824,,,0,253,1991,9
1991-09-11,22.829993386194133,,,0,254,1991,9
1991-09-12,22.839993385970615,,,0,255,1991,9
1991-09-13,22.619993390888,,,0,256,1991,9
1991-09-14,22.449993394687795,,,0,257,1991,9
1991-09-15,22.23999339938166,,,0,258,1991,9
1991-09-16,22.04999340362849,,,0,259,1991,9
1991-09-17,22.029993404075526,,,0,260,1991,9
1991-09-18,22.269993398711108,,,0,261,1991,9
1991-09-19,22.39999339580538,,,0,262,1991,9
1991-09-20,22.409993395581864,,,0,263,1991,9
1991-09-21,22.439993394911312,,,0,264,1991,9
1991-09-22,22.409993395581864,,,0,265,1991,9
1991-09-23,22.30999339781704,,,0,266,1991,9
1991-09-24,22.289993398264073,,,0,267,1991,9
1991-09-25,22.339993397146486,,,0,268,1991,9
1991-09-26,22.39999339580538,,,0,269,1991,9
1991-09-27,22.379993396252416,,,0,270,1991,9
1991-09-28,22.379993396252416,,,0,271,1991,9
1991-09-29,22.329993397370004,,,0,272,1991,9
1991-09-30,22.31999339759352,,,0,273,1991,9
1991-10-01,22.259993398934625,,,0,274,1991,10
1991-10-02,22.219993399828695,,,0,275,1991,10
1991-10-03,22.529993392899655,,,0,276,1991,10
1991-10-04,22.489993393793725,,,0,277,1991,10
1991-10-05,22.54999339245262,,,0,278,1991,10
1991-10-06,22.599993391335033,,,0,279,1991,10
1991-10-07,22.34999339692297,,,0,280,1991,10
1991-10-08,22.139993401616834,,,0,281,1991,10
1991-10-09,22.00999340452256,,,0,282,1991,10
1991-10-10,21.989993404969596,,,0,283,1991,10
1991-10-11,22.339993397146486,,,0,284,1991,10
1991-10-12,22.769993387535237,,,0,285,1991,10
1991-10-13,22.81999338641765,,,0,286,1991,10
1991-10-14,22.749993387982272,,,0,287,1991,10
1991-10-15,22.639993390440964,,,0,288,1991,10
1991-10-16,22.479993394017242,,,0,289,1991,10
1991-10-17,22.73999338820579,,,0,290,1991,10
1991-10-18,22.729993388429307,,,0,291,1991,10
1991-10-19,22.649993390217446,,,0,292,1991,10
1991-10-20,22.499993393570207,,,0,293,1991,10
1991-10-21,22.459993394464277,,,0,294,1991,10
1991-10-22,22.379993396252416,,,0,295,1991,10
1991-10-23,22.499993393570207,,,0,296,1991,10
1991-10-24,22.649993390217446,,,0,297,1991,10
1991-10-25,22.759993387758755,,,0,298,1991,10
1991-10-26,22.729993388429307,,,0,299,1991,10
1991-10-27,22.96999338306489,,,0,300,1991,10
1991-10-28,22.999993382394337,,,0,301,1991,10
1991-10-29,22.92999338395896,,,0,302,1991,10
1991-10-30,22.85999338552358,,,0,303,1991,10
1991-10-31,22.66999338977041,,,0,304,1991,10
1991-11-01,22.169993400946282,,,0,305,1991,11
1991-11-02,21.859993407875322,,,0,306,1991,11
1991-11-03,21.799993409216427,,,0,307,1991,11
1991-11-04,23.349993374571227,,,0,308,1991,11
1991-11-05,23.43999337255957,,,0,309,1991,11
1991-11-06,23.23999337702992,,,0,310,1991,11
1991-11-07,23.149993379041575,,,0,311,1991,11
1991-11-08,23.16999337859454,,,0,312,1991,11
1991-11-09,23.12999337948861,,,0,313,1991,11
1991-11-10,22.34999339692297,,,0,314,1991,11
1991-11-11,22.209993400052213,,,0,315,1991,11
1991-11-12,22.259993398934625,,,0,316,1991,11
1991-11-13,21.679993411898636,,,0,317,1991,11
1991-11-14,21.749993410334014,,,0,318,1991,11
1991-11-15,21.909993406757735,,,0,319,1991,11
1991-11-16,22.34999339692297,,,0,320,1991,11
1991-11-17,22.519993393123173,,,0,321,1991,11
1991-11-18,22.66999338977041,,,0,322,1991,11
1991-11-19,22.58999339155855,,,0,323,1991,11
1991-11-20,22.42999339513483,,,0,324,1991,11
1991-11-21,22.519993393123173,,,0,325,1991,11
1991-11-22,22.959993383288406,,,0,326,1991,11
1991-11-23,23.04999338127675,,,0,327,1991,11
1991-11-24,22.789993387088202,,,0,328,1991,11
1991-11-25,22.679993389546894,,,0,329,1991,11
1991-11-26,22.70999338887634,,,0,330,1991,11
1991-11-27,22.839993385970615,,,0,331,1991,11
1991-11-28,23.54999337010088,,,0,332,1991,11
1991-11-29,23.679993367195152,,,0,333,1991,11
1991-11-30,23.429993372783088,,,0,334,1991,11
1991-12-01,23.159993378818058,,,0,335,1991,12
1991-12-02,23.16999337859454,,,0,336,1991,12
1991-12-03,23.189993378147506,,,0,337,1991,12
1991-12-04,22.999993382394337,,,0,338,1991,12
1991-12-05,22.919993384182476,,,0,339,1991,12
1991-12-06,22.959993383288406,,,0,340,1991,12
1991-12-07,22.949993383511924,,,0,341,1991,12
1991-12-08,22.96999338306489,,,0,342,1991,12
1991-12-09,23.23999337702992,,,0,343,1991,12
1991-12-10,23.429993372783088,,,0,344,1991,12
1991-12-11,23.35999337434771,,,0,345,1991,12
1991-12-12,23.159993378818058,,,0,346,1991,12
1991-12-13,22.96999338306489,,,0,347,1991,12
1991-12-14,22.66999338977041,,,0,348,1991,12
1991-12-15,22.559993392229103,,,0,349,1991,12
1991-12-16,22.539993392676138,,,0,350,1991,12
1991-12-17,22.539993392676138,,,0,351,1991,12
1991-12-18,22.65999338999393,,,0,352,1991,12
1991-12-19,22.92999338395896,,,0,353,1991,12
1991-12-20,23.159993378818058,,,0,354,1991,12
1991-12-21,23.32999337501826,,,0,355,1991,12
1991-12-22,23.379993373900675,,,0,356,1991,12
1991-12-23,23.58999336920681,,,0,357,1991,12
1991-12-24,23.74999336563053,,,0,358,1991,12
1991-12-25,23.659993367642187,,,0,359,1991,12
1991-12-26,23.85999336317184,,,0,360,1991,12
1991-12-27,24.269993354007624,,,0,361,1991,12
1991-12-28,23.889993362501286,,,0,362,1991,12
1991-12-29,23.86999336294832,,,0,363,1991,12
1991-12-30,23.969993360713147,,,0,364,1991,12
1991-12-31,24.24999335445466,,,0,365,1991,12
1992-01-01,24.429993350431346,,,0,1,1992,1
1992-01-02,24.199993355572246,,,0,2,1992,1
1992-01-03,23.949993361160182,,,0,3,1992,1
1992-01-04,23.85999336317184,,,0,4,1992,1
1992-01-05,23.769993365183495,,,0,5,1992,1
1992-01-06,23.97999336048963,,,0,6,1992,1
1992-01-07,24.48999334909024,,,0,7,1992,1
1992-01-08,24.739993343502306,,,0,8,1992,1
1992-01-09,24.819993341714166,,,0,9,1992,1
1992-01-10,24.43999335020783,,,0,10,1992,1
1992-01-11,24.069993358477973,,,0,11,1992,1
1992-01-12,24.28999335356059,,,0,12,1992,1
1992-01-13,24.43999335020783,,,0,13,1992,1
1992-01-14,25.849993318691872,,,0,14,1992,1
1992-01-15,25.83999331891539,,,0,15,1992,1
1992-01-16,25.619993323832773,,,0,16,1992,1
1992-01-17,25.17999333366754,,,0,17,1992,1
1992-01-18,25.21999333277347,,,0,18,1992,1
1992-01-19,25.169993333891057,,,0,19,1992,1
1992-01-20,25.089993335679196,,,0,20,1992,1
1992-01-21,24.319993352890037,,,0,21,1992,1
1992-01-22,24.069993358477973,,,0,22,1992,1
1992-01-23,24.049993358925008,,,0,23,1992,1
1992-01-24,24.469993349537276,,,0,24,1992,1
1992-01-25,24.55999334752562,,,0,25,1992,1
1992-01-26,24.649993345513963,,,0,26,1992,1
1992-01-27,24.889993340149545,,,0,27,1992,1
1992-01-28,25.33999333009126,,,0,28,1992,1
1992-01-29,25.429993328079604,,,0,29,1992,1
1992-01-30,25.549993325397395,,,0,30,1992,1
1992-01-31,25.7199933215976,,,0,31,1992,1
1992-02-01,25.56999332495036,,,0,32,1992,2
1992-02-02,25.45999332740905,,,0,33,1992,2
1992-02-03,25.389993328973674,,,0,34,1992,2
1992-02-04,24.649993345513963,,,0,35,1992,2
1992-02-05,24.119993357360386,,,0,36,1992,2
1992-02-06,24.229993354901694,,,0,37,1992,2
1992-02-07,24.47999334931376,,,0,38,1992,2
1992-02-08,24.649993345513963,,,0,39,1992,2
1992-02-09,24.039993359148525,,,0,40,1992,2
1992-02-10,23.779993364959978,,,0,41,1992,2
1992-02-11,23.90999336205425,,,0,42,1992,2
1992-02-12,24.259993354231142,,,0,43,1992,2
1992-02-13,24.709993344172858,,,0,44,1992,2
1992-02-14,24.729993343725823,,,0,45,1992,2
1992-02-15,24.859993340820097,,,0,46,1992,2
1992-02-16,24.47999334931376,,,0,47,1992,2
1992-02-17,24.51999334841969,,,0,48,1992,2
1992-02-18,24.629993345960997,,,0,49,1992,2
1992-02-19,24.629993345960997,,,0,50,1992,2
1992-02-20,24.609993346408032,,,0,51,1992,2
1992-02-21,24.939993339031957,,,0,52,1992,2
1992-02-22,24.999993337690853,,,0,53,1992,2
1992-02-23,25.67999332249167,,,0,54,1992,2
1992-02-24,26.079993313550972,,,0,55,1992,2
1992-02-25,26.349993307516,,,0,56,1992,2
1992-02-26,26.72999329902234,,,0,57,1992,2
1992-02-27,26.8099932972342,,,0,58,1992,2
1992-02-28,26.399993306398414,,,0,59,1992,2
1992-02-29,26.099993313103937,,,0,60,1992,2
1992-03-01,25.99999331533911,,,0,61,1992,3
1992-03-02,25.929993316903733,,,0,62,1992,3
1992-03-03,25.009993337467336,,,0,63,1992,3
1992-03-04,24.659993345290445,,,0,64,1992,3
1992-03-05,24.509993348643206,,,0,65,1992,3
1992-03-06,24.819993341714166,,,0,66,1992,3
1992-03-07,25.14999333433809,,,0,67,1992,3
1992-03-08,25.45999332740905,,,0,68,1992,3
1992-03-09,25.469993327185534,,,0,69,1992,3
1992-03-10,25.0299933370203,,,0,70,1992,3
1992-03-11,25.10999333523216,,,0,71,1992,3
1992-03-12,25.249993332102918,,,0,72,1992,3
1992-03-13,25.709993321821116,,,0,73,1992,3
1992-03-14,25.709993321821116,,,0,74,1992,3
1992-03-15,25.669993322715186,,,0,75,1992,3
1992-03-16,25.849993318691872,,,0,76,1992,3
1992-03-17,26.589993302151584,,,0,77,1992,3
1992-03-18,26.84999329634013,,,0,78,1992,3
1992-03-19,26.749993298575305,,,0,79,1992,3
1992-03-20,26.719993299245857,,,0,80,1992,3
1992-03-21,26.719993299245857,,,0,81,1992,3
1992-03-22,27.449993282929086,,,0,82,1992,3
1992-03-23,27.569993280246877,,,0,83,1992,3
1992-03-24,27.61999327912929,,,0,84,1992,3
1992-03-25,27.53999328091743,,,0,85,1992,3
1992-03-26,26.829993296787165,,,0,86,1992,3
1992-03-27,26.84999329634013,,,0,87,1992,3
1992-03-28,26.92999329455199,,,0,88,1992,3
1992-03-29,27.049993291869782,,,0,89,1992,3
1992-03-30,27.0399932920933,,,0,90,1992,3
1992-03-31,26.949993294104956,,,0,91,1992,3
1992-04-01,27.139993289858126,,,0,92,1992,4
1992-04-02,27.109993290528678,,,0,93,1992,4
1992-04-03,26.989993293210887,,,0,94,1992,4
1992-04-04,26.439993305504345,,,0,95,1992,4
1992-04-05,26.169993311539315,,,0,96,1992,4
1992-04-06,26.369993307068967,,,0,97,1992,4
1992-04-07,27.069993291422747,,,0,98,1992,4
1992-04-08,26.939993294328474,,,0,99,1992,4
1992-04-09,26.76999329812827,,,0,100,1992,4
1992-04-10,26.72999329902234,,,0,101,1992,4
1992-04-11,26.87999329566958,,,0,102,1992,4
1992-04-12,26.869993295893096,,,0,103,1992,4
1992-04-13,26.87999329566958,,,0,104,1992,4
1992-04-14,26.87999329566958,,,0,105,1992,4
1992-04-15,27.0399932920933,,,0,106,1992,4
1992-04-16,27.069993291422747,,,9,107,1992,4
1992-04-17,27.099993290752195,,,0,108,1992,4
1992-04-18,26.549993303045653,,,0,109,1992,4
1992-04-19,26.49999330416324,,,0,110,1992,4
1992-04-20,26.49999330416324,,,0,111,1992,4
1992-04-21,26.68999329991641,,,0,112,1992,4
1992-04-22,26.88999329544606,,,0,113,1992,4
1992-04-23,26.979993293434404,,,0,114,1992,4
1992-04-24,27.169993289187573,,,0,115,1992,4
1992-04-25,27.219993288069986,,,0,116,1992,4
1992-04-26,27.19999328851702,,,0,117,1992,4
1992-04-27,27.249993287399434,,,0,118,1992,4
1992-04-28,27.22999328784647,,,0,119,1992,4
1992-04-29,26.949993294104956,,,0,120,1992,4
1992-04-30,27.0399932920933,,,0,121,1992,4
1992-05-01,26.99999329298737,,,0,122,1992,5
1992-05-02,26.99999329298737,,,0,123,1992,5
1992-05-03,26.99999329298737,,,0,124,1992,5
1992-05-04,26.989993293210887,,,0,125,1992,5
1992-05-05,26.95999329388144,,,0,126,1992,5
1992-05-06,26.949993294104956,,,0,127,1992,5
1992-05-07,26.909993294999026,,,0,128,1992,5
1992-05-08,26.88999329544606,,,0,129,1992,5
1992-05-09,26.88999329544606,,,0,130,1992,5
1992-05-10,26.87999329566958,,,0,131,1992,5
1992-05-11,26.84999329634013,,,0,132,1992,5
1992-05-12,26.92999329455199,,,0,133,1992,5
1992-05-13,26.449993305280827,,,0,134,1992,5
1992-05-14,26.179993311315798,,,0,135,1992,5
1992-05-15,26.219993310421728,,,0,136,1992,5
1992-05-16,26.219993310421728,,,0,137,1992,5
1992-05-17,26.119993312656902,,,0,138,1992,5
1992-05-18,26.10999331288042,,,0,139,1992,5
1992-05-19,26.209993310645245,,,0,140,1992,5
1992-05-20,26.45999330505731,,,0,141,1992,5
1992-05-21,26.41999330595138,,,0,142,1992,5
1992-05-22,26.429993305727862,,,0,143,1992,5
1992-05-23,26.469993304833793,,,0,144,1992,5
1992-05-24,25.95999331623318,,,0,145,1992,5
1992-05-25,25.72999332137408,,,0,146,1992,5
1992-05-26,25.659993322938703,,,0,147,1992,5
1992-05-27,25.669993322715186,,,0,148,1992,5
1992-05-28,25.639993323385738,,,0,149,1992,5
1992-05-29,25.44999332763257,,,0,150,1992,5
1992-05-30,25.41999332830312,,,0,151,1992,5
1992-05-31,25.36999332942071,,,0,152,1992,5
1992-06-01,25.589993324503325,,,0,153,1992,6
1992-06-02,25.67999332249167,,,0,154,1992,6
1992-06-03,25.709993321821116,,,0,155,1992,6
1992-06-04,25.619993323832773,,,0,156,1992,6
1992-06-05,25.56999332495036,,,0,157,1992,6
1992-06-06,25.439993327856087,,,0,158,1992,6
1992-06-07,25.389993328973674,,,0,159,1992,6
1992-06-08,25.36999332942071,,,0,160,1992,6
1992-06-09,25.29999333098533,,,0,161,1992,6
1992-06-10,25.159993334114574,,,0,162,1992,6
1992-06-11,25.119993335008644,,,0,163,1992,6
1992-06-12,25.159993334114574,,,0,164,1992,6
1992-06-13,25.209993332996987,,,0,165,1992,6
1992-06-14,25.349993329867743,,,0,166,1992,6
1992-06-15,25.599993324279808,,,0,167,1992,6
1992-06-16,25.619993323832773,,,0,168,1992,6
1992-06-17,25.40999332852664,,,0,169,1992,6
1992-06-18,25.009993337467336,,,0,170,1992,6
1992-06-19,24.86999334059658,,,0,171,1992,6
1992-06-20,24.859993340820097,,,0,172,1992,6
1992-06-21,24.86999334059658,,,0,173,1992,6
1992-06-22,24.929993339255475,,,0,174,1992,6
1992-06-23,24.959993338584923,,,0,175,1992,6
1992-06-24,24.999993337690853,,,0,176,1992,6
1992-06-25,25.089993335679196,,,0,177,1992,6
1992-06-26,25.049993336573266,,,0,178,1992,6
1992-06-27,24.969993338361405,,,0,179,1992,6
1992-06-28,24.929993339255475,,,0,180,1992,6
1992-06-29,25.05999333634975,,,0,181,1992,6
1992-06-30,25.399993328750156,,,0,182,1992,6
1992-07-01,25.159993334114574,,,0,183,1992,7
1992-07-02,25.009993337467336,,,0,184,1992,7
1992-07-03,24.94999333880844,,,0,185,1992,7
1992-07-04,24.859993340820097,,,0,186,1992,7
1992-07-05,24.729993343725823,,,0,187,1992,7
1992-07-06,24.67999334484341,,,0,188,1992,7
1992-07-07,24.71999334394934,,,0,189,1992,7
1992-07-08,24.86999334059658,,,0,190,1992,7
1992-07-09,24.809993341937684,,,0,191,1992,7
1992-07-10,24.7999933421612,,,0,192,1992,7
1992-07-11,24.729993343725823,,,0,193,1992,7
1992-07-12,24.699993344396376,,,0,194,1992,7
1992-07-13,24.609993346408032,,,0,195,1992,7
1992-07-14,24.659993345290445,,,0,196,1992,7
1992-07-15,24.659993345290445,,,0,197,1992,7
1992-07-16,24.579993347078585,,,0,198,1992,7
1992-07-17,24.44999334998431,,,0,199,1992,7
1992-07-18,24.459993349760794,,,0,200,1992,7
1992-07-19,24.509993348643206,,,0,201,1992,7
1992-07-20,24.399993351101898,,,0,202,1992,7
1992-07-21,24.20999335534873,,,0,203,1992,7
1992-07-22,23.999993360042595,,,0,204,1992,7
1992-07-23,24.029993359372043,,,0,205,1992,7
1992-07-24,24.189993355795764,,,0,206,1992,7
1992-07-25,24.20999335534873,,,0,207,1992,7
1992-07-26,24.09999335780742,,,0,208,1992,7
1992-07-27,24.039993359148525,,,0,209,1992,7
1992-07-28,24.079993358254455,,,0,210,1992,7
1992-07-29,24.199993355572246,,,0,211,1992,7
1992-07-30,24.079993358254455,,,0,212,1992,7
1992-07-31,23.929993361607217,,,0,213,1992,7
1992-08-01,23.62999336831274,,,0,214,1992,8
1992-08-02,23.529993370547913,,,0,215,1992,8
1992-08-03,23.55999336987736,,,0,216,1992,8
1992-08-04,23.81999336406591,,,0,217,1992,8
1992-08-05,23.82999336384239,,,0,218,1992,8
1992-08-06,23.659993367642187,,,0,219,1992,8
1992-08-07,23.529993370547913,,,0,220,1992,8
1992-08-08,23.81999336406591,,,0,221,1992,8
1992-08-09,24.01999335959556,,,0,222,1992,8
1992-08-10,23.969993360713147,,,0,223,1992,8
1992-08-11,23.619993368536257,,,0,224,1992,8
1992-08-12,23.529993370547913,,,0,225,1992,8
1992-08-13,23.449993372336053,,,0,226,1992,8
1992-08-14,23.409993373230122,,,0,227,1992,8
1992-08-15,23.149993379041575,,,0,228,1992,8
1992-08-16,22.949993383511924,,,0,229,1992,8
1992-08-17,22.749993387982272,,,0,230,1992,8
1992-08-18,22.729993388429307,,,0,231,1992,8
1992-08-19,22.70999338887634,,,0,232,1992,8
1992-08-20,22.889993384853028,,,0,233,1992,8
1992-08-21,23.08999338038268,,,0,234,1992,8
1992-08-22,23.00999338217082,,,0,235,1992,8
1992-08-23,23.0199933819473,,,0,236,1992,8
1992-08-24,22.97999338284137,,,0,237,1992,8
1992-08-25,23.069993380829715,,,0,238,1992,8
1992-08-26,23.079993380606197,,,0,239,1992,8
1992-08-27,22.93999338373544,,,0,240,1992,8
1992-08-28,22.999993382394337,,,0,241,1992,8
1992-08-29,22.96999338306489,,,0,242,1992,8
1992-08-30,22.66999338977041,,,0,243,1992,8
1992-08-31,22.479993394017242,,,0,244,1992,8
1992-09-01,22.329993397370004,,,0,245,1992,9
1992-09-02,22.149993401393317,,,0,246,1992,9
1992-09-03,22.19999340027573,,,0,247,1992,9
1992-09-04,22.31999339759352,,,0,248,1992,9
1992-09-05,22.329993397370004,,,0,249,1992,9
1992-09-06,22.339993397146486,,,0,250,1992,9
1992-09-07,22.34999339692297,,,0,251,1992,9
1992-09-08,21.959993405640148,,,0,252,1992,9
1992-09-09,21.829993408545874,,,0,253,1992,9
1992-09-10,21.6999934114516,,,0,254,1992,9
1992-09-11,21.909993406757735,,,0,255,1992,9
1992-09-12,22.269993398711108,,,0,256,1992,9
1992-09-13,22.299993398040556,,,0,257,1992,9
1992-09-14,22.30999339781704,,,0,258,1992,9
1992-09-15,22.329993397370004,,,0,259,1992,9
1992-09-16,22.329993397370004,,,0,260,1992,9
1992-09-17,22.329993397370004,,,0,261,1992,9
1992-09-18,22.289993398264073,,,0,262,1992,9
1992-09-19,22.329993397370004,,,0,263,1992,9
1992-09-20,22.31999339759352,,,0,264,1992,9
1992-09-21,22.209993400052213,,,0,265,1992,9
1992-09-22,22.11999340206387,,,0,266,1992,9
1992-09-23,22.099993402510904,,,0,267,1992,9
1992-09-24,22.129993401840352,,,0,268,1992,9
1992-09-25,22.299993398040556,,,0,269,1992,9
1992-09-26,22.339993397146486,,,0,270,1992,9
1992-09-27,22.3899933960289,,,0,271,1992,9
1992-09-28,22.39999339580538,,,0,272,1992,9
1992-09-29,22.289993398264073,,,0,273,1992,9
1992-09-30,22.449993394687795,,,0,274,1992,9
1992-10-01,22.08999340273442,,,0,275,1992,10
1992-10-02,21.99999340474608,,,0,276,1992,10
1992-10-03,21.979993405193113,,,0,277,1992,10
1992-10-04,22.109993402287387,,,0,278,1992,10
1992-10-05,22.129993401840352,,,0,279,1992,10
1992-10-06,21.939993406087183,,,0,280,1992,10
1992-10-07,21.65999341234567,,,0,281,1992,10
1992-10-08,21.669993412122153,,,0,282,1992,10
1992-10-09,21.649993412569188,,,0,283,1992,10
1992-10-10,22.04999340362849,,,0,284,1992,10
1992-10-11,22.129993401840352,,,0,285,1992,10
1992-10-12,22.189993400499247,,,0,286,1992,10
1992-10-13,22.229993399605178,,,0,287,1992,10
1992-10-14,22.059993403404974,,,0,288,1992,10
1992-10-15,22.03999340385201,,,0,289,1992,10
1992-10-16,22.08999340273442,,,0,290,1992,10
1992-10-17,22.50999339334669,,,0,291,1992,10
1992-10-18,22.809993386641167,,,0,292,1992,10
1992-10-19,22.839993385970615,,,0,293,1992,10
1992-10-20,23.28999337591233,,,0,294,1992,10
1992-10-21,23.369993374124192,,,0,295,1992,10
1992-10-22,23.429993372783088,,,0,296,1992,10
1992-10-23,23.55999336987736,,,0,297,1992,10
1992-10-24,23.619993368536257,,,0,298,1992,10
1992-10-25,23.619993368536257,,,0,299,1992,10
1992-10-26,23.739993365854048,,,0,300,1992,10
1992-10-27,23.85999336317184,,,0,301,1992,10
1992-10-28,24.079993358254455,,,0,302,1992,10
1992-10-29,24.049993358925008,,,0,303,1992,10
1992-10-30,24.009993359819077,,,0,304,1992,10
1992-10-31,23.999993360042595,,,0,305,1992,10
1992-11-01,24.189993355795764,,,0,306,1992,11
1992-11-02,24.32999335266652,,,0,307,1992,11
1992-11-03,24.389993351325415,,,0,308,1992,11
1992-11-04,24.379993351548933,,,0,309,1992,11
1992-11-05,24.229993354901694,,,0,310,1992,11
1992-11-06,24.549993347749137,,,0,311,1992,11
1992-11-07,24.359993351995968,,,0,312,1992,11
1992-11-08,23.78999336473646,,,0,313,1992,11
1992-11-09,23.769993365183495,,,0,314,1992,11
1992-11-10,23.949993361160182,,,0,315,1992,11
1992-11-11,25.049993336573266,,,0,316,1992,11
1992-11-12,24.729993343725823,,,0,317,1992,11
1992-11-13,24.579993347078585,,,0,318,1992,11
1992-11-14,24.509993348643206,,,0,319,1992,11
1992-11-15,24.279993353784107,,,0,320,1992,11
1992-11-16,23.78999336473646,,,0,321,1992,11
1992-11-17,23.369993374124192,,,0,322,1992,11
1992-11-18,23.12999337948861,,,0,323,1992,11
1992-11-19,22.949993383511924,,,0,324,1992,11
1992-11-20,22.66999338977041,,,0,325,1992,11
1992-11-21,22.639993390440964,,,0,326,1992,11
1992-11-22,22.489993393793725,,,0,327,1992,11
1992-11-23,22.419993395358347,,,0,328,1992,11
1992-11-24,22.42999339513483,,,0,329,1992,11
1992-11-25,22.799993386864685,,,0,330,1992,11
1992-11-26,23.00999338217082,,,0,331,1992,11
1992-11-27,23.259993376582884,,,0,332,1992,11
1992-11-28,23.50999337099495,,,0,333,1992,11
1992-11-29,23.59999336898329,,,0,334,1992,11
1992-11-30,23.619993368536257,,,0,335,1992,11
1992-12-01,23.499993371218466,,,0,336,1992,12
1992-12-02,23.469993371889018,,,0,337,1992,12
1992-12-03,23.699993366748117,,,0,338,1992,12
1992-12-04,24.469993349537276,,,0,339,1992,12
1992-12-05,24.819993341714166,,,0,340,1992,12
1992-12-06,25.429993328079604,,,0,341,1992,12
1992-12-07,24.889993340149545,,,0,342,1992,12
1992-12-08,24.43999335020783,,,0,343,1992,12
1992-12-09,23.89999336227777,,,0,344,1992,12
1992-12-10,23.039993381500267,,,0,345,1992,12
1992-12-11,22.96999338306489,,,0,346,1992,12
1992-12-12,23.079993380606197,,,0,347,1992,12
1992-12-13,23.379993373900675,,,0,348,1992,12
1992-12-14,23.4799933716655,,,0,349,1992,12
1992-12-15,23.50999337099495,,,0,350,1992,12
1992-12-16,23.809993364289426,,,0,351,1992,12
1992-12-17,23.739993365854048,,,0,352,1992,12
1992-12-18,23.489993371441983,,,0,353,1992,12
1992-12-19,23.139993379265093,,,0,354,1992,12
1992-12-20,23.159993378818058,,,0,355,1992,12
1992-12-21,23.369993374124192,,,0,356,1992,12
1992-12-22,23.619993368536257,,,0,357,1992,12
1992-12-23,23.879993362724804,,,0,358,1992,12
1992-12-24,24.039993359148525,,,0,359,1992,12
1992-12-25,23.849993363395356,,,0,360,1992,12
1992-12-26,23.469993371889018,,,0,361,1992,12
1992-12-27,23.43999337255957,,,0,362,1992,12
1992-12-28,23.419993373006605,,,0,363,1992,12
1992-12-29,23.08999338038268,,,0,364,1992,12
1992-12-30,23.109993379935645,,,0,365,1992,12
1992-12-31,23.339993374794744,,,0,366,1992,12
1993-01-01,23.449993372336053,,35.183263616636395,0,1,1993,1
1993-01-02,23.269993376359366,,35.183263616636395,0,2,1993,1
1993-01-03,23.159993378818058,,35.18936731852591,0,3,1993,1
1993-01-04,23.23999337702992,,35.19089324399829,0,4,1993,1
1993-01-05,23.229993377253436,,35.21073027513921,0,5,1993,1
1993-01-06,24.089993358030938,,35.25193026289344,0,6,1993,1
1993-01-07,24.199993355572246,,35.225989529863,0,7,1993,1
1993-01-08,24.43999335020783,,35.206152498722076,0,8,1993,1
1993-01-09,24.659993345290445,,35.17410806380212,0,9,1993,1
1993-01-10,24.7999933421612,,35.135959926992655,0,10,1993,1
1993-01-11,25.079993335902714,,35.09018216282129,0,11,1993,1
1993-01-12,25.039993336796783,,35.04287847317755,0,12,1993,1
1993-01-13,25.039993336796783,,35.09018216282129,0,13,1993,1
1993-01-14,24.769993342831754,,35.122226597741246,0,14,1993,1
1993-01-15,24.709993344172858,,35.12833029963076,0,15,1993,1
1993-01-16,24.649993345513963,,35.14511547982693,0,16,1993,1
1993-01-17,24.299993353337072,,35.15121918171644,0,17,1993,1
1993-01-18,24.309993353113555,,35.14969325624406,0,18,1993,1
1993-01-19,24.319993352890037,,35.17410806380212,0,19,1993,1
1993-01-20,24.459993349760794,,35.19089324399829,0,20,1993,1
1993-01-21,24.809993341937684,,35.18784139305353,0,21,1993,1
1993-01-22,25.40999332852664,,35.183263616636395,0,22,1993,1
1993-01-23,25.749993320927047,,35.1542710326612,0,23,1993,1
1993-01-24,25.739993321150564,,35.111545119434595,0,24,1993,1
1993-01-25,25.699993322044634,,35.09781179018319,0,25,1993,1
1993-01-26,25.819993319362425,,35.09628586471081,0,26,1993,1
1993-01-27,25.9499933164567,,35.122226597741246,0,27,1993,1
1993-01-28,26.059993313998007,,35.052034026011825,0,28,1993,1
1993-01-29,26.18999331109228,,35.01235996372998,0,29,1993,1
1993-01-30,26.53999330326917,,35.02456736750901,0,30,1993,1
1993-01-31,26.65999330058696,,34.882656298577785,0,31,1993,1
1993-02-01,26.65999330058696,,34.95895257219672,0,32,1993,2
1993-02-02,26.839993296563648,,35.0611895788461,0,33,1993,2
1993-02-03,26.699993299692892,,35.076448833569884,0,34,1993,2
1993-02-04,26.65999330058696,,35.06576735526323,0,35,1993,2
1993-02-05,25.559993325173878,,34.97573775239289,0,36,1993,2
1993-02-06,24.67999334484341,,34.93606369011104,0,37,1993,2
1993-02-07,24.899993339926027,,35.003204410895705,0,38,1993,2
1993-02-08,25.06999333612623,,35.01846366561949,0,39,1993,2
1993-02-09,24.83999334126713,,35.00625626184046,0,40,1993,2
1993-02-10,24.74999334327879,,34.92385628633201,0,41,1993,2
1993-02-11,24.90999333970251,,34.91164888255298,0,42,1993,2
1993-02-12,25.169993333891057,,34.94064146652818,0,43,1993,2
1993-02-13,25.249993332102918,,35.004730336368084,0,44,1993,2
1993-02-14,24.82999334149065,,35.07034513168037,0,45,1993,2
1993-02-15,24.78999334238472,,35.0535599514842,0,46,1993,2
1993-02-16,24.709993344172858,,35.029145143926144,0,47,1993,2
1993-02-17,24.619993346184515,,35.016937740147114,0,48,1993,2
1993-02-18,24.74999334327879,,35.02304144203663,0,49,1993,2
1993-02-19,24.609993346408032,,35.04287847317755,0,50,1993,2
1993-02-20,24.429993350431346,,35.05661180242896,0,51,1993,2
1993-02-21,24.619993346184515,,35.050508100539446,0,52,1993,2
1993-02-22,24.28999335356059,,35.039826622232795,0,53,1993,2
1993-02-23,24.299993353337072,,35.04287847317755,0,54,1993,2
1993-02-24,23.929993361607217,,35.074922908097506,0,55,1993,2
1993-02-25,23.799993364512943,,35.076448833569884,0,56,1993,2
1993-02-26,23.639993368089222,,35.076448833569884,0,57,1993,2
1993-02-27,23.7099933665246,,35.07187105715275,0,58,1993,2
1993-02-28,24.939993339031957,,35.026093292981386,0,59,1993,2
1993-03-01,25.14999333433809,,35.03372292034328,0,60,1993,3
1993-03-02,25.499993326514982,,35.09323401376605,0,61,1993,3
1993-03-03,25.499993326514982,,35.10849326848984,0,62,1993,3
1993-03-04,25.079993335902714,,35.07797475904226,0,63,1993,3
1993-03-05,24.86999334059658,,35.039826622232795,0,64,1993,3
1993-03-06,25.289993331208848,,35.013885889202356,0,65,1993,3
1993-03-07,25.41999332830312,,35.064241429790854,0,66,1993,3
1993-03-08,25.469993327185534,,35.1039154920727,0,67,1993,3
1993-03-09,25.64999332316222,,35.09170808829367,0,68,1993,3
1993-03-10,26.099993313103937,,35.076448833569884,0,69,1993,3
1993-03-11,26.349993307516,,35.06881920620799,0,70,1993,3
1993-03-12,26.749993298575305,,35.02456736750901,0,71,1993,3
1993-03-13,26.949993294104956,,34.98641923069954,0,72,1993,3
1993-03-14,26.99999329298737,,34.97573775239289,0,73,1993,3
1993-03-15,26.26999330930414,,34.9818414542824,0,74,1993,3
1993-03-16,26.089993313327454,,34.98794515617192,0,75,1993,3
1993-03-17,26.089993313327454,,34.99557478353381,0,76,1993,3
1993-03-18,26.22999331019821,,35.013885889202356,0,77,1993,3
1993-03-19,25.549993325397395,,35.03372292034328,0,78,1993,3
1993-03-20,25.29999333098533,,35.04898217506707,0,79,1993,3
1993-03-21,25.37999332919719,,35.0535599514842,0,80,1993,3
1993-03-22,25.4899933267385,,35.04593032412231,0,81,1993,3
1993-03-23,25.469993327185534,,35.029145143926144,0,82,1993,3
1993-03-24,25.399993328750156,,35.03677477128804,0,83,1993,3
1993-03-25,24.429993350431346,,35.06729328073561,0,84,1993,3
1993-03-26,24.319993352890037,,35.087130311876535,0,85,1993,3
1993-03-27,24.539993347972654,,35.09628586471081,0,86,1993,3
1993-03-28,25.749993320927047,,35.10544141754508,0,87,1993,3
1993-03-29,25.909993317350768,,35.11917474679649,0,88,1993,3
1993-03-30,25.899993317574285,,35.099337715655565,0,89,1993,3
1993-03-31,25.129993334785127,,35.12833029963076,0,90,1993,3
1993-04-01,24.849993341043614,,35.11917474679649,0,91,1993,4
1993-04-02,24.98999333791437,,35.027619218453765,0,92,1993,4
1993-04-03,25.089993335679196,,34.94979701936245,0,93,1993,4
1993-04-04,24.98999333791437,,34.92538221180439,0,94,1993,4
1993-04-05,24.969993338361405,,34.97115997597575,0,95,1993,4
1993-04-06,25.699993322044634,,34.98641923069954,0,96,1993,4
1993-04-07,26.14999331198635,,34.933011839166284,0,97,1993,4
1993-04-08,26.019993314892076,,34.80636002495885,0,98,1993,4
1993-04-09,25.98999331556263,,34.73616745322943,0,99,1993,4
1993-04-10,26.279993309080623,,34.679708210751414,0,100,1993,4
1993-04-11,26.369993307068967,,34.63545637205243,0,101,1993,4
1993-04-12,26.529993303492688,,34.6446119248867,0,102,1993,4
1993-04-13,26.249993309751176,,34.65987117961049,0,103,1993,4
1993-04-14,26.18999331109228,,34.66902673244476,0,104,1993,4
1993-04-15,26.119993312656902,,34.678182285279036,0,105,1993,4
1993-04-16,26.199993310868763,,34.63545637205243,0,106,1993,4
1993-04-17,26.159993311762832,,34.56526380032301,0,107,1993,4
1993-04-18,26.179993311315798,,34.498123079538345,0,108,1993,4
1993-04-19,26.72999329902234,,34.438611986115575,0,109,1993,4
1993-04-20,27.049993291869782,,34.41114532761276,0,110,1993,4
1993-04-21,26.859993296116613,,34.42030088044703,0,111,1993,4
1993-04-22,26.60999330170455,,34.498123079538345,0,112,1993,4
1993-04-23,26.49999330416324,,34.56831565126777,0,113,1993,4
1993-04-24,26.26999330930414,,34.508804557845,0,114,1993,4
1993-04-25,26.829993296787165,,34.485915675759315,0,115,1993,4
1993-04-26,27.109993290528678,,34.54084899276495,0,116,1993,4
1993-04-27,27.169993289187573,,34.4798119738698,0,117,1993,4
1993-04-28,27.2699932869524,,34.2646564822644,0,118,1993,4
1993-04-29,27.38999328427019,,34.18225650675595,0,119,1993,4
1993-04-30,27.059993291646265,,34.209723165258765,0,120,1993,4
1993-05-01,27.0399932920933,,34.27686388604343,0,121,1993,5
1993-05-02,26.88999329544606,,34.403515700250864,0,122,1993,5
1993-05-03,26.739993298798822,,34.60493786260486,0,123,1993,5
1993-05-04,27.029993292316817,,34.76516003720462,0,124,1993,5
1993-05-05,26.869993295893096,,34.80178224854171,0,125,1993,5
1993-05-06,26.799993297457718,,34.836878534406424,0,126,1993,5
1993-05-07,26.799993297457718,,34.835352608934045,0,127,1993,5
1993-05-08,26.91999329477551,,34.77126373909414,0,128,1993,5
1993-05-09,26.869993295893096,,34.534745290875435,0,129,1993,5
1993-05-10,26.72999329902234,,34.40961940214038,0,130,1993,5
1993-05-11,26.56999330259862,,34.48438975028694,0,131,1993,5
1993-05-12,26.37999330684545,,34.6446119248867,0,132,1993,5
1993-05-13,26.33999330773952,,34.74379708059132,0,133,1993,5
1993-05-14,26.88999329544606,,34.56526380032301,0,134,1993,5
1993-05-15,27.07999329119923,,34.534745290875435,0,135,1993,5
1993-05-16,27.049993291869782,,34.34400460682809,0,136,1993,5
1993-05-17,27.019993292540335,,34.20667131431401,0,137,1993,5
1993-05-18,26.99999329298737,,34.08001950010657,0,138,1993,5
1993-05-19,26.869993295893096,,33.93047880381346,0,139,1993,5
1993-05-20,26.819993297010683,,34.040345437824726,0,140,1993,5
1993-05-21,26.819993297010683,,34.31043424643576,0,141,1993,5
1993-05-22,26.779993297904753,,34.45387124083936,0,142,1993,5
1993-05-23,26.289993308857106,,34.450819389894605,0,143,1993,5
1993-05-24,26.289993308857106,,34.23871574923396,0,144,1993,5
1993-05-25,26.429993305727862,,34.041871363297105,0,145,1993,5
1993-05-26,26.439993305504345,,33.948789909482,0,146,1993,5
1993-05-27,26.799993297457718,,33.85113067924976,0,147,1993,5
1993-05-28,26.389993306621932,,34.040345437824726,0,148,1993,5
1993-05-29,26.129993312433385,,34.211249090731144,0,149,1993,5
1993-05-30,26.03999331444504,,34.475234197452664,0,150,1993,5
1993-05-31,25.99999331533911,,34.62630081921816,0,151,1993,5
1993-06-01,26.119993312656902,,34.366893488913774,0,152,1993,6
1993-06-02,26.329993307963036,,34.68733783811331,0,153,1993,6
1993-06-03,26.169993311539315,,34.83993038535118,0,154,1993,6
1993-06-04,25.98999331556263,,34.88113037310541,0,155,1993,6
1993-06-05,25.969993316009663,,34.9101229570806,0,156,1993,6
1993-06-06,25.859993318468355,,34.85213778913021,0,157,1993,6
1993-06-07,25.709993321821116,,34.630878595635295,0,158,1993,6
1993-06-08,25.629993323609256,,34.440137911587954,0,159,1993,6
1993-06-09,25.619993323832773,,34.49049345217645,0,160,1993,6
1993-06-10,25.619993323832773,,34.56068602390587,0,161,1993,6
1993-06-11,25.549993325397395,,34.92233036085963,0,162,1993,6
1993-06-12,25.479993326962017,,34.933011839166284,0,163,1993,6
1993-06-13,25.4899933267385,,34.867397043854,0,164,1993,6
1993-06-14,25.40999332852664,,34.763634111732244,0,165,1993,6
1993-06-15,25.329993330314778,,34.92385628633201,0,166,1993,6
1993-06-16,25.13999333456161,,34.846034087240696,0,167,1993,6
1993-06-17,25.129993334785127,,34.78347114287317,0,168,1993,6
1993-06-18,25.169993333891057,,34.788048919290304,0,169,1993,6
1993-06-19,25.21999333277347,,34.45539716631174,0,170,1993,6
1993-06-20,25.21999333277347,,35.15274510718882,0,171,1993,6
1993-06-21,25.239993332326435,,34.9391155410558,0,172,1993,6
1993-06-22,24.999993337690853,,34.33942683041096,0,173,1993,6
1993-06-23,24.939993339031957,,34.75600448437035,0,174,1993,6
1993-06-24,24.889993340149545,,34.65071562677622,0,175,1993,6
1993-06-25,24.649993345513963,,35.087130311876535,0,176,1993,6
1993-06-26,24.59999334663155,,35.02456736750901,0,177,1993,6
1993-06-27,24.55999334752562,,34.88570814952254,0,178,1993,6
1993-06-28,24.509993348643206,,35.03067106939852,0,179,1993,6
1993-06-29,24.48999334909024,,35.125278448686004,0,180,1993,6
1993-06-30,24.569993347302102,,35.171056212857366,0,181,1993,6
1993-07-01,24.539993347972654,,35.19852287136018,0,182,1993,7
1993-07-02,24.549993347749137,,35.2046265732497,0,183,1993,7
1993-07-03,24.48999334909024,,35.171056212857366,0,184,1993,7
1993-07-04,24.349993352219485,,35.12833029963076,0,185,1993,7
1993-07-05,24.269993354007624,,35.16953028738499,0,186,1993,7
1993-07-06,24.24999335445466,,35.206152498722076,0,187,1993,7
1993-07-07,24.28999335356059,,35.11764882132411,0,188,1993,7
1993-07-08,24.459993349760794,,35.123752523213625,0,189,1993,7
1993-07-09,24.17999335601928,,35.111545119434595,0,190,1993,7
1993-07-10,24.009993359819077,,35.074922908097506,0,191,1993,7
1993-07-11,24.28999335356059,,35.16190066002309,0,192,1993,7
1993-07-12,24.319993352890037,,35.206152498722076,0,193,1993,7
1993-07-13,24.17999335601928,,35.30228580348194,0,194,1993,7
1993-07-14,23.759993365407013,,35.31296728178859,0,195,1993,7
1993-07-15,23.7099933665246,,35.25803396478295,0,196,1993,7
1993-07-16,23.699993366748117,,35.24582656100392,0,197,1993,7
1993-07-17,23.339993374794744,,35.23972285911441,0,198,1993,7
1993-07-18,23.35999337434771,,35.24887841194868,0,199,1993,7
1993-07-19,23.35999337434771,,35.268715443089604,0,200,1993,7
1993-07-20,23.499993371218466,,35.242774710059166,0,201,1993,7
1993-07-21,23.58999336920681,,35.25803396478295,0,202,1993,7
1993-07-22,23.659993367642187,,35.268715443089604,0,203,1993,7
1993-07-23,23.699993366748117,,35.25955989025533,0,204,1993,7
1993-07-24,23.409993373230122,,35.268715443089604,0,205,1993,7
1993-07-25,23.409993373230122,,35.30228580348194,0,206,1993,7
1993-07-26,23.43999337255957,,35.32059690915048,0,207,1993,7
1993-07-27,23.799993364512943,,35.3190709836781,0,208,1993,7
1993-07-28,23.719993366301082,,35.31144135631621,0,209,1993,7
1993-07-29,23.649993367865704,,35.2977080270648,0,210,1993,7
1993-07-30,23.449993372336053,,35.28855247423053,0,211,1993,7
1993-07-31,23.419993373006605,,35.29007839970291,0,212,1993,7
1993-08-01,23.389993373677157,,35.30991543084383,0,213,1993,8
1993-08-02,23.369993374124192,,35.352641344070435,0,214,1993,8
1993-08-03,23.27999337613585,,35.424359841272235,0,215,1993,8
1993-08-04,23.27999337613585,,35.34501171670854,0,216,1993,8
1993-08-05,23.199993377923988,,35.22751545533538,0,217,1993,8
1993-08-06,23.259993376582884,,35.219885827973485,0,218,1993,8
1993-08-07,23.259993376582884,,35.24887841194868,0,219,1993,8
1993-08-08,23.35999337434771,,35.268715443089604,0,220,1993,8
1993-08-09,23.259993376582884,,35.28550062328577,0,221,1993,8
1993-08-10,23.259993376582884,,35.30228580348194,0,222,1993,8
1993-08-11,23.259993376582884,,35.38315985351801,0,223,1993,8
1993-08-12,23.08999338038268,,35.375530226156116,0,224,1993,8
1993-08-13,23.029993381723784,,35.38010800257325,0,225,1993,8
1993-08-14,23.059993381053232,,35.40299688465893,0,226,1993,8
1993-08-15,22.869993385300063,,35.41673021391034,0,227,1993,8
1993-08-16,22.809993386641167,,35.42741169221699,0,228,1993,8
1993-08-17,22.769993387535237,,35.39231540635228,0,229,1993,8
1993-08-18,22.70999338887634,,35.26108581572771,0,230,1993,8
1993-08-19,22.65999338999393,,35.25803396478295,0,231,1993,8
1993-08-20,22.839993385970615,,35.26413766667247,0,232,1993,8
1993-08-21,22.949993383511924,,35.279396921396255,0,233,1993,8
1993-08-22,22.999993382394337,,35.328226536512375,0,234,1993,8
1993-08-23,22.89999338462951,,35.30686357989907,0,235,1993,8
1993-08-24,22.849993385747098,,35.27481914497912,0,236,1993,8
1993-08-25,22.77999338731172,,35.280922846868634,0,237,1993,8
1993-08-26,22.689993389323377,,35.293130250647664,0,238,1993,8
1993-08-27,22.599993391335033,,35.30228580348194,0,239,1993,8
1993-08-28,22.479993394017242,,35.30991543084383,0,240,1993,8
1993-08-29,22.459993394464277,,35.30838950537145,0,241,1993,8
1993-08-30,22.35999339669945,,35.316019132733345,0,242,1993,8
1993-08-31,22.109993402287387,,35.328226536512375,0,243,1993,8
1993-09-01,22.04999340362849,,35.33280431292951,0,244,1993,9
1993-09-02,22.029993404075526,,35.33433023840189,0,245,1993,9
1993-09-03,22.439993394911312,,35.29923395253718,0,246,1993,9
1993-09-04,22.569993392005586,,35.16647843644023,0,247,1993,9
1993-09-05,22.69999338909986,,35.134434001520276,0,248,1993,9
1993-09-06,22.559993392229103,,35.135959926992655,0,249,1993,9
1993-09-07,22.379993396252416,,35.15579695813358,0,250,1993,9
1993-09-08,22.329993397370004,,35.18173769116402,0,251,1993,9
1993-09-09,22.34999339692297,,35.19852287136018,0,252,1993,9
1993-09-10,22.54999339245262,,35.19852287136018,0,253,1993,9
1993-09-11,22.539993392676138,,35.196996945887804,0,254,1993,9
1993-09-12,22.599993391335033,,35.195471020415425,0,255,1993,9
1993-09-13,22.679993389546894,,35.20004879683256,0,256,1993,9
1993-09-14,22.69999338909986,,35.206152498722076,0,257,1993,9
1993-09-15,22.789993387088202,,35.20157472230494,0,258,1993,9
1993-09-16,22.689993389323377,,35.195471020415425,0,259,1993,9
1993-09-17,22.54999339245262,,35.18936731852591,0,260,1993,9
1993-09-18,22.499993393570207,,35.19852287136018,0,261,1993,9
1993-09-19,22.379993396252416,,35.22904138080776,0,262,1993,9
1993-09-20,22.289993398264073,,35.242774710059166,0,263,1993,9
1993-09-21,21.989993404969596,,35.21683397702873,0,264,1993,9
1993-09-22,21.909993406757735,,35.172582138329744,0,265,1993,9
1993-09-23,22.109993402287387,,35.17410806380212,0,266,1993,9
1993-09-24,22.179993400722765,,35.16647843644023,0,267,1993,9
1993-09-25,22.23999339938166,,35.15274510718882,0,268,1993,9
1993-09-26,22.639993390440964,,35.15121918171644,0,269,1993,9
1993-09-27,22.689993389323377,,35.16953028738499,0,270,1993,9
1993-09-28,22.65999338999393,,35.1542710326612,0,271,1993,9
1993-09-29,22.409993395581864,,35.12680437415838,0,272,1993,9
1993-09-30,22.269993398711108,,35.14053770340979,0,273,1993,9
1993-10-01,22.069993403181456,,35.15121918171644,0,274,1993,10
1993-10-02,22.059993403404974,,35.17715991474688,0,275,1993,10
1993-10-03,22.07999340295794,,35.20157472230494,0,276,1993,10
1993-10-04,22.19999340027573,,35.25040433742106,0,277,1993,10
1993-10-05,22.85999338552358,,35.338908014819026,0,278,1993,10
1993-10-06,22.92999338395896,,35.329752461984754,0,279,1993,10
1993-10-07,22.949993383511924,,35.23819693364203,0,280,1993,10
1993-10-08,22.489993393793725,,35.19089324399829,0,281,1993,10
1993-10-09,22.3899933960289,,35.18936731852591,0,282,1993,10
1993-10-10,22.31999339759352,,35.18784139305353,0,283,1993,10
1993-10-11,22.129993401840352,,35.184789542108774,0,284,1993,10
1993-10-12,22.03999340385201,,35.18631546758115,0,285,1993,10
1993-10-13,22.31999339759352,,35.195471020415425,0,286,1993,10
1993-10-14,22.329993397370004,,35.207678424194455,0,287,1993,10
1993-10-15,22.339993397146486,,35.22904138080776,0,288,1993,10
1993-10-16,22.099993402510904,,35.24124878458679,0,289,1993,10
1993-10-17,21.919993406534218,,35.256508039310575,0,290,1993,10
1993-10-18,22.04999340362849,,35.27481914497912,0,291,1993,10
1993-10-19,22.209993400052213,,35.28550062328577,0,292,1993,10
1993-10-20,22.189993400499247,,35.27176729403436,0,293,1993,10
1993-10-21,22.409993395581864,,35.267189517617226,0,294,1993,10
1993-10-22,22.489993393793725,,35.2763450704515,0,295,1993,10
1993-10-23,22.519993393123173,,35.28855247423053,0,296,1993,10
1993-10-24,22.329993397370004,,35.29923395253718,0,297,1993,10
1993-10-25,22.209993400052213,,35.305337654426694,0,298,1993,10
1993-10-26,22.11999340206387,,35.30838950537145,0,299,1993,10
1993-10-27,21.949993405863665,,35.31296728178859,0,300,1993,10
1993-10-28,21.88999340720477,,35.314493207260966,0,301,1993,10
1993-10-29,21.859993407875322,,35.30838950537145,0,302,1993,10
1993-10-30,21.799993409216427,,35.30686357989907,0,303,1993,10
1993-10-31,21.9299934063107,,35.31296728178859,0,304,1993,10
1993-11-01,22.04999340362849,,35.32517468556762,0,305,1993,11
1993-11-02,22.249993399158143,,35.33585616387427,0,306,1993,11
1993-11-03,22.229993399605178,,35.338908014819026,0,307,1993,11
1993-11-04,22.329993397370004,,35.33127838745713,0,308,1993,11
1993-11-05,22.689993389323377,,35.28397469781339,0,309,1993,11
1993-11-06,22.73999338820579,,35.22446360439062,0,310,1993,11
1993-11-07,22.789993387088202,,35.21073027513921,0,311,1993,11
1993-11-08,22.799993386864685,,35.21378212608397,0,312,1993,11
1993-11-09,22.73999338820579,,35.21225620061159,0,313,1993,11
1993-11-10,22.759993387758755,,35.22904138080776,0,314,1993,11
1993-11-11,22.77999338731172,,35.242774710059166,0,315,1993,11
1993-11-12,22.889993384853028,,35.23819693364203,0,316,1993,11
1993-11-13,22.879993385076546,,35.242774710059166,0,317,1993,11
1993-11-14,22.799993386864685,,35.26108581572771,0,318,1993,11
1993-11-15,22.609993391111516,,35.27481914497912,0,319,1993,11
1993-11-16,22.50999339334669,,35.28244877234101,0,320,1993,11
1993-11-17,22.34999339692297,,35.28550062328577,0,321,1993,11
1993-11-18,22.129993401840352,,35.28855247423053,0,322,1993,11
1993-11-19,22.139993401616834,,35.293130250647664,0,323,1993,11
1993-11-20,22.229993399605178,,35.2977080270648,0,324,1993,11
1993-11-21,22.34999339692297,,35.29923395253718,0,325,1993,11
1993-11-22,22.829993386194133,,35.30075987800956,0,326,1993,11
1993-11-23,23.179993378371023,,35.29923395253718,0,327,1993,11
1993-11-24,23.259993376582884,,35.2977080270648,0,328,1993,11
1993-11-25,23.029993381723784,,35.30838950537145,0,329,1993,11
1993-11-26,22.92999338395896,,35.31144135631621,0,330,1993,11
1993-11-27,22.959993383288406,,35.293130250647664,0,331,1993,11
1993-11-28,23.04999338127675,,35.29465617612004,0,332,1993,11
1993-11-29,23.04999338127675,,35.314493207260966,0,333,1993,11
1993-11-30,23.00999338217082,,35.31296728178859,0,334,1993,11
1993-12-01,23.109993379935645,,35.29465617612004,0,335,1993,12
1993-12-02,23.309993375465297,,35.293130250647664,0,336,1993,12
1993-12-03,23.459993372112535,,35.29007839970291,0,337,1993,12
1993-12-04,23.719993366301082,,35.279396921396255,0,338,1993,12
1993-12-05,23.999993360042595,,35.268715443089604,0,339,1993,12
1993-12-06,24.12999335713687,,35.26261174120009,0,340,1993,12
1993-12-07,24.24999335445466,,35.254982113838196,0,341,1993,12
1993-12-08,24.349993352219485,,35.2473524864763,0,342,1993,12
1993-12-09,23.919993361830734,,35.22293767891824,0,343,1993,12
1993-12-10,23.419993373006605,,35.195471020415425,0,344,1993,12
1993-12-11,23.459993372112535,,35.18784139305353,0,345,1993,12
1993-12-12,23.51999337077143,,35.17715991474688,0,346,1993,12
1993-12-13,23.569993369653844,,35.16190066002309,0,347,1993,12
1993-12-14,23.82999336384239,,35.160374734550714,0,348,1993,12
1993-12-15,24.12999335713687,,35.183263616636395,0,349,1993,12
1993-12-16,24.389993351325415,,35.18631546758115,0,350,1993,12
1993-12-17,24.86999334059658,,35.18784139305353,0,351,1993,12
1993-12-18,24.83999334126713,,35.18631546758115,0,352,1993,12
1993-12-19,24.589993346855067,,35.17868584021926,0,353,1993,12
1993-12-20,24.20999335534873,,35.15732288360596,0,354,1993,12
1993-12-21,24.119993357360386,,35.135959926992655,0,355,1993,12
1993-12-22,24.079993358254455,,35.12985622510314,0,356,1993,12
1993-12-23,24.049993358925008,,35.123752523213625,0,357,1993,12
1993-12-24,24.17999335601928,,35.11612289585173,0,358,1993,12
1993-12-25,23.989993360266112,,35.10696734301746,0,359,1993,12
1993-12-26,23.929993361607217,,35.09781179018319,0,360,1993,12
1993-12-27,23.999993360042595,,35.09475993923843,0,361,1993,12
1993-12-28,24.049993358925008,,35.09781179018319,0,362,1993,12
1993-12-29,24.009993359819077,,35.1039154920727,0,363,1993,12
1993-12-30,24.089993358030938,,35.10544141754508,0,364,1993,12
1993-12-31,24.119993357360386,,35.110019193962216,0,365,1993,12
1994-01-01,24.119993357360386,,35.11764882132411,0,1,1994,1
1994-01-02,24.069993358477973,,35.12070067226887,0,2,1994,1
1994-01-03,24.469993349537276,,35.11917474679649,0,3,1994,1
1994-01-04,24.63999334573748,,35.11612289585173,0,4,1994,1
1994-01-05,24.959993338584923,,35.12070067226887,0,5,1994,1
1994-01-06,25.089993335679196,,35.13901177793741,0,6,1994,1
1994-01-07,24.779993342608236,,35.12680437415838,0,7,1994,1
1994-01-08,25.21999333277347,,35.09781179018319,0,8,1994,1
1994-01-09,25.699993322044634,,35.10238956660032,0,9,1994,1
1994-01-10,25.819993319362425,,35.10544141754508,0,10,1994,1
1994-01-11,25.599993324279808,,35.09475993923843,0,11,1994,1
1994-01-12,25.509993326291465,,35.087130311876535,0,12,1994,1
1994-01-13,26.06999331377449,,35.11612289585173,0,13,1994,1
1994-01-14,26.219993310421728,,35.09018216282129,0,14,1994,1
1994-01-15,25.699993322044634,,35.06729328073561,0,15,1994,1
1994-01-16,25.37999332919719,,35.09323401376605,0,16,1994,1
1994-01-17,25.45999332740905,,35.09628586471081,0,17,1994,1
1994-01-18,25.479993326962017,,35.12680437415838,0,18,1994,1
1994-01-19,25.549993325397395,,35.17410806380212,0,19,1994,1
1994-01-20,26.949993294104956,,35.18021176569164,0,20,1994,1
1994-01-21,27.42999328337612,,35.14511547982693,0,21,1994,1
1994-01-22,27.53999328091743,,35.12833029963076,0,22,1994,1
1994-01-23,27.379993284493708,,35.18631546758115,0,23,1994,1
1994-01-24,26.88999329544606,,35.196996945887804,0,24,1994,1
1994-01-25,26.5799933023751,,35.148167330771685,0,25,1994,1
1994-01-26,26.469993304833793,,35.122226597741246,0,26,1994,1
1994-01-27,26.76999329812827,,35.11917474679649,0,27,1994,1
1994-01-28,27.599993279576324,,35.10544141754508,0,28,1994,1
1994-01-29,28.599993257224583,,35.12680437415838,0,29,1994,1
1994-01-30,28.309993263706588,,35.18631546758115,0,30,1994,1
1994-01-31,27.84999327398839,,35.20004879683256,0,31,1994,1
1994-02-01,27.679993277788185,,35.19089324399829,0,32,1994,2
1994-02-02,27.419993283599638,,35.16190066002309,0,33,1994,2
1994-02-03,27.029993292316817,,35.134434001520276,0,34,1994,2
1994-02-04,26.159993311762832,,35.110019193962216,0,35,1994,2
1994-02-05,25.87999331802132,,35.087130311876535,0,36,1994,2
1994-02-06,25.64999332316222,,35.07797475904226,0,37,1994,2
1994-02-07,25.29999333098533,,35.07187105715275,0,38,1994,2
1994-02-08,25.509993326291465,,35.07187105715275,0,39,1994,2
1994-02-09,25.899993317574285,,35.07797475904226,0,40,1994,2
1994-02-10,26.33999330773952,,35.125278448686004,0,41,1994,2
1994-02-11,26.439993305504345,,35.17868584021926,0,42,1994,2
1994-02-12,26.759993298351787,,35.07797475904226,0,43,1994,2
1994-02-13,26.699993299692892,,35.04593032412231,0,44,1994,2
1994-02-14,26.529993303492688,,35.05966365337372,0,45,1994,2
1994-02-15,26.49999330416324,,35.05508587695658,0,46,1994,2
1994-02-16,26.699993299692892,,35.029145143926144,0,47,1994,2
1994-02-17,26.749993298575305,,35.02151551656425,0,48,1994,2
1994-02-18,26.72999329902234,,34.99557478353381,0,49,1994,2
1994-02-19,26.719993299245857,,34.97115997597575,0,50,1994,2
1994-02-20,26.8099932972342,,35.01846366561949,0,51,1994,2
1994-02-21,26.789993297681235,,35.02304144203663,0,52,1994,2
1994-02-22,26.719993299245857,,34.96200442314148,0,53,1994,2
1994-02-23,26.789993297681235,,34.94979701936245,0,54,1994,2
1994-02-24,26.869993295893096,,34.955900721251965,0,55,1994,2
1994-02-25,26.92999329455199,,34.94979701936245,0,56,1994,2
1994-02-26,26.439993305504345,,34.933011839166284,0,57,1994,2
1994-02-27,26.279993309080623,,34.954374795779586,0,58,1994,2
1994-02-28,26.359993307292484,,35.02151551656425,0,59,1994,2
1994-03-01,26.549993303045653,,35.03524884581566,0,60,1994,3
1994-03-02,26.859993296116613,,35.01235996372998,0,61,1994,3
1994-03-03,26.96999329365792,,35.004730336368084,0,62,1994,3
1994-03-04,27.399993284046673,,35.00015255995095,0,63,1994,3
1994-03-05,27.529993281140946,,34.99710070900619,0,64,1994,3
1994-03-06,27.629993278905772,,34.89181185141206,0,65,1994,3
1994-03-07,27.84999327398839,,34.5805230550468,0,66,1994,3
1994-03-08,27.959993271529697,,34.45997494272888,0,67,1994,3
1994-03-09,27.879993273317837,,34.58967860788107,0,68,1994,3
1994-03-10,27.81999327465894,,34.69344154000282,0,69,1994,3
1994-03-11,27.999993270635628,,34.643085999414325,0,70,1994,3
1994-03-12,28.539993258565687,,34.56373787485063,0,71,1994,3
1994-03-13,28.599993257224583,,34.54390084370971,0,72,1994,3
1994-03-14,28.62999325655403,,34.4584490172565,0,73,1994,3
1994-03-15,28.43999326080086,,34.34858238324523,0,74,1994,3
1994-03-16,28.359993262589,,34.27686388604343,0,75,1994,3
1994-03-17,28.66999325565996,,34.20209353789687,0,76,1994,3
1994-03-18,28.66999325565996,,34.04492321424186,0,77,1994,3
1994-03-19,28.73999325409534,,33.956419536843896,0,78,1994,3
1994-03-20,28.599993257224583,,33.89385659247637,0,79,1994,3
1994-03-21,28.409993261471413,,33.93810843117535,0,80,1994,3
1994-03-22,28.449993260577344,,34.17004910297692,0,81,1994,3
1994-03-23,28.369993262365483,,34.27228610962629,0,82,1994,3
1994-03-24,28.519993259012722,,34.40046384930611,0,83,1994,3
1994-03-25,28.459993260353826,,34.66139710508287,0,84,1994,3
1994-03-26,28.47999325990679,,34.70564894378185,0,85,1994,3
1994-03-27,28.43999326080086,,34.7239600494504,0,86,1994,3
1994-03-28,28.299993263930105,,34.76058226078749,0,87,1994,3
1994-03-29,28.249993265047692,,34.73311560228467,0,88,1994,3
1994-03-30,28.309993263706588,,34.83077483251691,0,89,1994,3
1994-03-31,28.259993264824175,,34.919278509914875,0,90,1994,3
1994-04-01,28.329993263259553,,34.92538221180439,0,91,1994,4
1994-04-02,28.339993263036035,,34.75447855889797,0,92,1994,4
1994-04-03,28.619993256777548,,34.53779714182019,0,93,1994,4
1994-04-04,27.989993270859145,,34.51643418520689,0,94,1994,4
1994-04-05,27.719993276894115,,34.63698229752481,0,95,1994,4
1994-04-06,27.629993278905772,,34.70717486925423,0,96,1994,4
1994-04-07,27.939993271976732,,34.74379708059132,0,97,1994,4
1994-04-08,28.139993267506384,,34.65834525413811,0,98,1994,4
1994-04-09,27.81999327465894,,34.47828604839742,0,99,1994,4
1994-04-10,27.42999328337612,,34.21277501620352,0,100,1994,4
1994-04-11,27.369993284717225,,34.02203433215618,0,101,1994,4
1994-04-12,27.479993282258533,,34.22956019639969,0,102,1994,4
1994-04-13,27.599993279576324,,34.18836020864546,0,103,1994,4
1994-04-14,28.599993257224583,,34.02508618310094,0,104,1994,4
1994-04-15,29.029993247613334,,33.75804922543466,0,105,1994,4
1994-04-16,28.5899932574481,,33.79772328771651,2,106,1994,4
1994-04-17,28.46999326013031,,33.95947138778865,0,107,1994,4
1994-04-18,28.43999326080086,,34.09527875483036,0,108,1994,4
1994-04-19,28.689993255212926,,34.21735279262066,0,109,1994,4
1994-04-20,28.689993255212926,,34.305856470018625,0,110,1994,4
1994-04-21,28.38999326191845,,34.04644913971424,0,111,1994,4
1994-04-22,28.409993261471413,,33.657338144257665,0,112,1994,4
1994-04-23,28.50999325923624,,33.65886406973004,0,113,1994,4
1994-04-24,28.38999326191845,,33.742789970710874,0,114,1994,4
1994-04-25,28.229993265494727,,34.09375282935798,0,115,1994,4
1994-04-26,28.249993265047692,,34.60951563902199,0,116,1994,4
1994-04-27,28.179993266612314,,34.68733783811331,0,117,1994,4
1994-04-28,27.829993274435424,,34.50727863237262,0,118,1994,4
1994-04-29,27.709993277117633,,34.223456494510174,0,119,1994,4
1994-04-30,27.80999327488246,,34.17920465581119,0,120,1994,4
1994-05-01,27.88999327309432,,34.11969356238842,0,121,1994,5
1994-05-02,27.92999327220025,,34.35163423418999,0,122,1994,5
1994-05-03,28.189993266388797,,34.26160463131964,0,123,1994,5
1994-05-04,28.299993263930105,,33.932004729285836,0,124,1994,5
1994-05-05,28.309993263706588,,33.96099731326103,0,125,1994,5
1994-05-06,28.19999326616528,,34.089175052940845,0,126,1994,5
1994-05-07,28.04999326951804,,34.27381203509867,0,127,1994,5
1994-05-08,28.029993269965075,,34.6522415522486,0,128,1994,5
1994-05-09,27.959993271529697,,34.8887600004673,0,129,1994,5
1994-05-10,27.88999327309432,,34.65071562677622,0,130,1994,5
1994-05-11,27.789993275329493,,34.04492321424186,0,131,1994,5
1994-05-12,27.409993283823155,,33.79314551129937,0,132,1994,5
1994-05-13,27.319993285834812,,33.8557084556669,0,133,1994,5
1994-05-14,27.299993286281847,,34.043397288769484,0,134,1994,5
1994-05-15,27.219993288069986,,34.05865654349327,0,135,1994,5
1994-05-16,27.179993288964056,,33.98388619534671,1,136,1994,5
1994-05-17,27.169993289187573,,33.9991454500705,0,137,1994,5
1994-05-18,27.2699932869524,,34.12884911522269,0,138,1994,5
1994-05-19,27.2699932869524,,34.11816763691604,0,139,1994,5
1994-05-20,27.27999328672888,,33.96252323873341,0,140,1994,5
1994-05-21,27.27999328672888,,33.82213809527457,0,141,1994,5
1994-05-22,27.149993289634608,,34.03881951235235,0,142,1994,5
1994-05-23,26.939993294328474,,34.139530593529344,0,143,1994,5
1994-05-24,26.949993294104956,,34.7453230060637,0,144,1994,5
1994-05-25,26.84999329634013,,35.111545119434595,0,145,1994,5
1994-05-26,26.749993298575305,,35.111545119434595,0,146,1994,5
1994-05-27,26.639993301033996,,35.09018216282129,0,147,1994,5
1994-05-28,26.629993301257514,,35.14206362888217,0,148,1994,5
1994-05-29,26.869993295893096,,35.219885827973485,0,149,1994,5
1994-05-30,26.91999329477551,,35.23514508269727,0,150,1994,5
1994-05-31,26.899993295222544,,35.23972285911441,0,151,1994,5
1994-06-01,26.60999330170455,,35.23667100816965,0,152,1994,6
1994-06-02,26.389993306621932,,35.2046265732497,0,153,1994,6
1994-06-03,26.209993310645245,,35.172582138329744,0,154,1994,6
1994-06-04,26.009993315115594,,35.15121918171644,0,155,1994,6
1994-06-05,25.899993317574285,,35.14969325624406,0,156,1994,6
1994-06-06,25.849993318691872,,35.14969325624406,0,157,1994,6
1994-06-07,25.769993320480012,,35.10696734301746,0,158,1994,6
1994-06-08,25.659993322938703,,35.088656237348914,0,159,1994,6
1994-06-09,25.499993326514982,,35.123752523213625,0,160,1994,6
1994-06-10,25.429993328079604,,35.15579695813358,0,161,1994,6
1994-06-11,25.40999332852664,,35.184789542108774,0,162,1994,6
1994-06-12,25.249993332102918,,35.2046265732497,0,163,1994,6
1994-06-13,25.2599933318794,,35.21225620061159,0,164,1994,6
1994-06-14,25.269993331655883,,35.24582656100392,0,165,1994,6
1994-06-15,25.29999333098533,,35.23667100816965,0,166,1994,6
1994-06-16,25.359993329644226,,35.184789542108774,0,167,1994,6
1994-06-17,25.269993331655883,,35.22751545533538,0,168,1994,6
1994-06-18,25.009993337467336,,35.22293767891824,0,169,1994,6
1994-06-19,24.999993337690853,,35.14206362888217,0,170,1994,6
1994-06-20,25.089993335679196,,35.148167330771685,0,171,1994,6
1994-06-21,25.239993332326435,,35.195471020415425,0,172,1994,6
1994-06-22,25.209993332996987,,35.18021176569164,0,173,1994,6
1994-06-23,25.039993336796783,,35.17410806380212,0,174,1994,6
1994-06-24,24.59999334663155,,35.18173769116402,0,175,1994,6
1994-06-25,24.689993344619893,,35.11459697037935,0,176,1994,6
1994-06-26,24.809993341937684,,35.088656237348914,0,177,1994,6
1994-06-27,24.889993340149545,,35.209204349666834,0,178,1994,6
1994-06-28,24.83999334126713,,35.24124878458679,0,179,1994,6
1994-06-29,24.859993340820097,,35.20310064777732,0,180,1994,6
1994-06-30,24.859993340820097,,35.21378212608397,0,181,1994,6
1994-07-01,24.729993343725823,,35.16190066002309,0,182,1994,7
1994-07-02,24.459993349760794,,35.18021176569164,0,183,1994,7
1994-07-03,24.379993351548933,,35.22446360439062,0,184,1994,7
1994-07-04,24.379993351548933,,35.24582656100392,0,185,1994,7
1994-07-05,24.469993349537276,,35.27787099592388,0,186,1994,7
1994-07-06,24.44999334998431,,35.19089324399829,0,187,1994,7
1994-07-07,24.469993349537276,,35.172582138329744,0,188,1994,7
1994-07-08,24.609993346408032,,35.24582656100392,0,189,1994,7
1994-07-09,24.629993345960997,,35.28397469781339,0,190,1994,7
1994-07-10,24.52999334819617,,35.27481914497912,0,191,1994,7
1994-07-11,24.089993358030938,,35.268715443089604,0,192,1994,7
1994-07-12,23.90999336205425,,35.28397469781339,0,193,1994,7
1994-07-13,23.759993365407013,,35.30991543084383,0,194,1994,7
1994-07-14,23.569993369653844,,35.33585616387427,0,195,1994,7
1994-07-15,23.539993370324396,,35.35416726954281,0,196,1994,7
1994-07-16,23.719993366301082,,35.35416726954281,0,197,1994,7
1994-07-17,23.719993366301082,,35.35416726954281,0,198,1994,7
1994-07-18,23.719993366301082,,35.36790059879422,0,199,1994,7
1994-07-19,23.81999336406591,,35.3984191082418,0,200,1994,7
1994-07-20,23.849993363395356,,35.39689318276942,0,201,1994,7
1994-07-21,23.739993365854048,,35.36027097143233,0,202,1994,7
1994-07-22,23.7099933665246,,35.351115418598056,0,203,1994,7
1994-07-23,23.719993366301082,,35.352641344070435,0,204,1994,7
1994-07-24,23.739993365854048,,35.352641344070435,0,205,1994,7
1994-07-25,23.769993365183495,,35.36637467332184,0,206,1994,7
1994-07-26,23.639993368089222,,35.39231540635228,0,207,1994,7
1994-07-27,23.659993367642187,,35.410626512020826,0,208,1994,7
1994-07-28,23.7099933665246,,35.425885766744614,0,209,1994,7
1994-07-29,23.55999336987736,,35.44419687241316,0,210,1994,7
1994-07-30,23.469993371889018,,35.459456127136946,0,211,1994,7
1994-07-31,23.459993372112535,,35.45640427619219,0,212,1994,7
1994-08-01,23.429993372783088,,35.40757466107607,0,213,1994,8
1994-08-02,23.689993366971635,,35.40757466107607,0,214,1994,8
1994-08-03,23.659993367642187,,35.40757466107607,0,215,1994,8
1994-08-04,23.54999337010088,,35.352641344070435,0,216,1994,8
1994-08-05,23.31999337524178,,35.338908014819026,0,217,1994,8
1994-08-06,23.299993375688814,,35.33585616387427,0,218,1994,8
1994-08-07,23.28999337591233,,35.3190709836781,0,219,1994,8
1994-08-08,23.51999337077143,,35.2977080270648,0,220,1994,8
1994-08-09,23.66999336741867,,35.25193026289344,0,221,1994,8
1994-08-10,23.719993366301082,,35.225989529863,0,222,1994,8
1994-08-11,23.32999337501826,,35.293130250647664,0,223,1994,8
1994-08-12,23.339993374794744,,35.33738208934665,0,224,1994,8
1994-08-13,23.269993376359366,,35.34958949312568,0,225,1994,8
1994-08-14,23.08999338038268,,35.34348579123616,0,226,1994,8
1994-08-15,22.93999338373544,,35.34501171670854,0,227,1994,8
1994-08-16,22.839993385970615,,35.389263555407524,0,228,1994,8
1994-08-17,22.81999338641765,,35.424359841272235,0,229,1994,8
1994-08-18,23.08999338038268,,35.38468577899039,0,230,1994,8
1994-08-19,23.28999337591233,,35.36637467332184,0,231,1994,8
1994-08-20,23.43999337255957,,35.3694265242666,0,232,1994,8
1994-08-21,23.449993372336053,,35.39536725729704,0,233,1994,8
1994-08-22,23.43999337255957,,35.422833915799856,0,234,1994,8
1994-08-23,23.379993373900675,,35.413678362965584,0,235,1994,8
1994-08-24,23.43999337255957,,35.399945033714175,0,236,1994,8
1994-08-25,23.81999336406591,,35.40757466107607,0,237,1994,8
1994-08-26,23.86999336294832,,35.43809317052364,0,238,1994,8
1994-08-27,23.809993364289426,,35.46403390355408,0,239,1994,8
1994-08-28,23.659993367642187,,35.46555982902646,0,240,1994,8
1994-08-29,23.58999336920681,,35.39231540635228,0,241,1994,8
1994-08-30,23.469993371889018,,35.2473524864763,0,242,1994,8
1994-08-31,23.369993374124192,,35.196996945887804,0,243,1994,8
1994-09-01,23.35999337434771,,35.232093231752515,0,244,1994,9
1994-09-02,23.32999337501826,,35.25803396478295,0,245,1994,9
1994-09-03,23.27999337613585,,35.28550062328577,0,246,1994,9
1994-09-04,22.829993386194133,,35.279396921396255,0,247,1994,9
1994-09-05,22.77999338731172,,35.2763450704515,0,248,1994,9
1994-09-06,22.909993384405993,,35.2977080270648,0,249,1994,9
1994-09-07,22.85999338552358,,35.328226536512375,0,250,1994,9
1994-09-08,22.839993385970615,,35.34653764218092,0,251,1994,9
1994-09-09,23.079993380606197,,35.389263555407524,0,252,1994,9
1994-09-10,23.20999337770047,,35.508285742253065,0,253,1994,9
1994-09-11,23.08999338038268,,35.5418561026454,0,254,1994,9
1994-09-12,22.97999338284137,,35.53727832622826,0,255,1994,9
1994-09-13,22.919993384182476,,35.52507092244923,0,256,1994,9
1994-09-14,22.77999338731172,,35.51591536961496,0,257,1994,9
1994-09-15,22.799993386864685,,35.51591536961496,0,258,1994,9
1994-09-16,22.85999338552358,,35.522019071504474,0,259,1994,9
1994-09-17,22.999993382394337,,35.52812277339399,0,260,1994,9
1994-09-18,23.109993379935645,,35.52964869886637,0,261,1994,9
1994-09-19,23.16999337859454,,35.518967220559716,0,262,1994,9
1994-09-20,23.269993376359366,,35.50370796583593,0,263,1994,9
1994-09-21,23.539993370324396,,35.497604263946414,0,264,1994,9
1994-09-22,23.229993377253436,,35.496078338474035,0,265,1994,9
1994-09-23,22.749993387982272,,35.49302648752928,0,266,1994,9
1994-09-24,22.649993390217446,,35.47929315827787,0,267,1994,9
1994-09-25,22.62999339066448,,35.43809317052364,0,268,1994,9
1994-09-26,22.609993391111516,,35.38621170446277,0,269,1994,9
1994-09-27,22.539993392676138,,35.34501171670854,0,270,1994,9
1994-09-28,22.479993394017242,,35.291604325175285,0,271,1994,9
1994-09-29,22.479993394017242,,35.24887841194868,0,272,1994,9
1994-09-30,22.65999338999393,,35.24887841194868,0,273,1994,9
1994-10-01,22.209993400052213,,35.256508039310575,0,274,1994,10
1994-10-02,22.11999340206387,,35.26108581572771,0,275,1994,10
1994-10-03,22.04999340362849,,35.267189517617226,0,276,1994,10
1994-10-04,22.209993400052213,,35.25345618836582,0,277,1994,10
1994-10-05,22.419993395358347,,35.256508039310575,0,278,1994,10
1994-10-06,22.42999339513483,,35.267189517617226,0,279,1994,10
1994-10-07,22.439993394911312,,35.206152498722076,0,280,1994,10
1994-10-08,22.58999339155855,,35.15274510718882,0,281,1994,10
1994-10-09,22.839993385970615,,35.18936731852591,0,282,1994,10
1994-10-10,23.35999337434771,,35.27481914497912,0,283,1994,10
1994-10-11,23.619993368536257,,35.387737629935145,0,284,1994,10
1994-10-12,23.16999337859454,,35.42741169221699,0,285,1994,10
1994-10-13,23.029993381723784,,35.41520428843796,0,286,1994,10
1994-10-14,22.869993385300063,,35.413678362965584,0,287,1994,10
1994-10-15,22.849993385747098,,35.42893761768937,0,288,1994,10
1994-10-16,22.789993387088202,,35.43961909599602,0,289,1994,10
1994-10-17,22.799993386864685,,35.45182649977505,0,290,1994,10
1994-10-18,23.04999338127675,,35.4625079780817,0,291,1994,10
1994-10-19,23.27999337613585,,35.46555982902646,0,292,1994,10
1994-10-20,23.409993373230122,,35.46555982902646,0,293,1994,10
1994-10-21,23.679993367195152,,35.48692278563976,0,294,1994,10
1994-10-22,23.639993368089222,,35.508285742253065,0,295,1994,10
1994-10-23,23.59999336898329,,35.51133759319782,0,296,1994,10
1994-10-24,23.339993374794744,,35.51438944414258,0,297,1994,10
1994-10-25,23.229993377253436,,35.52964869886637,0,298,1994,10
1994-10-26,23.229993377253436,,35.54795980453491,0,299,1994,10
1994-10-27,23.35999337434771,,35.557115357369184,0,300,1994,10
1994-10-28,23.39999337345364,,35.53880425170064,0,301,1994,10
1994-10-29,23.4799933716655,,35.52812277339399,0,302,1994,10
1994-10-30,24.069993358477973,,35.54643387906253,0,303,1994,10
1994-10-31,24.05999335870149,,35.54643387906253,0,304,1994,10
1994-11-01,23.78999336473646,,35.52507092244923,0,305,1994,11
1994-11-02,23.729993366077565,,35.5128635186702,0,306,1994,11
1994-11-03,23.569993369653844,,35.51438944414258,0,307,1994,11
1994-11-04,23.31999337524178,,35.51744129508734,0,308,1994,11
1994-11-05,23.369993374124192,,35.51744129508734,0,309,1994,11
1994-11-06,23.50999337099495,,35.50218204036355,0,310,1994,11
1994-11-07,24.109993357583903,,35.473189456388354,0,311,1994,11
1994-11-08,24.189993355795764,,35.45793020166457,0,312,1994,11
1994-11-09,24.069993358477973,,35.460982052609324,0,313,1994,11
1994-11-10,23.9399933613837,,35.46555982902646,0,314,1994,11
1994-11-11,23.759993365407013,,35.46861167997122,0,315,1994,11
1994-11-12,23.619993368536257,,35.47471538186073,0,316,1994,11
1994-11-13,23.429993372783088,,35.47929315827787,0,317,1994,11
1994-11-14,23.379993373900675,,35.44267094694078,0,318,1994,11
1994-11-15,23.769993365183495,,35.40604873560369,0,319,1994,11
1994-11-16,25.279993331432365,,35.40757466107607,0,320,1994,11
1994-11-17,25.359993329644226,,35.38468577899039,0,321,1994,11
1994-11-18,25.089993335679196,,35.387737629935145,0,322,1994,11
1994-11-19,24.71999334394934,,35.3984191082418,0,323,1994,11
1994-11-20,24.86999334059658,,35.41825613938272,0,324,1994,11
1994-11-21,24.879993340373062,,35.44572279788554,0,325,1994,11
1994-11-22,24.379993351548933,,35.447248723357916,0,326,1994,11
1994-11-23,23.839993363618873,,35.4197820648551,0,327,1994,11
1994-11-24,23.82999336384239,,35.40452281013131,0,328,1994,11
1994-11-25,23.89999336227777,,35.410626512020826,0,329,1994,11
1994-11-26,24.049993358925008,,35.413678362965584,0,330,1994,11
1994-11-27,23.74999336563053,,35.42130799032748,0,331,1994,11
1994-11-28,23.779993364959978,,35.43198946863413,0,332,1994,11
1994-11-29,24.09999335780742,,35.44419687241316,0,333,1994,11
1994-11-30,24.67999334484341,,35.45182649977505,0,334,1994,11
1994-12-01,24.819993341714166,,35.45793020166457,0,335,1994,12
1994-12-02,24.709993344172858,,35.46555982902646,0,336,1994,12
1994-12-03,24.619993346184515,,35.473189456388354,0,337,1994,12
1994-12-04,24.659993345290445,,35.47624130733311,0,338,1994,12
1994-12-05,24.549993347749137,,35.473189456388354,0,339,1994,12
1994-12-06,24.67999334484341,,35.46861167997122,0,340,1994,12
1994-12-07,24.82999334149065,,35.483870934695005,0,341,1994,12
1994-12-08,24.959993338584923,,35.5128635186702,0,342,1994,12
1994-12-09,25.09999333545568,,35.51591536961496,0,343,1994,12
1994-12-10,24.969993338361405,,35.48997463658452,0,344,1994,12
1994-12-11,24.90999333970251,,35.459456127136946,0,345,1994,12
1994-12-12,25.14999333433809,,35.44572279788554,0,346,1994,12
1994-12-13,25.399993328750156,,35.459456127136946,0,347,1994,12
1994-12-14,25.479993326962017,,35.48844871111214,0,348,1994,12
1994-12-15,25.29999333098533,,35.522019071504474,0,349,1994,12
1994-12-16,25.56999332495036,,35.51591536961496,0,350,1994,12
1994-12-17,25.549993325397395,,35.52964869886637,0,351,1994,12
1994-12-18,25.519993326067947,,35.544907953590155,0,352,1994,12
1994-12-19,25.319993330538296,,35.54033017717302,0,353,1994,12
1994-12-20,24.739993343502306,,35.5342264752835,0,354,1994,12
1994-12-21,24.669993345066928,,35.51591536961496,0,355,1994,12
1994-12-22,24.699993344396376,,35.48081908375025,0,356,1994,12
1994-12-23,26.239993309974693,,35.45335242524743,0,357,1994,12
1994-12-24,26.629993301257514,,35.496078338474035,0,358,1994,12
1994-12-25,26.679993300139927,,35.51744129508734,0,359,1994,12
1994-12-26,26.669993300363444,,35.49455241300166,0,360,1994,12
1994-12-27,26.739993298798822,,35.459456127136946,0,361,1994,12
1994-12-28,27.179993288964056,,35.43961909599602,0,362,1994,12
1994-12-29,27.399993284046673,,35.44419687241316,0,363,1994,12
1994-12-30,27.489993282035016,,35.435041319578886,0,364,1994,12
1994-12-31,27.88999327309432,,35.44572279788554,0,365,1994,12
1995-01-01,27.8999932728708,,35.4701376054436,0,1,1995,1
1995-01-02,27.339993285387777,,35.460982052609324,0,2,1995,1
1995-01-03,25.99999331533911,,35.43351539410651,0,3,1995,1
1995-01-04,26.02999331466856,,35.412152437493205,0,4,1995,1
1995-01-05,26.089993313327454,,35.389263555407524,0,5,1995,1
1995-01-06,26.239993309974693,,35.36790059879422,0,6,1995,1
1995-01-07,26.169993311539315,,35.35569319501519,0,7,1995,1
1995-01-08,26.279993309080623,,35.363322822377086,0,8,1995,1
1995-01-09,26.369993307068967,,35.37095244973898,0,9,1995,1
1995-01-10,26.22999331019821,,35.37247837521136,0,10,1995,1
1995-01-11,26.279993309080623,,35.37858207710087,0,11,1995,1
1995-01-12,26.56999330259862,,35.39689318276942,0,12,1995,1
1995-01-13,26.25999330952766,,35.38468577899039,0,13,1995,1
1995-01-14,25.95999331623318,,35.35874504595995,0,14,1995,1
1995-01-15,25.889993317797803,,35.340433940291405,0,15,1995,1
1995-01-16,25.83999331891539,,35.317545058205724,0,16,1995,1
1995-01-17,26.559993302822136,,35.29465617612004,0,17,1995,1
1995-01-18,26.509993303939723,,35.28702654875815,0,18,1995,1
1995-01-19,26.469993304833793,,35.2977080270648,0,19,1995,1
1995-01-20,26.169993311539315,,35.316019132733345,0,20,1995,1
1995-01-21,25.929993316903733,,35.2763450704515,0,21,1995,1
1995-01-22,25.549993325397395,,35.291604325175285,0,22,1995,1
1995-01-23,25.199993333220505,,35.32059690915048,0,23,1995,1
1995-01-24,25.079993335902714,,35.305337654426694,0,24,1995,1
1995-01-25,25.41999332830312,,35.305337654426694,0,25,1995,1
1995-01-26,25.99999331533911,,35.329752461984754,0,26,1995,1
1995-01-27,25.639993323385738,,35.352641344070435,0,27,1995,1
1995-01-28,25.249993332102918,,35.37247837521136,0,28,1995,1
1995-01-29,24.849993341043614,,35.39536725729704,0,29,1995,1
1995-01-30,25.13999333456161,,35.410626512020826,0,30,1995,1
1995-01-31,25.239993332326435,,35.352641344070435,0,31,1995,1
1995-02-01,25.929993316903733,,35.410626512020826,0,32,1995,2
1995-02-02,25.319993330538296,,35.35874504595995,0,33,1995,2
1995-02-03,25.17999333366754,,35.30838950537145,0,34,1995,2
1995-02-04,25.079993335902714,,35.33127838745713,0,35,1995,2
1995-02-05,24.94999333880844,,35.352641344070435,0,36,1995,2
1995-02-06,25.049993336573266,,35.377056151628494,0,37,1995,2
1995-02-07,25.64999332316222,,35.4197820648551,0,38,1995,2
1995-02-08,25.819993319362425,,35.37858207710087,0,39,1995,2
1995-02-09,25.889993317797803,,35.160374734550714,0,40,1995,2
1995-02-10,25.979993315786146,,35.016937740147114,0,41,1995,2
1995-02-11,26.10999331288042,,34.821619279682636,0,42,1995,2
1995-02-12,27.249993287399434,,34.6949674654752,0,43,1995,2
1995-02-13,27.30999328605833,,34.63545637205243,0,44,1995,2
1995-02-14,27.149993289634608,,34.917752584442496,0,45,1995,2
1995-02-15,26.939993294328474,,35.10849326848984,0,46,1995,2
1995-02-16,26.859993296116613,,35.06729328073561,0,47,1995,2
1995-02-17,26.92999329455199,,35.029145143926144,0,48,1995,2
1995-02-18,27.77999327555301,,35.03524884581566,0,49,1995,2
1995-02-19,28.109993268176936,,35.015411814674735,0,50,1995,2
1995-02-20,28.19999326616528,,34.95132294483483,0,51,1995,2
1995-02-21,28.07999326884749,,34.71938227303326,0,52,1995,2
1995-02-22,27.919993272423767,,34.49659715406597,0,53,1995,2
1995-02-23,27.909993272647284,,34.26770833320916,0,54,1995,2
1995-02-24,27.8999932728708,,34.19446391053498,0,55,1995,2
1995-02-25,27.88999327309432,,34.13190096616745,0,56,1995,2
1995-02-26,27.85999327376487,,34.27381203509867,0,57,1995,2
1995-02-27,27.689993277564668,,34.22650834545493,0,58,1995,2
1995-02-28,27.58999327979984,,34.00067137554288,0,59,1995,2
1995-03-01,27.58999327979984,,34.45234531536698,0,60,1995,3
1995-03-02,27.61999327912929,,34.78347114287317,0,61,1995,3
1995-03-03,27.629993278905772,,34.91317480802536,0,62,1995,3
1995-03-04,27.73999327644708,,35.0108340382576,0,63,1995,3
1995-03-05,27.73999327644708,,35.01998959109187,0,64,1995,3
1995-03-06,27.799993275105976,,34.992522932589054,0,65,1995,3
1995-03-07,27.989993270859145,,34.978789603337646,0,66,1995,3
1995-03-08,27.8999932728708,,34.9818414542824,0,67,1995,3
1995-03-09,28.019993270188593,,34.95742664672434,0,68,1995,3
1995-03-10,28.139993267506384,,34.90096740424633,0,69,1995,3
1995-03-11,28.15999326705935,,34.89181185141206,0,70,1995,3
1995-03-12,28.19999326616528,,34.86587111838162,0,71,1995,3
1995-03-13,28.329993263259553,,34.56373787485063,0,72,1995,3
1995-03-14,28.459993260353826,,34.29975276812911,0,73,1995,3
1995-03-15,28.489993259683274,,34.295174991711974,0,74,1995,3
1995-03-16,28.54999325834217,,34.10596023313701,1,75,1995,3
1995-03-17,28.47999325990679,,34.18836020864546,0,76,1995,3
1995-03-18,28.619993256777548,,33.944212133064866,1,77,1995,3
1995-03-19,28.73999325409534,,33.66649369709194,0,78,1995,3
1995-03-20,28.809993252530717,,33.500167820602655,0,79,1995,3
1995-03-21,28.689993255212926,,33.41319006867707,2,80,1995,3
1995-03-22,28.729993254318856,,33.38572341017425,0,81,1995,3
1995-03-23,28.809993252530717,,33.14920496195555,0,82,1995,3
1995-03-24,28.989993248507403,,33.15378273837268,0,83,1995,3
1995-03-25,28.949993249401473,,33.37046415545046,1,84,1995,3
1995-03-26,28.89999325051906,,33.86333808302879,0,85,1995,3
1995-03-27,28.539993258565687,,34.257026854902506,0,86,1995,3
1995-03-28,28.349993262812518,,34.449293464422226,1,87,1995,3
1995-03-29,28.359993262589,,34.27838981151581,0,88,1995,3
1995-03-30,28.54999325834217,,33.93810843117535,1,89,1995,3
1995-03-31,28.519993259012722,,33.800775138661265,0,90,1995,3
1995-04-01,28.599993257224583,,33.5688344668597,0,91,1995,4
1995-04-02,28.649993256106995,,33.43455302529037,1,92,1995,4
1995-04-03,28.729993254318856,,33.4467604290694,0,93,1995,4
1995-04-04,28.62999325655403,,33.47880486398935,0,94,1995,4
1995-04-05,28.31999326348307,,33.729056641459465,0,95,1995,4
1995-04-06,28.189993266388797,,33.69548628106713,2,96,1995,4
1995-04-07,28.099993268400453,,33.57493816874921,0,97,1995,4
1995-04-08,28.029993269965075,,33.452864130958915,1,98,1995,4
1995-04-09,28.099993268400453,,33.12173830345273,0,99,1995,4
1995-04-10,28.149993267282866,,33.249916043132544,0,100,1995,4
1995-04-11,28.149993267282866,,33.51542707532644,0,101,1995,4
1995-04-12,28.059993269294523,,33.634449262171984,0,102,1995,4
1995-04-13,28.029993269965075,,33.47880486398935,0,103,1995,4
1995-04-14,28.019993270188593,,33.65886406973004,0,104,1995,4
1995-04-15,28.039993269741558,,34.51338233426213,0,105,1995,4
1995-04-16,27.959993271529697,,34.867397043854,0,106,1995,4
1995-04-17,27.709993277117633,,34.96200442314148,0,107,1995,4
1995-04-18,27.529993281140946,,34.9818414542824,0,108,1995,4
1995-04-19,27.489993282035016,,34.90096740424633,0,109,1995,4
1995-04-20,27.479993282258533,,34.859767416492105,0,110,1995,4
1995-04-21,27.54999328069391,,34.87502667121589,0,111,1995,4
1995-04-22,27.4999932818115,,34.92690813727677,0,112,1995,4
1995-04-23,27.669993278011702,,34.954374795779586,0,113,1995,4
1995-04-24,27.939993271976732,,34.73616745322943,0,114,1995,4
1995-04-25,28.19999326616528,,33.80840476602316,0,115,1995,4
1995-04-26,28.339993263036035,,33.90758992172778,0,116,1995,4
1995-04-27,28.359993262589,,34.08154542557895,0,117,1995,4
1995-04-28,27.789993275329493,,34.07391579821706,0,118,1995,4
1995-04-29,27.679993277788185,,34.1425824444741,0,119,1995,4
1995-04-30,27.65999327823522,,34.27991573698819,1,120,1995,4
1995-05-01,27.61999327912929,,34.38367866910994,0,121,1995,5
1995-05-02,27.57999328002336,,34.44624161347747,0,122,1995,5
1995-05-03,27.50999328158798,,34.31196017190814,0,123,1995,5
1995-05-04,27.4999932818115,,34.13190096616745,0,124,1995,5
1995-05-05,27.339993285387777,,34.03424173593521,0,125,1995,5
1995-05-06,27.23999328762295,,33.89538251794875,0,126,1995,5
1995-05-07,27.109993290528678,,33.85265660472214,0,127,1995,5
1995-05-08,27.23999328762295,,33.60087890177965,0,128,1995,5
1995-05-09,27.399993284046673,,33.426923397928476,0,129,1995,5
1995-05-10,27.449993282929086,,33.44828635454178,0,130,1995,5
1995-05-11,27.259993287175917,,33.30179750919342,0,131,1995,5
1995-05-12,27.18999328874054,,33.65123444236815,0,132,1995,5
1995-05-13,27.11999329030516,,34.26618240773678,0,133,1995,5
1995-05-14,27.089993290975713,,34.5805230550468,1,134,1995,5
1995-05-15,27.179993288964056,,34.59883416071534,0,135,1995,5
1995-05-16,26.979993293434404,,34.59730823524296,0,136,1995,5
1995-05-17,26.409993306174897,,34.61409341543913,0,137,1995,5
1995-05-18,26.45999330505731,,34.594256384298205,2,138,1995,5
1995-05-19,26.449993305280827,,34.56373787485063,0,139,1995,5
1995-05-20,26.45999330505731,,34.534745290875435,0,140,1995,5
1995-05-21,26.509993303939723,,34.3867305200547,0,141,1995,5
1995-05-22,26.549993303045653,,34.006775077432394,0,142,1995,5
1995-05-23,26.56999330259862,,33.98846397176385,0,143,1995,5
1995-05-24,25.979993315786146,,34.23718982376158,0,144,1995,5
1995-05-25,25.87999331802132,,34.61561934091151,1,145,1995,5
1995-05-26,25.809993319585942,,34.68733783811331,0,146,1995,5
1995-05-27,25.639993323385738,,34.424878656864166,2,147,1995,5
1995-05-28,25.64999332316222,,34.295174991711974,0,148,1995,5
1995-05-29,25.599993324279808,,34.26007870584726,0,149,1995,5
1995-05-30,25.75999332070353,,34.28754536435008,1,150,1995,5
1995-05-31,25.819993319362425,,34.51948603615165,0,151,1995,5
1995-06-01,25.829993319138907,,34.7239600494504,0,152,1995,6
1995-06-02,25.599993324279808,,34.96505627408624,0,153,1995,6
1995-06-03,25.36999332942071,,35.029145143926144,0,154,1995,6
1995-06-04,25.349993329867743,,34.97268590144813,0,155,1995,6
1995-06-05,25.289993331208848,,34.858241491019726,0,156,1995,6
1995-06-06,25.329993330314778,,34.87350074574351,3,157,1995,6
1995-06-07,25.349993329867743,,35.08102660998702,0,158,1995,6
1995-06-08,25.239993332326435,,35.12985622510314,0,159,1995,6
1995-06-09,25.17999333366754,,35.113071044906974,1,160,1995,6
1995-06-10,25.09999333545568,,35.111545119434595,0,161,1995,6
1995-06-11,25.36999332942071,,35.0825525354594,0,162,1995,6
1995-06-12,25.319993330538296,,35.07034513168037,3,163,1995,6
1995-06-13,25.269993331655883,,35.087130311876535,1,164,1995,6
1995-06-14,25.17999333366754,,35.09628586471081,1,165,1995,6
1995-06-15,25.10999333523216,,35.016937740147114,0,166,1995,6
1995-06-16,25.13999333456161,,34.95284887030721,0,167,1995,6
1995-06-17,25.13999333456161,,34.954374795779586,0,168,1995,6
1995-06-18,24.979993338137888,,34.88570814952254,0,169,1995,6
1995-06-19,24.999993337690853,,34.73158967681229,0,170,1995,6
1995-06-20,24.94999333880844,,34.800256323069334,0,171,1995,6
1995-06-21,24.779993342608236,,34.85366371460259,0,172,1995,6
1995-06-22,24.609993346408032,,34.82619705609977,0,173,1995,6
1995-06-23,24.689993344619893,,34.907071106135845,0,174,1995,6
1995-06-24,24.619993346184515,,34.80330817401409,0,175,1995,6
1995-06-25,24.629993345960997,,34.77736744098365,0,176,1995,6
1995-06-26,24.609993346408032,,34.704123018309474,2,177,1995,6
1995-06-27,24.469993349537276,,34.73464152775705,0,178,1995,6
1995-06-28,24.36999335177245,,34.92385628633201,0,179,1995,6
1995-06-29,24.269993354007624,,35.04593032412231,0,180,1995,6
1995-06-30,24.21999335512521,,35.03067106939852,0,181,1995,6
1995-07-01,24.17999335601928,,34.980315528810024,1,182,1995,7
1995-07-02,24.159993356466316,,35.03067106939852,0,183,1995,7
1995-07-03,24.119993357360386,,35.03677477128804,0,184,1995,7
1995-07-04,24.089993358030938,,35.052034026011825,0,185,1995,7
1995-07-05,24.149993356689833,,35.12985622510314,0,186,1995,7
1995-07-06,24.12999335713687,,35.110019193962216,0,187,1995,7
1995-07-07,23.9399933613837,,35.09018216282129,0,188,1995,7
1995-07-08,24.32999335266652,,35.07797475904226,0,189,1995,7
1995-07-09,24.28999335356059,,35.00778218731284,0,190,1995,7
1995-07-10,24.239993354678177,,35.07339698262513,0,191,1995,7
1995-07-11,24.279993353784107,,35.07187105715275,0,192,1995,7
1995-07-12,24.159993356466316,,35.12070067226887,0,193,1995,7
1995-07-13,23.97999336048963,,35.10544141754508,0,194,1995,7
1995-07-14,23.849993363395356,,35.110019193962216,0,195,1995,7
1995-07-15,24.40999335087838,,35.11459697037935,0,196,1995,7
1995-07-16,24.36999335177245,,35.11612289585173,0,197,1995,7
1995-07-17,24.309993353113555,,35.11612289585173,0,198,1995,7
1995-07-18,24.149993356689833,,35.123752523213625,0,199,1995,7
1995-07-19,24.189993355795764,,35.135959926992655,0,200,1995,7
1995-07-20,24.09999335780742,,35.148167330771685,0,201,1995,7
1995-07-21,24.069993358477973,,35.15732288360596,0,202,1995,7
1995-07-22,24.039993359148525,,35.172582138329744,0,203,1995,7
1995-07-23,23.619993368536257,,35.18936731852591,0,204,1995,7
1995-07-24,23.369993374124192,,35.19089324399829,0,205,1995,7
1995-07-25,23.299993375688814,,35.18631546758115,0,206,1995,7
1995-07-26,23.389993373677157,,35.19241916947067,0,207,1995,7
1995-07-27,23.459993372112535,,35.18631546758115,0,208,1995,7
1995-07-28,23.27999337613585,,35.17868584021926,0,209,1995,7
1995-07-29,23.149993379041575,,35.16647843644023,0,210,1995,7
1995-07-30,23.079993380606197,,35.16953028738499,0,211,1995,7
1995-07-31,23.069993380829715,,35.16647843644023,0,212,1995,7
1995-08-01,23.059993381053232,,35.16953028738499,0,213,1995,8
1995-08-02,23.079993380606197,,35.15121918171644,0,214,1995,8
1995-08-03,23.04999338127675,,35.13901177793741,0,215,1995,8
1995-08-04,23.08999338038268,,35.14358955435455,0,216,1995,8
1995-08-05,23.069993380829715,,35.1039154920727,0,217,1995,8
1995-08-06,23.039993381500267,,35.0611895788461,0,218,1995,8
1995-08-07,23.079993380606197,,35.05661180242896,0,219,1995,8
1995-08-08,23.119993379712128,,35.04135254770517,0,220,1995,8
1995-08-09,23.429993372783088,,35.06729328073561,0,221,1995,8
1995-08-10,23.569993369653844,,35.050508100539446,0,222,1995,8
1995-08-11,23.349993374571227,,35.03677477128804,0,223,1995,8
1995-08-12,23.20999337770047,,35.0108340382576,0,224,1995,8
1995-08-13,23.099993380159162,,35.038300696760416,0,225,1995,8
1995-08-14,22.999993382394337,,35.05508587695658,0,226,1995,8
1995-08-15,22.97999338284137,,35.03677477128804,0,227,1995,8
1995-08-16,23.00999338217082,,34.99862663447857,0,228,1995,8
1995-08-17,23.149993379041575,,34.9894710816443,0,229,1995,8
1995-08-18,23.20999337770047,,35.003204410895705,0,230,1995,8
1995-08-19,23.27999337613585,,35.0321969948709,0,231,1995,8
1995-08-20,22.97999338284137,,35.03524884581566,0,232,1995,8
1995-08-21,22.54999339245262,,35.03372292034328,0,233,1995,8
1995-08-22,22.50999339334669,,35.03524884581566,0,234,1995,8
1995-08-23,22.50999339334669,,35.04745624959469,0,235,1995,8
1995-08-24,22.479993394017242,,35.062715504318476,0,236,1995,8
1995-08-25,22.369993396475934,,35.074922908097506,0,237,1995,8
1995-08-26,22.35999339669945,,35.08102660998702,0,238,1995,8
1995-08-27,22.3899933960289,,35.07950068451464,0,239,1995,8
1995-08-28,22.729993388429307,,35.08407846093178,0,240,1995,8
1995-08-29,22.81999338641765,,35.123752523213625,0,241,1995,8
1995-08-30,22.639993390440964,,35.1329080760479,0,242,1995,8
1995-08-31,22.409993395581864,,35.11764882132411,0,243,1995,8
1995-09-01,22.419993395358347,,35.122226597741246,0,244,1995,9
1995-09-02,22.409993395581864,,35.12833029963076,0,245,1995,9
1995-09-03,22.31999339759352,,35.12985622510314,0,246,1995,9
1995-09-04,22.949993383511924,,35.135959926992655,0,247,1995,9
1995-09-05,23.199993377923988,,35.13138215057552,0,248,1995,9
1995-09-06,23.099993380159162,,35.13138215057552,0,249,1995,9
1995-09-07,23.079993380606197,,35.13138215057552,0,250,1995,9
1995-09-08,22.92999338395896,,35.12985622510314,0,251,1995,9
1995-09-09,22.69999338909986,,35.13138215057552,0,252,1995,9
1995-09-10,22.81999338641765,,35.13748585246503,0,253,1995,9
1995-09-11,22.889993384853028,,35.13748585246503,0,254,1995,9
1995-09-12,22.919993384182476,,35.135959926992655,0,255,1995,9
1995-09-13,22.949993383511924,,35.1329080760479,0,256,1995,9
1995-09-14,22.959993383288406,,35.134434001520276,0,257,1995,9
1995-09-15,22.89999338462951,,35.13748585246503,0,258,1995,9
1995-09-16,22.69999338909986,,35.14206362888217,0,259,1995,9
1995-09-17,22.73999338820579,,35.14053770340979,0,260,1995,9
1995-09-18,22.689993389323377,,35.14053770340979,0,261,1995,9
1995-09-19,22.689993389323377,,35.14053770340979,0,262,1995,9
1995-09-20,22.759993387758755,,35.14511547982693,0,263,1995,9
1995-09-21,22.77999338731172,,35.1542710326612,0,264,1995,9
1995-09-22,22.85999338552358,,35.16190066002309,0,265,1995,9
1995-09-23,22.729993388429307,,35.16800436191261,0,266,1995,9
1995-09-24,22.70999338887634,,35.171056212857366,0,267,1995,9
1995-09-25,22.849993385747098,,35.17410806380212,0,268,1995,9
1995-09-26,22.789993387088202,,35.18173769116402,0,269,1995,9
1995-09-27,22.799993386864685,,35.19089324399829,0,270,1995,9
1995-09-28,22.639993390440964,,35.20157472230494,0,271,1995,9
1995-09-29,22.769993387535237,,35.21530805155635,0,272,1995,9
1995-09-30,22.839993385970615,,35.22751545533538,0,273,1995,9
1995-10-01,22.81999338641765,,35.23819693364203,0,274,1995,10
1995-10-02,22.759993387758755,,35.25040433742106,0,275,1995,10
1995-10-03,22.809993386641167,,35.256508039310575,0,276,1995,10
1995-10-04,22.719993388652824,,35.254982113838196,0,277,1995,10
1995-10-05,22.379993396252416,,35.25040433742106,0,278,1995,10
1995-10-06,22.339993397146486,,35.24124878458679,0,279,1995,10
1995-10-07,22.259993398934625,,35.19394509494305,0,280,1995,10
1995-10-08,22.169993400946282,,35.076448833569884,0,281,1995,10
1995-10-09,22.69999338909986,,35.00167848542333,0,282,1995,10
1995-10-10,22.749993387982272,,34.99862663447857,0,283,1995,10
1995-10-11,22.719993388652824,,35.026093292981386,0,284,1995,10
1995-10-12,22.769993387535237,,35.062715504318476,0,285,1995,10
1995-10-13,22.799993386864685,,35.062715504318476,0,286,1995,10
1995-10-14,22.89999338462951,,35.04135254770517,0,287,1995,10
1995-10-15,23.43999337255957,,35.026093292981386,0,288,1995,10
1995-10-16,23.4799933716655,,35.003204410895705,0,289,1995,10
1995-10-17,23.379993373900675,,35.01235996372998,0,290,1995,10
1995-10-18,23.099993380159162,,35.062715504318476,0,291,1995,10
1995-10-19,23.16999337859454,,35.09781179018319,0,292,1995,10
1995-10-20,23.259993376582884,,35.146641405299306,0,293,1995,10
1995-10-21,23.32999337501826,,35.16953028738499,0,294,1995,10
1995-10-22,23.31999337524178,,35.16953028738499,0,295,1995,10
1995-10-23,23.309993375465297,,35.15579695813358,0,296,1995,10
1995-10-24,23.20999337770047,,35.10544141754508,0,297,1995,10
1995-10-25,23.579993369430326,,35.04745624959469,0,298,1995,10
1995-10-26,23.699993366748117,,35.04898217506707,0,299,1995,10
1995-10-27,23.699993366748117,,35.07034513168037,0,300,1995,10
1995-10-28,23.85999336317184,,35.088656237348914,0,301,1995,10
1995-10-29,23.90999336205425,,35.100863641127944,0,302,1995,10
1995-10-30,23.849993363395356,,35.09781179018319,0,303,1995,10
1995-10-31,23.759993365407013,,35.09475993923843,0,304,1995,10
1995-11-01,23.74999336563053,,35.09628586471081,0,305,1995,11
1995-11-02,23.649993367865704,,35.10238956660032,0,306,1995,11
1995-11-03,23.579993369430326,,35.11612289585173,0,307,1995,11
1995-11-04,23.659993367642187,,35.12833029963076,0,308,1995,11
1995-11-05,23.649993367865704,,35.134434001520276,0,309,1995,11
1995-11-06,23.659993367642187,,35.14511547982693,0,310,1995,11
1995-11-07,23.539993370324396,,35.15121918171644,0,311,1995,11
1995-11-08,23.259993376582884,,35.160374734550714,0,312,1995,11
1995-11-09,22.919993384182476,,35.1756339892745,0,313,1995,11
1995-11-10,22.96999338306489,,35.17715991474688,0,314,1995,11
1995-11-11,23.299993375688814,,35.158848809078336,0,315,1995,11
1995-11-12,23.919993361830734,,35.1542710326612,0,316,1995,11
1995-11-13,24.229993354901694,,35.1542710326612,0,317,1995,11
1995-11-14,24.239993354678177,,35.148167330771685,0,318,1995,11
1995-11-15,23.999993360042595,,35.16953028738499,0,319,1995,11
1995-11-16,23.929993361607217,,35.21378212608397,0,320,1995,11
1995-11-17,23.889993362501286,,35.206152498722076,0,321,1995,11
1995-11-18,23.58999336920681,,35.15121918171644,0,322,1995,11
1995-11-19,23.569993369653844,,35.1329080760479,0,323,1995,11
1995-11-20,23.689993366971635,,35.13901177793741,0,324,1995,11
1995-11-21,23.949993361160182,,35.135959926992655,0,325,1995,11
1995-11-22,24.769993342831754,,35.10696734301746,0,326,1995,11
1995-11-23,24.779993342608236,,35.10238956660032,0,327,1995,11
1995-11-24,24.709993344172858,,35.100863641127944,0,328,1995,11
1995-11-25,24.32999335266652,,35.099337715655565,0,329,1995,11
1995-11-26,24.149993356689833,,35.09323401376605,0,330,1995,11
1995-11-27,23.919993361830734,,35.09170808829367,0,331,1995,11
1995-11-28,23.97999336048963,,35.09323401376605,0,332,1995,11
1995-11-29,24.009993359819077,,35.09323401376605,0,333,1995,11
1995-11-30,24.01999335959556,,35.09323401376605,0,334,1995,11
1995-12-01,24.51999334841969,,35.09323401376605,0,335,1995,12
1995-12-02,24.499993348866724,,35.088656237348914,0,336,1995,12
1995-12-03,24.309993353113555,,35.0825525354594,0,337,1995,12
1995-12-04,24.469993349537276,,35.08560438640416,0,338,1995,12
1995-12-05,25.09999333545568,,35.14206362888217,0,339,1995,12
1995-12-06,25.309993330761813,,35.20157472230494,0,340,1995,12
1995-12-07,25.29999333098533,,35.11917474679649,0,341,1995,12
1995-12-08,24.71999334394934,,35.10544141754508,0,342,1995,12
1995-12-09,24.709993344172858,,35.122226597741246,0,343,1995,12
1995-12-10,24.75999334305527,,35.10238956660032,0,344,1995,12
1995-12-11,24.769993342831754,,35.04745624959469,0,345,1995,12
1995-12-12,24.86999334059658,,34.98641923069954,0,346,1995,12
1995-12-13,24.509993348643206,,35.00778218731284,0,347,1995,12
1995-12-14,25.709993321821116,,35.013885889202356,0,348,1995,12
1995-12-15,25.72999332137408,,35.016937740147114,0,349,1995,12
1995-12-16,25.739993321150564,,35.03067106939852,0,350,1995,12
1995-12-17,25.349993329867743,,35.03677477128804,0,351,1995,12
1995-12-18,25.209993332996987,,35.03067106939852,0,352,1995,12
1995-12-19,24.94999333880844,,35.026093292981386,0,353,1995,12
1995-12-20,24.669993345066928,,35.027619218453765,0,354,1995,12
1995-12-21,24.079993358254455,,35.039826622232795,0,355,1995,12
1995-12-22,24.029993359372043,,35.05661180242896,0,356,1995,12
1995-12-23,23.9399933613837,,35.07034513168037,0,357,1995,12
1995-12-24,23.839993363618873,,35.08560438640416,0,358,1995,12
1995-12-25,23.919993361830734,,35.09170808829367,0,359,1995,12
1995-12-26,24.239993354678177,,35.099337715655565,0,360,1995,12
1995-12-27,24.349993352219485,,35.10238956660032,0,361,1995,12
1995-12-28,24.469993349537276,,35.099337715655565,0,362,1995,12
1995-12-29,24.509993348643206,,35.09475993923843,0,363,1995,12
1995-12-30,24.47999334931376,,35.09018216282129,0,364,1995,12
1995-12-31,24.469993349537276,,35.05813772790134,0,365,1995,12
1996-01-01,25.309993330761813,,35.039826622232795,0,1,1996,1
1996-01-02,25.21999333277347,,35.03524884581566,0,2,1996,1
1996-01-03,25.249993332102918,,35.01998959109187,0,3,1996,1
1996-01-04,25.33999333009126,,35.02456736750901,0,4,1996,1
1996-01-05,25.44999332763257,,35.01235996372998,0,5,1996,1
1996-01-06,25.479993326962017,,35.003204410895705,0,6,1996,1
1996-01-07,25.579993324726843,,35.03067106939852,0,7,1996,1
1996-01-08,25.939993316680216,,35.03372292034328,0,8,1996,1
1996-01-09,25.939993316680216,,35.02151551656425,0,9,1996,1
1996-01-10,25.769993320480012,,35.03677477128804,0,10,1996,1
1996-01-11,25.64999332316222,,35.04287847317755,0,11,1996,1
1996-01-12,25.749993320927047,,35.0321969948709,0,12,1996,1
1996-01-13,25.779993320256494,,35.04440439864993,0,13,1996,1
1996-01-14,25.789993320032977,,35.05813772790134,0,14,1996,1
1996-01-15,26.009993315115594,,35.09475993923843,0,15,1996,1
1996-01-16,26.25999330952766,,35.148167330771685,0,16,1996,1
1996-01-17,26.03999331444504,,35.12833029963076,0,17,1996,1
1996-01-18,25.72999332137408,,35.100863641127944,0,18,1996,1
1996-01-19,25.469993327185534,,35.087130311876535,0,19,1996,1
1996-01-20,25.699993322044634,,35.087130311876535,0,20,1996,1
1996-01-21,26.56999330259862,,35.09170808829367,0,21,1996,1
1996-01-22,27.219993288069986,,35.0825525354594,0,22,1996,1
1996-01-23,27.169993289187573,,35.07950068451464,0,23,1996,1
1996-01-24,27.019993292540335,,35.05508587695658,0,24,1996,1
1996-01-25,26.139993312209867,,35.05508587695658,0,25,1996,1
1996-01-26,25.629993323609256,,35.07950068451464,0,26,1996,1
1996-01-27,25.709993321821116,,35.10544141754508,0,27,1996,1
1996-01-28,25.669993322715186,,35.111545119434595,0,28,1996,1
1996-01-29,25.789993320032977,,35.12070067226887,0,29,1996,1
1996-01-30,25.9499933164567,,35.13138215057552,0,30,1996,1
1996-01-31,26.64999330081048,,35.15274510718882,0,31,1996,1
1996-02-01,26.939993294328474,,35.1756339892745,0,32,1996,2
1996-02-02,26.96999329365792,,35.18936731852591,0,33,1996,2
1996-02-03,27.029993292316817,,35.172582138329744,0,34,1996,2
1996-02-04,27.049993291869782,,35.123752523213625,0,35,1996,2
1996-02-05,27.07999329119923,,34.94827109389007,0,36,1996,2
1996-02-06,27.049993291869782,,34.78041929192841,0,37,1996,2
1996-02-07,27.399993284046673,,34.79720447212458,0,38,1996,2
1996-02-08,27.319993285834812,,34.71175264567137,0,39,1996,2
1996-02-09,27.629993278905772,,34.63545637205243,0,40,1996,2
1996-02-10,27.559993280470394,,34.257026854902506,0,41,1996,2
1996-02-11,27.719993276894115,,34.36078978702426,0,42,1996,2
1996-02-12,27.58999327979984,,34.5301675144583,0,43,1996,2
1996-02-13,27.54999328069391,,34.475234197452664,0,44,1996,2
1996-02-14,27.439993283152603,,34.56373787485063,0,45,1996,2
1996-02-15,27.369993284717225,,34.66902673244476,0,46,1996,2
1996-02-16,27.479993282258533,,34.68886376358569,0,47,1996,2
1996-02-17,27.19999328851702,,34.61561934091151,0,48,1996,2
1996-02-18,27.07999329119923,,34.571367502212524,0,49,1996,2
1996-02-19,27.319993285834812,,34.73006375133991,0,50,1996,2
1996-02-20,27.58999327979984,,34.751426707953215,0,51,1996,2
1996-02-21,27.909993272647284,,34.69649339094758,0,52,1996,2
1996-02-22,27.69999327734115,,34.691915614530444,0,53,1996,2
1996-02-23,27.61999327912929,,34.751426707953215,0,54,1996,2
1996-02-24,27.339993285387777,,34.85671556554735,0,55,1996,2
1996-02-25,27.0399932920933,,34.85518964007497,0,56,1996,2
1996-02-26,27.099993290752195,,34.84908593818545,0,57,1996,2
1996-02-27,27.219993288069986,,34.870448894798756,0,58,1996,2
1996-02-28,27.449993282929086,,34.894863702356815,0,59,1996,2
1996-02-29,28.62999325655403,,34.90554518066347,0,60,1996,2
1996-03-01,28.449993260577344,,34.908597031608224,0,61,1996,3
1996-03-02,27.42999328337612,,34.90096740424633,0,62,1996,3
1996-03-03,26.489993304386758,,34.90096740424633,0,63,1996,3
1996-03-04,25.98999331556263,,34.92843406274915,0,64,1996,3
1996-03-05,25.829993319138907,,34.9818414542824,0,65,1996,3
1996-03-06,25.749993320927047,,34.97573775239289,1,66,1996,3
1996-03-07,25.72999332137408,,34.9101229570806,0,67,1996,3
1996-03-08,26.099993313103937,,34.88570814952254,0,68,1996,3
1996-03-09,26.199993310868763,,34.94827109389007,0,69,1996,3
1996-03-10,26.29999330863359,,35.03067106939852,0,70,1996,3
1996-03-11,27.30999328605833,,35.052034026011825,0,71,1996,3
1996-03-12,27.439993283152603,,35.026093292981386,0,72,1996,3
1996-03-13,27.319993285834812,,35.026093292981386,0,73,1996,3
1996-03-14,26.829993296787165,,35.04440439864993,0,74,1996,3
1996-03-15,26.72999329902234,,34.99404885806143,0,75,1996,3
1996-03-16,26.96999329365792,,34.931485913693905,0,76,1996,3
1996-03-17,27.649993278458737,,34.88723407499492,0,77,1996,3
1996-03-18,27.569993280246877,,34.78194521740079,0,78,1996,3
1996-03-19,28.04999326951804,,34.79110077023506,0,79,1996,3
1996-03-20,28.329993263259553,,34.821619279682636,1,80,1996,3
1996-03-21,28.379993262141966,,34.82619705609977,1,81,1996,3
1996-03-22,28.339993263036035,,34.73311560228467,0,82,1996,3
1996-03-23,28.309993263706588,,34.76058226078749,1,83,1996,3
1996-03-24,27.88999327309432,,34.87807852216065,2,84,1996,3
1996-03-25,27.709993277117633,,34.95284887030721,2,85,1996,3
1996-03-26,27.709993277117633,,34.97726367786527,3,86,1996,3
1996-03-27,27.729993276670598,,34.990997007116675,2,87,1996,3
1996-03-28,27.749993276223563,,34.99557478353381,5,88,1996,3
1996-03-29,27.719993276894115,,34.99404885806143,2,89,1996,3
1996-03-30,27.73999327644708,,34.99862663447857,3,90,1996,3
1996-03-31,27.77999327555301,,35.00930811278522,2,91,1996,3
1996-04-01,27.909993272647284,,35.026093292981386,5,92,1996,4
1996-04-02,27.829993274435424,,35.04440439864993,3,93,1996,4
1996-04-03,27.939993271976732,,35.03372292034328,5,94,1996,4
1996-04-04,28.069993269071006,,35.00015255995095,2,95,1996,4
1996-04-05,28.149993267282866,,34.97421182692051,3,96,1996,4
1996-04-06,28.31999326348307,,34.980315528810024,3,97,1996,4
1996-04-07,28.109993268176936,,35.01235996372998,3,98,1996,4
1996-04-08,27.909993272647284,,35.04135254770517,1,99,1996,4
1996-04-09,27.939993271976732,,34.943693317472935,0,100,1996,4
1996-04-10,27.8999932728708,,34.6949674654752,0,101,1996,4
1996-04-11,27.569993280246877,,34.536271216347814,1,102,1996,4
1996-04-12,27.57999328002336,,34.630878595635295,2,103,1996,4
1996-04-13,27.559993280470394,,34.6522415522486,0,104,1996,4
1996-04-14,27.459993282705568,,34.56221194937825,3,105,1996,4
1996-04-15,27.599993279576324,,34.59273045882583,0,106,1996,4
1996-04-16,27.529993281140946,,34.691915614530444,0,107,1996,4
1996-04-17,27.519993281364464,,34.6446119248867,1,108,1996,4
1996-04-18,27.569993280246877,,34.46607864461839,2,109,1996,4
1996-04-19,27.629993278905772,,34.25244907848537,0,110,1996,4
1996-04-20,27.649993278458737,,34.08001950010657,0,111,1996,4
1996-04-21,27.8999932728708,,34.03729358687997,0,112,1996,4
1996-04-22,27.959993271529697,,34.054078767076135,1,113,1996,4
1996-04-23,27.959993271529697,,34.19598983600736,2,114,1996,4
1996-04-24,27.919993272423767,,34.25244907848537,1,115,1996,4
1996-04-25,27.639993278682255,,34.090700978413224,0,116,1996,4
1996-04-26,27.339993285387777,,33.9060639962554,1,117,1996,4
1996-04-27,27.53999328091743,,33.84044920094311,0,118,1996,4
1996-04-28,27.649993278458737,,33.86791585944593,2,119,1996,4
1996-04-29,27.649993278458737,,33.86944178491831,1,120,1996,4
1996-04-30,27.57999328002336,,33.68938257917762,2,121,1996,4
1996-05-01,27.61999327912929,,33.680227026343346,2,122,1996,5
1996-05-02,27.609993279352807,,33.79467143677175,1,123,1996,5
1996-05-03,27.69999327734115,,33.982360269874334,0,124,1996,5
1996-05-04,27.61999327912929,,34.20361946336925,0,125,1996,5
1996-05-05,26.819993297010683,,34.524063812568784,2,126,1996,5
1996-05-06,26.509993303939723,,34.5515304710716,0,127,1996,5
1996-05-07,26.489993304386758,,34.330271277576685,0,128,1996,5
1996-05-08,26.989993293210887,,33.88164918869734,0,129,1996,5
1996-05-09,27.409993283823155,,33.79924921318889,0,130,1996,5
1996-05-10,27.449993282929086,,33.98693804629147,0,131,1996,5
1996-05-11,27.449993282929086,,34.26770833320916,0,132,1996,5
1996-05-12,27.329993285611295,,34.40046384930611,0,133,1996,5
1996-05-13,27.169993289187573,,34.475234197452664,1,134,1996,5
1996-05-14,27.049993291869782,,34.59120453335345,0,135,1996,5
1996-05-15,27.029993292316817,,34.29670091718435,0,136,1996,5
1996-05-16,27.15999328941109,,34.01440470479429,0,137,1996,5
1996-05-17,27.2699932869524,,33.97320471704006,0,138,1996,5
1996-05-18,27.23999328762295,,34.160893550142646,0,139,1996,5
1996-05-19,27.109993290528678,,34.36231571249664,1,140,1996,5
1996-05-20,26.92999329455199,,34.403515700250864,0,141,1996,5
1996-05-21,26.779993297904753,,34.150212071835995,0,142,1996,5
1996-05-22,26.599993301928066,,34.15326392278075,0,143,1996,5
1996-05-23,26.479993304610275,,34.160893550142646,0,144,1996,5
1996-05-24,26.549993303045653,,34.041871363297105,0,145,1996,5
1996-05-25,26.479993304610275,,34.006775077432394,2,146,1996,5
1996-05-26,26.49999330416324,,34.018982481211424,2,147,1996,5
1996-05-27,26.37999330684545,,34.089175052940845,0,148,1996,5
1996-05-28,26.37999330684545,,34.15936762467027,0,149,1996,5
1996-05-29,26.329993307963036,,34.17615280486643,0,150,1996,5
1996-05-30,26.319993308186554,,34.12274541333318,0,151,1996,5
1996-05-31,26.349993307516,,34.02203433215618,0,152,1996,5
1996-06-01,26.409993306174897,,33.91216769814491,0,153,1996,6
1996-06-02,26.37999330684545,,34.08154542557895,0,154,1996,6
1996-06-03,26.29999330863359,,34.28907128982246,0,155,1996,6
1996-06-04,26.199993310868763,,34.44471568800509,0,156,1996,6
1996-06-05,26.14999331198635,,34.61409341543913,0,157,1996,6
1996-06-06,26.119993312656902,,34.583574905991554,0,158,1996,6
1996-06-07,26.489993304386758,,34.353160159662366,0,159,1996,6
1996-06-08,26.479993304610275,,34.24024167470634,0,160,1996,6
1996-06-09,26.49999330416324,,34.197515761479735,0,161,1996,6
1996-06-10,26.509993303939723,,34.19141205959022,0,162,1996,6
1996-06-11,26.469993304833793,,34.20056761242449,0,163,1996,6
1996-06-12,26.429993305727862,,34.018982481211424,0,164,1996,6
1996-06-13,26.369993307068967,,33.896908443421125,0,165,1996,6
1996-06-14,26.199993310868763,,33.86333808302879,0,166,1996,6
1996-06-15,26.019993314892076,,34.00372322648764,0,167,1996,6
1996-06-16,25.83999331891539,,34.08154542557895,0,168,1996,6
1996-06-17,25.789993320032977,,34.35163423418999,0,169,1996,6
1996-06-18,25.709993321821116,,34.49049345217645,0,170,1996,6
1996-06-19,25.619993323832773,,34.691915614530444,0,171,1996,6
1996-06-20,25.519993326067947,,34.80178224854171,0,172,1996,6
1996-06-21,25.769993320480012,,34.75753040984273,0,173,1996,6
1996-06-22,25.809993319585942,,34.73006375133991,0,174,1996,6
1996-06-23,25.83999331891539,,34.7239600494504,0,175,1996,6
1996-06-24,25.829993319138907,,34.73311560228467,0,176,1996,6
1996-06-25,25.68999332226815,,34.739219304174185,0,177,1996,6
1996-06-26,25.509993326291465,,34.763634111732244,1,178,1996,6
1996-06-27,25.52999332584443,,34.77736744098365,0,179,1996,6
1996-06-28,25.52999332584443,,34.788048919290304,0,180,1996,6
1996-06-29,25.44999332763257,,34.7956785466522,0,181,1996,6
1996-06-30,25.269993331655883,,34.80483409948647,0,182,1996,6
1996-07-01,25.229993332549952,,34.76821188814938,0,183,1996,7
1996-07-02,25.629993323609256,,34.68276006169617,0,184,1996,7
1996-07-03,25.629993323609256,,34.56221194937825,0,185,1996,7
1996-07-04,25.56999332495036,,34.545426769182086,0,186,1996,7
1996-07-05,25.309993330761813,,34.57747120410204,0,187,1996,7
1996-07-06,25.279993331432365,,34.61409341543913,0,188,1996,7
1996-07-07,25.269993331655883,,34.5728934276849,0,189,1996,7
1996-07-08,25.089993335679196,,34.5301675144583,0,190,1996,7
1996-07-09,25.359993329644226,,34.46760457009077,0,191,1996,7
1996-07-10,25.349993329867743,,34.427930507808924,0,192,1996,7
1996-07-11,25.29999333098533,,34.47065642103553,0,193,1996,7
1996-07-12,25.309993330761813,,34.51490825973451,0,194,1996,7
1996-07-13,25.199993333220505,,34.487441601231694,0,195,1996,7
1996-07-14,24.819993341714166,,34.440137911587954,0,196,1996,7
1996-07-15,24.959993338584923,,34.42335273139179,0,197,1996,7
1996-07-16,25.09999333545568,,34.438611986115575,0,198,1996,7
1996-07-17,25.089993335679196,,34.46607864461839,0,199,1996,7
1996-07-18,25.17999333366754,,34.49201937764883,0,200,1996,7
1996-07-19,25.129993334785127,,34.536271216347814,0,201,1996,7
1996-07-20,25.119993335008644,,34.58510083146393,0,202,1996,7
1996-07-21,25.0299933370203,,34.64613785035908,0,203,1996,7
1996-07-22,24.98999333791437,,34.73311560228467,0,204,1996,7
1996-07-23,24.959993338584923,,34.7956785466522,0,205,1996,7
1996-07-24,24.819993341714166,,34.84298223629594,0,206,1996,7
1996-07-25,24.689993344619893,,34.87350074574351,0,207,1996,7
1996-07-26,24.669993345066928,,34.846034087240696,0,208,1996,7
1996-07-27,24.51999334841969,,34.80636002495885,0,209,1996,7
1996-07-28,24.629993345960997,,34.79720447212458,0,210,1996,7
1996-07-29,24.549993347749137,,34.78499706834555,0,211,1996,7
1996-07-30,24.59999334663155,,34.788048919290304,0,212,1996,7
1996-07-31,24.52999334819617,,34.79415262117982,0,213,1996,7
1996-08-01,24.499993348866724,,34.80636002495885,0,214,1996,8
1996-08-02,24.429993350431346,,34.81856742873788,0,215,1996,8
1996-08-03,24.24999335445466,,34.82619705609977,0,216,1996,8
1996-08-04,24.049993358925008,,34.823145205155015,0,217,1996,8
1996-08-05,23.989993360266112,,34.83077483251691,0,218,1996,8
1996-08-06,24.089993358030938,,34.86129334196448,0,219,1996,8
1996-08-07,24.069993358477973,,34.8887600004673,0,220,1996,8
1996-08-08,24.029993359372043,,34.86434519290924,0,221,1996,8
1996-08-09,23.919993361830734,,34.82772298157215,0,222,1996,8
1996-08-10,23.86999336294832,,34.810937801375985,0,223,1996,8
1996-08-11,23.809993364289426,,34.809411875903606,0,224,1996,8
1996-08-12,23.90999336205425,,34.824671130627394,0,225,1996,8
1996-08-13,23.89999336227777,,34.7956785466522,0,226,1996,8
1996-08-14,23.889993362501286,,34.786522993817925,0,227,1996,8
1996-08-15,23.59999336898329,,34.79262669570744,0,228,1996,8
1996-08-16,23.4799933716655,,34.798730397596955,0,229,1996,8
1996-08-17,23.369993374124192,,34.79415262117982,0,230,1996,8
1996-08-18,23.489993371441983,,34.76058226078749,0,231,1996,8
1996-08-19,23.639993368089222,,34.74837485700846,0,232,1996,8
1996-08-20,23.719993366301082,,34.78041929192841,0,233,1996,8
1996-08-21,23.689993366971635,,34.79110077023506,0,234,1996,8
1996-08-22,23.9399933613837,,34.7956785466522,0,235,1996,8
1996-08-23,24.05999335870149,,34.79262669570744,0,236,1996,8
1996-08-24,23.97999336048963,,34.788048919290304,0,237,1996,8
1996-08-25,23.639993368089222,,34.78194521740079,0,238,1996,8
1996-08-26,23.59999336898329,,34.78347114287317,0,239,1996,8
1996-08-27,23.55999336987736,,34.79262669570744,0,240,1996,8
1996-08-28,23.369993374124192,,34.80636002495885,0,241,1996,8
1996-08-29,23.39999337345364,,34.821619279682636,0,242,1996,8
1996-08-30,23.39999337345364,,34.83077483251691,0,243,1996,8
1996-08-31,23.259993376582884,,34.83230075798929,0,244,1996,8
1996-09-01,23.309993375465297,,34.833826683461666,0,245,1996,9
1996-09-02,23.31999337524178,,34.84450816176832,0,246,1996,9
1996-09-03,23.379993373900675,,34.84450816176832,0,247,1996,9
1996-09-04,23.35999337434771,,34.85518964007497,0,248,1996,9
1996-09-05,23.27999337613585,,34.86892296932638,0,249,1996,9
1996-09-06,23.139993379265093,,34.8887600004673,0,250,1996,9
1996-09-07,23.04999338127675,,34.908597031608224,0,251,1996,9
1996-09-08,23.039993381500267,,34.91317480802536,0,252,1996,9
1996-09-09,23.04999338127675,,34.908597031608224,0,253,1996,9
1996-09-10,23.08999338038268,,34.896389627829194,0,254,1996,9
1996-09-11,23.139993379265093,,34.88723407499492,0,255,1996,9
1996-09-12,23.189993378147506,,34.882656298577785,0,256,1996,9
1996-09-13,24.239993354678177,,34.90096740424633,0,257,1996,9
1996-09-14,24.36999335177245,,34.90401925519109,0,258,1996,9
1996-09-15,24.109993357583903,,34.90554518066347,0,259,1996,9
1996-09-16,23.86999336294832,,34.908597031608224,0,260,1996,9
1996-09-17,23.889993362501286,,34.91317480802536,0,261,1996,9
1996-09-18,23.89999336227777,,34.91164888255298,0,262,1996,9
1996-09-19,23.889993362501286,,34.91317480802536,0,263,1996,9
1996-09-20,23.889993362501286,,34.91622665897012,0,264,1996,9
1996-09-21,23.989993360266112,,34.920804435387254,0,265,1996,9
1996-09-22,24.009993359819077,,34.91622665897012,0,266,1996,9
1996-09-23,23.89999336227777,,34.920804435387254,0,267,1996,9
1996-09-24,23.82999336384239,,34.92538221180439,0,268,1996,9
1996-09-25,23.7099933665246,,34.929959988221526,0,269,1996,9
1996-09-26,23.269993376359366,,34.933011839166284,0,270,1996,9
1996-09-27,23.309993375465297,,34.933011839166284,0,271,1996,9
1996-09-28,23.31999337524178,,34.93758961558342,0,272,1996,9
1996-09-29,23.099993380159162,,34.942167392000556,0,273,1996,9
1996-09-30,23.00999338217082,,34.94827109389007,0,274,1996,9
1996-10-01,23.04999338127675,,34.94064146652818,0,275,1996,10
1996-10-02,23.259993376582884,,34.91317480802536,0,276,1996,10
1996-10-03,23.219993377476953,,34.9101229570806,0,277,1996,10
1996-10-04,23.259993376582884,,34.919278509914875,0,278,1996,10
1996-10-05,23.499993371218466,,34.93606369011104,0,279,1996,10
1996-10-06,23.569993369653844,,34.94674516841769,0,280,1996,10
1996-10-07,23.719993366301082,,34.94674516841769,0,281,1996,10
1996-10-08,24.079993358254455,,34.942167392000556,0,282,1996,10
1996-10-09,24.05999335870149,,34.919278509914875,0,283,1996,10
1996-10-10,24.009993359819077,,34.91317480802536,0,284,1996,10
1996-10-11,23.74999336563053,,34.917752584442496,0,285,1996,10
1996-10-12,23.999993360042595,,34.89333777688444,0,286,1996,10
1996-10-13,24.029993359372043,,34.87350074574351,0,287,1996,10
1996-10-14,24.009993359819077,,34.84145631082356,0,288,1996,10
1996-10-15,23.889993362501286,,34.83993038535118,0,289,1996,10
1996-10-16,23.739993365854048,,34.859767416492105,0,290,1996,10
1996-10-17,23.51999337077143,,34.86434519290924,0,291,1996,10
1996-10-18,24.09999335780742,,34.86129334196448,0,292,1996,10
1996-10-19,24.32999335266652,,34.858241491019726,0,293,1996,10
1996-10-20,24.399993351101898,,34.84298223629594,0,294,1996,10
1996-10-21,24.399993351101898,,34.824671130627394,0,295,1996,10
1996-10-22,24.379993351548933,,34.788048919290304,0,296,1996,10
1996-10-23,24.349993352219485,,34.78041929192841,0,297,1996,10
1996-10-24,24.28999335356059,,34.81551557779312,0,298,1996,10
1996-10-25,24.349993352219485,,34.847560012713075,0,299,1996,10
1996-10-26,24.90999333970251,,34.80788595043123,0,300,1996,10
1996-10-27,24.959993338584923,,34.77889336645603,0,301,1996,10
1996-10-28,25.05999333634975,,34.7239600494504,0,302,1996,10
1996-10-29,25.089993335679196,,34.61256748996675,0,303,1996,10
1996-10-30,24.819993341714166,,34.62477489374578,0,304,1996,10
1996-10-31,24.319993352890037,,34.67513043433428,0,305,1996,10
1996-11-01,24.199993355572246,,34.70107116736472,0,306,1996,11
1996-11-02,24.13999335691335,,34.72243412397802,0,307,1996,11
1996-11-03,24.24999335445466,,34.73464152775705,0,308,1996,11
1996-11-04,24.40999335087838,,34.74074522964656,0,309,1996,11
1996-11-05,24.429993350431346,,34.76973781362176,0,310,1996,11
1996-11-06,24.259993354231142,,34.80788595043123,0,311,1996,11
1996-11-07,24.24999335445466,,34.82924890704453,0,312,1996,11
1996-11-08,24.229993354901694,,34.85213778913021,0,313,1996,11
1996-11-09,25.579993324726843,,34.8887600004673,0,314,1996,11
1996-11-10,25.72999332137408,,34.90249332971871,0,315,1996,11
1996-11-11,25.739993321150564,,34.917752584442496,0,316,1996,11
1996-11-12,25.7199933215976,,34.93453776463866,0,317,1996,11
1996-11-13,25.659993322938703,,34.94064146652818,0,318,1996,11
1996-11-14,25.639993323385738,,34.93606369011104,0,319,1996,11
1996-11-15,25.399993328750156,,34.92843406274915,0,320,1996,11
1996-11-16,25.329993330314778,,34.929959988221526,0,321,1996,11
1996-11-17,25.17999333366754,,34.93758961558342,0,322,1996,11
1996-11-18,24.819993341714166,,34.94521924294531,0,323,1996,11
1996-11-19,24.549993347749137,,34.954374795779586,0,324,1996,11
1996-11-20,24.689993344619893,,34.96505627408624,0,325,1996,11
1996-11-21,24.47999334931376,,34.978789603337646,0,326,1996,11
1996-11-22,24.729993343725823,,34.99404885806143,0,327,1996,11
1996-11-23,25.09999333545568,,35.004730336368084,0,328,1996,11
1996-11-24,25.33999333009126,,35.013885889202356,0,329,1996,11
1996-11-25,25.189993333444022,,35.02151551656425,0,330,1996,11
1996-11-26,25.039993336796783,,35.029145143926144,0,331,1996,11
1996-11-27,24.63999334573748,,35.038300696760416,0,332,1996,11
1996-11-28,24.71999334394934,,35.04898217506707,0,333,1996,11
1996-11-29,24.809993341937684,,35.062715504318476,0,334,1996,11
1996-11-30,24.879993340373062,,35.07339698262513,0,335,1996,11
1996-12-01,25.349993329867743,,35.07950068451464,0,336,1996,12
1996-12-02,25.009993337467336,,35.08560438640416,0,337,1996,12
1996-12-03,24.589993346855067,,35.09018216282129,0,338,1996,12
1996-12-04,24.309993353113555,,35.09018216282129,0,339,1996,12
1996-12-05,24.029993359372043,,35.08102660998702,0,340,1996,12
1996-12-06,23.969993360713147,,35.074922908097506,0,341,1996,12
1996-12-07,23.81999336406591,,35.07797475904226,0,342,1996,12
1996-12-08,23.999993360042595,,35.076448833569884,0,343,1996,12
1996-12-09,24.029993359372043,,35.076448833569884,0,344,1996,12
1996-12-10,24.079993358254455,,35.076448833569884,0,345,1996,12
1996-12-11,23.919993361830734,,35.074922908097506,0,346,1996,12
1996-12-12,23.879993362724804,,35.07187105715275,0,347,1996,12
1996-12-13,23.889993362501286,,35.074922908097506,0,348,1996,12
1996-12-14,24.269993354007624,,35.074922908097506,0,349,1996,12
1996-12-15,24.47999334931376,,35.06881920620799,0,350,1996,12
1996-12-16,24.51999334841969,,35.05508587695658,0,351,1996,12
1996-12-17,24.849993341043614,,35.04287847317755,0,352,1996,12
1996-12-18,24.999993337690853,,35.03372292034328,0,353,1996,12
1996-12-19,24.999993337690853,,35.04745624959469,0,354,1996,12
1996-12-20,25.4899933267385,,35.05661180242896,0,355,1996,12
1996-12-21,25.779993320256494,,35.029145143926144,0,356,1996,12
1996-12-22,25.889993317797803,,35.026093292981386,0,357,1996,12
1996-12-23,26.29999330863359,,35.03372292034328,0,358,1996,12
1996-12-24,27.289993286505364,,35.03524884581566,0,359,1996,12
1996-12-25,27.249993287399434,,35.04440439864993,0,360,1996,12
1996-12-26,27.169993289187573,,35.05966365337372,0,361,1996,12
1996-12-27,26.939993294328474,,35.038300696760416,0,362,1996,12
1996-12-28,26.829993296787165,,35.00930811278522,0,363,1996,12
1996-12-29,26.679993300139927,,35.0108340382576,0,364,1996,12
1996-12-30,26.559993302822136,,35.015411814674735,0,365,1996,12
1996-12-31,26.41999330595138,,35.02151551656425,0,366,1996,12
1997-01-01,26.25999330952766,,34.846034087240696,0,1,1997,1
1997-01-02,26.219993310421728,,34.69649339094758,0,2,1997,1
1997-01-03,27.479993282258533,,34.65681932866573,0,3,1997,1
1997-01-04,27.359993284940742,,34.665974881500006,0,4,1997,1
1997-01-05,27.53999328091743,,34.78347114287317,0,5,1997,1
1997-01-06,28.019993270188593,,34.82772298157215,0,6,1997,1
1997-01-07,28.77999325320127,,34.8170415032655,0,7,1997,1
1997-01-08,27.649993278458737,,34.835352608934045,0,8,1997,1
1997-01-09,26.95999329388144,,34.858241491019726,0,9,1997,1
1997-01-10,27.049993291869782,,34.89333777688444,0,10,1997,1
1997-01-11,26.99999329298737,,34.908597031608224,0,11,1997,1
1997-01-12,26.589993302151584,,34.91622665897012,0,12,1997,1
1997-01-13,26.60999330170455,,34.93606369011104,0,13,1997,1
1997-01-14,26.779993297904753,,34.9604784976691,0,14,1997,1
1997-01-15,27.88999327309432,,34.94827109389007,0,15,1997,1
1997-01-16,28.04999326951804,,34.91622665897012,0,16,1997,1
1997-01-17,28.07999326884749,,34.93453776463866,0,17,1997,1
1997-01-18,28.109993268176936,,34.99557478353381,0,18,1997,1
1997-01-19,28.179993266612314,,35.04898217506707,0,19,1997,1
1997-01-20,28.099993268400453,,35.0108340382576,0,20,1997,1
1997-01-21,27.88999327309432,,34.90249332971871,0,21,1997,1
1997-01-22,27.88999327309432,,34.80483409948647,0,22,1997,1
1997-01-23,27.609993279352807,,34.77889336645603,0,23,1997,1
1997-01-24,27.639993278682255,,34.71175264567137,0,24,1997,1
1997-01-25,27.529993281140946,,34.44471568800509,0,25,1997,1
1997-01-26,27.559993280470394,,34.23108612187207,0,26,1997,1
1997-01-27,27.569993280246877,,34.11206393502653,0,27,1997,1
1997-01-28,27.57999328002336,,34.18073058128357,0,28,1997,1
1997-01-29,27.609993279352807,,34.197515761479735,0,29,1997,1
1997-01-30,27.629993278905772,,34.55458232201636,0,30,1997,1
1997-01-31,28.46999326013031,,34.739219304174185,0,31,1997,1
1997-02-01,28.23999326527121,,34.727011900395155,0,32,1997,2
1997-02-02,28.259993264824175,,34.786522993817925,0,33,1997,2
1997-02-03,28.069993269071006,,34.835352608934045,0,34,1997,2
1997-02-04,27.989993270859145,,34.8887600004673,0,35,1997,2
1997-02-05,27.54999328069391,,34.97115997597575,0,36,1997,2
1997-02-06,26.839993296563648,,34.98794515617192,0,37,1997,2
1997-02-07,26.84999329634013,,34.94827109389007,0,38,1997,2
1997-02-08,26.819993297010683,,34.95284887030721,0,39,1997,2
1997-02-09,26.84999329634013,,34.94674516841769,0,40,1997,2
1997-02-10,26.899993295222544,,34.96963405050337,0,41,1997,2
1997-02-11,27.18999328874054,,35.004730336368084,0,42,1997,2
1997-02-12,28.339993263036035,,34.92690813727677,0,43,1997,2
1997-02-13,27.839993274211906,,34.821619279682636,0,44,1997,2
1997-02-14,27.729993276670598,,34.86129334196448,0,45,1997,2
1997-02-15,27.759993276000046,,34.90554518066347,0,46,1997,2
1997-02-16,27.829993274435424,,34.91470073349774,0,47,1997,2
1997-02-17,27.789993275329493,,34.93606369011104,0,48,1997,2
1997-02-18,27.69999327734115,,34.95132294483483,0,49,1997,2
1997-02-19,27.58999327979984,,34.92690813727677,0,50,1997,2
1997-02-20,27.65999327823522,,34.88113037310541,0,51,1997,2
1997-02-21,27.57999328002336,,34.83077483251691,0,52,1997,2
1997-02-22,27.489993282035016,,34.594256384298205,0,53,1997,2
1997-02-23,27.53999328091743,,34.31196017190814,0,54,1997,2
1997-02-24,27.58999327979984,,34.389782370999455,0,55,1997,2
1997-02-25,27.61999327912929,,34.41877495497465,0,56,1997,2
1997-02-26,27.65999327823522,,34.330271277576685,0,57,1997,2
1997-02-27,27.839993274211906,,34.38825644552708,0,58,1997,2
1997-02-28,27.92999327220025,,34.50575270690024,0,59,1997,2
1997-03-01,28.419993261247896,,34.66139710508287,0,60,1997,3
1997-03-02,28.62999325655403,,34.66139710508287,0,61,1997,3
1997-03-03,28.5899932574481,,34.73616745322943,0,62,1997,3
1997-03-04,27.979993271082662,,34.786522993817925,0,63,1997,3
1997-03-05,27.979993271082662,,34.800256323069334,0,64,1997,3
1997-03-06,28.249993265047692,,34.751426707953215,0,65,1997,3
1997-03-07,27.569993280246877,,34.643085999414325,0,66,1997,3
1997-03-08,27.209993288293504,,34.73616745322943,0,67,1997,3
1997-03-09,27.169993289187573,,34.812463726848364,0,68,1997,3
1997-03-10,26.709993299469375,,34.846034087240696,0,69,1997,3
1997-03-11,26.669993300363444,,34.867397043854,0,70,1997,3
1997-03-12,26.61999330148103,,34.89944147877395,0,71,1997,3
1997-03-13,26.87999329566958,,34.907071106135845,0,72,1997,3
1997-03-14,27.019993292540335,,34.907071106135845,0,73,1997,3
1997-03-15,27.209993288293504,,34.91622665897012,0,74,1997,3
1997-03-16,27.07999329119923,,34.93758961558342,0,75,1997,3
1997-03-17,26.68999329991641,,34.97115997597575,0,76,1997,3
1997-03-18,26.719993299245857,,34.99557478353381,0,77,1997,3
1997-03-19,26.869993295893096,,35.00930811278522,0,78,1997,3
1997-03-20,27.18999328874054,,35.00930811278522,0,79,1997,3
1997-03-21,27.18999328874054,,35.00167848542333,0,80,1997,3
1997-03-22,27.169993289187573,,34.98794515617192,0,81,1997,3
1997-03-23,26.779993297904753,,34.98641923069954,0,82,1997,3
1997-03-24,26.699993299692892,,34.98336737975478,0,83,1997,3
1997-03-25,26.64999330081048,,34.96505627408624,0,84,1997,3
1997-03-26,25.64999332316222,,34.94674516841769,2,85,1997,3
1997-03-27,25.709993321821116,,34.942167392000556,0,86,1997,3
1997-03-28,25.98999331556263,,34.96353034861386,0,87,1997,3
1997-03-29,26.489993304386758,,34.9818414542824,0,88,1997,3
1997-03-30,26.589993302151584,,34.97573775239289,0,89,1997,3
1997-03-31,26.629993301257514,,34.92843406274915,0,90,1997,3
1997-04-01,26.839993296563648,,34.87502667121589,0,91,1997,4
1997-04-02,27.23999328762295,,34.858241491019726,0,92,1997,4
1997-04-03,27.57999328002336,,34.84908593818545,0,93,1997,4
1997-04-04,27.649993278458737,,34.78194521740079,0,94,1997,4
1997-04-05,27.73999327644708,,34.67207858338952,0,95,1997,4
1997-04-06,27.669993278011702,,34.70717486925423,1,96,1997,4
1997-04-07,27.709993277117633,,34.75295263342559,1,97,1997,4
1997-04-08,27.529993281140946,,34.79415262117982,0,98,1997,4
1997-04-09,27.439993283152603,,34.80330817401409,0,99,1997,4
1997-04-10,27.369993284717225,,34.70717486925423,1,100,1997,4
1997-04-11,26.96999329365792,,34.64613785035908,0,101,1997,4
1997-04-12,27.019993292540335,,34.63545637205243,0,102,1997,4
1997-04-13,26.99999329298737,,34.632404521107674,1,103,1997,4
1997-04-14,27.439993283152603,,34.58967860788107,2,104,1997,4
1997-04-15,27.42999328337612,,34.58662675693631,0,105,1997,4
1997-04-16,27.609993279352807,,34.64766377583146,0,106,1997,4
1997-04-17,27.8999932728708,,34.63850822299719,5,107,1997,4
1997-04-18,27.80999327488246,,34.59273045882583,0,108,1997,4
1997-04-19,27.84999327398839,,34.53779714182019,0,109,1997,4
1997-04-20,28.019993270188593,,34.48438975028694,0,110,1997,4
1997-04-21,28.15999326705935,,34.438611986115575,0,111,1997,4
1997-04-22,27.989993270859145,,34.391308296471834,5,112,1997,4
1997-04-23,27.879993273317837,,34.3867305200547,0,113,1997,4
1997-04-24,27.649993278458737,,34.342478681355715,3,114,1997,4
1997-04-25,27.649993278458737,,34.244819451123476,0,115,1997,4
1997-04-26,27.629993278905772,,34.199041686952114,0,116,1997,4
1997-04-27,28.08999326862397,,34.19598983600736,2,117,1997,4
1997-04-28,28.069993269071006,,34.16852317750454,3,118,1997,4
1997-04-29,28.069993269071006,,34.17615280486643,0,119,1997,4
1997-04-30,28.1299932677299,,34.19446391053498,2,120,1997,4
1997-05-01,28.209993265941762,,34.21582686714828,0,121,1997,5
1997-05-02,28.209993265941762,,34.32721942663193,0,122,1997,5
1997-05-03,28.059993269294523,,34.50575270690024,0,123,1997,5
1997-05-04,27.979993271082662,,34.62630081921816,0,124,1997,5
1997-05-05,27.88999327309432,,34.72090819850564,1,125,1997,5
1997-05-06,27.84999327398839,,34.739219304174185,0,126,1997,5
1997-05-07,27.649993278458737,,34.76973781362176,0,127,1997,5
1997-05-08,27.689993277564668,,34.69954524189234,0,128,1997,5
1997-05-09,27.58999327979984,,34.48133789934218,0,129,1997,5
1997-05-10,27.4999932818115,,34.424878656864166,0,130,1997,5
1997-05-11,27.399993284046673,,34.31196017190814,1,131,1997,5
1997-05-12,27.799993275105976,,34.282967587932944,0,132,1997,5
1997-05-13,27.419993283599638,,34.449293464422226,2,133,1997,5
1997-05-14,27.38999328427019,,34.34400460682809,0,134,1997,5
1997-05-15,27.369993284717225,,34.36078978702426,2,135,1997,5
1997-05-16,27.219993288069986,,34.30433054454625,0,136,1997,5
1997-05-17,27.069993291422747,,34.1639454010874,0,137,1997,5
1997-05-18,27.019993292540335,,34.07391579821706,0,138,1997,5
1997-05-19,26.99999329298737,,34.173100953921676,0,139,1997,5
1997-05-20,26.949993294104956,,34.41724902950227,0,140,1997,5
1997-05-21,26.909993294999026,,34.49659715406597,2,141,1997,5
1997-05-22,26.8099932972342,,34.51796011067927,0,142,1997,5
1997-05-23,26.84999329634013,,34.54390084370971,0,143,1997,5
1997-05-24,26.819993297010683,,34.56221194937825,0,144,1997,5
1997-05-25,26.629993301257514,,34.58662675693631,0,145,1997,5
1997-05-26,26.399993306398414,,34.63545637205243,0,146,1997,5
1997-05-27,26.349993307516,,34.665974881500006,0,147,1997,5
1997-05-28,26.319993308186554,,34.68733783811331,1,148,1997,5
1997-05-29,26.219993310421728,,34.7239600494504,0,149,1997,5
1997-05-30,26.159993311762832,,34.704123018309474,0,150,1997,5
1997-05-31,26.079993313550972,,34.53169343993068,0,151,1997,5
1997-06-01,25.95999331623318,,34.51338233426213,0,152,1997,6
1997-06-02,25.929993316903733,,34.546952694654465,0,153,1997,6
1997-06-03,25.939993316680216,,34.571367502212524,0,154,1997,6
1997-06-04,25.819993319362425,,34.59883416071534,0,155,1997,6
1997-06-05,25.819993319362425,,34.632404521107674,0,156,1997,6
1997-06-06,25.819993319362425,,34.653767477720976,0,157,1997,6
1997-06-07,25.819993319362425,,34.68733783811331,0,158,1997,6
1997-06-08,25.56999332495036,,34.704123018309474,0,159,1997,6
1997-06-09,25.4899933267385,,34.62782674469054,0,160,1997,6
1997-06-10,25.56999332495036,,34.54237491823733,0,161,1997,6
1997-06-11,25.68999332226815,,34.58815268240869,0,162,1997,6
1997-06-12,25.549993325397395,,34.56221194937825,0,163,1997,6
1997-06-13,25.329993330314778,,34.49201937764883,0,164,1997,6
1997-06-14,25.349993329867743,,34.46607864461839,0,165,1997,6
1997-06-15,25.329993330314778,,34.524063812568784,0,166,1997,6
1997-06-16,25.33999333009126,,34.63393044658005,0,167,1997,6
1997-06-17,25.359993329644226,,34.6522415522486,0,168,1997,6
1997-06-18,25.37999332919719,,34.617145266383886,0,169,1997,6
1997-06-19,25.389993328973674,,34.63393044658005,0,170,1997,6
1997-06-20,25.21999333277347,,34.51796011067927,0,171,1997,6
1997-06-21,25.189993333444022,,34.68428598716855,0,172,1997,6
1997-06-22,25.129993334785127,,34.65987117961049,0,173,1997,6
1997-06-23,25.14999333433809,,34.6018860116601,0,174,1997,6
1997-06-24,25.41999332830312,,34.59273045882583,0,175,1997,6
1997-06-25,25.349993329867743,,34.55000454559922,0,176,1997,6
1997-06-26,25.21999333277347,,34.3150120228529,0,177,1997,6
1997-06-27,25.209993332996987,,34.42182680591941,0,178,1997,6
1997-06-28,25.05999333634975,,34.64766377583146,0,179,1997,6
1997-06-29,24.979993338137888,,34.70564894378185,0,180,1997,6
1997-06-30,25.019993337243818,,34.64918970130384,0,181,1997,6
1997-07-01,24.969993338361405,,34.66902673244476,0,182,1997,7
1997-07-02,24.879993340373062,,34.716330422088504,0,183,1997,7
1997-07-03,24.699993344396376,,34.78041929192841,0,184,1997,7
1997-07-04,24.659993345290445,,34.76973781362176,0,185,1997,7
1997-07-05,24.689993344619893,,34.73006375133991,0,186,1997,7
1997-07-06,24.469993349537276,,34.74684893153608,0,187,1997,7
1997-07-07,24.36999335177245,,34.81551557779312,0,188,1997,7
1997-07-08,24.299993353337072,,34.833826683461666,0,189,1997,7
1997-07-09,23.929993361607217,,34.847560012713075,0,190,1997,7
1997-07-10,23.90999336205425,,34.85061186365783,0,191,1997,7
1997-07-11,23.929993361607217,,34.786522993817925,0,192,1997,7
1997-07-12,23.849993363395356,,34.704123018309474,0,193,1997,7
1997-07-13,23.879993362724804,,34.78041929192841,0,194,1997,7
1997-07-14,23.849993363395356,,34.85061186365783,0,195,1997,7
1997-07-15,23.799993364512943,,34.86129334196448,0,196,1997,7
1997-07-16,23.81999336406591,,34.847560012713075,0,197,1997,7
1997-07-17,23.699993366748117,,34.835352608934045,0,198,1997,7
1997-07-18,23.679993367195152,,34.824671130627394,0,199,1997,7
1997-07-19,23.55999336987736,,34.884182224050164,0,200,1997,7
1997-07-20,23.429993372783088,,34.90554518066347,0,201,1997,7
1997-07-21,23.35999337434771,,34.858241491019726,0,202,1997,7
1997-07-22,23.349993374571227,,34.859767416492105,0,203,1997,7
1997-07-23,23.23999337702992,,34.870448894798756,0,204,1997,7
1997-07-24,23.299993375688814,,34.884182224050164,0,205,1997,7
1997-07-25,23.259993376582884,,34.908597031608224,0,206,1997,7
1997-07-26,23.189993378147506,,34.907071106135845,0,207,1997,7
1997-07-27,23.189993378147506,,34.89944147877395,0,208,1997,7
1997-07-28,23.369993374124192,,34.89333777688444,0,209,1997,7
1997-07-29,23.409993373230122,,34.907071106135845,0,210,1997,7
1997-07-30,23.35999337434771,,34.95895257219672,0,211,1997,7
1997-07-31,23.299993375688814,,34.980315528810024,0,212,1997,7
1997-08-01,23.149993379041575,,34.9604784976691,0,213,1997,8
1997-08-02,23.12999337948861,,34.96200442314148,0,214,1997,8
1997-08-03,23.08999338038268,,34.931485913693905,0,215,1997,8
1997-08-04,23.139993379265093,,34.919278509914875,0,216,1997,8
1997-08-05,22.989993382617854,,34.907071106135845,0,217,1997,8
1997-08-06,22.869993385300063,,34.896389627829194,0,218,1997,8
1997-08-07,23.099993380159162,,34.90401925519109,0,219,1997,8
1997-08-08,23.16999337859454,,34.943693317472935,0,220,1997,8
1997-08-09,23.08999338038268,,34.96200442314148,0,221,1997,8
1997-08-10,22.409993395581864,,34.94521924294531,0,222,1997,8
1997-08-11,22.46999339424076,,34.955900721251965,0,223,1997,8
1997-08-12,22.439993394911312,,34.96963405050337,0,224,1997,8
1997-08-13,22.609993391111516,,34.98336737975478,0,225,1997,8
1997-08-14,22.66999338977041,,35.00778218731284,0,226,1997,8
1997-08-15,22.66999338977041,,35.026093292981386,0,227,1997,8
1997-08-16,22.1599934011698,,35.04135254770517,0,228,1997,8
1997-08-17,22.189993400499247,,35.04745624959469,0,229,1997,8
1997-08-18,22.209993400052213,,35.08102660998702,0,230,1997,8
1997-08-19,22.499993393570207,,35.1039154920727,0,231,1997,8
1997-08-20,22.62999339066448,,35.06576735526323,0,232,1997,8
1997-08-21,22.529993392899655,,35.08407846093178,0,233,1997,8
1997-08-22,22.519993393123173,,35.09323401376605,0,234,1997,8
1997-08-23,22.459993394464277,,35.07797475904226,0,235,1997,8
1997-08-24,22.329993397370004,,35.052034026011825,0,236,1997,8
1997-08-25,22.34999339692297,,35.01998959109187,0,237,1997,8
1997-08-26,23.0199933819473,,35.00015255995095,0,238,1997,8
1997-08-27,23.069993380829715,,34.990997007116675,0,239,1997,8
1997-08-28,23.099993380159162,,34.99862663447857,0,240,1997,8
1997-08-29,23.149993379041575,,34.99557478353381,0,241,1997,8
1997-08-30,23.12999337948861,,34.9894710816443,0,242,1997,8
1997-08-31,22.989993382617854,,34.992522932589054,0,243,1997,8
1997-09-01,22.849993385747098,,35.004730336368084,0,244,1997,9
1997-09-02,22.65999338999393,,35.015411814674735,0,245,1997,9
1997-09-03,22.66999338977041,,35.027619218453765,0,246,1997,9
1997-09-04,22.949993383511924,0.18334903,35.039826622232795,0,247,1997,9
1997-09-05,23.059993381053232,,35.04745624959469,0,248,1997,9
1997-09-06,22.85999338552358,0.1862754,35.04898217506707,0,249,1997,9
1997-09-07,22.029993404075526,,35.05661180242896,0,250,1997,9
1997-09-08,21.9299934063107,,35.06576735526323,0,251,1997,9
1997-09-09,22.029993404075526,0.21190275,35.074922908097506,0,252,1997,9
1997-09-10,22.27999339848759,0.21190275,35.087130311876535,0,253,1997,9
1997-09-11,22.059993403404974,,35.1039154920727,0,254,1997,9
1997-09-12,22.059993403404974,,35.12985622510314,0,255,1997,9
1997-09-13,22.08999340273442,,35.125278448686004,0,256,1997,9
1997-09-14,22.989993382617854,,35.09628586471081,0,257,1997,9
1997-09-15,23.04999338127675,0.21509318,35.09018216282129,0,258,1997,9
1997-09-16,23.04999338127675,0.21509318,35.088656237348914,0,259,1997,9
1997-09-17,23.299993375688814,,35.09018216282129,0,260,1997,9
1997-09-18,23.32999337501826,0.21509318,35.08407846093178,0,261,1997,9
1997-09-19,23.339993374794744,0.18871526,35.07797475904226,0,262,1997,9
1997-09-20,23.4799933716655,0.18871526,35.07339698262513,0,263,1997,9
1997-09-21,23.459993372112535,0.18737343,35.06881920620799,0,264,1997,9
1997-09-22,23.43999337255957,0.19720896,35.06576735526323,0,265,1997,9
1997-09-23,23.139993379265093,0.17480406,35.062715504318476,0,266,1997,9
1997-09-24,23.23999337702992,0.17480406,35.05966365337372,0,267,1997,9
1997-09-25,23.189993378147506,0.16464102,35.07034513168037,0,268,1997,9
1997-09-26,22.919993384182476,0.16464102,35.088656237348914,0,269,1997,9
1997-09-27,22.81999338641765,0.164186,35.10544141754508,0,270,1997,9
1997-09-28,22.639993390440964,0.164186,35.10696734301746,0,271,1997,9
1997-09-29,21.749993410334014,0.17224446,35.1039154920727,0,272,1997,9
1997-09-30,21.879993407428287,0.20634806,35.10238956660032,0,273,1997,9
1997-10-01,21.88999340720477,0.20167117,35.113071044906974,0,274,1997,10
1997-10-02,21.829993408545874,0.1704733,35.12680437415838,0,275,1997,10
1997-10-03,21.839993408322357,0.19114393,35.13901177793741,0,276,1997,10
1997-10-04,21.869993407651805,0.1537153,35.14206362888217,0,277,1997,10
1997-10-05,22.169993400946282,0.15371554,35.14053770340979,0,278,1997,10
1997-10-06,23.079993380606197,0.15076627,35.11917474679649,0,279,1997,10
1997-10-07,23.179993378371023,0.15076627,35.09475993923843,0,280,1997,10
1997-10-08,23.219993377476953,0.12910824,35.076448833569884,0,281,1997,10
1997-10-09,22.96999338306489,0.12915985,35.09170808829367,0,282,1997,10
1997-10-10,22.959993383288406,0.21839413,35.110019193962216,0,283,1997,10
1997-10-11,22.97999338284137,0.24293001,35.111545119434595,0,284,1997,10
1997-10-12,23.119993379712128,0.29102916,35.08560438640416,0,285,1997,10
1997-10-13,23.86999336294832,0.29102916,35.050508100539446,0,286,1997,10
1997-10-14,23.989993360266112,,35.04745624959469,0,287,1997,10
1997-10-15,23.619993368536257,,35.038300696760416,0,288,1997,10
1997-10-16,23.2499933768064,,35.0321969948709,0,289,1997,10
1997-10-17,23.23999337702992,,35.052034026011825,0,290,1997,10
1997-10-18,23.27999337613585,,35.07950068451464,0,291,1997,10
1997-10-19,24.159993356466316,0.18234684,35.0825525354594,0,292,1997,10
1997-10-20,24.259993354231142,0.18234684,35.064241429790854,0,293,1997,10
1997-10-21,24.389993351325415,0.18234684,35.04745624959469,0,294,1997,10
1997-10-22,24.51999334841969,0.12480453,35.04287847317755,0,295,1997,10
1997-10-23,24.569993347302102,0.121500276,35.04898217506707,0,296,1997,10
1997-10-24,24.52999334819617,0.34297395,35.062715504318476,0,297,1997,10
1997-10-25,24.419993350654863,0.64536893,35.074922908097506,0,298,1997,10
1997-10-26,24.28999335356059,0.2024925,35.07950068451464,0,299,1997,10
1997-10-27,23.879993362724804,0.16684146,35.07797475904226,0,300,1997,10
1997-10-28,23.31999337524178,0.15259486,35.07950068451464,0,301,1997,10
1997-10-29,23.27999337613585,0.15259486,35.087130311876535,0,302,1997,10
1997-10-30,23.339993374794744,0.22868127,35.10849326848984,0,303,1997,10
1997-10-31,23.55999336987736,0.23016177,35.12985622510314,0,304,1997,10
1997-11-01,23.59999336898329,0.19235551,35.1756339892745,0,305,1997,11
1997-11-02,24.039993359148525,0.20862679,35.20004879683256,0,306,1997,11
1997-11-03,23.97999336048963,0.3305308,35.21225620061159,0,307,1997,11
1997-11-04,23.55999336987736,0.33388516,35.219885827973485,0,308,1997,11
1997-11-05,23.2499933768064,0.64385706,35.218359902501106,0,309,1997,11
1997-11-06,23.139993379265093,0.3431692,35.219885827973485,0,310,1997,11
1997-11-07,23.2499933768064,0.3431692,35.22904138080776,0,311,1997,11
1997-11-08,23.2499933768064,0.3431692,35.23667100816965,0,312,1997,11
1997-11-09,23.2499933768064,0.32261124,35.244300635531545,0,313,1997,11
1997-11-10,23.349993374571227,0.32261124,35.24887841194868,0,314,1997,11
1997-11-11,23.35999337434771,0.14473493,35.26108581572771,0,315,1997,11
1997-11-12,23.389993373677157,0.14473493,35.268715443089604,0,316,1997,11
1997-11-13,22.879993385076546,0.14648043,35.27024136856198,0,317,1997,11
1997-11-14,22.769993387535237,0.14648043,35.27329321950674,0,318,1997,11
1997-11-15,22.839993385970615,0.1883254,35.2763450704515,0,319,1997,11
1997-11-16,22.97999338284137,0.1883254,35.280922846868634,0,320,1997,11
1997-11-17,23.04999338127675,0.18854782,35.29007839970291,0,321,1997,11
1997-11-18,23.149993379041575,0.29386404,35.30991543084383,0,322,1997,11
1997-11-19,23.769993365183495,0.29361948,35.30991543084383,0,323,1997,11
1997-11-20,24.149993356689833,0.29122394,35.30228580348194,0,324,1997,11
1997-11-21,24.119993357360386,0.29122394,35.28855247423053,0,325,1997,11
1997-11-22,24.199993355572246,0.21708812,35.27481914497912,0,326,1997,11
1997-11-23,24.09999335780742,0.21708865,35.27481914497912,0,327,1997,11
1997-11-24,23.989993360266112,0.21708865,35.2763450704515,0,328,1997,11
1997-11-25,23.97999336048963,0.21320696,35.2763450704515,0,329,1997,11
1997-11-26,23.339993374794744,0.21320683,35.27329321950674,0,330,1997,11
1997-11-27,23.27999337613585,0.560888,35.27481914497912,0,331,1997,11
1997-11-28,23.28999337591233,0.47184962,35.280922846868634,0,332,1997,11
1997-11-29,23.78999336473646,0.47184965,35.28702654875815,0,333,1997,11
1997-11-30,23.9399933613837,0.47219244,35.28550062328577,0,334,1997,11
1997-12-01,23.97999336048963,0.44145218,35.280922846868634,0,335,1997,12
1997-12-02,23.9399933613837,0.22158253,35.27329321950674,0,336,1997,12
1997-12-03,23.949993361160182,0.2354853,35.26566359214485,0,337,1997,12
1997-12-04,23.919993361830734,0.2354853,35.26261174120009,0,338,1997,12
1997-12-05,23.719993366301082,0.2354853,35.25040433742106,0,339,1997,12
1997-12-06,23.619993368536257,0.24948211,35.23667100816965,0,340,1997,12
1997-12-07,23.89999336227777,0.3605115,35.23819693364203,0,341,1997,12
1997-12-08,24.399993351101898,0.24553102,35.25803396478295,0,342,1997,12
1997-12-09,24.859993340820097,0.22552615,35.2763450704515,0,343,1997,12
1997-12-10,25.009993337467336,0.21943288,35.280922846868634,0,344,1997,12
1997-12-11,25.119993335008644,0.15303594,35.2763450704515,0,345,1997,12
1997-12-12,24.999993337690853,0.14618821,35.26108581572771,0,346,1997,12
1997-12-13,24.709993344172858,0.14875183,35.23667100816965,0,347,1997,12
1997-12-14,24.51999334841969,0.1567088,35.218359902501106,0,348,1997,12
1997-12-15,23.74999336563053,0.16400771,35.206152498722076,0,349,1997,12
1997-12-16,23.62999336831274,0.17388089,35.20004879683256,0,350,1997,12
1997-12-17,23.529993370547913,0.17388089,35.20157472230494,0,351,1997,12
1997-12-18,23.079993380606197,0.15719567,35.196996945887804,0,352,1997,12
1997-12-19,23.039993381500267,0.6966923,35.19394509494305,0,353,1997,12
1997-12-20,23.099993380159162,0.67808276,35.196996945887804,0,354,1997,12
1997-12-21,23.74999336563053,0.32605776,35.22293767891824,0,355,1997,12
1997-12-22,24.699993344396376,0.31774965,35.26261174120009,0,356,1997,12
1997-12-23,24.819993341714166,0.3158883,35.25803396478295,0,357,1997,12
1997-12-24,24.63999334573748,0.4821375,35.24124878458679,0,358,1997,12
1997-12-25,26.22999331019821,0.48254845,35.225989529863,0,359,1997,12
1997-12-26,26.289993308857106,0.25602922,35.22293767891824,0,360,1997,12
1997-12-27,26.279993309080623,0.3167119,35.22446360439062,0,361,1997,12
1997-12-28,26.25999330952766,0.28551376,35.19089324399829,0,362,1997,12
1997-12-29,26.239993309974693,0.23057042,35.11917474679649,0,363,1997,12
1997-12-30,26.03999331444504,0.34368148,35.146641405299306,0,364,1997,12
1997-12-31,24.579993347078585,0.36614853,35.160374734550714,0,365,1997,12
1998-01-01,24.51999334841969,0.32367378,35.16190066002309,0,1,1998,1
1998-01-02,24.44999334998431,0.33563423,35.18021176569164,0,2,1998,1
1998-01-03,23.2499933768064,0.33683398,35.2046265732497,0,3,1998,1
1998-01-04,22.879993385076546,0.20371534,35.233619157224894,0,4,1998,1
1998-01-05,22.85999338552358,0.20371534,35.27329321950674,0,5,1998,1
1998-01-06,23.35999337434771,0.20369329,35.28855247423053,0,6,1998,1
1998-01-07,23.82999336384239,0.24323401,35.28855247423053,0,7,1998,1
1998-01-08,23.9399933613837,0.2432303,35.2977080270648,0,8,1998,1
1998-01-09,24.279993353784107,0.23079231,35.32059690915048,0,9,1998,1
1998-01-10,24.82999334149065,0.24554913,35.33738208934665,0,10,1998,1
1998-01-11,25.049993336573266,0.26425624,35.351115418598056,0,11,1998,1
1998-01-12,25.05999333634975,0.2641782,35.35416726954281,0,12,1998,1
1998-01-13,23.929993361607217,0.6992581,35.35416726954281,0,13,1998,1
1998-01-14,23.739993365854048,0.6627291,35.352641344070435,0,14,1998,1
1998-01-15,23.86999336294832,0.6684421,35.3480635676533,0,15,1998,1
1998-01-16,24.069993358477973,0.6684421,35.351115418598056,0,16,1998,1
1998-01-17,23.9399933613837,0.66844386,35.352641344070435,0,17,1998,1
1998-01-18,23.989993360266112,0.3030727,35.340433940291405,0,18,1998,1
1998-01-19,23.16999337859454,0.3030727,35.33433023840189,0,19,1998,1
1998-01-20,23.20999337770047,0.30304593,35.34195986576378,0,20,1998,1
1998-01-21,23.27999337613585,0.54919416,35.36790059879422,0,21,1998,1
1998-01-22,22.809993386641167,0.5253058,35.387737629935145,0,22,1998,1
1998-01-23,22.799993386864685,0.44589183,35.39384133182466,0,23,1998,1
1998-01-24,22.92999338395896,0.4464602,35.36790059879422,0,24,1998,1
1998-01-25,25.349993329867743,0.19146352,35.293130250647664,0,25,1998,1
1998-01-26,25.739993321150564,0.19146837,35.340433940291405,0,26,1998,1
1998-01-27,25.869993318244838,0.1914206,35.11459697037935,0,27,1998,1
1998-01-28,25.98999331556263,0.19142,34.93606369011104,0,28,1998,1
1998-01-29,27.15999328941109,0.2665116,34.884182224050164,0,29,1998,1
1998-01-30,27.169993289187573,0.2668748,34.99404885806143,0,30,1998,1
1998-01-31,27.209993288293504,0.26686567,34.87960444763303,0,31,1998,1
1998-02-01,27.15999328941109,0.2492617,34.836878534406424,0,32,1998,2
1998-02-02,27.029993292316817,0.24430741,34.896389627829194,0,33,1998,2
1998-02-03,26.76999329812827,0.24449603,34.94674516841769,0,34,1998,2
1998-02-04,26.529993303492688,0.24430414,35.07797475904226,0,35,1998,2
1998-02-05,26.56999330259862,0.15717386,35.125278448686004,0,36,1998,2
1998-02-06,27.059993291646265,0.14906213,35.113071044906974,0,37,1998,2
1998-02-07,27.909993272647284,0.15684767,35.110019193962216,0,38,1998,2
1998-02-08,27.88999327309432,0.10635618,35.09323401376605,0,39,1998,2
1998-02-09,27.80999327488246,0.14358051,35.099337715655565,0,40,1998,2
1998-02-10,27.649993278458737,0.24404867,35.16800436191261,0,41,1998,2
1998-02-11,27.639993278682255,0.18890132,35.1039154920727,0,42,1998,2
1998-02-12,27.949993271753215,0.18890132,34.70870079472661,0,43,1998,2
1998-02-13,28.519993259012722,0.18310693,34.58815268240869,0,44,1998,2
1998-02-14,28.309993263706588,0.19413579,34.70107116736472,0,45,1998,2
1998-02-15,28.029993269965075,0.43875983,34.90554518066347,0,46,1998,2
1998-02-16,27.34999328516426,0.43875983,34.942167392000556,0,47,1998,2
1998-02-17,26.26999330930414,0.58067495,35.04287847317755,0,48,1998,2
1998-02-18,26.03999331444504,0.5207451,35.207678424194455,0,49,1998,2
1998-02-19,26.019993314892076,0.25606537,35.26566359214485,0,50,1998,2
1998-02-20,27.069993291422747,0.30605102,35.24887841194868,0,51,1998,2
1998-02-21,27.319993285834812,0.3545747,35.22751545533538,0,52,1998,2
1998-02-22,27.369993284717225,0.1795747,35.24582656100392,0,53,1998,2
1998-02-23,27.379993284493708,0.1795747,35.27787099592388,0,54,1998,2
1998-02-24,27.2699932869524,0.31932154,35.27787099592388,0,55,1998,2
1998-02-25,27.209993288293504,0.31931302,35.27176729403436,0,56,1998,2
1998-02-26,26.509993303939723,0.4447988,35.279396921396255,0,57,1998,2
1998-02-27,26.799993297457718,0.4447988,35.244300635531545,0,58,1998,2
1998-02-28,27.329993285611295,0.18578151,35.15274510718882,0,59,1998,2
1998-03-01,27.459993282705568,0.631169,35.113071044906974,0,60,1998,3
1998-03-02,27.409993283823155,0.6080093,35.10544141754508,0,61,1998,3
1998-03-03,27.489993282035016,0.16972625,35.11917474679649,0,62,1998,3
1998-03-04,27.50999328158798,0.19405934,35.16800436191261,0,63,1998,3
1998-03-05,28.989993248507403,0.17529875,35.135959926992655,0,64,1998,3
1998-03-06,28.999993248283886,0.17431167,35.01998959109187,0,65,1998,3
1998-03-07,28.89999325051906,0.14914784,34.990997007116675,0,66,1998,3
1998-03-08,28.219993265718244,0.14914784,35.076448833569884,0,67,1998,3
1998-03-09,28.209993265941762,0.21035908,35.12985622510314,0,68,1998,3
1998-03-10,28.19999326616528,0.21035908,35.11459697037935,0,69,1998,3
1998-03-11,27.099993290752195,0.54915625,35.14206362888217,0,70,1998,3
1998-03-12,26.449993305280827,0.5016217,35.233619157224894,0,71,1998,3
1998-03-13,26.389993306621932,0.8813969,35.2473524864763,0,72,1998,3
1998-03-14,27.049993291869782,2.5697484,35.233619157224894,0,73,1998,3
1998-03-15,27.149993289634608,1.6390108,35.21073027513921,0,74,1998,3
1998-03-16,27.169993289187573,0.21502048,34.933011839166284,0,75,1998,3
1998-03-17,27.949993271753215,0.21502107,34.79262669570744,0,76,1998,3
1998-03-18,27.84999327398839,0.38473737,34.68123413622379,0,77,1998,3
1998-03-19,28.029993269965075,0.38473737,34.49354530312121,0,78,1998,3
1998-03-20,28.229993265494727,0.33418873,34.57441935315728,0,79,1998,3
1998-03-21,28.309993263706588,0.19571015,34.846034087240696,0,80,1998,3
1998-03-22,28.329993263259553,0.27666837,35.04135254770517,0,81,1998,3
1998-03-23,28.19999326616528,0.2579173,35.10849326848984,0,82,1998,3
1998-03-24,28.19999326616528,0.17495938,35.07187105715275,0,83,1998,3
1998-03-25,28.1299932677299,0.20999189,35.039826622232795,0,84,1998,3
1998-03-26,28.08999326862397,0.2125134,34.978789603337646,0,85,1998,3
1998-03-27,28.249993265047692,0.19521542,34.95742664672434,0,86,1998,3
1998-03-28,28.409993261471413,0.17942622,34.90096740424633,0,87,1998,3
1998-03-29,28.559993258118652,0.27066508,34.812463726848364,0,88,1998,3
1998-03-30,28.759993253648304,0.2707384,34.73616745322943,0,89,1998,3
1998-03-31,28.78999325297775,0.20833987,34.6446119248867,0,90,1998,3
1998-04-01,28.769993253424786,0.20833987,34.49049345217645,0,91,1998,4
1998-04-02,29.339993240684294,0.2548106,34.36078978702426,0,92,1998,4
1998-04-03,29.309993241354846,0.27426815,34.26007870584726,0,93,1998,4
1998-04-04,29.219993243366503,0.29415205,34.150212071835995,0,94,1998,4
1998-04-05,29.20999324359002,0.26751024,34.09833060577512,0,95,1998,4
1998-04-06,28.959993249177955,0.22568592,34.102908382192254,0,96,1998,4
1998-04-07,28.8199932523072,0.22263062,34.319589799270034,0,97,1998,4
1998-04-08,28.679993255436443,0.18642509,34.295174991711974,0,98,1998,4
1998-04-09,28.69999325498941,0.15290669,34.23871574923396,0,99,1998,4
1998-04-10,28.619993256777548,0.1175921,34.028138034045696,0,100,1998,4
1998-04-11,28.539993258565687,0.11542645,33.93047880381346,2,101,1998,4
1998-04-12,29.379993239790224,0.115359865,34.0205084066838,0,102,1998,4
1998-04-13,29.349993240460776,0.11554886,33.95031583495438,4,103,1998,4
1998-04-14,29.36999324001374,0.11554878,33.9274269528687,0,104,1998,4
1998-04-15,28.559993258118652,0.11852887,33.933530654758215,1,105,1998,4
1998-04-16,28.50999325923624,0.1188982,34.22650834545493,1,106,1998,4
1998-04-17,28.489993259683274,0.11898467,34.57594527862966,3,107,1998,4
1998-04-18,28.42999326102438,0.12314769,34.71022672019899,0,108,1998,4
1998-04-19,28.419993261247896,0.13018027,34.76058226078749,0,109,1998,4
1998-04-20,28.69999325498941,0.13913874,34.833826683461666,2,110,1998,4
1998-04-21,28.679993255436443,0.13912398,34.81856742873788,0,111,1998,4
1998-04-22,28.679993255436443,0.13918893,34.63850822299719,0,112,1998,4
1998-04-23,28.689993255212926,0.14249487,34.44166383706033,0,113,1998,4
1998-04-24,28.639993256330513,0.12828614,34.377574967220426,0,114,1998,4
1998-04-25,28.66999325565996,0.11268582,34.33942683041096,0,115,1998,4
1998-04-26,28.689993255212926,0.12630066,34.32721942663193,0,116,1998,4
1998-04-27,28.769993253424786,0.10981558,34.26007870584726,0,117,1998,4
1998-04-28,28.42999326102438,0.10981558,34.14410836994648,1,118,1998,4
1998-04-29,28.249993265047692,0.13342687,34.09375282935798,0,119,1998,4
1998-04-30,28.149993267282866,0.13500805,34.08154542557895,1,120,1998,4
1998-05-01,28.559993258118652,0.15740259,34.05560469254851,0,121,1998,5
1998-05-02,28.74999325387182,0.15631358,34.0998565312475,3,122,1998,5
1998-05-03,28.799993252754234,0.2831639,34.08459727652371,0,123,1998,5
1998-05-04,28.529993258789204,0.2860945,34.031189884990454,4,124,1998,5
1998-05-05,28.46999326013031,0.12504005,34.089175052940845,1,125,1998,5
1998-05-06,28.459993260353826,0.13562955,34.05713061802089,0,126,1998,5
1998-05-07,28.349993262812518,0.15264855,33.95489361137152,2,127,1998,5
1998-05-08,28.38999326191845,0.12346644,34.006775077432394,2,128,1998,5
1998-05-09,28.269993264600657,0.1251441,33.730582566931844,1,129,1998,5
1998-05-10,28.369993262365483,0.13914302,33.79161958582699,0,130,1998,5
1998-05-11,28.369993262365483,0.22701044,33.84655290283263,0,131,1998,5
1998-05-12,28.249993265047692,0.28034654,34.03881951235235,0,132,1998,5
1998-05-13,27.939993271976732,0.28034654,34.282967587932944,0,133,1998,5
1998-05-14,27.959993271529697,0.20099236,34.30433054454625,0,134,1998,5
1998-05-15,28.04999326951804,0.23311782,34.232612047344446,0,135,1998,5
1998-05-16,28.189993266388797,0.3259376,33.98998989723623,1,136,1998,5
1998-05-17,28.289993264153622,0.29784667,33.84502697736025,1,137,1998,5
1998-05-18,28.269993264600657,0.29363328,33.848078828305006,0,138,1998,5
1998-05-19,28.27999326437714,0.19774106,33.67564924992621,0,139,1998,5
1998-05-20,27.989993270859145,0.19774106,33.52916040457785,0,140,1998,5
1998-05-21,27.959993271529697,0.1737513,33.70769368484616,0,141,1998,5
1998-05-22,27.979993271082662,0.18950222,34.14105651900172,0,142,1998,5
1998-05-23,28.139993267506384,0.1942339,34.29822684265673,0,143,1998,5
1998-05-24,28.109993268176936,0.1942339,34.43556013517082,0,144,1998,5
1998-05-25,28.11999326795342,0.19412631,34.475234197452664,0,145,1998,5
1998-05-26,27.909993272647284,0.2107262,33.7336344178766,0,146,1998,5
1998-05-27,27.769993275776528,0.21516177,33.40708636678755,0,147,1998,5
1998-05-28,28.059993269294523,0.20627496,33.451338205486536,0,148,1998,5
1998-05-29,27.959993271529697,0.18038137,33.765678852796555,0,149,1998,5
1998-05-30,27.77999327555301,0.18083043,34.06933802179992,1,150,1998,5
1998-05-31,27.58999327979984,0.1806061,34.12884911522269,2,151,1998,5
1998-06-01,27.479993282258533,0.27998853,33.94116028212011,0,152,1998,6
1998-06-02,27.409993283823155,0.27998853,33.9777824934572,1,153,1998,6
1998-06-03,27.50999328158798,0.27929804,34.13495281711221,1,154,1998,6
1998-06-04,27.559993280470394,0.28563154,34.49659715406597,0,155,1998,6
1998-06-05,27.519993281364464,0.28677633,34.73158967681229,0,156,1998,6
1998-06-06,27.479993282258533,0.37238514,34.762108186259866,0,157,1998,6
1998-06-07,27.46999328248205,0.36171433,34.858241491019726,0,158,1998,6
1998-06-08,27.459993282705568,0.3651194,34.92385628633201,0,159,1998,6
1998-06-09,27.409993283823155,0.41952753,34.89944147877395,0,160,1998,6
1998-06-10,27.11999329030516,0.18314865,34.94064146652818,0,161,1998,6
1998-06-11,26.96999329365792,0.18491137,34.92690813727677,0,162,1998,6
1998-06-12,26.91999329477551,0.1849588,34.942167392000556,0,163,1998,6
1998-06-13,26.88999329544606,0.18505938,34.97573775239289,0,164,1998,6
1998-06-14,26.829993296787165,0.5672895,35.00167848542333,0,165,1998,6
1998-06-15,26.739993298798822,0.5675291,34.966582199558616,0,166,1998,6
1998-06-16,26.65999330058696,0.35849628,34.896389627829194,0,167,1998,6
1998-06-17,26.56999330259862,0.2670103,34.86892296932638,0,168,1998,6
1998-06-18,26.479993304610275,0.45369503,34.870448894798756,0,169,1998,6
1998-06-19,26.429993305727862,0.35435936,34.88723407499492,0,170,1998,6
1998-06-20,26.399993306398414,0.35436636,34.917752584442496,0,171,1998,6
1998-06-21,26.159993311762832,0.42680684,34.954374795779586,0,172,1998,6
1998-06-22,26.14999331198635,0.42623296,34.86587111838162,0,173,1998,6
1998-06-23,26.169993311539315,0.33007318,34.812463726848364,0,174,1998,6
1998-06-24,26.139993312209867,0.33007318,34.7956785466522,0,175,1998,6
1998-06-25,25.95999331623318,0.2915331,34.8384044598788,0,176,1998,6
1998-06-26,25.749993320927047,0.25262946,34.812463726848364,0,177,1998,6
1998-06-27,25.859993318468355,0.3195765,34.71022672019899,0,178,1998,6
1998-06-28,25.87999331802132,0.3115832,34.607989713549614,0,179,1998,6
1998-06-29,25.849993318691872,0.43018,34.55305639654398,0,180,1998,6
1998-06-30,25.389993328973674,0.43018,34.583574905991554,0,181,1998,6
1998-07-01,25.169993333891057,0.2564361,34.377574967220426,0,182,1998,7
1998-07-02,25.249993332102918,0.2565381,34.26160463131964,0,183,1998,7
1998-07-03,25.289993331208848,0.2558434,34.282967587932944,0,184,1998,7
1998-07-04,25.14999333433809,0.26162383,34.38062681816518,0,185,1998,7
1998-07-05,25.119993335008644,0.38938883,34.49201937764883,0,186,1998,7
1998-07-06,25.05999333634975,0.40132013,34.57594527862966,0,187,1998,7
1998-07-07,24.94999333880844,0.35810107,34.704123018309474,0,188,1998,7
1998-07-08,24.86999334059658,0.35395864,34.84145631082356,0,189,1998,7
1998-07-09,24.769993342831754,0.3420118,35.027619218453765,0,190,1998,7
1998-07-10,24.659993345290445,0.33560276,34.9101229570806,0,191,1998,7
1998-07-11,24.669993345066928,0.3298955,35.04898217506707,0,192,1998,7
1998-07-12,24.55999334752562,0.27632517,34.95895257219672,0,193,1998,7
1998-07-13,24.48999334909024,0.27440244,34.77736744098365,0,194,1998,7
1998-07-14,24.78999334238472,0.2904545,34.66902673244476,0,195,1998,7
1998-07-15,24.809993341937684,0.28732237,34.73464152775705,0,196,1998,7
1998-07-16,24.669993345066928,0.28759956,34.87502667121589,0,197,1998,7
1998-07-17,24.509993348643206,0.36339805,34.98336737975478,0,198,1998,7
1998-07-18,24.229993354901694,0.28010067,35.01235996372998,0,199,1998,7
1998-07-19,24.199993355572246,0.40863243,35.03067106939852,0,200,1998,7
1998-07-20,24.109993357583903,0.40863243,35.04745624959469,0,201,1998,7
1998-07-21,24.149993356689833,0.26487967,35.07187105715275,0,202,1998,7
1998-07-22,24.359993351995968,0.21600819,35.05661180242896,0,203,1998,7
1998-07-23,24.589993346855067,0.21600819,35.04440439864993,0,204,1998,7
1998-07-24,24.699993344396376,0.25403318,35.07797475904226,0,205,1998,7
1998-07-25,24.779993342608236,0.2540524,35.11917474679649,0,206,1998,7
1998-07-26,24.469993349537276,0.38433793,35.10849326848984,0,207,1998,7
1998-07-27,24.379993351548933,0.37486383,35.10238956660032,0,208,1998,7
1998-07-28,24.359993351995968,0.310338,35.07187105715275,0,209,1998,7
1998-07-29,24.59999334663155,0.23239434,35.02151551656425,0,210,1998,7
1998-07-30,24.459993349760794,0.23741369,35.02151551656425,0,211,1998,7
1998-07-31,24.319993352890037,0.23741369,35.00930811278522,0,212,1998,7
1998-08-01,24.029993359372043,0.3006283,35.05661180242896,0,213,1998,8
1998-08-02,24.029993359372043,0.3006283,35.100863641127944,0,214,1998,8
1998-08-03,23.999993360042595,0.3006283,35.01998959109187,0,215,1998,8
1998-08-04,23.4799933716655,0.3037982,35.148167330771685,0,216,1998,8
1998-08-05,23.51999337077143,0.3037982,35.17410806380212,0,217,1998,8
1998-08-06,23.55999336987736,0.33398739,35.08560438640416,0,218,1998,8
1998-08-07,23.989993360266112,0.3339815,35.04898217506707,0,219,1998,8
1998-08-08,23.849993363395356,0.24577111,35.07950068451464,0,220,1998,8
1998-08-09,23.90999336205425,0.21450649,35.14358955435455,0,221,1998,8
1998-08-10,24.09999335780742,0.2815849,35.16953028738499,0,222,1998,8
1998-08-11,24.049993358925008,0.25724372,35.15732288360596,0,223,1998,8
1998-08-12,23.949993361160182,0.25724655,35.122226597741246,0,224,1998,8
1998-08-13,23.89999336227777,0.17959654,35.10696734301746,0,225,1998,8
1998-08-14,23.229993377253436,0.17959654,35.10238956660032,0,226,1998,8
1998-08-15,23.16999337859454,0.16592279,35.111545119434595,0,227,1998,8
1998-08-16,23.369993374124192,0.16591826,35.122226597741246,0,228,1998,8
1998-08-17,23.43999337255957,0.21433543,35.134434001520276,0,229,1998,8
1998-08-18,23.389993373677157,0.21154922,35.14053770340979,0,230,1998,8
1998-08-19,23.349993374571227,0.26449472,35.14511547982693,0,231,1998,8
1998-08-20,23.269993376359366,0.2344445,35.15274510718882,0,232,1998,8
1998-08-21,23.349993374571227,0.28975406,35.1542710326612,0,233,1998,8
1998-08-22,23.269993376359366,0.1970193,35.15274510718882,0,234,1998,8
1998-08-23,23.2499933768064,0.1970193,35.14969325624406,0,235,1998,8
1998-08-24,23.66999336741867,0.1904329,35.1329080760479,0,236,1998,8
1998-08-25,23.81999336406591,0.1904329,35.12070067226887,0,237,1998,8
1998-08-26,23.78999336473646,0.17261064,35.11764882132411,0,238,1998,8
1998-08-27,24.05999335870149,0.17261064,35.122226597741246,0,239,1998,8
1998-08-28,24.1699933562428,0.18032818,35.13748585246503,0,240,1998,8
1998-08-29,24.09999335780742,0.18284266,35.14969325624406,0,241,1998,8
1998-08-30,23.959993360936664,0.2566704,35.171056212857366,0,242,1998,8
1998-08-31,24.01999335959556,0.23210995,35.21073027513921,0,243,1998,8
1998-09-01,24.049993358925008,0.24558936,35.221411753445864,0,244,1998,9
1998-09-02,23.499993371218466,0.20551206,35.209204349666834,0,245,1998,9
1998-09-03,23.449993372336053,0.20612435,35.184789542108774,0,246,1998,9
1998-09-04,23.469993371889018,0.42234913,35.171056212857366,0,247,1998,9
1998-09-05,23.419993373006605,0.42234913,35.196996945887804,0,248,1998,9
1998-09-06,23.419993373006605,0.21267658,35.23667100816965,0,249,1998,9
1998-09-07,23.469993371889018,0.2126735,35.26413766667247,0,250,1998,9
1998-09-08,23.51999337077143,0.19939628,35.25955989025533,0,251,1998,9
1998-09-09,23.85999336317184,0.17936404,35.25040433742106,0,252,1998,9
1998-09-10,23.809993364289426,0.15980013,35.242774710059166,0,253,1998,9
1998-09-11,23.769993365183495,0.18884273,35.23972285911441,0,254,1998,9
1998-09-12,23.409993373230122,0.22111103,35.24124878458679,0,255,1998,9
1998-09-13,23.259993376582884,0.2084313,35.244300635531545,0,256,1998,9
1998-09-14,23.219993377476953,0.2084313,35.24887841194868,0,257,1998,9
1998-09-15,23.23999337702992,0.21842027,35.26108581572771,0,258,1998,9
1998-09-16,23.419993373006605,0.21842027,35.27024136856198,0,259,1998,9
1998-09-17,23.369993374124192,0.2743089,35.254982113838196,0,260,1998,9
1998-09-18,23.419993373006605,0.27434292,35.25193026289344,0,261,1998,9
1998-09-19,23.419993373006605,0.25053987,35.25955989025533,0,262,1998,9
1998-09-20,23.43999337255957,0.21460827,35.26261174120009,0,263,1998,9
1998-09-21,22.96999338306489,0.20642123,35.26566359214485,0,264,1998,9
1998-09-22,22.989993382617854,0.23704083,35.27329321950674,0,265,1998,9
1998-09-23,22.96999338306489,0.23704147,35.27787099592388,0,266,1998,9
1998-09-24,23.339993374794744,0.26004702,35.27481914497912,0,267,1998,9
1998-09-25,23.429993372783088,0.26004702,35.25803396478295,0,268,1998,9
1998-09-26,23.429993372783088,0.2736417,35.23514508269727,0,269,1998,9
1998-09-27,23.55999336987736,0.2736417,35.206152498722076,0,270,1998,9
1998-09-28,23.66999336741867,0.20435601,35.10696734301746,0,271,1998,9
1998-09-29,23.809993364289426,0.2045626,34.896389627829194,0,272,1998,9
1998-09-30,23.679993367195152,0.2737236,34.91470073349774,0,273,1998,9
1998-10-01,23.349993374571227,0.30954278,34.966582199558616,0,274,1998,10
1998-10-02,23.27999337613585,0.41793957,35.00930811278522,0,275,1998,10
1998-10-03,23.32999337501826,0.26746508,35.0321969948709,0,276,1998,10
1998-10-04,23.55999336987736,0.26746526,35.04440439864993,0,277,1998,10
1998-10-05,23.51999337077143,0.22740148,35.06881920620799,0,278,1998,10
1998-10-06,23.51999337077143,0.22740148,35.0825525354594,0,279,1998,10
1998-10-07,23.579993369430326,0.27292454,35.09628586471081,0,280,1998,10
1998-10-08,23.569993369653844,0.2729487,35.10544141754508,0,281,1998,10
1998-10-09,23.649993367865704,0.44502607,35.10696734301746,0,282,1998,10
1998-10-10,23.639993368089222,0.44502607,35.10544141754508,0,283,1998,10
1998-10-11,23.609993368759774,0.48952186,35.10696734301746,0,284,1998,10
1998-10-12,23.529993370547913,0.5613971,35.113071044906974,0,285,1998,10
1998-10-13,22.989993382617854,0.7373554,35.11612289585173,0,286,1998,10
1998-10-14,22.959993383288406,0.58224756,35.12070067226887,0,287,1998,10
1998-10-15,22.959993383288406,0.58224756,35.122226597741246,0,288,1998,10
1998-10-16,23.149993379041575,0.24571967,35.123752523213625,0,289,1998,10
1998-10-17,23.179993378371023,0.24571967,35.125278448686004,0,290,1998,10
1998-10-18,23.149993379041575,0.25721836,35.1329080760479,0,291,1998,10
1998-10-19,23.149993379041575,0.27746102,35.14511547982693,0,292,1998,10
1998-10-20,23.529993370547913,0.277047,35.15274510718882,0,293,1998,10
1998-10-21,23.59999336898329,0.29588452,35.12680437415838,0,294,1998,10
1998-10-22,23.62999336831274,0.28934938,35.10696734301746,0,295,1998,10
1998-10-23,24.74999334327879,0.19167908,35.10696734301746,0,296,1998,10
1998-10-24,24.709993344172858,0.20182626,35.07339698262513,0,297,1998,10
1998-10-25,24.71999334394934,0.20435476,35.04745624959469,0,298,1998,10
1998-10-26,24.629993345960997,0.20435476,35.04593032412231,0,299,1998,10
1998-10-27,23.989993360266112,0.20438401,35.0535599514842,0,300,1998,10
1998-10-28,23.879993362724804,0.38665512,35.050508100539446,0,301,1998,10
1998-10-29,23.74999336563053,0.38667902,35.04745624959469,0,302,1998,10
1998-10-30,23.579993369430326,0.38667566,35.05508587695658,0,303,1998,10
1998-10-31,23.299993375688814,0.17602657,35.04440439864993,0,304,1998,10
1998-11-01,23.539993370324396,0.22576301,35.004730336368084,0,305,1998,11
1998-11-02,23.779993364959978,0.29578984,34.98336737975478,0,306,1998,11
1998-11-03,23.62999336831274,0.41176447,34.98336737975478,0,307,1998,11
1998-11-04,23.4799933716655,0.41176447,34.978789603337646,0,308,1998,11
1998-11-05,23.58999336920681,0.34075353,34.9604784976691,0,309,1998,11
1998-11-06,23.569993369653844,0.33782783,34.94979701936245,0,310,1998,11
1998-11-07,23.619993368536257,0.36875418,34.95132294483483,0,311,1998,11
1998-11-08,24.21999335512521,0.25767908,34.97268590144813,0,312,1998,11
1998-11-09,24.269993354007624,0.19372511,34.97421182692051,0,313,1998,11
1998-11-10,24.309993353113555,0.16713181,34.97726367786527,0,314,1998,11
1998-11-11,24.90999333970251,0.16704181,34.9894710816443,0,315,1998,11
1998-11-12,24.979993338137888,0.24926937,35.01235996372998,0,316,1998,11
1998-11-13,24.929993339255475,0.24926937,35.026093292981386,0,317,1998,11
1998-11-14,24.569993347302102,0.24926937,35.0321969948709,0,318,1998,11
1998-11-15,24.59999334663155,0.26383254,35.01846366561949,0,319,1998,11
1998-11-16,24.579993347078585,0.26383254,34.98641923069954,0,320,1998,11
1998-11-17,24.699993344396376,,34.966582199558616,0,321,1998,11
1998-11-18,24.74999334327879,,34.955900721251965,0,322,1998,11
1998-11-19,24.259993354231142,,34.93758961558342,0,323,1998,11
1998-11-20,23.959993360936664,,34.91317480802536,0,324,1998,11
1998-11-21,24.259993354231142,0.27115893,34.90401925519109,0,325,1998,11
1998-11-22,25.13999333456161,0.258779,34.920804435387254,0,326,1998,11
1998-11-23,25.45999332740905,0.30992258,34.93606369011104,0,327,1998,11
1998-11-24,24.779993342608236,0.31001633,34.94521924294531,0,328,1998,11
1998-11-25,24.63999334573748,0.2412201,34.95284887030721,0,329,1998,11
1998-11-26,24.659993345290445,0.2412201,34.96505627408624,0,330,1998,11
1998-11-27,24.659993345290445,0.24184191,34.980315528810024,0,331,1998,11
1998-11-28,24.699993344396376,0.24177766,34.98641923069954,0,332,1998,11
1998-11-29,24.699993344396376,0.17418389,34.98489330522716,0,333,1998,11
1998-11-30,24.459993349760794,0.22132179,34.992522932589054,0,334,1998,11
1998-12-01,24.44999334998431,0.19608836,34.99862663447857,0,335,1998,12
1998-12-02,24.459993349760794,0.20821278,35.00930811278522,0,336,1998,12
1998-12-03,24.509993348643206,0.22990558,35.01998959109187,0,337,1998,12
1998-12-04,24.51999334841969,0.22968525,35.027619218453765,0,338,1998,12
1998-12-05,24.959993338584923,0.22968197,35.02151551656425,0,339,1998,12
1998-12-06,25.329993330314778,0.22965676,35.003204410895705,0,340,1998,12
1998-12-07,25.429993328079604,0.20161703,34.97421182692051,0,341,1998,12
1998-12-08,25.359993329644226,0.19057146,34.97573775239289,0,342,1998,12
1998-12-09,25.619993323832773,0.2023042,34.9818414542824,0,343,1998,12
1998-12-10,25.75999332070353,0.2023042,34.992522932589054,0,344,1998,12
1998-12-11,25.749993320927047,0.2023042,35.003204410895705,0,345,1998,12
1998-12-12,25.72999332137408,0.24778488,35.00625626184046,0,346,1998,12
1998-12-13,25.619993323832773,0.2044016,34.99862663447857,0,347,1998,12
1998-12-14,25.7199933215976,0.23278727,34.98489330522716,0,348,1998,12
1998-12-15,25.68999332226815,0.24298917,34.98641923069954,0,349,1998,12
1998-12-16,25.10999333523216,0.242989,34.98794515617192,0,350,1998,12
1998-12-17,25.14999333433809,,34.98794515617192,0,351,1998,12
1998-12-18,25.129993334785127,0.14641772,34.98489330522716,0,352,1998,12
1998-12-19,25.309993330761813,0.13644755,34.98641923069954,0,353,1998,12
1998-12-20,25.36999332942071,0.14471214,34.98794515617192,0,354,1998,12
1998-12-21,25.72999332137408,0.14471214,34.98794515617192,0,355,1998,12
1998-12-22,26.009993315115594,0.1447121,35.0108340382576,0,356,1998,12
1998-12-23,25.95999331623318,0.19687776,34.99557478353381,0,357,1998,12
1998-12-24,25.91999331712725,0.1420356,34.96353034861386,0,358,1998,12
1998-12-25,25.98999331556263,0.317869,34.95895257219672,0,359,1998,12
1998-12-26,25.909993317350768,0.23263964,34.9604784976691,0,360,1998,12
1998-12-27,25.91999331712725,0.21379218,34.95742664672434,0,361,1998,12
1998-12-28,25.859993318468355,0.22119674,34.95742664672434,0,362,1998,12
1998-12-29,26.159993311762832,0.13785574,34.96505627408624,0,363,1998,12
1998-12-30,26.139993312209867,0.11868555,34.942167392000556,0,364,1998,12
1998-12-31,26.14999331198635,0.115717985,34.896389627829194,0,365,1998,12
1999-01-01,25.9499933164567,0.10381172,34.9101229570806,0,1,1999,1
1999-01-02,25.929993316903733,0.15154767,34.93606369011104,0,2,1999,1
1999-01-03,25.91999331712725,0.17930004,34.942167392000556,0,3,1999,1
1999-01-04,24.78999334238472,0.24969871,34.954374795779586,0,4,1999,1
1999-01-05,24.55999334752562,0.25139984,34.96963405050337,0,5,1999,1
1999-01-06,24.499993348866724,0.31065887,34.97726367786527,0,6,1999,1
1999-01-07,24.83999334126713,0.33514327,34.9894710816443,0,7,1999,1
1999-01-08,24.94999333880844,0.3566101,34.99404885806143,0,8,1999,1
1999-01-09,25.64999332316222,0.3536509,34.98489330522716,0,9,1999,1
1999-01-10,25.91999331712725,0.3536509,34.97115997597575,0,10,1999,1
1999-01-11,25.95999331623318,0.3536509,34.96353034861386,0,11,1999,1
1999-01-12,25.95999331623318,0.17475182,34.96353034861386,0,12,1999,1
1999-01-13,26.099993313103937,0.17294616,34.97726367786527,0,13,1999,1
1999-01-14,26.26999330930414,0.14389473,34.980315528810024,0,14,1999,1
1999-01-15,26.249993309751176,0.12671244,34.96963405050337,0,15,1999,1
1999-01-16,26.389993306621932,0.13559422,34.966582199558616,0,16,1999,1
1999-01-17,27.129993290081643,0.11187585,34.968108125030994,0,17,1999,1
1999-01-18,27.15999328941109,0.10594054,34.942167392000556,0,18,1999,1
1999-01-19,27.219993288069986,0.10598124,34.882656298577785,0,19,1999,1
1999-01-20,27.829993274435424,0.11500095,34.798730397596955,0,20,1999,1
1999-01-21,27.8999932728708,0.11500065,34.76821188814938,0,21,1999,1
1999-01-22,27.789993275329493,0.19763492,34.835352608934045,0,22,1999,1
1999-01-23,25.769993320480012,0.19766107,34.88113037310541,0,23,1999,1
1999-01-24,25.639993323385738,0.19766107,34.88113037310541,0,24,1999,1
1999-01-25,25.64999332316222,,34.86892296932638,0,25,1999,1
1999-01-26,26.449993305280827,0.21079531,34.85671556554735,0,26,1999,1
1999-01-27,26.49999330416324,0.4580403,34.84908593818545,0,27,1999,1
1999-01-28,26.519993303716205,0.43099028,34.85061186365783,0,28,1999,1
1999-01-29,26.279993309080623,0.4580403,34.85671556554735,0,29,1999,1
1999-01-30,26.289993308857106,0.4580403,34.86892296932638,0,30,1999,1
1999-01-31,26.49999330416324,0.4580403,34.882656298577785,0,31,1999,1
1999-02-01,26.749993298575305,0.2974959,34.87960444763303,0,32,1999,2
1999-02-02,26.789993297681235,0.29361355,34.88570814952254,0,33,1999,2
1999-02-03,26.669993300363444,0.21952675,34.89333777688444,0,34,1999,2
1999-02-04,26.589993302151584,0.21952675,34.884182224050164,0,35,1999,2
1999-02-05,26.65999330058696,0.19347024,34.86587111838162,0,36,1999,2
1999-02-06,26.699993299692892,0.13276286,34.76821188814938,0,37,1999,2
1999-02-07,26.869993295893096,0.12807576,34.63698229752481,0,38,1999,2
1999-02-08,27.399993284046673,0.11524297,34.5515304710716,0,39,1999,2
1999-02-09,27.799993275105976,0.122890025,34.50575270690024,0,40,1999,2
1999-02-10,27.829993274435424,0.17577814,34.49659715406597,0,41,1999,2
1999-02-11,27.81999327465894,0.16909811,34.51490825973451,0,42,1999,2
1999-02-12,27.879993273317837,0.13386014,34.487441601231694,0,43,1999,2
1999-02-13,27.999993270635628,0.1337583,34.508804557845,0,44,1999,2
1999-02-14,28.149993267282866,0.12348843,34.49049345217645,0,45,1999,2
1999-02-15,28.259993264824175,0.20824724,34.46760457009077,0,46,1999,2
1999-02-16,28.23999326527121,0.20824724,34.305856470018625,0,47,1999,2
1999-02-17,28.219993265718244,0.15126641,34.22650834545493,0,48,1999,2
1999-02-18,28.839993251860164,0.15126641,34.33484905399382,0,49,1999,2
1999-02-19,29.339993240684294,0.1374135,34.427930507808924,0,50,1999,2
1999-02-20,29.0499932471663,0.13741349,34.522537887096405,0,51,1999,2
1999-02-21,28.599993257224583,0.19580452,34.61256748996675,0,52,1999,2
1999-02-22,28.43999326080086,0.21489628,34.702597092837095,0,53,1999,2
1999-02-23,28.359993262589,0.30594954,34.77736744098365,0,54,1999,2
1999-02-24,28.16999326683583,0.25837913,34.79720447212458,0,55,1999,2
1999-02-25,28.339993263036035,0.15688558,34.77126373909414,0,56,1999,2
1999-02-26,28.579993257671617,0.14854603,34.75753040984273,0,57,1999,2
1999-02-27,28.62999325655403,0.1483719,34.78347114287317,0,58,1999,2
1999-02-28,28.66999325565996,0.09607694,34.835352608934045,0,59,1999,2
1999-03-01,29.339993240684294,0.09607691,34.833826683461666,0,60,1999,3
1999-03-02,29.039993247389816,0.16879202,34.83077483251691,0,61,1999,3
1999-03-03,29.029993247613334,0.17549783,34.81551557779312,0,62,1999,3
1999-03-04,29.00999324806037,0.19175325,34.81551557779312,0,63,1999,3
1999-03-05,28.85999325141313,0.1386849,34.775841515511274,0,64,1999,3
1999-03-06,29.199993243813537,0.1181381,34.39436014741659,0,65,1999,3
1999-03-07,29.219993243366503,0.14462852,34.221930569037795,0,66,1999,3
1999-03-08,29.219993243366503,0.14462698,34.29670091718435,0,67,1999,3
1999-03-09,29.689993232861184,0.3512034,34.33942683041096,0,68,1999,3
1999-03-10,29.819993229955458,0.3512034,34.17920465581119,0,69,1999,3
1999-03-11,29.839993229508423,0.2224928,34.01287877932191,0,70,1999,3
1999-03-12,30.049993224814557,0.22286345,33.92895287834108,0,71,1999,3
1999-03-13,30.089993223920487,0.6295106,34.049500990659,0,72,1999,3
1999-03-14,29.9099932279438,0.31005445,34.2860194388777,0,73,1999,3
1999-03-15,29.079993246495746,0.499512,34.47218234650791,0,74,1999,3
1999-03-16,29.079993246495746,0.28000876,34.44166383706033,0,75,1999,3
1999-03-17,29.05999324694278,0.28038582,34.17767873033881,0,76,1999,3
1999-03-18,28.879993250966095,0.28038582,34.101382456719875,0,77,1999,3
1999-03-19,29.069993246719264,0.19459341,34.24939722754061,0,78,1999,3
1999-03-20,29.109993245825194,0.1946462,34.21735279262066,0,79,1999,3
1999-03-21,29.09999324604871,0.21545713,34.08459727652371,0,80,1999,3
1999-03-22,29.0499932471663,0.23866667,33.463545609265566,0,81,1999,3
1999-03-23,28.999993248283886,0.3777997,33.55510113760829,0,82,1999,3
1999-03-24,28.909993250295543,0.586058,33.58104187063873,0,83,1999,3
1999-03-25,28.77999325320127,0.58457124,33.59172334894538,0,84,1999,3
1999-03-26,28.619993256777548,0.8864666,33.70158998295665,0,85,1999,3
1999-03-27,28.50999325923624,1.4382604,33.55662706308067,0,86,1999,3
1999-03-28,28.39999326169493,1.4382604,33.32926416769624,0,87,1999,3
1999-03-29,28.299993263930105,0.6909101,32.97677538357675,0,88,1999,3
1999-03-30,28.66999325565996,0.61817145,32.80587173067033,0,89,1999,3
1999-03-31,28.77999325320127,0.71762806,32.78603469952941,0,90,1999,3
1999-04-01,28.85999325141313,0.6751308,32.51747181639075,0,91,1999,4
1999-04-02,28.879993250966095,0.48881692,32.20923487097025,0,92,1999,4
1999-04-03,28.889993250742577,0.52597755,32.05206454731524,1,93,1999,4
1999-04-04,28.85999325141313,0.52351546,32.04290899448097,0,94,1999,4
1999-04-05,28.85999325141313,0.5254482,32.24433115683496,0,95,1999,4
1999-04-06,28.879993250966095,0.53339976,32.49458293430507,0,96,1999,4
1999-04-07,28.879993250966095,1.7248377,32.36182741820812,0,97,1999,4
1999-04-08,28.849993251636647,1.7427689,32.11004971526563,2,98,1999,4
1999-04-09,28.729993254318856,1.7427689,32.13293859735131,3,99,1999,4
1999-04-10,28.679993255436443,1.7427689,32.59224216453731,1,100,1999,4
1999-04-11,28.539993258565687,0.6173029,33.104953123256564,2,101,1999,4
1999-04-12,28.499993259459757,0.6173029,33.15683458931744,1,102,1999,4
1999-04-13,28.269993264600657,0.5672066,33.08969386853278,3,103,1999,4
1999-04-14,28.259993264824175,0.40006828,33.535264106467366,8,104,1999,4
1999-04-15,28.259993264824175,0.4009394,33.03933832794428,0,105,1999,4
1999-04-16,28.409993261471413,0.32897097,32.9660939052701,0,106,1999,4
1999-04-17,28.47999325990679,0.24660026,32.51747181639075,1,107,1999,4
1999-04-18,28.489993259683274,0.1790811,32.31452372856438,5,108,1999,4
1999-04-19,28.329993263259553,0.17908089,32.5785088352859,0,109,1999,4
1999-04-20,28.249993265047692,0.17294127,33.127842005342245,3,110,1999,4
1999-04-21,28.23999326527121,0.17294106,33.222449384629726,3,111,1999,4
1999-04-22,28.209993265941762,0.26279208,32.937101321294904,2,112,1999,4
1999-04-23,28.16999326683583,0.2713395,32.89284948259592,2,113,1999,4
1999-04-24,28.08999326862397,0.34191957,32.88064207881689,2,114,1999,4
1999-04-25,28.11999326795342,0.2871438,32.949308725073934,2,115,1999,4
1999-04-26,28.189993266388797,0.3274507,33.17056791856885,0,116,1999,4
1999-04-27,28.299993263930105,0.19039436,33.4681233856827,1,117,1999,4
1999-04-28,28.23999326527121,0.19039436,33.140049409121275,4,118,1999,4
1999-04-29,27.919993272423767,0.39285475,32.75246433913708,1,119,1999,4
1999-04-30,27.909993272647284,0.39285475,32.66243473626673,1,120,1999,4
1999-05-01,27.8999932728708,0.33595285,32.370982971042395,3,121,1999,5
1999-05-02,27.73999327644708,0.33594605,32.15887933038175,0,122,1999,5
1999-05-03,27.749993276223563,0.26609814,32.35114593990147,4,123,1999,5
1999-05-04,27.789993275329493,0.2603451,32.561723655089736,1,124,1999,5
1999-05-05,27.769993275776528,0.4849099,32.682271767407656,0,125,1999,5
1999-05-06,27.799993275105976,0.31271282,32.53425699658692,3,126,1999,5
1999-05-07,27.769993275776528,0.3135802,32.37250889651477,2,127,1999,5
1999-05-08,27.50999328158798,0.19399919,32.155827479436994,0,128,1999,5
1999-05-09,27.53999328091743,0.19387658,32.129886746406555,0,129,1999,5
1999-05-10,27.529993281140946,0.4083637,32.261116337031126,8,130,1999,5
1999-05-11,27.439993283152603,0.40829283,32.51289403997362,2,131,1999,5
1999-05-12,27.399993284046673,0.3925649,32.8943754080683,4,132,1999,5
1999-05-13,27.46999328248205,0.21627149,32.95083465054631,0,133,1999,5
1999-05-14,27.50999328158798,0.22180586,32.670064363628626,0,134,1999,5
1999-05-15,27.599993279576324,0.15643662,32.37861259840429,6,135,1999,5
1999-05-16,27.719993276894115,0.2387485,32.395397778600454,4,136,1999,5
1999-05-17,27.679993277788185,0.16604446,32.63039030134678,2,137,1999,5
1999-05-18,28.08999326862397,0.16604437,32.63039030134678,0,138,1999,5
1999-05-19,27.959993271529697,0.16612877,32.90810873731971,0,139,1999,5
1999-05-20,27.92999327220025,0.15360102,32.92641984298825,2,140,1999,5
1999-05-21,27.769993275776528,0.15857913,33.42387154698372,3,141,1999,5
1999-05-22,27.669993278011702,0.15856814,34.437086060643196,6,142,1999,5
1999-05-23,27.609993279352807,0.18531461,34.39588607288897,2,143,1999,5
1999-05-24,27.609993279352807,0.18531448,34.043397288769484,0,144,1999,5
1999-05-25,27.599993279576324,0.32765993,33.70921961031854,2,145,1999,5
1999-05-26,27.559993280470394,0.32348937,33.97930841892958,0,146,1999,5
1999-05-27,27.379993284493708,0.22163579,34.16547132655978,0,147,1999,5
1999-05-28,27.219993288069986,0.16455604,34.01135285384953,0,148,1999,5
1999-05-29,26.91999329477551,0.16771534,33.874019561335444,5,149,1999,5
1999-05-30,26.8099932972342,0.19958147,34.220404643565416,3,150,1999,5
1999-05-31,27.329993285611295,0.22948195,34.55610824748874,2,151,1999,5
1999-06-01,27.259993287175917,0.2362115,34.59120453335345,2,152,1999,6
1999-06-02,27.179993288964056,0.26363286,34.3150120228529,8,153,1999,6
1999-06-03,26.799993297457718,0.27430367,34.23871574923396,2,154,1999,6
1999-06-04,26.799993297457718,0.41593996,34.40656755119562,0,155,1999,6
1999-06-05,26.789993297681235,0.31650975,34.632404521107674,0,156,1999,6
1999-06-06,26.53999330326917,0.20782778,34.70564894378185,1,157,1999,6
1999-06-07,26.519993303716205,0.20782761,34.73464152775705,0,158,1999,6
1999-06-08,26.65999330058696,0.15384187,34.751426707953215,0,159,1999,6
1999-06-09,26.84999329634013,0.15384187,34.713278571143746,0,160,1999,6
1999-06-10,26.76999329812827,0.18051596,34.690389689058065,0,161,1999,6
1999-06-11,26.49999330416324,0.19464293,34.69649339094758,0,162,1999,6
1999-06-12,26.41999330595138,0.18805963,34.70870079472661,0,163,1999,6
1999-06-13,26.18999331109228,0.22392784,34.716330422088504,0,164,1999,6
1999-06-14,26.359993307292484,0.26879665,34.704123018309474,0,165,1999,6
1999-06-15,26.279993309080623,0.18561466,34.641560073941946,0,166,1999,6
1999-06-16,26.18999331109228,0.18562996,34.618671191856265,0,167,1999,6
1999-06-17,26.279993309080623,0.25231734,34.632404521107674,0,168,1999,6
1999-06-18,26.41999330595138,0.25231734,34.54847862012684,0,169,1999,6
1999-06-19,26.409993306174897,0.22301944,34.57441935315728,0,170,1999,6
1999-06-20,26.249993309751176,0.22301944,34.632404521107674,0,171,1999,6
1999-06-21,26.209993310645245,0.21040118,34.679708210751414,0,172,1999,6
1999-06-22,25.98999331556263,0.2596048,34.630878595635295,0,173,1999,6
1999-06-23,25.99999331533911,0.3825224,34.54237491823733,0,174,1999,6
1999-06-24,26.079993313550972,0.3167558,34.34858238324523,0,175,1999,6
1999-06-25,26.119993312656902,0.3642166,34.3867305200547,0,176,1999,6
1999-06-26,26.10999331288042,0.2995228,34.54847862012684,0,177,1999,6
1999-06-27,26.089993313327454,0.29952332,34.05560469254851,0,178,1999,6
1999-06-28,25.929993316903733,0.27282974,34.71175264567137,0,179,1999,6
1999-06-29,25.91999331712725,0.27282956,34.77126373909414,0,180,1999,6
1999-06-30,25.87999331802132,0.25202706,34.61256748996675,0,181,1999,6
1999-07-01,25.539993325620912,0.25202706,34.714804496616125,0,182,1999,7
1999-07-02,25.509993326291465,0.3939138,34.5728934276849,0,183,1999,7
1999-07-03,25.45999332740905,0.25248942,34.655293403193355,0,184,1999,7
1999-07-04,25.249993332102918,0.34782976,34.762108186259866,0,185,1999,7
1999-07-05,25.41999332830312,0.26266888,34.54237491823733,0,186,1999,7
1999-07-06,25.289993331208848,0.26266888,34.64766377583146,0,187,1999,7
1999-07-07,25.089993335679196,0.35833916,34.90096740424633,0,188,1999,7
1999-07-08,24.82999334149065,0.35833916,34.92690813727677,0,189,1999,7
1999-07-09,24.74999334327879,0.30088067,34.91622665897012,0,190,1999,7
1999-07-10,24.74999334327879,0.30088067,34.90096740424633,0,191,1999,7
1999-07-11,24.75999334305527,0.2607767,34.894863702356815,0,192,1999,7
1999-07-12,24.739993343502306,0.24561471,34.894863702356815,0,193,1999,7
1999-07-13,24.67999334484341,0.26396278,34.86281926743686,0,194,1999,7
1999-07-14,24.52999334819617,0.26747134,34.81856742873788,0,195,1999,7
1999-07-15,24.51999334841969,0.36143127,34.78957484476268,0,196,1999,7
1999-07-16,24.549993347749137,0.34237963,34.775841515511274,0,197,1999,7
1999-07-17,24.659993345290445,0.21208377,34.78347114287317,0,198,1999,7
1999-07-18,24.63999334573748,0.21208686,34.80330817401409,0,199,1999,7
1999-07-19,24.659993345290445,0.21208686,34.810937801375985,0,200,1999,7
1999-07-20,24.24999335445466,0.23859484,34.81856742873788,0,201,1999,7
1999-07-21,24.21999335512521,0.23854278,34.824671130627394,0,202,1999,7
1999-07-22,24.21999335512521,0.3415242,34.82924890704453,0,203,1999,7
1999-07-23,24.299993353337072,0.29575148,34.84145631082356,0,204,1999,7
1999-07-24,24.079993358254455,0.310338,34.859767416492105,0,205,1999,7
1999-07-25,24.039993359148525,0.21462175,34.89028592593968,0,206,1999,7
1999-07-26,24.09999335780742,0.21462175,34.90554518066347,0,207,1999,7
1999-07-27,24.269993354007624,0.1821652,34.9101229570806,0,208,1999,7
1999-07-28,24.20999335534873,0.1821652,34.908597031608224,0,209,1999,7
1999-07-29,24.199993355572246,0.2062332,34.89791555330157,0,210,1999,7
1999-07-30,24.089993358030938,0.18858837,34.894863702356815,0,211,1999,7
1999-07-31,24.399993351101898,0.20275338,34.89181185141206,0,212,1999,7
1999-08-01,24.28999335356059,0.23145734,34.87960444763303,0,213,1999,8
1999-08-02,24.149993356689833,0.22534235,34.867397043854,0,214,1999,8
1999-08-03,24.079993358254455,0.2043388,34.86434519290924,0,215,1999,8
1999-08-04,24.079993358254455,0.32484335,34.867397043854,0,216,1999,8
1999-08-05,24.05999335870149,0.18499714,34.86587111838162,0,217,1999,8
1999-08-06,24.029993359372043,0.18525416,34.86281926743686,0,218,1999,8
1999-08-07,24.039993359148525,0.2746627,34.87350074574351,0,219,1999,8
1999-08-08,23.55999336987736,0.2746627,34.87655259668827,0,220,1999,8
1999-08-09,24.109993357583903,0.22653876,34.867397043854,0,221,1999,8
1999-08-10,24.469993349537276,0.22653876,34.87807852216065,0,222,1999,8
1999-08-11,24.279993353784107,0.27390236,34.884182224050164,0,223,1999,8
1999-08-12,24.079993358254455,0.32795346,34.89181185141206,0,224,1999,8
1999-08-13,24.159993356466316,0.3277408,34.91164888255298,0,225,1999,8
1999-08-14,23.949993361160182,0.2955624,34.91164888255298,0,226,1999,8
1999-08-15,23.85999336317184,0.2955647,34.90401925519109,0,227,1999,8
1999-08-16,23.86999336294832,0.39982665,34.89944147877395,0,228,1999,8
1999-08-17,23.959993360936664,0.39982665,34.88570814952254,0,229,1999,8
1999-08-18,23.959993360936664,0.16701597,34.87502667121589,0,230,1999,8
1999-08-19,23.90999336205425,0.16701597,34.882656298577785,0,231,1999,8
1999-08-20,23.849993363395356,0.3425274,34.89181185141206,0,232,1999,8
1999-08-21,23.89999336227777,0.29748,34.89181185141206,0,233,1999,8
1999-08-22,23.949993361160182,0.23102562,34.87960444763303,0,234,1999,8
1999-08-23,23.97999336048963,0.24787539,34.88570814952254,0,235,1999,8
1999-08-24,23.539993370324396,0.2478944,34.896389627829194,0,236,1999,8
1999-08-25,23.58999336920681,0.2179615,34.907071106135845,0,237,1999,8
1999-08-26,23.579993369430326,0.21795842,34.907071106135845,0,238,1999,8
1999-08-27,23.919993361830734,0.3628865,34.8887600004673,0,239,1999,8
1999-08-28,24.039993359148525,0.3628865,34.858241491019726,0,240,1999,8
1999-08-29,23.74999336563053,0.19052441,34.86281926743686,0,241,1999,8
1999-08-30,23.679993367195152,0.19111878,34.88570814952254,0,242,1999,8
1999-08-31,23.59999336898329,0.27034992,34.90401925519109,0,243,1999,8
1999-09-01,23.619993368536257,0.24854876,34.9101229570806,0,244,1999,9
1999-09-02,23.62999336831274,0.24842913,34.91164888255298,0,245,1999,9
1999-09-03,23.419993373006605,0.14770263,34.917752584442496,0,246,1999,9
1999-09-04,23.389993373677157,0.15892541,34.943693317472935,0,247,1999,9
1999-09-05,23.369993374124192,0.3130324,34.94827109389007,0,248,1999,9
1999-09-06,23.569993369653844,0.3130324,34.93758961558342,0,249,1999,9
1999-09-07,23.609993368759774,0.19613193,34.95132294483483,0,250,1999,9
1999-09-08,23.59999336898329,0.19606195,34.96505627408624,0,251,1999,9
1999-09-09,23.499993371218466,0.26177284,34.97726367786527,0,252,1999,9
1999-09-10,23.369993374124192,0.2585568,34.97726367786527,0,253,1999,9
1999-09-11,22.81999338641765,0.21027413,34.96963405050337,0,254,1999,9
1999-09-12,22.759993387758755,0.24378106,34.96505627408624,0,255,1999,9
1999-09-13,22.919993384182476,0.26540673,34.95284887030721,0,256,1999,9
1999-09-14,23.149993379041575,0.1995196,34.94979701936245,0,257,1999,9
1999-09-15,23.199993377923988,0.19952016,34.95895257219672,0,258,1999,9
1999-09-16,23.149993379041575,0.31221342,34.966582199558616,0,259,1999,9
1999-09-17,23.149993379041575,0.31221342,34.968108125030994,0,260,1999,9
1999-09-18,23.219993377476953,0.2648723,34.96200442314148,0,261,1999,9
1999-09-19,24.199993355572246,0.25989258,34.968108125030994,0,262,1999,9
1999-09-20,24.339993352443003,0.23490708,34.97421182692051,0,263,1999,9
1999-09-21,24.319993352890037,0.19286726,34.97726367786527,0,264,1999,9
1999-09-22,23.90999336205425,0.26225904,34.97268590144813,0,265,1999,9
1999-09-23,23.81999336406591,0.20214091,34.929959988221526,0,266,1999,9
1999-09-24,23.779993364959978,0.20214091,34.78194521740079,0,267,1999,9
1999-09-25,23.889993362501286,0.14998476,34.68428598716855,0,268,1999,9
1999-09-26,23.82999336384239,0.14816327,34.67055265791714,0,269,1999,9
1999-09-27,23.82999336384239,0.21428248,34.68886376358569,0,270,1999,9
1999-09-28,23.609993368759774,0.21382417,34.75447855889797,0,271,1999,9
1999-09-29,23.59999336898329,0.30847323,34.763634111732244,0,272,1999,9
1999-09-30,23.74999336563053,0.24408673,34.7956785466522,0,273,1999,9
1999-10-01,24.319993352890037,0.32893777,34.7956785466522,0,274,1999,10
1999-10-02,24.579993347078585,0.24166937,34.70870079472661,0,275,1999,10
1999-10-03,24.569993347302102,0.24166937,34.67665635980666,0,276,1999,10
1999-10-04,24.359993351995968,0.26788855,34.68733783811331,0,277,1999,10
1999-10-05,24.159993356466316,0.26788855,34.69801931641996,0,278,1999,10
1999-10-06,24.09999335780742,0.20362662,34.716330422088504,0,279,1999,10
1999-10-07,24.029993359372043,0.20362662,34.7453230060637,0,280,1999,10
1999-10-08,23.43999337255957,0.28182346,34.80330817401409,0,281,1999,10
1999-10-09,23.28999337591233,0.23157603,34.8384044598788,0,282,1999,10
1999-10-10,23.2499933768064,0.31654406,34.858241491019726,0,283,1999,10
1999-10-11,23.4799933716655,0.23055105,34.871974820271134,0,284,1999,10
1999-10-12,23.78999336473646,0.24675816,34.87960444763303,0,285,1999,10
1999-10-13,23.86999336294832,0.17981285,34.85518964007497,0,286,1999,10
1999-10-14,23.639993368089222,0.17883985,34.810937801375985,0,287,1999,10
1999-10-15,23.689993366971635,0.16080701,34.76516003720462,0,288,1999,10
1999-10-16,23.769993365183495,0.16080701,34.75295263342559,0,289,1999,10
1999-10-17,24.17999335601928,0.17280169,34.75447855889797,0,290,1999,10
1999-10-18,24.339993352443003,0.17393349,34.75600448437035,0,291,1999,10
1999-10-19,24.459993349760794,0.16807888,34.75905633531511,0,292,1999,10
1999-10-20,24.48999334909024,0.19175625,34.75905633531511,0,293,1999,10
1999-10-21,24.94999333880844,0.14161526,34.763634111732244,0,294,1999,10
1999-10-22,24.969993338361405,0.14424603,34.78041929192841,0,295,1999,10
1999-10-23,24.879993340373062,0.14424603,34.80330817401409,0,296,1999,10
1999-10-24,24.149993356689833,0.25326368,34.80788595043123,0,297,1999,10
1999-10-25,24.039993359148525,0.24855088,34.809411875903606,0,298,1999,10
1999-10-26,24.05999335870149,0.37563136,34.81398965232074,0,299,1999,10
1999-10-27,24.399993351101898,0.37563136,34.81551557779312,0,300,1999,10
1999-10-28,24.36999335177245,0.18216151,34.81398965232074,0,301,1999,10
1999-10-29,24.279993353784107,0.29587495,34.812463726848364,0,302,1999,10
1999-10-30,23.97999336048963,0.538893,34.80788595043123,0,303,1999,10
1999-10-31,23.879993362724804,0.395984,34.809411875903606,0,304,1999,10
1999-11-01,23.86999336294832,0.39618206,34.81551557779312,0,305,1999,11
1999-11-02,23.929993361607217,0.15972756,34.81856742873788,0,306,1999,11
1999-11-03,23.879993362724804,0.16714498,34.824671130627394,0,307,1999,11
1999-11-04,23.889993362501286,0.18897538,34.83077483251691,0,308,1999,11
1999-11-05,23.9399933613837,0.31320626,34.823145205155015,0,309,1999,11
1999-11-06,23.959993360936664,0.40902492,34.79720447212458,0,310,1999,11
1999-11-07,24.039993359148525,0.40872005,34.76516003720462,0,311,1999,11
1999-11-08,24.1699933562428,0.3854953,34.7453230060637,0,312,1999,11
1999-11-09,24.98999333791437,0.2224815,34.766685962677,0,313,1999,11
1999-11-10,25.019993337243818,0.23018505,34.809411875903606,0,314,1999,11
1999-11-11,25.039993336796783,0.23018354,34.78499706834555,0,315,1999,11
1999-11-12,25.06999333612623,0.23016278,34.766685962677,0,316,1999,11
1999-11-13,25.269993331655883,0.23016278,34.763634111732244,0,317,1999,11
1999-11-14,25.429993328079604,0.23167619,34.75295263342559,0,318,1999,11
1999-11-15,24.969993338361405,0.2545196,34.73464152775705,0,319,1999,11
1999-11-16,24.94999333880844,0.23728316,34.725485974922776,0,320,1999,11
1999-11-17,24.98999333791437,,34.751426707953215,0,321,1999,11
1999-11-18,24.049993358925008,,34.762108186259866,0,322,1999,11
1999-11-19,23.999993360042595,0.14155944,34.75905633531511,0,323,1999,11
1999-11-20,24.01999335959556,0.13344441,34.75905633531511,0,324,1999,11
1999-11-21,24.419993350654863,0.13511755,34.762108186259866,0,325,1999,11
1999-11-22,24.63999334573748,0.12729348,34.762108186259866,0,326,1999,11
1999-11-23,24.669993345066928,0.13511755,34.76058226078749,0,327,1999,11
1999-11-24,24.699993344396376,0.13511755,34.749900782480836,0,328,1999,11
1999-11-25,24.929993339255475,0.13511755,34.73616745322943,0,329,1999,11
1999-11-26,25.06999333612623,0.28385958,34.727011900395155,0,330,1999,11
1999-11-27,25.06999333612623,0.2908889,34.71938227303326,0,331,1999,11
1999-11-28,24.74999334327879,0.26973957,34.71022672019899,0,332,1999,11
1999-11-29,24.55999334752562,0.1818936,34.70870079472661,0,333,1999,11
1999-11-30,24.619993346184515,0.18188764,34.713278571143746,0,334,1999,11
1999-12-01,24.499993348866724,0.18189478,34.70717486925423,0,335,1999,12
1999-12-02,24.459993349760794,0.2067919,34.70870079472661,0,336,1999,12
1999-12-03,24.429993350431346,0.6676281,34.72090819850564,0,337,1999,12
1999-12-04,24.969993338361405,0.6665718,34.72243412397802,0,338,1999,12
1999-12-05,24.98999333791437,0.69101006,34.713278571143746,0,339,1999,12
1999-12-06,25.009993337467336,0.64965665,34.713278571143746,0,340,1999,12
1999-12-07,25.009993337467336,0.18703935,34.7239600494504,0,341,1999,12
1999-12-08,25.009993337467336,0.18300873,34.728537825867534,0,342,1999,12
1999-12-09,25.089993335679196,0.1830257,34.716330422088504,0,343,1999,12
1999-12-10,25.36999332942071,0.18480894,34.71175264567137,0,344,1999,12
1999-12-11,25.33999333009126,0.18480894,34.737693378701806,0,345,1999,12
1999-12-12,25.309993330761813,0.21208242,34.79110077023506,0,346,1999,12
1999-12-13,25.249993332102918,0.20737427,34.78194521740079,0,347,1999,12
1999-12-14,25.249993332102918,0.25043944,34.739219304174185,0,348,1999,12
1999-12-15,25.619993323832773,0.26532772,34.73464152775705,0,349,1999,12
1999-12-16,26.009993315115594,0.26502988,34.763634111732244,0,350,1999,12
1999-12-17,27.179993288964056,0.23774533,34.766685962677,0,351,1999,12
1999-12-18,27.27999328672888,0.16446294,34.77889336645603,0,352,1999,12
1999-12-19,27.27999328672888,0.14771964,34.762108186259866,0,353,1999,12
1999-12-20,26.839993296563648,0.14766994,34.74684893153608,0,354,1999,12
1999-12-21,26.789993297681235,0.14873375,34.7453230060637,0,355,1999,12
1999-12-22,26.839993296563648,0.38171005,34.74227115511894,0,356,1999,12
1999-12-23,26.179993311315798,0.3904316,34.73464152775705,0,357,1999,12
1999-12-24,26.019993314892076,0.3904316,34.72090819850564,0,358,1999,12
1999-12-25,26.099993313103937,0.35925183,34.70107116736472,0,359,1999,12
1999-12-26,26.88999329544606,0.35923693,34.68123413622379,0,360,1999,12
1999-12-27,27.07999329119923,0.2438173,34.66139710508287,0,361,1999,12
1999-12-28,26.99999329298737,0.13126487,34.655293403193355,0,362,1999,12
1999-12-29,26.529993303492688,0.13126487,34.665974881500006,0,363,1999,12
1999-12-30,26.169993311539315,0.13126487,34.67055265791714,0,364,1999,12
1999-12-31,26.18999331109228,0.2224351,34.66902673244476,0,365,1999,12
2000-01-01,26.119993312656902,0.2224351,34.66444895602763,0,1,2000,1
2000-01-02,26.95999329388144,0.2224351,34.67055265791714,0,2,2000,1
2000-01-03,27.109993290528678,0.16843101,34.68733783811331,0,3,2000,1
2000-01-04,27.139993289858126,0.13197513,34.72090819850564,0,4,2000,1
2000-01-05,27.949993271753215,0.17298466,34.74227115511894,0,5,2000,1
2000-01-06,27.919993272423767,0.14051403,34.75295263342559,0,6,2000,1
2000-01-07,27.869993273541354,0.14051403,34.77736744098365,0,7,2000,1
2000-01-08,28.039993269741558,0.14051403,34.7956785466522,0,8,2000,1
2000-01-09,28.11999326795342,0.12352968,34.80178224854171,0,9,2000,1
2000-01-10,28.109993268176936,0.12916733,34.800256323069334,0,10,2000,1
2000-01-11,27.54999328069391,0.12925799,34.79262669570744,0,11,2000,1
2000-01-12,26.819993297010683,0.28490263,34.77736744098365,0,12,2000,1
2000-01-13,26.65999330058696,0.2848847,34.75447855889797,0,13,2000,1
2000-01-14,26.429993305727862,0.36029282,34.72243412397802,0,14,2000,1
2000-01-15,26.37999330684545,0.40159747,34.70107116736472,0,15,2000,1
2000-01-16,26.289993308857106,0.36354074,34.68581191264093,0,16,2000,1
2000-01-17,26.289993308857106,0.33313045,34.68123413622379,0,17,2000,1
2000-01-18,26.289993308857106,0.35439634,34.68581191264093,0,18,2000,1
2000-01-19,26.239993309974693,0.37729934,34.679708210751414,0,19,2000,1
2000-01-20,26.249993309751176,0.35456553,34.641560073941946,0,20,2000,1
2000-01-21,26.349993307516,0.1478461,34.61409341543913,0,21,2000,1
2000-01-22,26.549993303045653,0.14841856,34.68886376358569,0,22,2000,1
2000-01-23,26.599993301928066,0.13948071,34.67207858338952,0,23,2000,1
2000-01-24,26.76999329812827,0.13948059,34.667500806972384,0,24,2000,1
2000-01-25,26.859993296116613,0.1395397,34.66292303055525,0,25,2000,1
2000-01-26,27.009993292763852,0.13945301,34.667500806972384,0,26,2000,1
2000-01-27,27.379993284493708,0.13945301,34.72243412397802,0,27,2000,1
2000-01-28,27.46999328248205,0.13945301,34.7453230060637,0,28,2000,1
2000-01-29,27.53999328091743,0.1411065,34.77889336645603,0,29,2000,1
2000-01-30,27.529993281140946,0.1411065,34.79720447212458,0,30,2000,1
2000-01-31,27.54999328069391,0.1411065,34.75905633531511,0,31,2000,1
2000-02-01,27.54999328069391,0.21495415,34.716330422088504,0,32,2000,2
2000-02-02,28.00999327041211,0.12804955,34.704123018309474,0,33,2000,2
2000-02-03,27.84999327398839,0.14032204,34.69649339094758,0,34,2000,2
2000-02-04,27.639993278682255,0.15983286,34.714804496616125,0,35,2000,2
2000-02-05,27.50999328158798,0.15971032,34.74074522964656,0,36,2000,2
2000-02-06,29.659993233531736,0.16334516,34.78499706834555,0,37,2000,2
2000-02-07,29.799993230402492,0.1994288,34.80483409948647,0,38,2000,2
2000-02-08,29.609993234649323,0.20427616,34.774315590038896,0,39,2000,2
2000-02-09,28.729993254318856,0.15999535,34.74227115511894,0,40,2000,2
2000-02-10,28.47999325990679,0.24477711,34.70717486925423,0,41,2000,2
2000-02-11,28.8199932523072,0.20204847,34.690389689058065,0,42,2000,2
2000-02-12,29.529993236437463,0.20885266,34.71022672019899,0,43,2000,2
2000-02-13,29.759993231296562,0.15444909,34.7453230060637,0,44,2000,2
2000-02-14,29.929993227496766,0.15444909,34.762108186259866,0,45,2000,2
2000-02-15,30.05999322459104,0.17548594,34.74837485700846,0,46,2000,2
2000-02-16,29.849993229284905,0.17548594,34.70107116736472,0,47,2000,2
2000-02-17,29.489993237331532,0.19633147,34.63393044658005,0,48,2000,2
2000-02-18,29.31999324113133,0.19359267,34.61561934091151,0,49,2000,2
2000-02-19,29.079993246495746,0.18977824,34.606463788077235,0,50,2000,2
2000-02-20,28.799993252754234,0.1669998,34.533219365403056,0,51,2000,2
2000-02-21,28.39999326169493,0.16147311,34.53779714182019,0,52,2000,2
2000-02-22,26.669993300363444,0.17378025,34.62782674469054,0,53,2000,2
2000-02-23,26.479993304610275,0.17378025,34.67665635980666,0,54,2000,2
2000-02-24,26.53999330326917,0.1670132,34.68428598716855,0,55,2000,2
2000-02-25,26.759993298351787,0.16701311,34.68276006169617,0,56,2000,2
2000-02-26,27.0399932920933,0.25426102,34.64766377583146,0,57,2000,2
2000-02-27,27.19999328851702,0.2542383,34.56526380032301,0,58,2000,2
2000-02-28,27.409993283823155,0.18597047,34.60493786260486,0,59,2000,2
2000-02-29,27.61999327912929,0.16861829,34.641560073941946,0,60,2000,2
2000-03-01,27.759993276000046,0.15831746,34.606463788077235,0,61,2000,3
2000-03-02,27.909993272647284,0.1554928,34.617145266383886,0,62,2000,3
2000-03-03,27.949993271753215,0.1536271,34.45387124083936,0,63,2000,3
2000-03-04,27.989993270859145,0.14856814,34.28754536435008,0,64,2000,3
2000-03-05,27.909993272647284,0.20117468,34.20209353789687,0,65,2000,3
2000-03-06,27.979993271082662,0.20114326,34.28449351340532,0,66,2000,3
2000-03-07,27.879993273317837,0.20114326,34.44318976253271,0,67,2000,3
2000-03-08,28.029993269965075,0.22910756,34.50727863237262,0,68,2000,3
2000-03-09,27.979993271082662,0.15051568,34.403515700250864,0,69,2000,3
2000-03-10,27.8999932728708,0.15144813,34.32416757568717,0,70,2000,3
2000-03-11,27.989993270859145,0.15636402,34.3150120228529,0,71,2000,3
2000-03-12,28.19999326616528,0.15660468,34.25550092943013,0,72,2000,3
2000-03-13,28.189993266388797,0.12731789,34.18988613411784,0,73,2000,3
2000-03-14,28.19999326616528,0.11907612,34.24787130206823,0,74,2000,3
2000-03-15,28.07999326884749,0.11904097,34.35621201060712,0,75,2000,3
2000-03-16,28.04999326951804,0.1195215,34.32264165021479,0,76,2000,3
2000-03-17,28.07999326884749,0.14159647,34.08307135105133,0,77,2000,3
2000-03-18,28.00999327041211,0.24301888,33.67259739898145,0,78,2000,3
2000-03-19,28.38999326191845,0.24328993,33.56425669044256,0,79,2000,3
2000-03-20,28.78999325297775,0.30539662,33.26517529785633,0,80,2000,3
2000-03-21,28.869993251189612,0.29606327,33.0591753590852,0,81,2000,3
2000-03-22,28.839993251860164,0.15549618,33.09427164494991,0,82,2000,3
2000-03-23,28.809993252530717,0.14176716,33.12021237798035,0,83,2000,3
2000-03-24,28.759993253648304,0.14004913,32.89284948259592,0,84,2000,3
2000-03-25,28.69999325498941,0.14747162,32.79976802878082,0,85,2000,3
2000-03-26,28.559993258118652,0.25053272,32.61818289756775,0,86,2000,3
2000-03-27,28.409993261471413,0.2754427,32.66090881079435,0,87,2000,3
2000-03-28,28.339993263036035,0.32438764,33.126316079869866,0,88,2000,3
2000-03-29,28.299993263930105,0.27021757,33.236182713881135,0,89,2000,3
2000-03-30,28.419993261247896,0.14965361,33.27890862710774,0,90,2000,3
2000-03-31,29.069993246719264,0.14382768,32.88369392976165,1,91,2000,3
2000-04-01,29.069993246719264,0.12278095,32.61360512115061,2,92,2000,4
2000-04-02,29.069993246719264,0.15693204,32.526627369225025,2,93,2000,4
2000-04-03,29.08999324627223,0.15956612,32.50526441261172,0,94,2000,4
2000-04-04,29.05999324694278,0.17196965,32.645649556070566,0,95,2000,4
2000-04-05,29.0499932471663,0.15767413,32.69905694760382,0,96,2000,4
2000-04-06,28.949993249401473,0.2829293,32.406079256907105,0,97,2000,4
2000-04-07,28.919993250072025,0.20152088,32.442701468244195,0,98,2000,4
2000-04-08,28.869993251189612,0.17367928,32.28247929364443,0,99,2000,4
2000-04-09,28.889993250742577,0.33538032,32.128360820934176,0,100,2000,4
2000-04-10,28.989993248507403,0.21916698,32.152775628492236,0,101,2000,4
2000-04-11,29.139993245154642,0.24143358,32.19244969077408,1,102,2000,4
2000-04-12,29.149993244931125,0.2343783,32.346568163484335,0,103,2000,4
2000-04-13,29.08999324627223,0.25418645,33.10037534683943,0,104,2000,4
2000-04-14,28.959993249177955,0.2587145,33.19040494970977,0,105,2000,4
2000-04-15,28.919993250072025,0.22095494,32.51747181639075,0,106,2000,4
2000-04-16,28.69999325498941,0.19401608,32.70973842591047,9,107,2000,4
2000-04-17,28.719993254542374,0.19472961,33.1095308996737,0,108,2000,4
2000-04-18,28.679993255436443,0.1525197,32.72652360610664,0,109,2000,4
2000-04-19,28.829993252083682,0.17677177,32.52204959280789,0,110,2000,4
2000-04-20,28.809993252530717,0.19934958,32.525101443752646,0,111,2000,4
2000-04-21,28.8199932523072,0.19907543,32.91421243920922,1,112,2000,4
2000-04-22,28.769993253424786,0.16141671,33.50932337343693,0,113,2000,4
2000-04-23,28.569993257895135,0.15435548,33.42081969603896,0,114,2000,4
2000-04-24,28.689993255212926,0.3735093,32.78603469952941,0,115,2000,4
2000-04-25,28.849993251636647,0.14898431,32.5785088352859,2,116,2000,4
2000-04-26,28.879993250966095,0.14898334,32.53120514564216,3,117,2000,4
2000-04-27,28.78999325297775,0.18382928,32.346568163484335,0,118,2000,4
2000-04-28,28.459993260353826,0.21560784,32.85927912220359,0,119,2000,4
2000-04-29,28.209993265941762,0.33663642,33.77178255468607,0,120,2000,4
2000-04-30,27.939993271976732,0.36643255,34.209723165258765,0,121,2000,4
2000-05-01,27.77999327555301,0.31725186,34.24176760017872,2,122,2000,5
2000-05-02,27.909993272647284,0.39966992,33.26364937238395,0,123,2000,5
2000-05-03,27.869993273541354,0.43216562,32.923367992043495,3,124,2000,5
2000-05-04,27.909993272647284,0.41705817,33.066804986447096,0,125,2000,5
2000-05-05,27.759993276000046,0.30902708,32.99813834019005,0,126,2000,5
2000-05-06,27.759993276000046,0.3162253,32.982879085466266,0,127,2000,5
2000-05-07,27.749993276223563,0.3162253,32.83181246370077,2,128,2000,5
2000-05-08,27.61999327912929,0.43044722,32.3419903870672,1,129,2000,5
2000-05-09,27.58999327979984,0.42333883,32.26416818797588,0,130,2000,5
2000-05-10,27.58999327979984,0.3628586,32.873012451455,0,131,2000,5
2000-05-11,27.409993283823155,0.31004202,34.04797506518662,0,132,2000,5
2000-05-12,26.989993293210887,0.35821998,34.1212194878608,0,133,2000,5
2000-05-13,26.859993296116613,0.32548872,34.127323189750314,0,134,2000,5
2000-05-14,26.819993297010683,0.33053884,34.173100953921676,0,135,2000,5
2000-05-15,26.859993296116613,0.40690234,34.00067137554288,0,136,2000,5
2000-05-16,26.749993298575305,0.40690234,33.742789970710874,16,137,2000,5
2000-05-17,26.779993297904753,0.3247528,33.82824179716408,0,138,2000,5
2000-05-18,26.559993302822136,0.3443561,34.09527875483036,0,139,2000,5
2000-05-19,26.559993302822136,0.46562707,34.07544172368944,0,140,2000,5
2000-05-20,26.53999330326917,0.408347,34.25397500395775,0,141,2000,5
2000-05-21,26.37999330684545,0.39587665,34.24176760017872,0,142,2000,5
2000-05-22,26.29999330863359,0.4164472,34.35926386155188,0,143,2000,5
2000-05-23,26.359993307292484,0.3632192,34.17920465581119,0,144,2000,5
2000-05-24,26.179993311315798,0.33233863,34.39741199836135,0,145,2000,5
2000-05-25,26.199993310868763,0.33134276,34.20667131431401,0,146,2000,5
2000-05-26,26.209993310645245,0.35573137,34.185308357700706,0,147,2000,5
2000-05-27,26.169993311539315,0.35210982,34.18836020864546,0,148,2000,5
2000-05-28,26.099993313103937,0.38146338,34.220404643565416,0,149,2000,5
2000-05-29,25.789993320032977,0.36691335,34.20819723978639,0,150,2000,5
2000-05-30,25.859993318468355,0.3494919,34.257026854902506,0,151,2000,5
2000-05-31,25.849993318691872,0.29521695,34.21887871809304,0,152,2000,5
2000-06-01,25.889993317797803,0.29521695,34.29975276812911,1,153,2000,6
2000-06-02,25.669993322715186,0.36384612,34.25550092943013,0,154,2000,6
2000-06-03,25.559993325173878,0.3620517,34.36384163796902,0,155,2000,6
2000-06-04,25.52999332584443,0.4146909,34.282967587932944,0,156,2000,6
2000-06-05,25.52999332584443,0.31526202,34.3577379360795,0,157,2000,6
2000-06-06,25.40999332852664,0.4813806,34.257026854902506,0,158,2000,6
2000-06-07,25.33999333009126,0.4041745,34.328745352104306,1,159,2000,6
2000-06-08,25.2599933318794,0.4041745,34.32416757568717,0,160,2000,6
2000-06-09,25.049993336573266,0.4494063,34.3150120228529,0,161,2000,6
2000-06-10,24.889993340149545,0.4494063,34.353160159662366,0,162,2000,6
2000-06-11,24.90999333970251,0.2945051,34.34553053230047,0,163,2000,6
2000-06-12,24.82999334149065,0.31580794,34.293649066239595,0,164,2000,6
2000-06-13,24.819993341714166,0.46687305,34.37299719080329,0,165,2000,6
2000-06-14,24.819993341714166,0.30088195,34.36384163796902,0,166,2000,6
2000-06-15,24.709993344172858,0.37931752,34.48286382481456,0,167,2000,6
2000-06-16,24.67999334484341,0.47358143,34.449293464422226,2,168,2000,6
2000-06-17,24.75999334305527,0.47358143,34.38215274363756,0,169,2000,6
2000-06-18,24.849993341043614,0.53173524,34.55000454559922,0,170,2000,6
2000-06-19,24.939993339031957,0.3293396,34.58662675693631,0,171,2000,6
2000-06-20,24.63999334573748,0.43343925,34.57441935315728,0,172,2000,6
2000-06-21,24.48999334909024,0.351833,34.57441935315728,0,173,2000,6
2000-06-22,24.309993353113555,0.3153673,34.56373787485063,0,174,2000,6
2000-06-23,24.309993353113555,0.35743615,34.53169343993068,0,175,2000,6
2000-06-24,24.28999335356059,0.3449546,34.51338233426213,0,176,2000,6
2000-06-25,24.17999335601928,0.31821948,34.50270085595548,0,177,2000,6
2000-06-26,24.199993355572246,0.31821948,34.511856408789754,0,178,2000,6
2000-06-27,24.189993355795764,0.3225089,34.54390084370971,0,179,2000,6
2000-06-28,24.259993354231142,0.3224955,34.546952694654465,0,180,2000,6
2000-06-29,24.339993352443003,0.3395132,34.46913049556315,0,181,2000,6
2000-06-30,24.32999335266652,0.38869375,34.43250828422606,0,182,2000,6
2000-07-01,24.389993351325415,0.38486177,34.5011749304831,0,183,2000,7
2000-07-02,24.429993350431346,0.33303037,34.463026793673635,4,184,2000,7
2000-07-03,24.36999335177245,0.40190715,34.55458232201636,0,185,2000,7
2000-07-04,24.359993351995968,0.3525934,34.545426769182086,0,186,2000,7
2000-07-05,24.399993351101898,0.3485444,34.569841576740146,0,187,2000,7
2000-07-06,24.359993351995968,0.29865286,34.559160098433495,0,188,2000,7
2000-07-07,24.24999335445466,0.29245692,34.557634172961116,0,189,2000,7
2000-07-08,23.999993360042595,0.36567912,34.56678972579539,0,190,2000,7
2000-07-09,23.949993361160182,0.37323537,34.571367502212524,0,191,2000,7
2000-07-10,23.929993361607217,0.26196203,34.571367502212524,0,192,2000,7
2000-07-11,23.969993360713147,0.24644026,34.56831565126777,0,193,2000,7
2000-07-12,23.969993360713147,0.2768613,34.582048980519176,0,194,2000,7
2000-07-13,23.97999336048963,0.22548647,34.59120453335345,0,195,2000,7
2000-07-14,24.05999335870149,0.23981307,34.60036008618772,0,196,2000,7
2000-07-15,24.01999335959556,0.23973696,34.606463788077235,0,197,2000,7
2000-07-16,23.949993361160182,0.217987,34.60951563902199,0,198,2000,7
2000-07-17,23.839993363618873,0.2618188,34.60493786260486,0,199,2000,7
2000-07-18,23.849993363395356,0.4515715,34.6018860116601,0,200,2000,7
2000-07-19,23.86999336294832,0.4515715,34.60493786260486,0,201,2000,7
2000-07-20,23.539993370324396,0.3966032,34.606463788077235,0,202,2000,7
2000-07-21,23.50999337099495,0.2666063,34.60493786260486,0,203,2000,7
2000-07-22,23.51999337077143,0.31321782,34.60493786260486,0,204,2000,7
2000-07-23,23.429993372783088,0.25105014,34.606463788077235,0,205,2000,7
2000-07-24,23.43999337255957,0.27545312,34.60951563902199,0,206,2000,7
2000-07-25,23.429993372783088,0.28023443,34.61409341543913,0,207,2000,7
2000-07-26,23.449993372336053,0.53619707,34.60036008618772,0,208,2000,7
2000-07-27,23.50999337099495,0.4361346,34.51796011067927,0,209,2000,7
2000-07-28,23.50999337099495,0.41249248,34.51948603615165,0,210,2000,7
2000-07-29,23.539993370324396,0.3568524,34.5728934276849,0,211,2000,7
2000-07-30,23.50999337099495,0.3646474,34.59273045882583,0,212,2000,7
2000-07-31,23.55999336987736,0.37048826,34.5805230550468,0,213,2000,7
2000-08-01,23.539993370324396,0.38209763,34.571367502212524,0,214,2000,8
2000-08-02,23.54999337010088,0.41673946,34.57594527862966,0,215,2000,8
2000-08-03,23.51999337077143,0.38828883,34.5805230550468,0,216,2000,8
2000-08-04,23.529993370547913,0.45923272,34.57747120410204,0,217,2000,8
2000-08-05,23.35999337434771,0.46260104,34.62172304280102,0,218,2000,8
2000-08-06,23.379993373900675,0.46260104,34.618671191856265,0,219,2000,8
2000-08-07,23.369993374124192,0.1424957,34.60341193713248,0,220,2000,8
2000-08-08,23.339993374794744,0.14259975,34.6018860116601,0,221,2000,8
2000-08-09,23.28999337591233,0.361812,34.60951563902199,0,222,2000,8
2000-08-10,23.27999337613585,0.361812,34.61256748996675,0,223,2000,8
2000-08-11,23.219993377476953,0.2912011,34.60341193713248,0,224,2000,8
2000-08-12,23.109993379935645,0.34684765,34.617145266383886,0,225,2000,8
2000-08-13,23.109993379935645,0.383927,34.61104156449437,0,226,2000,8
2000-08-14,23.109993379935645,0.36295298,34.61561934091151,0,227,2000,8
2000-08-15,23.349993374571227,0.3819637,34.620197117328644,0,228,2000,8
2000-08-16,23.339993374794744,0.32307208,34.61409341543913,0,229,2000,8
2000-08-17,23.32999337501826,0.32243165,34.61409341543913,0,230,2000,8
2000-08-18,23.059993381053232,0.3554687,34.618671191856265,0,231,2000,8
2000-08-19,23.039993381500267,0.35603672,34.620197117328644,0,232,2000,8
2000-08-20,23.039993381500267,0.41741806,34.62630081921816,0,233,2000,8
2000-08-21,23.059993381053232,0.38077554,34.630878595635295,0,234,2000,8
2000-08-22,23.059993381053232,0.4362271,34.64766377583146,0,235,2000,8
2000-08-23,23.069993380829715,0.2037125,34.67207858338952,0,236,2000,8
2000-08-24,23.109993379935645,0.18700337,34.66292303055525,0,237,2000,8
2000-08-25,23.029993381723784,0.19500555,34.64766377583146,0,238,2000,8
2000-08-26,22.96999338306489,0.20186,34.6446119248867,0,239,2000,8
2000-08-27,22.949993383511924,0.20186,34.64766377583146,0,240,2000,8
2000-08-28,22.89999338462951,0.20482725,34.64766377583146,0,241,2000,8
2000-08-29,22.849993385747098,0.21585074,34.65681932866573,0,242,2000,8
2000-08-30,22.77999338731172,0.2736747,34.667500806972384,0,243,2000,8
2000-08-31,23.23999337702992,0.41625383,34.67665635980666,0,244,2000,8
2000-09-01,23.199993377923988,0.41196182,34.68428598716855,0,245,2000,9
2000-09-02,23.219993377476953,0.23279998,34.691915614530444,0,246,2000,9
2000-09-03,23.229993377253436,0.23251091,34.69954524189234,0,247,2000,9
2000-09-04,23.27999337613585,0.1843365,34.70717486925423,0,248,2000,9
2000-09-05,23.059993381053232,0.18948412,34.71175264567137,0,249,2000,9
2000-09-06,22.81999338641765,0.2275647,34.71175264567137,0,250,2000,9
2000-09-07,22.799993386864685,0.32550082,34.713278571143746,0,251,2000,9
2000-09-08,22.81999338641765,0.3241577,34.716330422088504,0,252,2000,9
2000-09-09,22.689993389323377,0.42355216,34.71938227303326,0,253,2000,9
2000-09-10,22.73999338820579,0.3558975,34.727011900395155,0,254,2000,9
2000-09-11,22.73999338820579,0.1926438,34.737693378701806,0,255,2000,9
2000-09-12,23.099993380159162,0.2485371,34.7453230060637,0,256,2000,9
2000-09-13,23.119993379712128,0.34494272,34.739219304174185,0,257,2000,9
2000-09-14,23.12999337948861,0.272097,34.739219304174185,0,258,2000,9
2000-09-15,23.499993371218466,0.31397673,34.739219304174185,0,259,2000,9
2000-09-16,23.459993372112535,0.8224342,34.727011900395155,0,260,2000,9
2000-09-17,23.419993373006605,0.7280879,34.71175264567137,0,261,2000,9
2000-09-18,23.339993374794744,0.37165013,34.69954524189234,0,262,2000,9
2000-09-19,23.119993379712128,0.43305695,34.68733783811331,0,263,2000,9
2000-09-20,23.079993380606197,0.43305695,34.68581191264093,0,264,2000,9
2000-09-21,23.079993380606197,0.41200182,34.69649339094758,0,265,2000,9
2000-09-22,23.109993379935645,0.66731924,34.68886376358569,0,266,2000,9
2000-09-23,23.109993379935645,0.40779194,34.67207858338952,0,267,2000,9
2000-09-24,23.119993379712128,0.46124053,34.67665635980666,0,268,2000,9
2000-09-25,23.959993360936664,0.3260239,34.67665635980666,0,269,2000,9
2000-09-26,24.01999335959556,0.16902293,34.66444895602763,0,270,2000,9
2000-09-27,24.009993359819077,0.16902293,34.66292303055525,0,271,2000,9
2000-09-28,23.339993374794744,0.1759019,34.67665635980666,0,272,2000,9
2000-09-29,23.32999337501826,0.20674315,34.69801931641996,0,273,2000,9
2000-09-30,23.32999337501826,0.30311275,34.71175264567137,0,274,2000,9
2000-10-01,23.199993377923988,0.41689438,34.72243412397802,0,275,2000,10
2000-10-02,23.219993377476953,0.42687315,34.702597092837095,0,276,2000,10
2000-10-03,23.079993380606197,0.4468808,34.65681932866573,0,277,2000,10
2000-10-04,23.0199933819473,0.7240934,34.632404521107674,0,278,2000,10
2000-10-05,23.429993372783088,0.5569161,34.63850822299719,0,279,2000,10
2000-10-06,23.409993373230122,0.5545565,34.64918970130384,0,280,2000,10
2000-10-07,23.39999337345364,0.4604687,34.667500806972384,0,281,2000,10
2000-10-08,23.389993373677157,0.4849185,34.68428598716855,0,282,2000,10
2000-10-09,23.469993371889018,1.8371367,34.69344154000282,0,283,2000,10
2000-10-10,23.43999337255957,1.8371367,34.72090819850564,0,284,2000,10
2000-10-11,23.489993371441983,0.39167297,34.713278571143746,0,285,2000,10
2000-10-12,23.39999337345364,0.49731117,34.70717486925423,0,286,2000,10
2000-10-13,23.419993373006605,0.5394966,34.71175264567137,0,287,2000,10
2000-10-14,23.85999336317184,0.45487028,34.71938227303326,0,288,2000,10
2000-10-15,23.879993362724804,0.45400542,34.690389689058065,0,289,2000,10
2000-10-16,23.86999336294832,0.32179484,34.678182285279036,0,290,2000,10
2000-10-17,23.81999336406591,0.48157352,34.68733783811331,0,291,2000,10
2000-10-18,23.78999336473646,0.52061003,34.6949674654752,0,292,2000,10
2000-10-19,23.82999336384239,0.2785382,34.665974881500006,0,293,2000,10
2000-10-20,23.78999336473646,0.33436355,34.6446119248867,0,294,2000,10
2000-10-21,23.78999336473646,0.19194615,34.6232489682734,0,295,2000,10
2000-10-22,23.769993365183495,0.19194615,34.63698229752481,0,296,2000,10
2000-10-23,23.839993363618873,0.39430028,34.63393044658005,0,297,2000,10
2000-10-24,24.78999334238472,0.2052449,34.6232489682734,0,298,2000,10
2000-10-25,24.779993342608236,0.21179256,34.61256748996675,0,299,2000,10
2000-10-26,24.769993342831754,0.19468862,34.61561934091151,0,300,2000,10
2000-10-27,24.52999334819617,0.20275438,34.62172304280102,0,301,2000,10
2000-10-28,24.499993348866724,0.19347818,34.6232489682734,0,302,2000,10
2000-10-29,24.48999334909024,0.21819071,34.620197117328644,0,303,2000,10
2000-10-30,24.1699933562428,0.28448203,34.61561934091151,0,304,2000,10
2000-10-31,24.17999335601928,0.28518137,34.618671191856265,0,305,2000,10
2000-11-01,24.1699933562428,0.35003635,34.62172304280102,0,306,2000,11
2000-11-02,23.55999336987736,0.34201327,34.632404521107674,0,307,2000,11
2000-11-03,23.539993370324396,0.29341686,34.6522415522486,0,308,2000,11
2000-11-04,23.539993370324396,0.28452727,34.67665635980666,0,309,2000,11
2000-11-05,23.649993367865704,0.46301848,34.704123018309474,0,310,2000,11
2000-11-06,23.62999336831274,0.43682945,34.727011900395155,0,311,2000,11
2000-11-07,23.50999337099495,0.44462723,34.74074522964656,0,312,2000,11
2000-11-08,23.459993372112535,0.2604673,34.75447855889797,0,313,2000,11
2000-11-09,22.639993390440964,0.26875585,34.75753040984273,0,314,2000,11
2000-11-10,22.66999338977041,0.16486162,34.763634111732244,0,315,2000,11
2000-11-11,22.65999338999393,0.22513492,34.76821188814938,0,316,2000,11
2000-11-12,22.839993385970615,0.23818305,34.774315590038896,0,317,2000,11
2000-11-13,23.159993378818058,0.22649294,34.75905633531511,0,318,2000,11
2000-11-14,23.16999337859454,0.22651437,34.70107116736472,0,319,2000,11
2000-11-15,23.489993371441983,0.2257771,34.65834525413811,0,320,2000,11
2000-11-16,23.459993372112535,0.1641672,34.66139710508287,0,321,2000,11
2000-11-17,23.4799933716655,,34.67665635980666,0,322,2000,11
2000-11-18,24.359993351995968,0.17158434,34.69801931641996,0,323,2000,11
2000-11-19,24.509993348643206,0.14165092,34.69344154000282,0,324,2000,11
2000-11-20,24.499993348866724,0.14207786,34.63850822299719,0,325,2000,11
2000-11-21,24.429993350431346,0.2699478,34.65681932866573,0,326,2000,11
2000-11-22,24.459993349760794,0.23872845,34.69649339094758,0,327,2000,11
2000-11-23,24.539993347972654,0.23705576,34.71022672019899,0,328,2000,11
2000-11-24,24.59999334663155,0.35151565,34.69954524189234,0,329,2000,11
2000-11-25,24.47999334931376,0.41221836,34.679708210751414,0,330,2000,11
2000-11-26,24.399993351101898,0.28923595,34.67207858338952,0,331,2000,11
2000-11-27,24.339993352443003,0.27332798,34.67207858338952,0,332,2000,11
2000-11-28,23.839993363618873,0.49245718,34.68733783811331,0,333,2000,11
2000-11-29,23.849993363395356,0.1899733,34.704123018309474,0,334,2000,11
2000-11-30,23.849993363395356,0.1899885,34.716330422088504,0,335,2000,11
2000-12-01,24.67999334484341,0.30538204,34.716330422088504,0,336,2000,12
2000-12-02,24.669993345066928,0.24655417,34.704123018309474,0,337,2000,12
2000-12-03,24.659993345290445,0.15114348,34.68886376358569,0,338,2000,12
2000-12-04,25.209993332996987,0.15116839,34.68733783811331,0,339,2000,12
2000-12-05,25.21999333277347,0.15938646,34.68581191264093,0,340,2000,12
2000-12-06,25.229993332549952,0.1616266,34.68276006169617,0,341,2000,12
2000-12-07,25.14999333433809,0.16273339,34.68886376358569,0,342,2000,12
2000-12-08,25.019993337243818,0.16657588,34.68886376358569,0,343,2000,12
2000-12-09,25.019993337243818,0.1678741,34.68276006169617,0,344,2000,12
2000-12-10,24.979993338137888,0.24677092,34.68123413622379,0,345,2000,12
2000-12-11,24.929993339255475,0.27883235,34.678182285279036,0,346,2000,12
2000-12-12,24.98999333791437,0.2699957,34.69649339094758,0,347,2000,12
2000-12-13,24.98999333791437,0.33713898,34.71175264567137,0,348,2000,12
2000-12-14,25.189993333444022,0.27352306,34.716330422088504,0,349,2000,12
2000-12-15,24.979993338137888,0.32951617,34.71022672019899,0,350,2000,12
2000-12-16,25.049993336573266,0.37310368,34.69649339094758,0,351,2000,12
2000-12-17,24.75999334305527,0.25962946,34.702597092837095,0,352,2000,12
2000-12-18,24.779993342608236,0.28094998,34.70870079472661,0,353,2000,12
2000-12-19,24.7999933421612,0.18078433,34.71022672019899,0,354,2000,12
2000-12-20,23.989993360266112,0.17354499,34.716330422088504,0,355,2000,12
2000-12-21,23.959993360936664,0.18196721,34.73006375133991,0,356,2000,12
2000-12-22,23.949993361160182,0.46369147,34.739219304174185,0,357,2000,12
2000-12-23,26.519993303716205,0.19770356,34.75295263342559,0,358,2000,12
2000-12-24,26.489993304386758,0.21452019,34.788048919290304,0,359,2000,12
2000-12-25,26.489993304386758,0.3242445,34.80330817401409,0,360,2000,12
2000-12-26,24.389993351325415,0.39986968,34.788048919290304,0,361,2000,12
2000-12-27,24.389993351325415,0.5678382,34.76821188814938,0,362,2000,12
2000-12-28,24.389993351325415,0.36282805,34.73616745322943,0,363,2000,12
2000-12-29,24.51999334841969,0.5802254,34.73311560228467,0,364,2000,12
2000-12-30,24.509993348643206,0.41488764,34.7453230060637,0,365,2000,12
2000-12-31,24.569993347302102,0.72570586,34.74074522964656,0,366,2000,12
2001-01-01,24.549993347749137,1.5741884,34.737693378701806,0,1,2001,1
2001-01-02,24.199993355572246,0.6740759,34.74837485700846,0,2,2001,1
2001-01-03,24.09999335780742,0.6743457,34.76516003720462,0,3,2001,1
2001-01-04,24.12999335713687,0.20534554,34.763634111732244,0,4,2001,1
2001-01-05,25.589993324503325,0.17632383,34.76821188814938,0,5,2001,1
2001-01-06,25.899993317574285,0.22003408,34.786522993817925,0,6,2001,1
2001-01-07,25.939993316680216,0.22007814,34.79262669570744,0,7,2001,1
2001-01-08,25.37999332919719,0.64935833,34.77278966456652,0,8,2001,1
2001-01-09,25.399993328750156,0.64950687,34.75600448437035,0,9,2001,1
2001-01-10,25.399993328750156,0.713639,34.74379708059132,0,10,2001,1
2001-01-11,25.36999332942071,0.3975324,34.728537825867534,0,11,2001,1
2001-01-12,25.399993328750156,0.38112062,34.72090819850564,0,12,2001,1
2001-01-13,25.44999332763257,0.37175372,34.727011900395155,0,13,2001,1
2001-01-14,25.659993322938703,0.25835472,34.73464152775705,0,14,2001,1
2001-01-15,25.72999332137408,0.22066218,34.73311560228467,0,15,2001,1
2001-01-16,25.67999332249167,0.2160642,34.71785634756088,0,16,2001,1
2001-01-17,25.68999332226815,0.21034494,34.68276006169617,0,17,2001,1
2001-01-18,25.75999332070353,0.16893114,34.617145266383886,0,18,2001,1
2001-01-19,25.789993320032977,0.14588653,34.46760457009077,0,19,2001,1
2001-01-20,25.819993319362425,0.14888729,34.23718982376158,0,20,2001,1
2001-01-21,25.75999332070353,0.15459263,34.38215274363756,0,21,2001,1
2001-01-22,25.929993316903733,0.71477216,34.49659715406597,0,22,2001,1
2001-01-23,25.939993316680216,0.81856346,34.60036008618772,0,23,2001,1
2001-01-24,26.079993313550972,0.81856346,34.630878595635295,0,24,2001,1
2001-01-25,26.079993313550972,0.6923889,34.64003414846957,0,25,2001,1
2001-01-26,26.33999330773952,0.11120168,34.66292303055525,0,26,2001,1
2001-01-27,27.179993288964056,0.11121154,34.690389689058065,0,27,2001,1
2001-01-28,27.27999328672888,0.10956232,34.67207858338952,0,28,2001,1
2001-01-29,27.11999329030516,0.11424007,34.59730823524296,0,29,2001,1
2001-01-30,27.109993290528678,0.12738034,34.52864158898592,0,30,2001,1
2001-01-31,27.019993292540335,0.15544784,34.57899712957442,0,31,2001,1
2001-02-01,27.0399932920933,0.19664812,34.641560073941946,0,32,2001,2
2001-02-02,26.88999329544606,0.31065375,34.665974881500006,0,33,2001,2
2001-02-03,26.869993295893096,0.17774507,34.690389689058065,0,34,2001,2
2001-02-04,26.799993297457718,0.13502611,34.73006375133991,0,35,2001,2
2001-02-05,26.829993296787165,0.08949363,34.713278571143746,0,36,2001,2
2001-02-06,26.869993295893096,0.10237062,34.667500806972384,0,37,2001,2
2001-02-07,26.99999329298737,0.20352732,34.64003414846957,0,38,2001,2
2001-02-08,26.939993294328474,0.19959837,34.60036008618772,0,39,2001,2
2001-02-09,26.909993294999026,0.17851451,34.45692309178412,0,40,2001,2
2001-02-10,26.939993294328474,0.19723384,34.17767873033881,0,41,2001,2
2001-02-11,27.53999328091743,0.19723725,34.17004910297692,0,42,2001,2
2001-02-12,27.719993276894115,0.19400024,34.064760245382786,0,43,2001,2
2001-02-13,27.769993275776528,0.16820699,33.91369362361729,0,44,2001,2
2001-02-14,27.949993271753215,0.21562348,33.77941218204796,0,45,2001,2
2001-02-15,28.11999326795342,0.3219938,33.681752951815724,0,46,2001,2
2001-02-16,28.209993265941762,0.3175267,33.67717517539859,0,47,2001,2
2001-02-17,28.179993266612314,0.24739152,34.00830100290477,0,48,2001,2
2001-02-18,28.069993269071006,0.33491316,34.282967587932944,0,49,2001,2
2001-02-19,27.92999327220025,0.22550264,34.43098235875368,0,50,2001,2
2001-02-20,27.909993272647284,0.21456586,34.52711566351354,0,51,2001,2
2001-02-21,27.749993276223563,0.38563952,34.508804557845,0,52,2001,2
2001-02-22,27.599993279576324,1.1062484,34.473708271980286,0,53,2001,2
2001-02-23,27.599993279576324,0.49682525,34.46760457009077,0,54,2001,2
2001-02-24,27.799993275105976,0.36756137,34.415723104029894,0,55,2001,2
2001-02-25,27.789993275329493,0.2030072,34.17004910297692,0,56,2001,2
2001-02-26,27.049993291869782,0.1889631,34.017456555739045,0,57,2001,2
2001-02-27,26.749993298575305,0.1889631,34.005249151960015,0,58,2001,2
2001-02-28,27.11999329030516,0.16993862,34.16547132655978,0,59,2001,2
2001-03-01,26.99999329298737,0.20419142,34.415723104029894,0,60,2001,3
2001-03-02,26.719993299245857,0.32870814,34.58662675693631,0,61,2001,3
2001-03-03,26.399993306398414,0.30207875,34.59120453335345,0,62,2001,3
2001-03-04,26.61999330148103,0.31749585,34.55305639654398,0,63,2001,3
2001-03-05,26.629993301257514,0.19684327,34.559160098433495,0,64,2001,3
2001-03-06,27.089993290975713,0.26115283,34.58510083146393,0,65,2001,3
2001-03-07,27.149993289634608,0.13689175,34.61256748996675,0,66,2001,3
2001-03-08,27.399993284046673,0.1336065,34.620197117328644,0,67,2001,3
2001-03-09,27.409993283823155,0.1472361,34.618671191856265,0,68,2001,3
2001-03-10,27.489993282035016,0.13641468,34.62172304280102,0,69,2001,3
2001-03-11,27.69999327734115,0.21672057,34.629352670162916,0,70,2001,3
2001-03-12,27.829993274435424,0.18113118,34.632404521107674,0,71,2001,3
2001-03-13,27.92999327220025,0.12868974,34.64918970130384,0,72,2001,3
2001-03-14,27.61999327912929,0.1084949,34.58815268240869,0,73,2001,3
2001-03-15,27.439993283152603,0.1084949,34.56221194937825,0,74,2001,3
2001-03-16,27.289993286505364,0.22767407,34.59120453335345,0,75,2001,3
2001-03-17,27.15999328941109,0.19027144,34.58967860788107,0,76,2001,3
2001-03-18,27.11999329030516,0.29463458,34.56678972579539,0,77,2001,3
2001-03-19,27.219993288069986,0.30285996,34.475234197452664,0,78,2001,3
2001-03-20,27.30999328605833,0.3422717,34.27991573698819,0,79,2001,3
2001-03-21,27.38999328427019,0.19157669,33.97320471704006,0,80,2001,3
2001-03-22,27.629993278905772,0.18944946,33.838923275470734,0,81,2001,3
2001-03-23,27.729993276670598,0.22568084,33.849604753777385,0,82,2001,3
2001-03-24,27.80999327488246,0.21073627,33.88164918869734,0,83,2001,3
2001-03-25,27.979993271082662,0.17081922,33.835871424525976,0,84,2001,3
2001-03-26,27.84999327398839,0.13400634,33.81908624432981,0,85,2001,3
2001-03-27,27.979993271082662,0.35928026,33.66038999520242,0,86,2001,3
2001-03-28,28.07999326884749,0.24738722,33.49864189513028,0,87,2001,3
2001-03-29,27.669993278011702,0.31436765,33.38267155922949,0,88,2001,3
2001-03-30,27.249993287399434,0.17387673,33.32621231675148,0,89,2001,3
2001-03-31,27.569993280246877,0.16607422,33.259071595966816,0,90,2001,3
2001-04-01,28.109993268176936,0.1820265,33.199560502544045,3,91,2001,4
2001-04-02,28.289993264153622,0.1500719,33.18277532234788,0,92,2001,4
2001-04-03,28.309993263706588,0.28322288,33.2102419808507,0,93,2001,4
2001-04-04,28.799993252754234,0.33158693,32.982879085466266,2,94,2001,4
2001-04-05,28.759993253648304,0.42801872,32.75246433913708,0,95,2001,4
2001-04-06,28.569993257895135,0.24052511,32.76924951933324,2,96,2001,4
2001-04-07,28.839993251860164,0.28055057,33.35215304978192,0,97,2001,4
2001-04-08,29.16999324448409,0.54388696,33.59324927441776,1,98,2001,4
2001-04-09,29.079993246495746,0.6422512,33.45896783284843,1,99,2001,4
2001-04-10,28.559993258118652,0.17748381,33.04696795530617,3,100,2001,4
2001-04-11,28.43999326080086,0.19117345,32.72347175516188,2,101,2001,4
2001-04-12,28.42999326102438,0.18753885,32.69753102213144,1,102,2001,4
2001-04-13,28.529993258789204,0.20305547,32.647175481542945,1,103,2001,4
2001-04-14,28.38999326191845,0.248149,32.62123474851251,1,104,2001,4
2001-04-15,28.539993258565687,0.26030293,32.804345805197954,2,105,2001,4
2001-04-16,28.489993259683274,0.14216785,32.9447309486568,1,106,2001,4
2001-04-17,28.38999326191845,0.13401634,33.12021237798035,0,107,2001,4
2001-04-18,28.46999326013031,0.16714062,33.55662706308067,0,108,2001,4
2001-04-19,28.529993258789204,0.16296707,33.80993069149554,1,109,2001,4
2001-04-20,28.519993259012722,0.2022585,33.60393075272441,1,110,2001,4
2001-04-21,28.46999326013031,0.2022585,33.18430124782026,1,111,2001,4
2001-04-22,28.299993263930105,0.19837439,33.03933832794428,2,112,2001,4
2001-04-23,28.229993265494727,0.18177119,32.708212500438094,0,113,2001,4
2001-04-24,28.219993265718244,0.18625663,32.84554579295218,1,114,2001,4
2001-04-25,28.249993265047692,0.23744741,33.162938291206956,0,115,2001,4
2001-04-26,27.81999327465894,0.27272132,33.523056702688336,1,116,2001,4
2001-04-27,27.669993278011702,0.23392746,33.90301214531064,2,117,2001,4
2001-04-28,27.629993278905772,0.23625624,33.97930841892958,6,118,2001,4
2001-04-29,27.679993277788185,0.26679024,33.980834344401956,4,119,2001,4
2001-04-30,27.609993279352807,0.1841728,34.006775077432394,2,120,2001,4
2001-05-01,27.519993281364464,0.17195691,34.11816763691604,5,121,2001,5
2001-05-02,27.46999328248205,0.18660314,34.20514538884163,0,122,2001,5
2001-05-03,27.2699932869524,0.2754308,34.232612047344446,1,123,2001,5
2001-05-04,26.979993293434404,0.28151178,34.09833060577512,2,124,2001,5
2001-05-05,27.219993288069986,0.27066958,33.64970851689577,0,125,2001,5
2001-05-06,27.639993278682255,0.24952482,33.43150117434561,0,126,2001,5
2001-05-07,27.69999327734115,0.25007418,33.3964048884809,1,127,2001,5
2001-05-08,27.669993278011702,0.2799973,33.50779744796455,1,128,2001,5
2001-05-09,27.61999327912929,0.25092685,33.53221225552261,3,129,2001,5
2001-05-10,27.61999327912929,0.27096087,33.41929377056658,0,130,2001,5
2001-05-11,27.609993279352807,0.2499537,33.55357521213591,2,131,2001,5
2001-05-12,27.149993289634608,0.27666262,33.812982542440295,0,132,2001,5
2001-05-13,27.099993290752195,0.3034924,34.15631577372551,0,133,2001,5
2001-05-14,27.019993292540335,0.3618821,34.34553053230047,1,134,2001,5
2001-05-15,26.8099932972342,0.28501594,34.40046384930611,2,135,2001,5
2001-05-16,26.799993297457718,0.38508734,34.39893792383373,10,136,2001,5
2001-05-17,26.709993299469375,0.30954397,34.124271338805556,2,137,2001,5
2001-05-18,26.639993301033996,0.309363,33.909115847200155,3,138,2001,5
2001-05-19,26.549993303045653,0.38134512,33.742789970710874,1,139,2001,5
2001-05-20,26.53999330326917,0.32316482,33.634449262171984,0,140,2001,5
2001-05-21,26.56999330259862,0.3337962,33.608508529141545,0,141,2001,5
2001-05-22,26.53999330326917,0.39903003,33.477278938516974,1,142,2001,5
2001-05-23,26.629993301257514,0.50836563,33.37199008092284,0,143,2001,5
2001-05-24,26.68999329991641,0.4396766,33.35215304978192,2,144,2001,5
2001-05-25,26.72999329902234,0.37338868,33.426923397928476,2,145,2001,5
2001-05-26,26.76999329812827,0.3727262,33.56578261591494,1,146,2001,5
2001-05-27,26.359993307292484,0.42729235,33.18582717329264,1,147,2001,5
2001-05-28,26.199993310868763,0.5947342,32.72499768063426,1,148,2001,5
2001-05-29,26.099993313103937,0.8140073,32.55867180414498,1,149,2001,5
2001-05-30,26.059993313998007,0.8043647,32.54493847489357,1,150,2001,5
2001-05-31,25.979993315786146,0.36018202,32.682271767407656,0,151,2001,5
2001-06-01,26.10999331288042,0.37501574,32.88979763165116,1,152,2001,6
2001-06-02,26.10999331288042,0.3750309,33.030182775110006,1,153,2001,6
2001-06-03,26.599993301928066,0.5804309,33.36436045356095,1,154,2001,6
2001-06-04,26.61999330148103,0.7435874,33.6832788772881,2,155,2001,6
2001-06-05,26.489993304386758,0.42604092,33.86944178491831,3,156,2001,6
2001-06-06,26.119993312656902,0.3846043,33.919797325506806,5,157,2001,6
2001-06-07,26.209993310645245,0.27785283,33.79161958582699,1,158,2001,6
2001-06-08,26.26999330930414,0.28757375,33.70769368484616,13,159,2001,6
2001-06-09,26.179993311315798,0.30129656,33.64207888953388,1,160,2001,6
2001-06-10,25.699993322044634,0.34319142,33.729056641459465,1,161,2001,6
2001-06-11,25.7199933215976,0.3053931,33.78551588393748,0,162,2001,6
2001-06-12,25.789993320032977,0.435801,33.93658250570297,0,163,2001,6
2001-06-13,25.79999331980946,0.37735727,34.11206393502653,0,164,2001,6
2001-06-14,25.40999332852664,0.41292086,34.21887871809304,0,165,2001,6
2001-06-15,25.29999333098533,0.27086118,33.89233066700399,0,166,2001,6
2001-06-16,25.549993325397395,0.25060016,33.93658250570297,0,167,2001,6
2001-06-17,25.56999332495036,0.28558147,33.800775138661265,0,168,2001,6
2001-06-18,25.519993326067947,0.3399915,33.489486342296004,0,169,2001,6
2001-06-19,25.169993333891057,0.4364362,33.72600479051471,0,170,2001,6
2001-06-20,25.13999333456161,0.38837257,33.85876030661166,0,171,2001,6
2001-06-21,25.169993333891057,0.3649649,33.74736774712801,0,172,2001,6
2001-06-22,25.239993332326435,0.36496446,33.93658250570297,0,173,2001,6
2001-06-23,25.119993335008644,0.32137936,34.18836020864546,0,174,2001,6
2001-06-24,25.06999333612623,0.32137936,34.2143009416759,0,175,2001,6
2001-06-25,25.119993335008644,0.39235118,33.9060639962554,0,176,2001,6
2001-06-26,25.239993332326435,0.46161363,34.426404582336545,0,177,2001,6
2001-06-27,25.279993331432365,0.4466839,34.424878656864166,0,178,2001,6
2001-06-28,25.279993331432365,0.376381,33.968626940622926,0,179,2001,6
2001-06-29,25.37999332919719,0.376381,33.71990108862519,0,180,2001,6
2001-06-30,25.359993329644226,0.3143015,33.74584182165563,0,181,2001,6
2001-07-01,25.329993330314778,0.3143015,33.838923275470734,0,182,2001,7
2001-07-02,25.10999333523216,0.24988277,34.00219730101526,2,183,2001,7
2001-07-03,25.089993335679196,0.23596738,34.13342689163983,0,184,2001,7
2001-07-04,25.10999333523216,0.33585808,34.234137972816825,2,185,2001,7
2001-07-05,25.009993337467336,0.28819177,34.26007870584726,1,186,2001,7
2001-07-06,24.919993339478992,0.28819177,34.26618240773678,2,187,2001,7
2001-07-07,24.7999933421612,0.2541585,34.21735279262066,0,188,2001,7
2001-07-08,24.74999334327879,0.23994006,34.23871574923396,3,189,2001,7
2001-07-09,24.659993345290445,0.2665826,34.4294564332813,0,190,2001,7
2001-07-10,24.689993344619893,0.24917062,34.52864158898592,0,191,2001,7
2001-07-11,24.689993344619893,0.2966458,34.61256748996675,0,192,2001,7
2001-07-12,24.649993345513963,0.2812208,34.63545637205243,1,193,2001,7
2001-07-13,24.589993346855067,0.3217935,34.61409341543913,2,194,2001,7
2001-07-14,24.52999334819617,0.32448673,34.59730823524296,0,195,2001,7
2001-07-15,24.659993345290445,0.32429352,34.58662675693631,0,196,2001,7
2001-07-16,24.669993345066928,0.21948202,34.559160098433495,1,197,2001,7
2001-07-17,24.689993344619893,0.24832281,34.50575270690024,0,198,2001,7
2001-07-18,24.229993354901694,0.2939908,34.46760457009077,0,199,2001,7
2001-07-19,24.339993352443003,0.27461755,34.49354530312121,0,200,2001,7
2001-07-20,24.32999335266652,0.35458565,34.50575270690024,0,201,2001,7
2001-07-21,24.24999335445466,0.23708104,34.48133789934218,0,202,2001,7
2001-07-22,24.119993357360386,0.23708104,34.45234531536698,0,203,2001,7
2001-07-23,24.189993355795764,0.26503557,34.43556013517082,0,204,2001,7
2001-07-24,24.299993353337072,0.26560718,34.51338233426213,0,205,2001,7
2001-07-25,24.349993352219485,0.30667168,34.536271216347814,0,206,2001,7
2001-07-26,24.359993351995968,0.32415578,34.46760457009077,0,207,2001,7
2001-07-27,24.229993354901694,0.32102698,34.50575270690024,0,208,2001,7
2001-07-28,23.969993360713147,0.30351087,34.55000454559922,0,209,2001,7
2001-07-29,23.949993361160182,0.31673962,34.50270085595548,0,210,2001,7
2001-07-30,23.929993361607217,0.24766836,34.475234197452664,0,211,2001,7
2001-07-31,23.719993366301082,0.24762903,34.49201937764883,0,212,2001,7
2001-08-01,23.82999336384239,0.27486414,34.51338233426213,0,213,2001,8
2001-08-02,23.879993362724804,0.28510287,34.5301675144583,0,214,2001,8
2001-08-03,23.959993360936664,0.31749082,34.5301675144583,0,215,2001,8
2001-08-04,23.9399933613837,0.34756723,34.51948603615165,0,216,2001,8
2001-08-05,23.9399933613837,0.37049395,34.52558973804116,0,217,2001,8
2001-08-06,23.74999336563053,0.22750324,34.536271216347814,0,218,2001,8
2001-08-07,23.759993365407013,0.22750324,34.55458232201636,0,219,2001,8
2001-08-08,23.769993365183495,0.41074058,34.57899712957442,0,220,2001,8
2001-08-09,23.369993374124192,0.3308418,34.58967860788107,0,221,2001,8
2001-08-10,23.349993374571227,0.3004812,34.60951563902199,0,222,2001,8
2001-08-11,23.35999337434771,0.3450461,34.641560073941946,0,223,2001,8
2001-08-12,23.55999336987736,0.32672805,34.67207858338952,0,224,2001,8
2001-08-13,23.4799933716655,0.25349942,34.68581191264093,0,225,2001,8
2001-08-14,23.469993371889018,0.25351414,34.68733783811331,0,226,2001,8
2001-08-15,23.32999337501826,0.2618066,34.691915614530444,0,227,2001,8
2001-08-16,23.2499933768064,0.27520564,34.70107116736472,0,228,2001,8
2001-08-17,23.199993377923988,0.3398041,34.70717486925423,0,229,2001,8
2001-08-18,23.219993377476953,0.38535434,34.70717486925423,0,230,2001,8
2001-08-19,23.259993376582884,0.4091662,34.679708210751414,0,231,2001,8
2001-08-20,23.28999337591233,0.2762093,34.64918970130384,0,232,2001,8
2001-08-21,23.339993374794744,0.2599108,34.64003414846957,0,233,2001,8
2001-08-22,24.109993357583903,0.17789578,34.629352670162916,0,234,2001,8
2001-08-23,24.119993357360386,0.17789578,34.62172304280102,0,235,2001,8
2001-08-24,24.089993358030938,0.18799606,34.61104156449437,0,236,2001,8
2001-08-25,23.59999336898329,0.22515853,34.60493786260486,0,237,2001,8
2001-08-26,23.579993369430326,0.34246168,34.606463788077235,0,238,2001,8
2001-08-27,23.58999336920681,0.2856235,34.60951563902199,0,239,2001,8
2001-08-28,23.929993361607217,0.18667361,34.60951563902199,0,240,2001,8
2001-08-29,23.949993361160182,0.24277996,34.60951563902199,0,241,2001,8
2001-08-30,23.989993360266112,0.23211457,34.61561934091151,0,242,2001,8
2001-08-31,23.849993363395356,0.35714737,34.62782674469054,0,243,2001,8
2001-09-01,23.839993363618873,0.35771438,34.63545637205243,0,244,2001,9
2001-09-02,23.759993365407013,0.3374085,34.63850822299719,0,245,2001,9
2001-09-03,23.679993367195152,0.33690587,34.64766377583146,0,246,2001,9
2001-09-04,23.389993373677157,0.44185942,34.66139710508287,0,247,2001,9
2001-09-05,23.39999337345364,0.33340424,34.66902673244476,0,248,2001,9
2001-09-06,23.369993374124192,0.33340424,34.67055265791714,0,249,2001,9
2001-09-07,23.159993378818058,0.33307946,34.68123413622379,0,250,2001,9
2001-09-08,22.97999338284137,0.36061728,34.69801931641996,0,251,2001,9
2001-09-09,23.04999338127675,0.36061728,34.70717486925423,0,252,2001,9
2001-09-10,23.029993381723784,0.48962152,34.71785634756088,0,253,2001,9
2001-09-11,23.0199933819473,0.43883204,34.728537825867534,0,254,2001,9
2001-09-12,23.00999338217082,0.43883204,34.72243412397802,0,255,2001,9
2001-09-13,22.96999338306489,0.4005767,34.713278571143746,0,256,2001,9
2001-09-14,23.059993381053232,0.30999345,34.713278571143746,0,257,2001,9
2001-09-15,23.189993378147506,0.3159188,34.71175264567137,0,258,2001,9
2001-09-16,23.2499933768064,0.3159188,34.702597092837095,0,259,2001,9
2001-09-17,23.2499933768064,0.3965281,34.678182285279036,0,260,2001,9
2001-09-18,23.349993374571227,0.3385914,34.665974881500006,0,261,2001,9
2001-09-19,23.39999337345364,0.408278,34.67207858338952,0,262,2001,9
2001-09-20,23.35999337434771,0.38244072,34.6736045088619,0,263,2001,9
2001-09-21,23.349993374571227,0.37705186,34.678182285279036,0,264,2001,9
2001-09-22,23.31999337524178,0.37704438,34.68428598716855,0,265,2001,9
2001-09-23,23.00999338217082,0.38135913,34.70870079472661,0,266,2001,9
2001-09-24,22.989993382617854,0.33135167,34.73006375133991,0,267,2001,9
2001-09-25,22.989993382617854,0.28909406,34.737693378701806,0,268,2001,9
2001-09-26,23.31999337524178,0.24822402,34.73006375133991,0,269,2001,9
2001-09-27,23.31999337524178,0.22337429,34.68428598716855,0,270,2001,9
2001-09-28,23.339993374794744,0.22699179,34.64003414846957,0,271,2001,9
2001-09-29,23.59999336898329,0.24751456,34.65834525413811,0,272,2001,9
2001-09-30,23.59999336898329,0.32782248,34.68123413622379,0,273,2001,9
2001-10-01,23.659993367642187,0.32782248,34.68581191264093,0,274,2001,10
2001-10-02,23.639993368089222,0.21997677,34.678182285279036,0,275,2001,10
2001-10-03,23.649993367865704,0.27777526,34.67513043433428,0,276,2001,10
2001-10-04,23.7099933665246,0.29142094,34.678182285279036,0,277,2001,10
2001-10-05,23.539993370324396,0.2914213,34.678182285279036,0,278,2001,10
2001-10-06,23.51999337077143,0.19280884,34.690389689058065,0,279,2001,10
2001-10-07,23.539993370324396,0.19590119,34.704123018309474,0,280,2001,10
2001-10-08,23.55999336987736,0.24961726,34.70870079472661,0,281,2001,10
2001-10-09,23.419993373006605,0.3275451,34.716330422088504,0,282,2001,10
2001-10-10,23.429993372783088,0.32343066,34.73006375133991,0,283,2001,10
2001-10-11,23.489993371441983,0.29465503,34.74074522964656,0,284,2001,10
2001-10-12,23.569993369653844,0.5453775,34.74684893153608,0,285,2001,10
2001-10-13,23.579993369430326,0.3546844,34.75753040984273,0,286,2001,10
2001-10-14,23.55999336987736,0.2174908,34.75447855889797,0,287,2001,10
2001-10-15,23.529993370547913,0.22675116,34.74684893153608,0,288,2001,10
2001-10-16,23.51999337077143,0.1970472,34.74684893153608,0,289,2001,10
2001-10-17,23.50999337099495,0.18438955,34.74379708059132,0,290,2001,10
2001-10-18,23.539993370324396,0.18325762,34.71785634756088,0,291,2001,10
2001-10-19,23.58999336920681,0.19759278,34.72090819850564,0,292,2001,10
2001-10-20,23.569993369653844,0.19000915,34.727011900395155,0,293,2001,10
2001-10-21,23.699993366748117,0.17075737,34.75295263342559,0,294,2001,10
2001-10-22,23.619993368536257,0.24791475,34.78347114287317,0,295,2001,10
2001-10-23,23.39999337345364,0.19203432,34.80483409948647,0,296,2001,10
2001-10-24,23.23999337702992,0.2246688,34.821619279682636,0,297,2001,10
2001-10-25,23.31999337524178,0.23820643,34.83077483251691,0,298,2001,10
2001-10-26,23.339993374794744,0.18135102,34.82924890704453,0,299,2001,10
2001-10-27,23.299993375688814,0.17429203,34.82924890704453,0,300,2001,10
2001-10-28,23.189993378147506,0.15471636,34.824671130627394,0,301,2001,10
2001-10-29,23.28999337591233,0.17085059,34.823145205155015,0,302,2001,10
2001-10-30,23.309993375465297,0.1829229,34.82772298157215,0,303,2001,10
2001-10-31,23.85999336317184,0.1576938,34.824671130627394,0,304,2001,10
2001-11-01,23.90999336205425,0.2012383,34.812463726848364,0,305,2001,11
2001-11-02,23.949993361160182,0.20896643,34.7956785466522,0,306,2001,11
2001-11-03,23.499993371218466,0.20678449,34.788048919290304,0,307,2001,11
2001-11-04,23.489993371441983,0.27256262,34.786522993817925,0,308,2001,11
2001-11-05,23.489993371441983,0.27639547,34.78347114287317,0,309,2001,11
2001-11-06,23.7099933665246,0.2763963,34.775841515511274,0,310,2001,11
2001-11-07,23.659993367642187,0.24865709,34.77889336645603,0,311,2001,11
2001-11-08,23.639993368089222,0.28465137,34.78957484476268,0,312,2001,11
2001-11-09,23.569993369653844,0.21855587,34.798730397596955,0,313,2001,11
2001-11-10,23.699993366748117,0.21855587,34.81551557779312,0,314,2001,11
2001-11-11,23.90999336205425,0.17371906,34.833826683461666,0,315,2001,11
2001-11-12,23.959993360936664,0.17371923,34.8384044598788,0,316,2001,11
2001-11-13,24.28999335356059,0.2419426,34.836878534406424,0,317,2001,11
2001-11-14,24.48999334909024,0.21428046,34.82924890704453,0,318,2001,11
2001-11-15,24.589993346855067,0.13947946,34.82924890704453,0,319,2001,11
2001-11-16,24.299993353337072,0.13311006,34.83077483251691,0,320,2001,11
2001-11-17,24.269993354007624,0.13310647,34.823145205155015,0,321,2001,11
2001-11-18,24.269993354007624,,34.824671130627394,0,322,2001,11
2001-11-19,23.66999336741867,0.3522123,34.82009335421026,0,323,2001,11
2001-11-20,23.609993368759774,0.34581035,34.809411875903606,0,324,2001,11
2001-11-21,23.569993369653844,0.3518163,34.79262669570744,0,325,2001,11
2001-11-22,23.08999338038268,0.55190986,34.774315590038896,0,326,2001,11
2001-11-23,23.059993381053232,0.48712024,34.76973781362176,0,327,2001,11
2001-11-24,23.179993378371023,0.48704463,34.77278966456652,0,328,2001,11
2001-11-25,23.62999336831274,0.41782278,34.77889336645603,0,329,2001,11
2001-11-26,23.58999336920681,0.22343254,34.78957484476268,0,330,2001,11
2001-11-27,23.62999336831274,0.17965645,34.800256323069334,0,331,2001,11
2001-11-28,24.589993346855067,0.17969136,34.80788595043123,0,332,2001,11
2001-11-29,24.419993350654863,0.26486114,34.810937801375985,0,333,2001,11
2001-11-30,24.13999335691335,0.14793696,34.80330817401409,0,334,2001,11
2001-12-01,24.009993359819077,0.14773598,34.79262669570744,0,335,2001,12
2001-12-02,23.969993360713147,0.17933819,34.78957484476268,0,336,2001,12
2001-12-03,24.029993359372043,0.17168866,34.786522993817925,0,337,2001,12
2001-12-04,24.049993358925008,0.16677521,34.78194521740079,0,338,2001,12
2001-12-05,23.489993371441983,0.25135857,34.77889336645603,0,339,2001,12
2001-12-06,23.27999337613585,0.2842031,34.77736744098365,0,340,2001,12
2001-12-07,23.27999337613585,0.29990628,34.77889336645603,0,341,2001,12
2001-12-08,23.119993379712128,0.30986682,34.77736744098365,0,342,2001,12
2001-12-09,23.149993379041575,0.2785655,34.775841515511274,0,343,2001,12
2001-12-10,23.199993377923988,0.23683989,34.77889336645603,0,344,2001,12
2001-12-11,23.879993362724804,0.20561323,34.78041929192841,0,345,2001,12
2001-12-12,24.299993353337072,0.205764,34.78347114287317,0,346,2001,12
2001-12-13,24.459993349760794,0.2523168,34.77889336645603,0,347,2001,12
2001-12-14,24.459993349760794,0.18611601,34.775841515511274,0,348,2001,12
2001-12-15,24.629993345960997,0.15311386,34.76516003720462,0,349,2001,12
2001-12-16,24.959993338584923,0.2039898,34.75753040984273,0,350,2001,12
2001-12-17,25.13999333456161,0.20395179,34.75600448437035,0,351,2001,12
2001-12-18,25.119993335008644,0.18297632,34.75295263342559,0,352,2001,12
2001-12-19,25.119993335008644,0.18297808,34.751426707953215,0,353,2001,12
2001-12-20,24.969993338361405,0.27450544,34.751426707953215,0,354,2001,12
2001-12-21,25.33999333009126,0.34585172,34.75600448437035,0,355,2001,12
2001-12-22,25.359993329644226,0.34585172,34.762108186259866,0,356,2001,12
2001-12-23,25.21999333277347,0.15002038,34.766685962677,0,357,2001,12
2001-12-24,24.509993348643206,0.13881631,34.76058226078749,0,358,2001,12
2001-12-25,24.55999334752562,0.23229013,34.75295263342559,0,359,2001,12
2001-12-26,24.52999334819617,0.2274728,34.75753040984273,0,360,2001,12
2001-12-27,23.90999336205425,0.3190463,34.76058226078749,0,361,2001,12
2001-12-28,23.889993362501286,0.26860452,34.774315590038896,0,362,2001,12
2001-12-29,23.7099933665246,0.5376608,34.79415262117982,0,363,2001,12
2001-12-30,22.69999338909986,0.5471703,34.80330817401409,0,364,2001,12
2001-12-31,22.789993387088202,0.279378,34.80483409948647,0,365,2001,12
2002-01-01,22.799993386864685,0.3727757,34.809411875903606,0,1,2002,1
2002-01-02,23.469993371889018,0.42930958,34.812463726848364,0,2,2002,1
2002-01-03,24.509993348643206,0.55859804,34.788048919290304,0,3,2002,1
2002-01-04,24.569993347302102,0.54380065,34.74074522964656,0,4,2002,1
2002-01-05,24.619993346184515,0.54364264,34.78499706834555,0,5,2002,1
2002-01-06,24.659993345290445,0.23799634,34.81551557779312,0,6,2002,1
2002-01-07,24.589993346855067,0.23799562,34.80330817401409,0,7,2002,1
2002-01-08,24.649993345513963,0.27152517,34.80636002495885,0,8,2002,1
2002-01-09,23.85999336317184,0.27381915,34.82619705609977,0,9,2002,1
2002-01-10,23.809993364289426,0.33253744,34.847560012713075,0,10,2002,1
2002-01-11,23.78999336473646,0.2903981,34.86587111838162,0,11,2002,1
2002-01-12,23.579993369430326,0.31363422,34.88113037310541,0,12,2002,1
2002-01-13,23.51999337077143,0.3142075,34.8887600004673,0,13,2002,1
2002-01-14,23.58999336920681,0.22017537,34.8887600004673,0,14,2002,1
2002-01-15,24.389993351325415,0.22018205,34.882656298577785,0,15,2002,1
2002-01-16,24.589993346855067,0.2400762,34.884182224050164,0,16,2002,1
2002-01-17,24.619993346184515,0.41544354,34.89791555330157,0,17,2002,1
2002-01-18,24.499993348866724,0.41544354,34.89944147877395,0,18,2002,1
2002-01-19,24.499993348866724,0.19339572,34.882656298577785,0,19,2002,1
2002-01-20,24.809993341937684,0.19042552,34.86892296932638,0,20,2002,1
2002-01-21,25.129993334785127,0.13020213,34.86129334196448,0,21,2002,1
2002-01-22,25.67999332249167,0.12768441,34.84298223629594,0,22,2002,1
2002-01-23,25.7199933215976,0.12752178,34.8384044598788,0,23,2002,1
2002-01-24,25.559993325173878,0.16430187,34.82772298157215,0,24,2002,1
2002-01-25,25.2599933318794,0.2049061,34.83077483251691,0,25,2002,1
2002-01-26,25.17999333366754,0.24065082,34.8384044598788,0,26,2002,1
2002-01-27,25.129993334785127,0.24065098,34.823145205155015,0,27,2002,1
2002-01-28,25.469993327185534,0.1798247,34.80330817401409,0,28,2002,1
2002-01-29,25.479993326962017,0.17448293,34.788048919290304,0,29,2002,1
2002-01-30,25.45999332740905,0.17466089,34.78194521740079,0,30,2002,1
2002-01-31,25.289993331208848,0.2716939,34.762108186259866,0,31,2002,1
2002-02-01,25.4899933267385,0.2528398,34.737693378701806,0,32,2002,2
2002-02-02,25.64999332316222,0.30806765,34.72243412397802,0,33,2002,2
2002-02-03,25.869993318244838,0.27969605,34.68733783811331,0,34,2002,2
2002-02-04,25.939993316680216,0.1997275,34.65834525413811,0,35,2002,2
2002-02-05,26.209993310645245,0.3298515,34.67665635980666,0,36,2002,2
2002-02-06,26.449993305280827,0.31151393,34.72243412397802,0,37,2002,2
2002-02-07,26.30999330841007,0.20261782,34.728537825867534,0,38,2002,2
2002-02-08,26.289993308857106,0.22770369,34.68276006169617,0,39,2002,2
2002-02-09,26.30999330841007,0.23357482,34.63698229752481,0,40,2002,2
2002-02-10,27.15999328941109,0.28503713,34.6736045088619,0,41,2002,2
2002-02-11,27.139993289858126,0.17621325,34.75905633531511,0,42,2002,2
2002-02-12,27.11999329030516,0.14408043,34.73616745322943,0,43,2002,2
2002-02-13,26.22999331019821,0.224696,34.59883416071534,0,44,2002,2
2002-02-14,25.049993336573266,0.22469585,34.7239600494504,0,45,2002,2
2002-02-15,24.7999933421612,0.45840764,34.74227115511894,0,46,2002,2
2002-02-16,24.229993354901694,0.50626,34.75600448437035,0,47,2002,2
2002-02-17,24.17999335601928,0.78842574,34.75600448437035,0,48,2002,2
2002-02-18,24.339993352443003,0.51400226,34.74837485700846,0,49,2002,2
2002-02-19,24.549993347749137,1.8933632,34.74074522964656,0,50,2002,2
2002-02-20,24.689993344619893,1.1869667,34.75600448437035,0,51,2002,2
2002-02-21,24.83999334126713,1.1869667,34.7239600494504,0,52,2002,2
2002-02-22,24.67999334484341,0.26471913,34.643085999414325,0,53,2002,2
2002-02-23,25.159993334114574,0.2563717,34.607989713549614,0,54,2002,2
2002-02-24,25.279993331432365,0.19837111,34.68123413622379,0,55,2002,2
2002-02-25,25.499993326514982,0.17408337,34.70717486925423,0,56,2002,2
2002-02-26,25.349993329867743,0.18605205,34.74227115511894,0,57,2002,2
2002-02-27,25.17999333366754,0.26869866,34.76058226078749,0,58,2002,2
2002-02-28,25.279993331432365,0.27505735,34.70564894378185,0,59,2002,2
2002-03-01,27.07999329119923,0.22204822,34.50422678142786,0,60,2002,3
2002-03-02,27.2699932869524,0.14417927,34.56678972579539,0,61,2002,3
2002-03-03,27.299993286281847,0.12722151,34.403515700250864,0,62,2002,3
2002-03-04,27.61999327912929,0.18249367,34.30433054454625,0,63,2002,3
2002-03-05,27.54999328069391,0.5547275,34.28754536435008,0,64,2002,3
2002-03-06,27.54999328069391,0.34272215,34.354686085134745,0,65,2002,3
2002-03-07,27.789993275329493,0.22180647,34.44166383706033,0,66,2002,3
2002-03-08,27.50999328158798,0.2747184,34.51490825973451,0,67,2002,3
2002-03-09,27.19999328851702,0.2747184,34.583574905991554,0,68,2002,3
2002-03-10,27.219993288069986,1.2924786,34.68733783811331,0,69,2002,3
2002-03-11,27.319993285834812,0.35288635,34.73006375133991,0,70,2002,3
2002-03-12,27.339993285387777,0.36657026,34.739219304174185,0,71,2002,3
2002-03-13,27.609993279352807,0.18568997,34.74684893153608,0,72,2002,3
2002-03-14,27.879993273317837,0.21967933,34.60036008618772,0,73,2002,3
2002-03-15,27.789993275329493,0.21345566,34.36841941438615,0,74,2002,3
2002-03-16,27.639993278682255,0.68640727,34.32569350115955,0,75,2002,3
2002-03-17,27.669993278011702,0.8204247,34.42030088044703,0,76,2002,3
2002-03-18,27.77999327555301,0.7957184,34.498123079538345,0,77,2002,3
2002-03-19,27.959993271529697,0.30726984,34.54390084370971,0,78,2002,3
2002-03-20,27.939993271976732,0.29415154,34.583574905991554,0,79,2002,3
2002-03-21,27.15999328941109,0.29415154,34.655293403193355,0,80,2002,3
2002-03-22,27.009993292763852,0.34201977,34.70870079472661,0,81,2002,3
2002-03-23,27.329993285611295,0.32269755,34.72090819850564,0,82,2002,3
2002-03-24,27.419993283599638,0.21364291,34.716330422088504,0,83,2002,3
2002-03-25,27.519993281364464,0.21129267,34.6522415522486,0,84,2002,3
2002-03-26,27.54999328069391,0.20144892,34.45539716631174,0,85,2002,3
2002-03-27,27.479993282258533,0.16611892,34.41877495497465,0,86,2002,3
2002-03-28,27.459993282705568,0.1426356,34.37299719080329,0,87,2002,3
2002-03-29,27.459993282705568,0.15399967,33.982360269874334,2,88,2002,3
2002-03-30,27.69999327734115,0.15485768,33.597827050834894,0,89,2002,3
2002-03-31,27.84999327398839,0.16490011,33.78704180940986,0,90,2002,3
2002-04-01,27.979993271082662,0.219232,33.76110107637942,0,91,2002,4
2002-04-02,28.559993258118652,0.219232,33.718375163152814,1,92,2002,4
2002-04-03,28.54999325834217,0.33304116,33.776360331103206,1,93,2002,4
2002-04-04,28.569993257895135,0.33304116,33.94268620759249,2,94,2002,4
2002-04-05,29.0499932471663,0.2654117,34.15478984825313,0,95,2002,4
2002-04-06,29.039993247389816,0.14815229,34.21582686714828,2,96,2002,4
2002-04-07,28.919993250072025,0.19694722,34.08307135105133,1,97,2002,4
2002-04-08,27.989993270859145,0.18674496,34.11816763691604,0,98,2002,4
2002-04-09,27.839993274211906,0.1645449,34.14105651900172,0,99,2002,4
2002-04-10,27.759993276000046,0.1895824,34.173100953921676,0,100,2002,4
2002-04-11,27.439993283152603,0.1895824,34.22498241998255,2,101,2002,4
2002-04-12,27.639993278682255,0.2604706,34.2646564822644,1,102,2002,4
2002-04-13,27.759993276000046,0.21093407,34.1425824444741,1,103,2002,4
2002-04-14,27.839993274211906,0.2983774,33.95336768589914,3,104,2002,4
2002-04-15,27.939993271976732,0.18352629,33.88012326322496,1,105,2002,4
2002-04-16,27.85999327376487,0.256163,34.017456555739045,3,106,2002,4
2002-04-17,27.789993275329493,0.50012743,34.41877495497465,0,107,2002,4
2002-04-18,27.109993290528678,0.5001262,34.57594527862966,1,108,2002,4
2002-04-19,27.149993289634608,0.33565953,34.533219365403056,1,109,2002,4
2002-04-20,27.11999329030516,0.18485191,34.50727863237262,4,110,2002,4
2002-04-21,26.559993302822136,0.19229303,34.522537887096405,1,111,2002,4
2002-04-22,26.5799933023751,0.18504007,34.55000454559922,3,112,2002,4
2002-04-23,26.56999330259862,0.25889307,34.5728934276849,4,113,2002,4
2002-04-24,26.819993297010683,0.31527814,34.582048980519176,3,114,2002,4
2002-04-25,26.789993297681235,0.28803688,34.58815268240869,2,115,2002,4
2002-04-26,26.759993298351787,0.20416076,34.59730823524296,2,116,2002,4
2002-04-27,26.799993297457718,0.16572918,34.61104156449437,1,117,2002,4
2002-04-28,26.829993296787165,0.17857999,34.62630081921816,5,118,2002,4
2002-04-29,27.029993292316817,0.23279905,34.64613785035908,0,119,2002,4
2002-04-30,27.19999328851702,0.1815786,34.655293403193355,1,120,2002,4
2002-05-01,27.219993288069986,0.12809305,34.62630081921816,0,121,2002,5
2002-05-02,27.129993290081643,0.14698352,34.546952694654465,0,122,2002,5
2002-05-03,27.219993288069986,0.14561969,34.48438975028694,3,123,2002,5
2002-05-04,27.23999328762295,0.16882698,34.39893792383373,0,124,2002,5
2002-05-05,27.19999328851702,0.1930713,34.24787130206823,3,125,2002,5
2002-05-06,27.259993287175917,0.17533964,34.19446391053498,0,126,2002,5
2002-05-07,27.27999328672888,0.22246625,34.08764912746847,0,127,2002,5
2002-05-08,27.23999328762295,0.32378957,34.054078767076135,3,128,2002,5
2002-05-09,27.249993287399434,0.42429978,34.11664171144366,0,129,2002,5
2002-05-10,27.019993292540335,0.2993799,34.20209353789687,0,130,2002,5
2002-05-11,27.059993291646265,0.21125978,34.28754536435008,0,131,2002,5
2002-05-12,27.089993290975713,0.2740021,34.45692309178412,1,132,2002,5
2002-05-13,27.089993290975713,0.23352854,34.55458232201636,2,133,2002,5
2002-05-14,26.99999329298737,0.28322414,34.59883416071534,2,134,2002,5
2002-05-15,26.87999329566958,0.34477785,34.63850822299719,2,135,2002,5
2002-05-16,26.819993297010683,0.3251597,34.66139710508287,6,136,2002,5
2002-05-17,26.72999329902234,0.29785147,34.70717486925423,0,137,2002,5
2002-05-18,26.679993300139927,0.22281969,34.690389689058065,2,138,2002,5
2002-05-19,26.629993301257514,0.22404933,34.63698229752481,3,139,2002,5
2002-05-20,26.91999329477551,0.20179875,34.59120453335345,3,140,2002,5
2002-05-21,27.149993289634608,0.24589911,34.56526380032301,1,141,2002,5
2002-05-22,27.15999328941109,0.23348136,34.52558973804116,6,142,2002,5
2002-05-23,27.329993285611295,0.23051415,34.54084899276495,1,143,2002,5
2002-05-24,27.169993289187573,0.21948269,34.56831565126777,4,144,2002,5
2002-05-25,27.059993291646265,0.19455549,34.55610824748874,3,145,2002,5
2002-05-26,27.179993288964056,0.18367206,34.53779714182019,6,146,2002,5
2002-05-27,27.15999328941109,0.24769868,34.427930507808924,3,147,2002,5
2002-05-28,27.149993289634608,0.23159674,34.37604904174805,1,148,2002,5
2002-05-29,26.99999329298737,0.2244705,34.36078978702426,4,149,2002,5
2002-05-30,26.99999329298737,0.3818167,34.3363749794662,5,150,2002,5
2002-05-31,26.99999329298737,0.38166556,34.282967587932944,8,151,2002,5
2002-06-01,27.029993292316817,0.40585393,34.199041686952114,3,152,2002,6
2002-06-02,26.939993294328474,0.37647626,34.234137972816825,0,153,2002,6
2002-06-03,26.829993296787165,0.376698,34.20667131431401,0,154,2002,6
2002-06-04,26.679993300139927,0.32288495,34.10901208408177,0,155,2002,6
2002-06-05,26.589993302151584,0.38547468,34.32721942663193,1,156,2002,6
2002-06-06,26.519993303716205,0.3792791,34.46607864461839,2,157,2002,6
2002-06-07,26.439993305504345,0.38978702,34.50727863237262,1,158,2002,6
2002-06-08,26.239993309974693,0.37681326,34.41724902950227,1,159,2002,6
2002-06-09,26.03999331444504,0.38049576,34.185308357700706,4,160,2002,6
2002-06-10,26.079993313550972,0.38049576,34.32264165021479,2,161,2002,6
2002-06-11,26.389993306621932,0.34137386,34.50575270690024,2,162,2002,6
2002-06-12,26.45999330505731,0.27294597,34.437086060643196,1,163,2002,6
2002-06-13,26.439993305504345,0.5409053,34.412671253085136,8,164,2002,6
2002-06-14,25.849993318691872,0.5409053,34.42182680591941,1,165,2002,6
2002-06-15,25.809993319585942,0.39656705,34.408093476668,1,166,2002,6
2002-06-16,25.83999331891539,0.41218483,34.38367866910994,20,167,2002,6
2002-06-17,25.789993320032977,0.3617184,34.38367866910994,1,168,2002,6
2002-06-18,25.779993320256494,0.47829401,34.401989774778485,4,169,2002,6
2002-06-19,25.789993320032977,0.61311734,34.39893792383373,5,170,2002,6
2002-06-20,25.749993320927047,0.59390205,34.35163423418999,0,171,2002,6
2002-06-21,25.789993320032977,0.41761988,34.27991573698819,3,172,2002,6
2002-06-22,25.67999332249167,0.3999295,34.4294564332813,6,173,2002,6
2002-06-23,25.399993328750156,0.45991486,34.533219365403056,4,174,2002,6
2002-06-24,25.309993330761813,0.36664796,34.48133789934218,4,175,2002,6
2002-06-25,25.309993330761813,0.20861769,34.41114532761276,4,176,2002,6
2002-06-26,25.329993330314778,0.26054946,34.412671253085136,5,177,2002,6
2002-06-27,25.389993328973674,0.30082813,34.39741199836135,1,178,2002,6
2002-06-28,25.399993328750156,0.21796735,34.40504162572324,0,179,2002,6
2002-06-29,25.389993328973674,0.34366477,34.46913049556315,5,180,2002,6
2002-06-30,25.239993332326435,0.3038072,34.49201937764883,4,181,2002,6
2002-07-01,25.2599933318794,0.3050726,34.49049345217645,3,182,2002,7
2002-07-02,25.239993332326435,0.23646742,34.524063812568784,0,183,2002,7
2002-07-03,25.079993335902714,0.16400921,34.569841576740146,4,184,2002,7
2002-07-04,25.119993335008644,0.1992557,34.53932306729257,1,185,2002,7
2002-07-05,25.09999333545568,0.25062326,34.46760457009077,0,186,2002,7
2002-07-06,24.94999333880844,0.27072304,34.54847862012684,1,187,2002,7
2002-07-07,24.889993340149545,0.21825202,34.53932306729257,1,188,2002,7
2002-07-08,24.86999334059658,0.19643338,34.545426769182086,2,189,2002,7
2002-07-09,25.0299933370203,0.26496777,34.58815268240869,0,190,2002,7
2002-07-10,25.05999333634975,0.21396352,34.60036008618772,0,191,2002,7
2002-07-11,25.129993334785127,0.21723697,34.62477489374578,0,192,2002,7
2002-07-12,25.089993335679196,0.24718939,34.64003414846957,2,193,2002,7
2002-07-13,24.879993340373062,0.30007076,34.64003414846957,1,194,2002,7
2002-07-14,24.419993350654863,0.2971615,34.691915614530444,0,195,2002,7
2002-07-15,24.379993351548933,0.34695208,34.75905633531511,2,196,2002,7
2002-07-16,24.429993350431346,0.34749168,34.788048919290304,4,197,2002,7
2002-07-17,24.44999334998431,0.3715105,34.71175264567137,0,198,2002,7
2002-07-18,24.44999334998431,0.36695927,34.62782674469054,0,199,2002,7
2002-07-19,24.40999335087838,0.35346326,34.62172304280102,0,200,2002,7
2002-07-20,24.309993353113555,0.2692539,34.68886376358569,0,201,2002,7
2002-07-21,24.32999335266652,0.2715318,34.643085999414325,0,202,2002,7
2002-07-22,24.55999334752562,0.25479943,34.59883416071534,0,203,2002,7
2002-07-23,24.51999334841969,0.35622016,34.60036008618772,0,204,2002,7
2002-07-24,24.549993347749137,0.32811692,34.63393044658005,0,205,2002,7
2002-07-25,24.28999335356059,0.2925051,34.66444895602763,0,206,2002,7
2002-07-26,24.159993356466316,0.27811918,34.691915614530444,0,207,2002,7
2002-07-27,24.13999335691335,0.28534323,34.70870079472661,0,208,2002,7
2002-07-28,23.999993360042595,0.32611853,34.73616745322943,0,209,2002,7
2002-07-29,23.85999336317184,0.426319,34.79415262117982,0,210,2002,7
2002-07-30,23.759993365407013,0.44170853,34.766685962677,0,211,2002,7
2002-07-31,23.839993363618873,0.23103403,34.617145266383886,0,212,2002,7
2002-08-01,23.81999336406591,0.24142294,34.61409341543913,0,213,2002,8
2002-08-02,23.849993363395356,0.16830333,34.69801931641996,0,214,2002,8
2002-08-03,23.849993363395356,0.16870475,34.75447855889797,0,215,2002,8
2002-08-04,24.009993359819077,0.23353575,34.786522993817925,0,216,2002,8
2002-08-05,23.989993360266112,0.19714956,34.798730397596955,0,217,2002,8
2002-08-06,23.989993360266112,0.2556472,34.821619279682636,0,218,2002,8
2002-08-07,24.239993354678177,0.25232753,34.833826683461666,0,219,2002,8
2002-08-08,23.989993360266112,0.19118218,34.846034087240696,0,220,2002,8
2002-08-09,24.039993359148525,0.14416066,34.8170415032655,0,221,2002,8
2002-08-10,24.119993357360386,0.13411656,34.80483409948647,0,222,2002,8
2002-08-11,24.109993357583903,0.15308088,34.847560012713075,0,223,2002,8
2002-08-12,24.09999335780742,0.18318528,34.87502667121589,0,224,2002,8
2002-08-13,23.90999336205425,0.18649355,34.896389627829194,0,225,2002,8
2002-08-14,23.959993360936664,0.16894946,34.908597031608224,0,226,2002,8
2002-08-15,24.009993359819077,0.18355429,34.91164888255298,0,227,2002,8
2002-08-16,23.999993360042595,0.20668977,34.92233036085963,0,228,2002,8
2002-08-17,23.839993363618873,0.22672403,34.92690813727677,0,229,2002,8
2002-08-18,23.59999336898329,0.18649946,34.919278509914875,0,230,2002,8
2002-08-19,23.639993368089222,0.22401655,34.89333777688444,0,231,2002,8
2002-08-20,23.659993367642187,0.14785694,34.85518964007497,0,232,2002,8
2002-08-21,23.639993368089222,0.14468655,34.86281926743686,0,233,2002,8
2002-08-22,23.59999336898329,0.19814043,34.87655259668827,0,234,2002,8
2002-08-23,22.879993385076546,0.21187666,34.894863702356815,0,235,2002,8
2002-08-24,22.999993382394337,0.16747132,34.920804435387254,0,236,2002,8
2002-08-25,23.039993381500267,0.16061728,34.93606369011104,0,237,2002,8
2002-08-26,23.689993366971635,0.15754884,34.93453776463866,0,238,2002,8
2002-08-27,23.55999336987736,0.14610426,34.920804435387254,0,239,2002,8
2002-08-28,23.529993370547913,0.17826806,34.89181185141206,0,240,2002,8
2002-08-29,23.299993375688814,0.20010394,34.88570814952254,0,241,2002,8
2002-08-30,23.23999337702992,0.16974878,34.91164888255298,0,242,2002,8
2002-08-31,23.2499933768064,0.12304127,34.931485913693905,0,243,2002,8
2002-09-01,23.23999337702992,0.1311324,34.93606369011104,0,244,2002,9
2002-09-02,23.189993378147506,0.19460198,34.94521924294531,0,245,2002,9
2002-09-03,23.149993379041575,0.19755031,34.95132294483483,0,246,2002,9
2002-09-04,23.029993381723784,0.200782,34.95284887030721,0,247,2002,9
2002-09-05,22.679993389546894,0.23504697,34.94827109389007,0,248,2002,9
2002-09-06,22.62999339066448,0.1852301,34.93606369011104,0,249,2002,9
2002-09-07,22.619993390888,0.20548417,34.92233036085963,0,250,2002,9
2002-09-08,23.059993381053232,0.2009519,34.92233036085963,0,251,2002,9
2002-09-09,23.119993379712128,0.13908811,34.92843406274915,0,252,2002,9
2002-09-10,23.259993376582884,0.15922783,34.92385628633201,0,253,2002,9
2002-09-11,23.499993371218466,0.16271566,34.92538221180439,0,254,2002,9
2002-09-12,23.51999337077143,0.14771372,34.933011839166284,0,255,2002,9
2002-09-13,23.4799933716655,0.14642806,34.93758961558342,0,256,2002,9
2002-09-14,22.54999339245262,0.13967143,34.94064146652818,0,257,2002,9
2002-09-15,22.559993392229103,0.22564913,34.95895257219672,0,258,2002,9
2002-09-16,22.569993392005586,0.2510697,34.97726367786527,0,259,2002,9
2002-09-17,23.079993380606197,0.2636131,34.94674516841769,0,260,2002,9
2002-09-18,23.349993374571227,0.18072668,34.821619279682636,0,261,2002,9
2002-09-19,23.499993371218466,0.14229122,34.812463726848364,0,262,2002,9
2002-09-20,23.469993371889018,0.16907947,34.85366371460259,0,263,2002,9
2002-09-21,23.20999337770047,0.21444398,34.88113037310541,0,264,2002,9
2002-09-22,22.769993387535237,0.17610162,34.91622665897012,0,265,2002,9
2002-09-23,22.569993392005586,0.3113987,34.94521924294531,0,266,2002,9
2002-09-24,22.50999339334669,0.26101345,34.9604784976691,0,267,2002,9
2002-09-25,22.499993393570207,0.12820677,34.95132294483483,0,268,2002,9
2002-09-26,22.50999339334669,0.12246306,34.929959988221526,0,269,2002,9
2002-09-27,22.569993392005586,0.119878404,34.931485913693905,0,270,2002,9
2002-09-28,22.70999338887634,0.10242038,34.955900721251965,0,271,2002,9
2002-09-29,22.77999338731172,0.11625321,34.97573775239289,0,272,2002,9
2002-09-30,22.759993387758755,0.12203097,34.978789603337646,0,273,2002,9
2002-10-01,22.73999338820579,0.11472967,34.980315528810024,0,274,2002,10
2002-10-02,22.759993387758755,0.13905661,35.00930811278522,0,275,2002,10
2002-10-03,22.92999338395896,0.16004403,35.038300696760416,0,276,2002,10
2002-10-04,22.849993385747098,0.14236812,35.05508587695658,0,277,2002,10
2002-10-05,22.73999338820579,0.16634187,35.07034513168037,0,278,2002,10
2002-10-06,22.85999338552358,0.25243568,35.08407846093178,0,279,2002,10
2002-10-07,22.579993391782068,0.40731063,35.08407846093178,0,280,2002,10
2002-10-08,22.569993392005586,0.2943989,35.08102660998702,0,281,2002,10
2002-10-09,22.609993391111516,0.2522489,35.06729328073561,0,282,2002,10
2002-10-10,22.529993392899655,0.20198761,35.0535599514842,0,283,2002,10
2002-10-11,22.609993391111516,0.26223677,35.062715504318476,0,284,2002,10
2002-10-12,22.799993386864685,0.289201,35.06729328073561,0,285,2002,10
2002-10-13,22.92999338395896,0.40466854,35.064241429790854,0,286,2002,10
2002-10-14,22.909993384405993,0.29495654,35.05813772790134,0,287,2002,10
2002-10-15,22.92999338395896,0.29588383,35.05966365337372,0,288,2002,10
2002-10-16,22.70999338887634,0.4135035,35.064241429790854,0,289,2002,10
2002-10-17,22.46999339424076,0.4263241,35.06881920620799,0,290,2002,10
2002-10-18,22.329993397370004,0.49780527,35.074922908097506,0,291,2002,10
2002-10-19,22.1599934011698,0.36104727,35.08407846093178,0,292,2002,10
2002-10-20,22.19999340027573,1.0843092,35.088656237348914,0,293,2002,10
2002-10-21,22.249993399158143,0.69009036,35.09323401376605,0,294,2002,10
2002-10-22,22.729993388429307,0.416053,35.09475993923843,0,295,2002,10
2002-10-23,22.839993385970615,0.25139645,35.09018216282129,0,296,2002,10
2002-10-24,22.81999338641765,0.30672428,35.09170808829367,0,297,2002,10
2002-10-25,22.639993390440964,0.4282333,35.09170808829367,0,298,2002,10
2002-10-26,22.66999338977041,0.3383312,35.09170808829367,0,299,2002,10
2002-10-27,22.639993390440964,0.6770248,35.087130311876535,0,300,2002,10
2002-10-28,22.719993388652824,0.6770248,35.0825525354594,0,301,2002,10
2002-10-29,22.62999339066448,0.41346565,35.08102660998702,0,302,2002,10
2002-10-30,22.559993392229103,0.32194617,35.08102660998702,0,303,2002,10
2002-10-31,22.459993394464277,0.43668804,35.0825525354594,0,304,2002,10
2002-11-01,21.899993406981253,0.3012737,35.0825525354594,0,305,2002,11
2002-11-02,21.909993406757735,0.3099914,35.09323401376605,0,306,2002,11
2002-11-03,21.919993406534218,0.46044803,35.10544141754508,0,307,2002,11
2002-11-04,22.93999338373544,0.43910828,35.1039154920727,0,308,2002,11
2002-11-05,22.96999338306489,0.22624226,35.09781179018319,0,309,2002,11
2002-11-06,22.989993382617854,0.2269834,35.09781179018319,0,310,2002,11
2002-11-07,22.839993385970615,0.34818515,35.09170808829367,0,311,2002,11
2002-11-08,22.879993385076546,0.21329169,35.08102660998702,0,312,2002,11
2002-11-09,22.85999338552358,0.22723754,35.07339698262513,0,313,2002,11
2002-11-10,22.569993392005586,0.2034315,35.062715504318476,0,314,2002,11
2002-11-11,22.97999338284137,0.20343639,35.05508587695658,0,315,2002,11
2002-11-12,23.059993381053232,0.37798893,35.05813772790134,0,316,2002,11
2002-11-13,23.28999337591233,0.32731023,35.05966365337372,0,317,2002,11
2002-11-14,23.799993364512943,0.2904186,35.0535599514842,0,318,2002,11
2002-11-15,23.78999336473646,0.18762866,35.050508100539446,0,319,2002,11
2002-11-16,23.82999336384239,0.16983025,35.04745624959469,0,320,2002,11
2002-11-17,23.43999337255957,0.21187992,35.052034026011825,0,321,2002,11
2002-11-18,23.459993372112535,0.24340993,35.0535599514842,0,322,2002,11
2002-11-19,23.409993373230122,0.34719464,35.0535599514842,0,323,2002,11
2002-11-20,23.86999336294832,0.28349596,35.04593032412231,0,324,2002,11
2002-11-21,23.85999336317184,0.21228227,35.039826622232795,0,325,2002,11
2002-11-22,23.889993362501286,0.21102712,35.03372292034328,0,326,2002,11
2002-11-23,22.909993384405993,0.41696134,35.01998959109187,0,327,2002,11
2002-11-24,22.759993387758755,0.41878715,35.01235996372998,0,328,2002,11
2002-11-25,22.769993387535237,0.31085578,35.03067106939852,0,329,2002,11
2002-11-26,22.749993387982272,0.33365437,35.064241429790854,0,330,2002,11
2002-11-27,22.849993385747098,0.2919266,35.07797475904226,0,331,2002,11
2002-11-28,22.96999338306489,0.52513546,35.05508587695658,0,332,2002,11
2002-11-29,22.759993387758755,0.52513546,35.01998959109187,0,333,2002,11
2002-11-30,22.989993382617854,0.18397425,35.00625626184046,0,334,2002,11
2002-12-01,23.419993373006605,0.183986,35.013885889202356,0,335,2002,12
2002-12-02,23.739993365854048,0.23915818,35.01998959109187,0,336,2002,12
2002-12-03,24.01999335959556,0.24692467,35.026093292981386,0,337,2002,12
2002-12-04,24.159993356466316,0.21757461,35.026093292981386,0,338,2002,12
2002-12-05,24.379993351548933,0.20878835,35.016937740147114,0,339,2002,12
2002-12-06,24.52999334819617,0.1603434,35.01235996372998,0,340,2002,12
2002-12-07,24.549993347749137,0.09948018,35.00625626184046,0,341,2002,12
2002-12-08,24.52999334819617,0.21972953,35.013885889202356,0,342,2002,12
2002-12-09,25.09999333545568,0.13331334,35.03372292034328,0,343,2002,12
2002-12-10,25.269993331655883,0.15959656,35.04135254770517,0,344,2002,12
2002-12-11,25.389993328973674,0.18111902,35.02456736750901,0,345,2002,12
2002-12-12,24.43999335020783,0.23206829,35.0321969948709,0,346,2002,12
2002-12-13,24.52999334819617,0.24768427,35.050508100539446,0,347,2002,12
2002-12-14,24.539993347972654,0.16406527,35.05661180242896,0,348,2002,12
2002-12-15,24.339993352443003,0.16406527,35.052034026011825,0,349,2002,12
2002-12-16,24.119993357360386,0.29536346,35.04745624959469,0,350,2002,12
2002-12-17,23.97999336048963,0.2953613,35.04440439864993,0,351,2002,12
2002-12-18,23.959993360936664,0.30180824,35.038300696760416,0,352,2002,12
2002-12-19,23.889993362501286,0.5313216,35.03524884581566,0,353,2002,12
2002-12-20,23.879993362724804,0.56142044,35.03372292034328,0,354,2002,12
2002-12-21,23.90999336205425,0.55412275,35.0321969948709,0,355,2002,12
2002-12-22,24.86999334059658,0.28195223,35.04440439864993,0,356,2002,12
2002-12-23,24.83999334126713,0.23152494,35.08560438640416,0,357,2002,12
2002-12-24,24.82999334149065,0.17947431,35.099337715655565,0,358,2002,12
2002-12-25,25.309993330761813,0.34040114,35.04745624959469,0,359,2002,12
2002-12-26,25.37999332919719,0.22532961,35.01998959109187,0,360,2002,12
2002-12-27,25.249993332102918,0.21699667,35.02151551656425,0,361,2002,12
2002-12-28,24.779993342608236,0.28298402,35.016937740147114,0,362,2002,12
2002-12-29,24.769993342831754,0.29393998,35.00167848542333,0,363,2002,12
2002-12-30,24.779993342608236,0.34712946,34.978789603337646,0,364,2002,12
2002-12-31,25.14999333433809,,34.968108125030994,0,365,2002,12
2003-01-01,25.739993321150564,0.26932967,34.954374795779586,0,1,2003,1
2003-01-02,25.91999331712725,0.17984882,34.933011839166284,0,2,2003,1
2003-01-03,25.869993318244838,0.13764404,34.91164888255298,0,3,2003,1
2003-01-04,25.36999332942071,0.1865769,34.91317480802536,0,4,2003,1
2003-01-05,25.33999333009126,0.46771035,34.929959988221526,0,5,2003,1
2003-01-06,25.21999333277347,0.2110922,34.92538221180439,0,6,2003,1
2003-01-07,25.469993327185534,0.33558533,34.917752584442496,0,7,2003,1
2003-01-08,25.509993326291465,1.026107,34.90554518066347,0,8,2003,1
2003-01-09,25.869993318244838,0.20293957,34.894863702356815,0,9,2003,1
2003-01-10,26.439993305504345,0.20075439,34.93606369011104,0,10,2003,1
2003-01-11,26.439993305504345,0.19118409,34.95742664672434,0,11,2003,1
2003-01-12,26.41999330595138,0.2151711,34.92843406274915,0,12,2003,1
2003-01-13,25.849993318691872,0.5472721,34.89181185141206,0,13,2003,1
2003-01-14,25.779993320256494,0.5472721,34.85518964007497,0,14,2003,1
2003-01-15,25.749993320927047,0.2577128,34.79110077023506,0,15,2003,1
2003-01-16,25.509993326291465,0.25772974,34.80788595043123,0,16,2003,1
2003-01-17,25.599993324279808,0.26206744,34.89333777688444,0,17,2003,1
2003-01-18,25.549993325397395,0.5010853,34.92843406274915,0,18,2003,1
2003-01-19,25.899993317574285,0.5144718,34.94521924294531,0,19,2003,1
2003-01-20,26.159993311762832,0.53553426,34.94674516841769,0,20,2003,1
2003-01-21,26.249993309751176,0.4765375,34.94827109389007,0,21,2003,1
2003-01-22,26.389993306621932,0.16500595,34.93606369011104,0,22,2003,1
2003-01-23,25.549993325397395,0.18848975,34.88570814952254,0,23,2003,1
2003-01-24,25.279993331432365,0.28339744,34.8170415032655,0,24,2003,1
2003-01-25,25.309993330761813,0.258657,34.79415262117982,0,25,2003,1
2003-01-26,25.519993326067947,0.2503085,34.84908593818545,0,26,2003,1
2003-01-27,25.709993321821116,0.24549899,34.8170415032655,0,27,2003,1
2003-01-28,26.22999331019821,0.20769155,34.77889336645603,0,28,2003,1
2003-01-29,26.079993313550972,0.21800408,34.77278966456652,0,29,2003,1
2003-01-30,26.049993314221524,0.6838194,34.77889336645603,0,30,2003,1
2003-01-31,26.089993313327454,0.16282012,34.775841515511274,0,31,2003,1
2003-02-01,26.669993300363444,0.16282012,34.77278966456652,0,32,2003,2
2003-02-02,26.65999330058696,0.4545034,34.75295263342559,0,33,2003,2
2003-02-03,26.639993301033996,0.4545034,34.74379708059132,0,34,2003,2
2003-02-04,26.68999329991641,0.95759183,34.788048919290304,0,35,2003,2
2003-02-05,27.50999328158798,0.2579264,34.78347114287317,0,36,2003,2
2003-02-06,27.669993278011702,0.20466541,34.77126373909414,0,37,2003,2
2003-02-07,27.919993272423767,0.13438542,34.76821188814938,0,38,2003,2
2003-02-08,27.879993273317837,0.1824039,34.79110077023506,0,39,2003,2
2003-02-09,27.909993272647284,0.17258504,34.71175264567137,0,40,2003,2
2003-02-10,28.19999326616528,0.15455094,34.643085999414325,0,41,2003,2
2003-02-11,28.07999326884749,0.1257825,34.65681932866573,0,42,2003,2
2003-02-12,27.81999327465894,0.12505086,34.70107116736472,0,43,2003,2
2003-02-13,27.769993275776528,0.12505086,34.725485974922776,0,44,2003,2
2003-02-14,26.60999330170455,0.15258376,34.73616745322943,0,45,2003,2
2003-02-15,26.639993301033996,0.2889741,34.75600448437035,0,46,2003,2
2003-02-16,26.53999330326917,0.22959067,34.76821188814938,0,47,2003,2
2003-02-17,25.969993316009663,0.155192,34.79415262117982,0,48,2003,2
2003-02-18,26.119993312656902,0.2651001,34.83993038535118,0,49,2003,2
2003-02-19,26.10999331288042,0.1989054,34.86892296932638,0,50,2003,2
2003-02-20,25.619993323832773,0.20599978,34.89028592593968,0,51,2003,2
2003-02-21,25.249993332102918,0.46205673,34.92385628633201,0,52,2003,2
2003-02-22,25.289993331208848,0.39840767,34.96505627408624,0,53,2003,2
2003-02-23,25.44999332763257,0.35735467,35.00167848542333,0,54,2003,2
2003-02-24,25.60999332405629,0.46445647,35.01998959109187,0,55,2003,2
2003-02-25,25.749993320927047,0.47168142,34.95895257219672,0,56,2003,2
2003-02-26,25.909993317350768,0.88517034,34.92385628633201,0,57,2003,2
2003-02-27,26.239993309974693,0.88517034,34.88723407499492,0,58,2003,2
2003-02-28,26.429993305727862,0.2800707,34.80788595043123,0,59,2003,2
2003-03-01,26.5799933023751,0.34241155,34.749900782480836,0,60,2003,3
2003-03-02,27.07999329119923,0.14594708,34.798730397596955,0,61,2003,3
2003-03-03,26.88999329544606,0.20144093,34.859767416492105,0,62,2003,3
2003-03-04,26.859993296116613,0.31627885,34.87350074574351,0,63,2003,3
2003-03-05,26.799993297457718,0.26142335,34.7453230060637,0,64,2003,3
2003-03-06,27.099993290752195,0.27162963,34.51643418520689,0,65,2003,3
2003-03-07,27.11999329030516,0.14866045,34.39283422194421,0,66,2003,3
2003-03-08,27.81999327465894,0.104752004,34.43250828422606,0,67,2003,3
2003-03-09,27.839993274211906,0.10141112,34.440137911587954,0,68,2003,3
2003-03-10,27.84999327398839,0.1481896,34.403515700250864,0,69,2003,3
2003-03-11,27.729993276670598,0.14974225,34.38062681816518,0,70,2003,3
2003-03-12,27.799993275105976,0.15985592,34.379100892692804,0,71,2003,3
2003-03-13,27.749993276223563,0.09911242,34.463026793673635,0,72,2003,3
2003-03-14,27.759993276000046,0.27194172,34.508804557845,0,73,2003,3
2003-03-15,27.77999327555301,0.09640779,34.47828604839742,0,74,2003,3
2003-03-16,28.07999326884749,0.09691241,34.54237491823733,0,75,2003,3
2003-03-17,27.88999327309432,0.117475435,34.65987117961049,1,76,2003,3
2003-03-18,27.38999328427019,0.13407579,34.836878534406424,0,77,2003,3
2003-03-19,27.329993285611295,0.2176034,34.91470073349774,0,78,2003,3
2003-03-20,27.27999328672888,0.12047367,34.90096740424633,0,79,2003,3
2003-03-21,27.369993284717225,0.119536385,34.896389627829194,0,80,2003,3
2003-03-22,27.42999328337612,0.12355047,34.87655259668827,0,81,2003,3
2003-03-23,27.4999932818115,0.12369624,34.65834525413811,0,82,2003,3
2003-03-24,27.459993282705568,0.25111502,34.49354530312121,0,83,2003,3
2003-03-25,27.449993282929086,0.25885338,34.44471568800509,0,84,2003,3
2003-03-26,27.729993276670598,0.219847,34.437086060643196,0,85,2003,3
2003-03-27,28.16999326683583,0.24190615,34.4294564332813,0,86,2003,3
2003-03-28,28.209993265941762,0.22740813,34.38215274363756,2,87,2003,3
2003-03-29,27.84999327398839,0.32774496,34.4584490172565,0,88,2003,3
2003-03-30,27.629993278905772,0.39529586,34.62782674469054,0,89,2003,3
2003-03-31,27.2699932869524,0.6497798,34.766685962677,1,90,2003,3
2003-04-01,27.009993292763852,0.8672866,34.821619279682636,1,91,2003,4
2003-04-02,26.989993293210887,1.2543033,34.823145205155015,3,92,2003,4
2003-04-03,27.709993277117633,0.39881268,34.79720447212458,1,93,2003,4
2003-04-04,27.709993277117633,0.2130679,34.6736045088619,3,94,2003,4
2003-04-05,27.729993276670598,0.2031182,34.64918970130384,2,95,2003,4
2003-04-06,27.529993281140946,0.2030149,34.534745290875435,2,96,2003,4
2003-04-07,27.459993282705568,0.19907324,34.354686085134745,0,97,2003,4
2003-04-08,27.339993285387777,0.19932821,34.28449351340532,0,98,2003,4
2003-04-09,27.369993284717225,0.5008991,34.3363749794662,1,99,2003,4
2003-04-10,27.339993285387777,0.26007432,34.401989774778485,1,100,2003,4
2003-04-11,27.329993285611295,0.46427092,34.46760457009077,1,101,2003,4
2003-04-12,26.5799933023751,0.46501565,34.5805230550468,1,102,2003,4
2003-04-13,26.65999330058696,0.6486669,34.655293403193355,3,103,2003,4
2003-04-14,26.65999330058696,0.5206152,34.66444895602763,2,104,2003,4
2003-04-15,27.0399932920933,0.23158838,34.57441935315728,4,105,2003,4
2003-04-16,27.329993285611295,0.13090329,34.521011961624026,3,106,2003,4
2003-04-17,27.609993279352807,0.14124438,34.56831565126777,1,107,2003,4
2003-04-18,27.569993280246877,0.20162329,34.61256748996675,0,108,2003,4
2003-04-19,27.42999328337612,0.23328821,34.620197117328644,1,109,2003,4
2003-04-20,27.449993282929086,0.17691089,34.60036008618772,1,110,2003,4
2003-04-21,27.58999327979984,0.12836827,34.56831565126777,6,111,2003,4
2003-04-22,27.709993277117633,0.12856033,34.475234197452664,8,112,2003,4
2003-04-23,27.629993278905772,0.12569337,34.45387124083936,7,113,2003,4
2003-04-24,27.649993278458737,0.15414733,34.16547132655978,5,114,2003,4
2003-04-25,27.11999329030516,0.19649184,33.93658250570297,2,115,2003,4
2003-04-26,27.209993288293504,0.29201007,34.02508618310094,3,116,2003,4
2003-04-27,27.209993288293504,0.21595916,34.09375282935798,6,117,2003,4
2003-04-28,27.299993286281847,0.27842176,34.15326392278075,4,118,2003,4
2003-04-29,27.209993288293504,0.21809176,34.20361946336925,1,119,2003,4
2003-04-30,27.34999328516426,0.21806148,34.232612047344446,3,120,2003,4
2003-05-01,27.61999327912929,0.15626165,34.16699725203216,3,121,2003,5
2003-05-02,27.61999327912929,0.16538805,34.18225650675595,1,122,2003,5
2003-05-03,27.529993281140946,0.16795678,34.15478984825313,5,123,2003,5
2003-05-04,27.529993281140946,0.16630404,34.054078767076135,2,124,2003,5
2003-05-05,27.4999932818115,0.17711008,33.948789909482,2,125,2003,5
2003-05-06,27.519993281364464,0.23880523,33.90453807078302,2,126,2003,5
2003-05-07,27.34999328516426,0.2770791,33.922849176451564,3,127,2003,5
2003-05-08,27.459993282705568,0.27728418,33.849604753777385,1,128,2003,5
2003-05-09,27.409993283823155,0.28202087,33.89385659247637,4,129,2003,5
2003-05-10,27.369993284717225,0.49829218,33.849604753777385,2,130,2003,5
2003-05-11,27.289993286505364,0.49543053,33.71379738673568,6,131,2003,5
2003-05-12,27.399993284046673,0.49594757,33.69090850465,2,132,2003,5
2003-05-13,27.4999932818115,0.51671606,33.67259739898145,0,133,2003,5
2003-05-14,27.559993280470394,0.5723841,33.8053529150784,0,134,2003,5
2003-05-15,27.559993280470394,0.28872097,34.02661210857332,2,135,2003,5
2003-05-16,27.57999328002336,0.29168773,34.06933802179992,12,136,2003,5
2003-05-17,27.099993290752195,0.30609232,34.46455271914601,5,137,2003,5
2003-05-18,27.049993291869782,0.35804105,34.50727863237262,3,138,2003,5
2003-05-19,27.059993291646265,0.45302877,34.414197178557515,5,139,2003,5
2003-05-20,26.779993297904753,0.25391257,34.43250828422606,2,140,2003,5
2003-05-21,26.759993298351787,0.37057385,34.5011749304831,4,141,2003,5
2003-05-22,26.76999329812827,0.491411,34.56831565126777,2,142,2003,5
2003-05-23,26.639993301033996,0.5015098,34.6018860116601,4,143,2003,5
2003-05-24,26.61999330148103,0.28519374,34.63698229752481,3,144,2003,5
2003-05-25,26.469993304833793,0.23902299,34.72243412397802,6,145,2003,5
2003-05-26,26.329993307963036,0.36437634,34.812463726848364,2,146,2003,5
2003-05-27,25.98999331556263,0.31094807,34.859767416492105,7,147,2003,5
2003-05-28,26.009993315115594,0.49025327,34.89028592593968,2,148,2003,5
2003-05-29,26.009993315115594,0.54098797,34.521011961624026,4,149,2003,5
2003-05-30,26.429993305727862,0.5746654,34.377574967220426,7,150,2003,5
2003-05-31,26.479993304610275,0.72863066,34.426404582336545,2,151,2003,5
2003-06-01,26.469993304833793,0.71088266,34.366893488913774,2,152,2003,6
2003-06-02,26.049993314221524,0.59180915,34.35926386155188,1,153,2003,6
2003-06-03,25.98999331556263,0.6555482,34.45234531536698,6,154,2003,6
2003-06-04,25.969993316009663,0.67817676,34.51948603615165,7,155,2003,6
2003-06-05,25.779993320256494,0.5769484,34.595782309770584,4,156,2003,6
2003-06-06,25.709993321821116,0.6391034,34.62630081921816,0,157,2003,6
2003-06-07,25.589993324503325,0.6356232,34.59730823524296,3,158,2003,6
2003-06-08,25.469993327185534,0.6808607,34.4798119738698,5,159,2003,6
2003-06-09,25.439993327856087,0.7440434,34.415723104029894,1,160,2003,6
2003-06-10,25.349993329867743,0.5086084,34.46455271914601,2,161,2003,6
2003-06-11,25.289993331208848,0.5082145,34.46455271914601,5,162,2003,6
2003-06-12,25.279993331432365,0.39775422,34.487441601231694,0,163,2003,6
2003-06-13,25.579993324726843,0.6951473,34.511856408789754,5,164,2003,6
2003-06-14,25.739993321150564,0.62509584,34.49201937764883,6,165,2003,6
2003-06-15,25.659993322938703,0.521197,34.48896752670407,3,166,2003,6
2003-06-16,25.669993322715186,0.5788173,34.39436014741659,1,167,2003,6
2003-06-17,25.639993323385738,0.51865506,34.38825644552708,6,168,2003,6
2003-06-18,25.519993326067947,0.48705435,34.47676012292504,0,169,2003,6
2003-06-19,25.549993325397395,0.68455327,34.56526380032301,2,170,2003,6
2003-06-20,25.509993326291465,0.6979261,34.655293403193355,9,171,2003,6
2003-06-21,25.539993325620912,0.35295746,34.653767477720976,0,172,2003,6
2003-06-22,25.549993325397395,0.2719636,34.68886376358569,0,173,2003,6
2003-06-23,25.509993326291465,0.29692832,34.63393044658005,2,174,2003,6
2003-06-24,25.479993326962017,0.8097414,34.56221194937825,1,175,2003,6
2003-06-25,25.389993328973674,0.68846667,34.52558973804116,0,176,2003,6
2003-06-26,25.189993333444022,0.36929825,34.607989713549614,2,177,2003,6
2003-06-27,25.14999333433809,0.31975606,34.65834525413811,0,178,2003,6
2003-06-28,25.079993335902714,0.3214875,34.533219365403056,2,179,2003,6
2003-06-29,24.78999334238472,0.30837244,34.54084899276495,3,180,2003,6
2003-06-30,24.729993343725823,0.36697367,34.61561934091151,0,181,2003,6
2003-07-01,24.729993343725823,0.4775711,34.68123413622379,4,182,2003,7
2003-07-02,24.74999334327879,0.5269688,34.716330422088504,2,183,2003,7
2003-07-03,24.729993343725823,0.5420615,34.749900782480836,1,184,2003,7
2003-07-04,24.579993347078585,0.6609246,34.76058226078749,0,185,2003,7
2003-07-05,24.48999334909024,0.66043544,34.78499706834555,0,186,2003,7
2003-07-06,24.24999335445466,0.462907,34.83077483251691,3,187,2003,7
2003-07-07,24.269993354007624,0.4235196,34.85518964007497,2,188,2003,7
2003-07-08,24.28999335356059,0.38437048,34.85366371460259,3,189,2003,7
2003-07-09,24.299993353337072,0.3593808,34.84298223629594,4,190,2003,7
2003-07-10,24.40999335087838,0.4990542,34.83993038535118,2,191,2003,7
2003-07-11,24.379993351548933,0.5134029,34.833826683461666,3,192,2003,7
2003-07-12,24.399993351101898,0.44984868,34.833826683461666,0,193,2003,7
2003-07-13,24.689993344619893,0.4124397,34.836878534406424,4,194,2003,7
2003-07-14,24.47999334931376,0.36998585,34.8384044598788,0,195,2003,7
2003-07-15,24.309993353113555,0.45617262,34.85671556554735,7,196,2003,7
2003-07-16,24.279993353784107,0.37295017,34.87807852216065,3,197,2003,7
2003-07-17,24.05999335870149,0.4098621,34.89333777688444,3,198,2003,7
2003-07-18,24.109993357583903,0.44435415,34.90249332971871,0,199,2003,7
2003-07-19,24.09999335780742,0.43845415,34.908597031608224,1,200,2003,7
2003-07-20,24.1699933562428,0.42900583,34.91470073349774,0,201,2003,7
2003-07-21,24.12999335713687,0.6159622,34.919278509914875,1,202,2003,7
2003-07-22,24.039993359148525,0.82435656,34.92843406274915,0,203,2003,7
2003-07-23,23.66999336741867,0.6520202,34.93758961558342,0,204,2003,7
2003-07-24,23.66999336741867,0.53514266,34.92385628633201,0,205,2003,7
2003-07-25,23.639993368089222,0.5461118,34.933011839166284,0,206,2003,7
2003-07-26,23.719993366301082,0.38572618,34.95742664672434,2,207,2003,7
2003-07-27,23.769993365183495,0.3686545,34.96505627408624,2,208,2003,7
2003-07-28,23.769993365183495,0.661063,34.97421182692051,1,209,2003,7
2003-07-29,23.89999336227777,0.5337134,34.98336737975478,0,210,2003,7
2003-07-30,23.90999336205425,0.2706458,34.97421182692051,0,211,2003,7
2003-07-31,23.90999336205425,0.30321681,34.96353034861386,0,212,2003,7
2003-08-01,24.009993359819077,0.39008355,34.966582199558616,0,213,2003,8
2003-08-02,23.809993364289426,0.33175156,34.990997007116675,0,214,2003,8
2003-08-03,23.78999336473646,0.39095274,35.052034026011825,0,215,2003,8
2003-08-04,23.729993366077565,0.32712236,34.990997007116675,0,216,2003,8
2003-08-05,23.609993368759774,0.40363285,34.99557478353381,0,217,2003,8
2003-08-06,23.609993368759774,0.48701409,35.00778218731284,0,218,2003,8
2003-08-07,23.699993366748117,0.49019223,35.01846366561949,0,219,2003,8
2003-08-08,23.9399933613837,0.36033008,35.02151551656425,0,220,2003,8
2003-08-09,23.78999336473646,0.33263487,35.02304144203663,0,221,2003,8
2003-08-10,23.739993365854048,0.2756684,35.02456736750901,0,222,2003,8
2003-08-11,23.099993380159162,0.25127712,35.02456736750901,0,223,2003,8
2003-08-12,23.159993378818058,0.3126672,35.029145143926144,0,224,2003,8
2003-08-13,23.159993378818058,0.3574685,35.03067106939852,0,225,2003,8
2003-08-14,23.579993369430326,0.2961842,35.03067106939852,0,226,2003,8
2003-08-15,23.809993364289426,0.19371617,35.03524884581566,0,227,2003,8
2003-08-16,23.699993366748117,0.26044974,35.03524884581566,0,228,2003,8
2003-08-17,23.929993361607217,0.23432454,35.03524884581566,0,229,2003,8
2003-08-18,24.13999335691335,0.18115528,35.0321969948709,0,230,2003,8
2003-08-19,23.90999336205425,0.17253107,35.02456736750901,0,231,2003,8
2003-08-20,23.81999336406591,0.20107815,35.026093292981386,0,232,2003,8
2003-08-21,23.66999336741867,0.23229288,35.027619218453765,0,233,2003,8
2003-08-22,23.429993372783088,0.29218605,35.050508100539446,0,234,2003,8
2003-08-23,23.339993374794744,0.38207522,35.08407846093178,0,235,2003,8
2003-08-24,23.32999337501826,0.4125833,35.088656237348914,0,236,2003,8
2003-08-25,23.039993381500267,0.41385233,35.09323401376605,0,237,2003,8
2003-08-26,23.0199933819473,0.3718542,35.09018216282129,0,238,2003,8
2003-08-27,23.199993377923988,0.40704757,35.076448833569884,0,239,2003,8
2003-08-28,23.059993381053232,0.30524695,35.06881920620799,0,240,2003,8
2003-08-29,23.069993380829715,0.29363933,35.05661180242896,0,241,2003,8
2003-08-30,23.179993378371023,0.29791084,35.04287847317755,0,242,2003,8
2003-08-31,23.259993376582884,0.2836947,35.026093292981386,0,243,2003,8
2003-09-01,23.269993376359366,0.26319328,35.027619218453765,0,244,2003,9
2003-09-02,23.569993369653844,0.1848012,35.027619218453765,0,245,2003,9
2003-09-03,23.989993360266112,0.16686931,35.027619218453765,0,246,2003,9
2003-09-04,24.269993354007624,0.21946461,35.03067106939852,0,247,2003,9
2003-09-05,23.809993364289426,0.21110559,35.0321969948709,0,248,2003,9
2003-09-06,23.449993372336053,0.35285833,35.038300696760416,0,249,2003,9
2003-09-07,23.189993378147506,0.27002138,35.039826622232795,0,250,2003,9
2003-09-08,22.959993383288406,1.0273818,35.039826622232795,0,251,2003,9
2003-09-09,22.749993387982272,1.2671281,35.039826622232795,0,252,2003,9
2003-09-10,22.559993392229103,0.81454223,35.038300696760416,0,253,2003,9
2003-09-11,22.46999339424076,0.31003374,35.04135254770517,0,254,2003,9
2003-09-12,22.099993402510904,0.38751528,35.04898217506707,0,255,2003,9
2003-09-13,21.96999340541663,0.28246608,35.05508587695658,0,256,2003,9
2003-09-14,21.959993405640148,0.6174752,35.05813772790134,0,257,2003,9
2003-09-15,21.88999340720477,0.54336166,35.0611895788461,0,258,2003,9
2003-09-16,21.879993407428287,0.4415822,35.06729328073561,0,259,2003,9
2003-09-17,21.88999340720477,0.7609141,35.074922908097506,0,260,2003,9
2003-09-18,21.99999340474608,0.69235784,35.07950068451464,0,261,2003,9
2003-09-19,22.019993404299044,0.6479752,35.08560438640416,0,262,2003,9
2003-09-20,22.019993404299044,0.5155969,35.088656237348914,0,263,2003,9
2003-09-21,22.35999339669945,0.34513858,35.088656237348914,0,264,2003,9
2003-09-22,22.329993397370004,0.31882662,35.09170808829367,0,265,2003,9
2003-09-23,22.249993399158143,0.47223502,35.100863641127944,0,266,2003,9
2003-09-24,22.19999340027573,0.5087605,35.110019193962216,0,267,2003,9
2003-09-25,21.989993404969596,0.48489586,35.11459697037935,0,268,2003,9
2003-09-26,21.949993405863665,0.4690161,35.11917474679649,0,269,2003,9
2003-09-27,22.019993404299044,0.42188272,35.12070067226887,0,270,2003,9
2003-09-28,22.23999339938166,0.4525492,35.122226597741246,0,271,2003,9
2003-09-29,22.249993399158143,0.3608295,35.123752523213625,0,272,2003,9
2003-09-30,22.219993399828695,0.3905115,35.122226597741246,0,273,2003,9
2003-10-01,22.08999340273442,0.43897617,35.12833029963076,0,274,2003,10
2003-10-02,22.019993404299044,0.32629836,35.14206362888217,0,275,2003,10
2003-10-03,22.019993404299044,0.26295173,35.14969325624406,0,276,2003,10
2003-10-04,21.439993417263054,0.27717382,35.15579695813358,0,277,2003,10
2003-10-05,21.569993414357327,0.43080363,35.16647843644023,0,278,2003,10
2003-10-06,21.65999341234567,0.5086074,35.18021176569164,0,279,2003,10
2003-10-07,22.169993400946282,0.65598625,35.18784139305353,0,280,2003,10
2003-10-08,22.54999339245262,0.3454811,35.19394509494305,0,281,2003,10
2003-10-09,23.109993379935645,0.20008719,35.18784139305353,0,282,2003,10
2003-10-10,23.729993366077565,0.2240135,35.20004879683256,0,283,2003,10
2003-10-11,23.58999336920681,0.24586989,35.22446360439062,0,284,2003,10
2003-10-12,23.50999337099495,0.20142005,35.225989529863,0,285,2003,10
2003-10-13,23.179993378371023,0.22865142,35.21530805155635,0,286,2003,10
2003-10-14,22.559993392229103,0.29101893,35.207678424194455,0,287,2003,10
2003-10-15,22.609993391111516,0.32092583,35.2046265732497,0,288,2003,10
2003-10-16,22.66999338977041,0.31012297,35.2046265732497,0,289,2003,10
2003-10-17,22.39999339580538,0.37373587,35.2046265732497,0,290,2003,10
2003-10-18,22.459993394464277,0.46071744,35.20310064777732,0,291,2003,10
2003-10-19,22.489993393793725,0.5420314,35.206152498722076,0,292,2003,10
2003-10-20,23.489993371441983,0.26199532,35.2046265732497,0,293,2003,10
2003-10-21,23.469993371889018,0.18125013,35.158848809078336,0,294,2003,10
2003-10-22,23.39999337345364,0.2429977,35.148167330771685,0,295,2003,10
2003-10-23,22.749993387982272,0.4420807,35.172582138329744,0,296,2003,10
2003-10-24,22.30999339781704,0.4119221,35.19852287136018,0,297,2003,10
2003-10-25,22.39999339580538,0.402895,35.21530805155635,0,298,2003,10
2003-10-26,22.579993391782068,0.24023536,35.221411753445864,0,299,2003,10
2003-10-27,22.369993396475934,0.6239,35.225989529863,0,300,2003,10
2003-10-28,22.269993398711108,0.586009,35.232093231752515,0,301,2003,10
2003-10-29,22.229993399605178,0.55533755,35.232093231752515,0,302,2003,10
2003-10-30,21.99999340474608,0.48802888,35.225989529863,0,303,2003,10
2003-10-31,21.96999340541663,0.4462645,35.22904138080776,0,304,2003,10
2003-11-01,21.949993405863665,0.46846977,35.22446360439062,0,305,2003,11
2003-11-02,23.689993366971635,0.25190032,35.19852287136018,0,306,2003,11
2003-11-03,23.58999336920681,0.13429287,35.17868584021926,0,307,2003,11
2003-11-04,23.28999337591233,0.19866152,35.20157472230494,0,308,2003,11
2003-11-05,22.419993395358347,0.28100273,35.21530805155635,0,309,2003,11
2003-11-06,22.34999339692297,0.17361574,35.207678424194455,0,310,2003,11
2003-11-07,22.379993396252416,0.28919464,35.195471020415425,0,311,2003,11
2003-11-08,22.729993388429307,0.20380975,35.18936731852591,0,312,2003,11
2003-11-09,22.839993385970615,0.20380975,35.183263616636395,0,313,2003,11
2003-11-10,22.869993385300063,0.28344777,35.16495251096785,0,314,2003,11
2003-11-11,23.08999338038268,0.21833088,35.14206362888217,0,315,2003,11
2003-11-12,23.059993381053232,0.17492396,35.14206362888217,0,316,2003,11
2003-11-13,23.04999338127675,0.34516868,35.134434001520276,0,317,2003,11
2003-11-14,23.039993381500267,0.34516868,35.123752523213625,0,318,2003,11
2003-11-15,23.27999337613585,0.254635,35.13138215057552,0,319,2003,11
2003-11-16,23.31999337524178,0.23650949,35.16647843644023,0,320,2003,11
2003-11-17,22.989993382617854,0.22580065,35.18936731852591,0,321,2003,11
2003-11-18,23.459993372112535,0.29779595,35.1756339892745,0,322,2003,11
2003-11-19,23.43999337255957,0.19253987,35.16800436191261,0,323,2003,11
2003-11-20,23.409993373230122,0.35289642,35.16190066002309,0,324,2003,11
2003-11-21,23.769993365183495,0.33068943,35.1542710326612,0,325,2003,11
2003-11-22,23.9399933613837,0.3018243,35.14969325624406,0,326,2003,11
2003-11-23,23.639993368089222,0.25937188,35.146641405299306,0,327,2003,11
2003-11-24,22.849993385747098,0.3726381,35.135959926992655,0,328,2003,11
2003-11-25,22.809993386641167,0.3726381,35.123752523213625,0,329,2003,11
2003-11-26,22.799993386864685,0.27798575,35.11459697037935,0,330,2003,11
2003-11-27,23.259993376582884,0.27798575,35.113071044906974,0,331,2003,11
2003-11-28,24.299993353337072,0.2033299,35.110019193962216,0,332,2003,11
2003-11-29,24.539993347972654,0.09455508,35.111545119434595,0,333,2003,11
2003-11-30,24.509993348643206,0.13726611,35.111545119434595,0,334,2003,11
2003-12-01,24.349993352219485,0.11411061,35.10696734301746,0,335,2003,12
2003-12-02,24.12999335713687,0.16072156,35.100863641127944,0,336,2003,12
2003-12-03,23.82999336384239,0.123873636,35.09170808829367,0,337,2003,12
2003-12-04,23.729993366077565,0.21966922,35.088656237348914,0,338,2003,12
2003-12-05,23.659993367642187,0.16943833,35.087130311876535,0,339,2003,12
2003-12-06,24.009993359819077,0.11328128,35.08560438640416,0,340,2003,12
2003-12-07,23.969993360713147,0.12009845,35.0825525354594,0,341,2003,12
2003-12-08,24.029993359372043,0.108532116,35.07950068451464,0,342,2003,12
2003-12-09,24.01999335959556,0.15541437,35.07797475904226,0,343,2003,12
2003-12-10,24.079993358254455,0.11857354,35.0825525354594,0,344,2003,12
2003-12-11,24.089993358030938,0.118568674,35.0825525354594,0,345,2003,12
2003-12-12,24.05999335870149,0.21017376,35.08102660998702,0,346,2003,12
2003-12-13,24.13999335691335,0.21017376,35.08560438640416,0,347,2003,12
2003-12-14,23.90999336205425,0.2104218,35.088656237348914,0,348,2003,12
2003-12-15,23.689993366971635,0.25196177,35.08102660998702,0,349,2003,12
2003-12-16,23.50999337099495,0.25306514,35.076448833569884,0,350,2003,12
2003-12-17,23.35999337434771,0.17476289,35.08560438640416,0,351,2003,12
2003-12-18,23.28999337591233,0.19857825,35.087130311876535,0,352,2003,12
2003-12-19,23.299993375688814,0.17754912,35.07797475904226,0,353,2003,12
2003-12-20,23.51999337077143,0.16349599,35.07187105715275,0,354,2003,12
2003-12-21,23.66999336741867,0.16349599,35.07797475904226,0,355,2003,12
2003-12-22,23.839993363618873,0.18207096,35.10544141754508,0,356,2003,12
2003-12-23,24.17999335601928,0.14148203,35.111545119434595,0,357,2003,12
2003-12-24,24.159993356466316,0.12543611,35.08102660998702,0,358,2003,12
2003-12-25,24.13999335691335,0.17727876,35.074922908097506,0,359,2003,12
2003-12-26,24.239993354678177,0.14711712,35.08560438640416,0,360,2003,12
2003-12-27,23.369993374124192,0.18344548,35.100863641127944,0,361,2003,12
2003-12-28,23.259993376582884,0.20466064,35.11612289585173,0,362,2003,12
2003-12-29,22.579993391782068,0.36898002,35.111545119434595,0,363,2003,12
2003-12-30,22.539993392676138,0.3917996,35.1039154920727,0,364,2003,12
2003-12-31,22.69999338909986,0.69023216,35.12070067226887,0,365,2003,12
2004-01-01,23.459993372112535,0.59177774,35.135959926992655,0,1,2004,1
2004-01-02,23.579993369430326,0.45598537,35.11764882132411,0,2,2004,1
2004-01-03,23.719993366301082,0.48022273,35.11764882132411,0,3,2004,1
2004-01-04,23.989993360266112,0.47366706,35.10238956660032,0,4,2004,1
2004-01-05,24.13999335691335,0.24896607,35.003204410895705,0,5,2004,1
2004-01-06,24.379993351548933,0.18300448,34.94979701936245,0,6,2004,1
2004-01-07,24.67999334484341,0.19911265,34.88570814952254,0,7,2004,1
2004-01-08,26.25999330952766,0.21358858,34.91470073349774,0,8,2004,1
2004-01-09,26.159993311762832,0.2625149,34.919278509914875,0,9,2004,1
2004-01-10,26.14999331198635,0.48797056,34.78347114287317,0,10,2004,1
2004-01-11,25.98999331556263,0.5663331,34.81856742873788,0,11,2004,1
2004-01-12,25.849993318691872,0.5820495,34.9391155410558,0,12,2004,1
2004-01-13,25.849993318691872,0.3914538,34.94979701936245,0,13,2004,1
2004-01-14,25.499993326514982,0.64210856,34.95284887030721,0,14,2004,1
2004-01-15,25.499993326514982,0.42415947,34.942167392000556,0,15,2004,1
2004-01-16,25.439993327856087,0.34655702,34.96353034861386,0,16,2004,1
2004-01-17,24.299993353337072,0.43278325,34.98489330522716,0,17,2004,1
2004-01-18,24.149993356689833,0.3131599,35.015411814674735,0,18,2004,1
2004-01-19,24.119993357360386,0.32410336,35.04440439864993,0,19,2004,1
2004-01-20,24.459993349760794,0.42636487,35.062715504318476,0,20,2004,1
2004-01-21,24.459993349760794,0.31224757,35.07339698262513,0,21,2004,1
2004-01-22,24.44999334998431,0.4253684,35.076448833569884,0,22,2004,1
2004-01-23,24.40999335087838,0.40441617,35.074922908097506,0,23,2004,1
2004-01-24,24.399993351101898,0.40441617,35.062715504318476,0,24,2004,1
2004-01-25,24.44999334998431,0.59540164,35.052034026011825,0,25,2004,1
2004-01-26,24.539993347972654,0.508655,35.04593032412231,0,26,2004,1
2004-01-27,24.589993346855067,0.42170486,35.02151551656425,0,27,2004,1
2004-01-28,24.689993344619893,0.37368923,35.00778218731284,0,28,2004,1
2004-01-29,24.689993344619893,0.5148688,35.004730336368084,0,29,2004,1
2004-01-30,24.619993346184515,0.24106406,35.003204410895705,0,30,2004,1
2004-01-31,24.629993345960997,0.24758516,35.00167848542333,0,31,2004,1
2004-02-01,24.55999334752562,0.3377524,35.003204410895705,0,32,2004,2
2004-02-02,24.83999334126713,0.21317449,35.004730336368084,0,33,2004,2
2004-02-03,26.25999330952766,0.13170128,35.00015255995095,0,34,2004,2
2004-02-04,26.239993309974693,0.13803644,34.99404885806143,0,35,2004,2
2004-02-05,24.809993341937684,0.29692394,34.990997007116675,0,36,2004,2
2004-02-06,24.709993344172858,0.20494549,34.9894710816443,0,37,2004,2
2004-02-07,24.699993344396376,0.20150945,34.9894710816443,0,38,2004,2
2004-02-08,24.689993344619893,0.20301455,35.00778218731284,0,39,2004,2
2004-02-09,24.779993342608236,0.33262765,35.038300696760416,0,40,2004,2
2004-02-10,24.279993353784107,0.47622016,35.0535599514842,0,41,2004,2
2004-02-11,24.039993359148525,0.7742903,35.07339698262513,0,42,2004,2
2004-02-12,22.65999338999393,0.91646343,35.09170808829367,0,43,2004,2
2004-02-13,22.809993386641167,1.6253117,35.110019193962216,0,44,2004,2
2004-02-14,22.77999338731172,1.6253117,35.13138215057552,0,45,2004,2
2004-02-15,23.199993377923988,3.3719585,35.13901177793741,0,46,2004,2
2004-02-16,23.449993372336053,1.1060958,35.087130311876535,0,47,2004,2
2004-02-17,23.639993368089222,0.28984374,35.14358955435455,0,48,2004,2
2004-02-18,23.879993362724804,0.3445092,35.18021176569164,0,49,2004,2
2004-02-19,24.149993356689833,0.24172299,35.06576735526323,0,50,2004,2
2004-02-20,24.879993340373062,0.32713738,34.91317480802536,0,51,2004,2
2004-02-21,25.72999332137408,0.32120088,34.85061186365783,0,52,2004,2
2004-02-22,25.7199933215976,0.25196406,34.87655259668827,0,53,2004,2
2004-02-23,25.709993321821116,0.19447455,34.920804435387254,0,54,2004,2
2004-02-24,26.219993310421728,0.32784933,34.8887600004673,0,55,2004,2
2004-02-25,26.30999330841007,0.36303568,34.85213778913021,0,56,2004,2
2004-02-26,26.049993314221524,0.1655587,34.908597031608224,0,57,2004,2
2004-02-27,25.9499933164567,0.225327,34.99862663447857,0,58,2004,2
2004-02-28,26.159993311762832,0.27923575,35.03067106939852,0,59,2004,2
2004-02-29,26.409993306174897,0.22443292,34.94979701936245,0,60,2004,2
2004-03-01,26.589993302151584,0.22827785,34.96200442314148,0,61,2004,3
2004-03-02,24.83999334126713,0.3574214,34.931485913693905,0,62,2004,3
2004-03-03,24.859993340820097,0.3517357,34.92385628633201,0,63,2004,3
2004-03-04,25.10999333523216,0.92631626,34.942167392000556,0,64,2004,3
2004-03-05,26.009993315115594,0.32007003,34.93758961558342,0,65,2004,3
2004-03-06,26.159993311762832,0.23213938,34.933011839166284,0,66,2004,3
2004-03-07,26.209993310645245,0.23504342,34.90401925519109,0,67,2004,3
2004-03-08,26.92999329455199,0.33424896,34.620197117328644,0,68,2004,3
2004-03-09,26.989993293210887,0.31616637,34.499649005010724,0,69,2004,3
2004-03-10,27.099993290752195,0.20885713,34.508804557845,0,70,2004,3
2004-03-11,27.38999328427019,0.40040445,34.449293464422226,0,71,2004,3
2004-03-12,27.639993278682255,0.43025488,34.39588607288897,0,72,2004,3
2004-03-13,27.909993272647284,0.3458595,34.33484905399382,0,73,2004,3
2004-03-14,27.749993276223563,0.27283758,34.18378243222833,0,74,2004,3
2004-03-15,27.4999932818115,0.40053272,34.17615280486643,0,75,2004,3
2004-03-16,27.069993291422747,0.1672022,34.415723104029894,1,76,2004,3
2004-03-17,26.45999330505731,0.8643804,34.617145266383886,0,77,2004,3
2004-03-18,26.06999331377449,0.6214094,34.812463726848364,0,78,2004,3
2004-03-19,25.72999332137408,1.025437,34.85213778913021,0,79,2004,3
2004-03-20,25.659993322938703,0.39340767,34.77278966456652,0,80,2004,3
2004-03-21,25.709993321821116,0.439731,34.79262669570744,0,81,2004,3
2004-03-22,25.739993321150564,1.0275862,34.84298223629594,0,82,2004,3
2004-03-23,25.789993320032977,0.28418967,34.86892296932638,0,83,2004,3
2004-03-24,26.019993314892076,0.741584,34.858241491019726,0,84,2004,3
2004-03-25,26.03999331444504,1.0743847,34.536271216347814,0,85,2004,3
2004-03-26,26.129993312433385,0.40252388,34.32569350115955,0,86,2004,3
2004-03-27,25.72999332137408,1.1109989,34.63545637205243,0,87,2004,3
2004-03-28,25.769993320480012,0.93839705,34.763634111732244,0,88,2004,3
2004-03-29,25.779993320256494,1.0431341,34.68123413622379,0,89,2004,3
2004-03-30,26.84999329634013,0.4215505,34.437086060643196,1,90,2004,3
2004-03-31,26.709993299469375,0.58265877,34.39588607288897,3,91,2004,3
2004-04-01,26.859993296116613,0.71772444,34.26313055679202,1,92,2004,4
2004-04-02,27.099993290752195,0.7403118,34.27533796057105,1,93,2004,4
2004-04-03,27.049993291869782,0.6687534,34.354686085134745,0,94,2004,4
2004-04-04,26.92999329455199,0.5260637,34.4294564332813,1,95,2004,4
2004-04-05,26.859993296116613,0.540405,34.53932306729257,0,96,2004,4
2004-04-06,27.009993292763852,0.8389834,34.571367502212524,4,97,2004,4
2004-04-07,27.18999328874054,0.47445074,34.51643418520689,2,98,2004,4
2004-04-08,27.2699932869524,0.4448185,34.49201937764883,0,99,2004,4
2004-04-09,27.979993271082662,0.20710726,34.48896752670407,1,100,2004,4
2004-04-10,28.07999326884749,0.17252326,34.44776753894985,0,101,2004,4
2004-04-11,28.04999326951804,0.17056586,34.35010830871761,0,102,2004,4
2004-04-12,28.07999326884749,0.26126802,34.25244907848537,0,103,2004,4
2004-04-13,28.08999326862397,0.43211162,34.16852317750454,4,104,2004,4
2004-04-14,28.07999326884749,0.49248794,34.29059721529484,4,105,2004,4
2004-04-15,28.11999326795342,0.3969289,34.25550092943013,3,106,2004,4
2004-04-16,28.359993262589,0.25505906,34.19141205959022,8,107,2004,4
2004-04-17,28.309993263706588,0.23162265,34.209723165258765,3,108,2004,4
2004-04-18,28.059993269294523,0.35919514,34.24176760017872,2,109,2004,4
2004-04-19,27.769993275776528,0.5377852,34.35163423418999,6,110,2004,4
2004-04-20,27.649993278458737,0.42691705,34.534745290875435,1,111,2004,4
2004-04-21,27.529993281140946,0.9102349,34.665974881500006,4,112,2004,4
2004-04-22,27.569993280246877,0.39755258,34.702597092837095,1,113,2004,4
2004-04-23,27.629993278905772,0.24190718,34.57441935315728,1,114,2004,4
2004-04-24,27.759993276000046,0.14464615,34.35010830871761,0,115,2004,4
2004-04-25,27.92999327220025,0.3139367,34.24024167470634,3,116,2004,4
2004-04-26,27.999993270635628,0.22007616,34.16699725203216,2,117,2004,4
2004-04-27,28.039993269741558,0.21173596,34.0708639472723,1,118,2004,4
2004-04-28,27.959993271529697,0.42986324,34.11206393502653,3,119,2004,4
2004-04-29,27.96999327130618,0.43234578,34.13037504069507,2,120,2004,4
2004-04-30,27.979993271082662,0.3260633,34.14716022089124,4,121,2004,4
2004-05-01,27.92999327220025,0.32295823,34.162419475615025,3,122,2004,5
2004-05-02,27.8999932728708,0.31386936,34.13495281711221,4,123,2004,5
2004-05-03,27.88999327309432,0.32483733,33.84502697736025,2,124,2004,5
2004-05-04,27.979993271082662,0.3933399,33.65886406973004,6,125,2004,5
2004-05-05,27.989993270859145,0.3852559,33.74736774712801,2,126,2004,5
2004-05-06,27.949993271753215,0.4287915,33.81603439338505,5,127,2004,5
2004-05-07,27.939993271976732,0.39341685,33.82061216980219,2,128,2004,5
2004-05-08,27.80999327488246,0.38460103,33.896908443421125,2,129,2004,5
2004-05-09,27.729993276670598,0.3353301,34.05713061802089,1,130,2004,5
2004-05-10,27.30999328605833,0.33393463,34.24176760017872,0,131,2004,5
2004-05-11,27.15999328941109,0.262462,34.45997494272888,2,132,2004,5
2004-05-12,27.15999328941109,0.22117464,34.80330817401409,7,133,2004,5
2004-05-13,27.129993290081643,0.4897496,34.882656298577785,4,134,2004,5
2004-05-14,27.049993291869782,0.5084238,34.847560012713075,6,135,2004,5
2004-05-15,26.699993299692892,0.34820974,34.884182224050164,5,136,2004,5
2004-05-16,26.599993301928066,0.28267297,34.89028592593968,19,137,2004,5
2004-05-17,26.369993307068967,0.37996802,34.8887600004673,3,138,2004,5
2004-05-18,26.349993307516,0.3495713,34.907071106135845,0,139,2004,5
2004-05-19,26.30999330841007,0.4662213,35.02304144203663,5,140,2004,5
2004-05-20,26.14999331198635,0.5382656,34.99710070900619,6,141,2004,5
2004-05-21,26.249993309751176,0.5349181,34.88723407499492,1,142,2004,5
2004-05-22,26.179993311315798,0.3005363,34.8887600004673,5,143,2004,5
2004-05-23,26.079993313550972,0.58579624,34.90096740424633,4,144,2004,5
2004-05-24,26.019993314892076,0.33374318,34.91470073349774,1,145,2004,5
2004-05-25,25.95999331623318,0.50811386,34.92538221180439,1,146,2004,5
2004-05-26,25.819993319362425,0.472001,34.93606369011104,2,147,2004,5
2004-05-27,25.639993323385738,0.9245647,34.94979701936245,0,148,2004,5
2004-05-28,25.64999332316222,0.74513096,34.919278509914875,1,149,2004,5
2004-05-29,25.619993323832773,0.6649931,34.85671556554735,0,150,2004,5
2004-05-30,25.209993332996987,0.6983547,34.87655259668827,4,151,2004,5
2004-05-31,25.21999333277347,0.66554743,34.77889336645603,1,152,2004,5
2004-06-01,25.21999333277347,0.76084435,34.77126373909414,3,153,2004,6
2004-06-02,25.239993332326435,0.7156507,34.80178224854171,9,154,2004,6
2004-06-03,25.249993332102918,0.62715125,34.812463726848364,4,155,2004,6
2004-06-04,25.2599933318794,0.6259365,34.81856742873788,4,156,2004,6
2004-06-05,25.269993331655883,0.5560249,34.81398965232074,2,157,2004,6
2004-06-06,25.249993332102918,0.62974614,34.75753040984273,9,158,2004,6
2004-06-07,25.2599933318794,0.53496826,34.87807852216065,2,159,2004,6
2004-06-08,25.019993337243818,0.5316321,34.91622665897012,5,160,2004,6
2004-06-09,25.05999333634975,0.60651684,34.836878534406424,0,161,2004,6
2004-06-10,24.999993337690853,0.54895097,34.882656298577785,0,162,2004,6
2004-06-11,25.10999333523216,0.5360627,34.943693317472935,0,163,2004,6
2004-06-12,25.13999333456161,0.50636643,34.95284887030721,3,164,2004,6
2004-06-13,25.189993333444022,0.49971467,34.966582199558616,3,165,2004,6
2004-06-14,25.159993334114574,0.45432976,34.992522932589054,2,166,2004,6
2004-06-15,24.429993350431346,0.607916,34.9894710816443,2,167,2004,6
2004-06-16,24.43999335020783,0.6326755,34.800256323069334,2,168,2004,6
2004-06-17,24.55999334752562,0.55968595,34.76516003720462,1,169,2004,6
2004-06-18,25.249993332102918,0.43429747,34.79262669570744,0,170,2004,6
2004-06-19,25.199993333220505,0.5123013,34.80788595043123,4,171,2004,6
2004-06-20,25.21999333277347,0.69548774,34.80483409948647,4,172,2004,6
2004-06-21,25.17999333366754,0.72429377,34.77126373909414,0,173,2004,6
2004-06-22,25.189993333444022,0.6152823,34.71785634756088,0,174,2004,6
2004-06-23,25.169993333891057,0.5231091,34.63545637205243,5,175,2004,6
2004-06-24,25.189993333444022,0.55169374,34.632404521107674,3,176,2004,6
2004-06-25,24.979993338137888,0.46881709,34.70717486925423,2,177,2004,6
2004-06-26,24.83999334126713,0.49762446,34.68733783811331,2,178,2004,6
2004-06-27,24.849993341043614,0.5046429,34.61409341543913,1,179,2004,6
2004-06-28,24.83999334126713,0.5117643,34.618671191856265,3,180,2004,6
2004-06-29,24.83999334126713,0.38402587,34.6446119248867,1,181,2004,6
2004-06-30,24.86999334059658,0.48598328,34.66292303055525,3,182,2004,6
2004-07-01,24.649993345513963,0.60172033,34.64918970130384,6,183,2004,7
2004-07-02,24.509993348643206,0.32320628,34.62172304280102,3,184,2004,7
2004-07-03,24.44999334998431,0.30706823,34.643085999414325,2,185,2004,7
2004-07-04,24.499993348866724,0.34989497,34.6522415522486,1,186,2004,7
2004-07-05,24.52999334819617,0.3173225,34.643085999414325,0,187,2004,7
2004-07-06,24.509993348643206,0.3286741,34.582048980519176,0,188,2004,7
2004-07-07,24.20999335534873,0.4771334,34.60493786260486,0,189,2004,7
2004-07-08,24.269993354007624,0.44515538,34.64003414846957,3,190,2004,7
2004-07-09,24.269993354007624,0.5067175,34.6736045088619,3,191,2004,7
2004-07-10,24.259993354231142,0.38886988,34.704123018309474,1,192,2004,7
2004-07-11,24.229993354901694,0.43913445,34.74227115511894,1,193,2004,7
2004-07-12,24.229993354901694,0.43234003,34.78347114287317,1,194,2004,7
2004-07-13,24.199993355572246,0.40211305,34.85061186365783,0,195,2004,7
2004-07-14,24.189993355795764,0.36585,34.9391155410558,2,196,2004,7
2004-07-15,24.05999335870149,0.36566854,35.07187105715275,1,197,2004,7
2004-07-16,24.229993354901694,0.37003797,34.98641923069954,0,198,2004,7
2004-07-17,24.20999335534873,0.42712745,34.87807852216065,0,199,2004,7
2004-07-18,24.089993358030938,0.44970223,34.931485913693905,0,200,2004,7
2004-07-19,24.119993357360386,0.48064935,34.81856742873788,1,201,2004,7
2004-07-20,24.1699933562428,0.45893356,34.94979701936245,0,202,2004,7
2004-07-21,24.1699933562428,0.4098368,34.800256323069334,0,203,2004,7
2004-07-22,24.159993356466316,0.4335527,34.87960444763303,0,204,2004,7
2004-07-23,24.159993356466316,0.45520028,34.70717486925423,0,205,2004,7
2004-07-24,24.159993356466316,0.48136654,34.5805230550468,0,206,2004,7
2004-07-25,24.079993358254455,0.5043414,34.775841515511274,0,207,2004,7
2004-07-26,23.949993361160182,0.45957932,34.9391155410558,0,208,2004,7
2004-07-27,23.929993361607217,0.42011088,35.00625626184046,0,209,2004,7
2004-07-28,23.90999336205425,0.37327576,34.98336737975478,0,210,2004,7
2004-07-29,23.89999336227777,0.47342655,35.01846366561949,0,211,2004,7
2004-07-30,23.78999336473646,0.39533213,34.99710070900619,3,212,2004,7
2004-07-31,23.849993363395356,0.48940074,34.955900721251965,0,213,2004,7
2004-08-01,23.769993365183495,0.4219754,34.92233036085963,0,214,2004,8
2004-08-02,23.59999336898329,0.49902815,34.94674516841769,0,215,2004,8
2004-08-03,23.4799933716655,0.3613615,34.96963405050337,0,216,2004,8
2004-08-04,23.449993372336053,0.38647628,34.980315528810024,0,217,2004,8
2004-08-05,23.28999337591233,0.45070446,34.99710070900619,0,218,2004,8
2004-08-06,23.2499933768064,0.42105296,35.015411814674735,0,219,2004,8
2004-08-07,23.199993377923988,0.35153344,35.027619218453765,0,220,2004,8
2004-08-08,22.919993384182476,0.3733017,35.04287847317755,0,221,2004,8
2004-08-09,22.97999338284137,0.5193712,35.06881920620799,0,222,2004,8
2004-08-10,23.0199933819473,0.35833594,35.07339698262513,0,223,2004,8
2004-08-11,23.299993375688814,0.34058762,35.11459697037935,0,224,2004,8
2004-08-12,23.339993374794744,0.40154496,35.13138215057552,0,225,2004,8
2004-08-13,23.349993374571227,0.3880536,35.134434001520276,0,226,2004,8
2004-08-14,23.159993378818058,0.41203067,35.15732288360596,0,227,2004,8
2004-08-15,23.12999337948861,0.48011264,35.15274510718882,0,228,2004,8
2004-08-16,23.119993379712128,0.49754786,35.172582138329744,0,229,2004,8
2004-08-17,23.029993381723784,0.45579928,35.20310064777732,0,230,2004,8
2004-08-18,23.029993381723784,0.3737129,35.218359902501106,0,231,2004,8
2004-08-19,23.109993379935645,0.34222698,35.219885827973485,0,232,2004,8
2004-08-20,23.159993378818058,0.42812642,35.20004879683256,0,233,2004,8
2004-08-21,23.119993379712128,0.54523903,35.17868584021926,0,234,2004,8
2004-08-22,23.099993380159162,0.5202773,35.171056212857366,0,235,2004,8
2004-08-23,23.029993381723784,0.4908321,35.16800436191261,0,236,2004,8
2004-08-24,23.149993379041575,0.46185377,35.16342658549547,0,237,2004,8
2004-08-25,23.12999337948861,0.28746265,35.16190066002309,0,238,2004,8
2004-08-26,23.079993380606197,0.31511167,35.158848809078336,0,239,2004,8
2004-08-27,22.809993386641167,0.3599292,35.15579695813358,0,240,2004,8
2004-08-28,22.77999338731172,0.3899537,35.15121918171644,0,241,2004,8
2004-08-29,22.769993387535237,0.43560433,35.14969325624406,0,242,2004,8
2004-08-30,22.77999338731172,0.48533052,35.15274510718882,0,243,2004,8
2004-08-31,22.879993385076546,0.42020583,35.16495251096785,0,244,2004,8
2004-09-01,22.92999338395896,0.47644222,35.17410806380212,0,245,2004,9
2004-09-02,23.059993381053232,0.3681153,35.17715991474688,0,246,2004,9
2004-09-03,23.059993381053232,0.3688299,35.18173769116402,0,247,2004,9
2004-09-04,23.109993379935645,0.3688299,35.184789542108774,0,248,2004,9
2004-09-05,22.93999338373544,0.33101588,35.18173769116402,0,249,2004,9
2004-09-06,22.769993387535237,0.32899445,35.171056212857366,0,250,2004,9
2004-09-07,22.569993392005586,0.34363204,35.160374734550714,0,251,2004,9
2004-09-08,22.519993393123173,0.34333816,35.160374734550714,0,252,2004,9
2004-09-09,22.449993394687795,0.32494593,35.14969325624406,0,253,2004,9
2004-09-10,22.519993393123173,0.325332,35.135959926992655,0,254,2004,9
2004-09-11,22.479993394017242,0.31522796,35.122226597741246,0,255,2004,9
2004-09-12,22.77999338731172,0.40790957,35.10238956660032,0,256,2004,9
2004-09-13,22.869993385300063,0.47571546,35.0825525354594,0,257,2004,9
2004-09-14,23.039993381500267,0.4638465,35.088656237348914,0,258,2004,9
2004-09-15,22.66999338977041,0.3675483,35.10544141754508,0,259,2004,9
2004-09-16,22.66999338977041,0.35192317,35.1039154920727,0,260,2004,9
2004-09-17,22.679993389546894,0.37289873,35.100863641127944,0,261,2004,9
2004-09-18,22.759993387758755,0.31209776,35.10849326848984,0,262,2004,9
2004-09-19,22.749993387982272,0.3004135,35.10696734301746,0,263,2004,9
2004-09-20,22.749993387982272,0.26866207,35.110019193962216,0,264,2004,9
2004-09-21,22.809993386641167,0.46111575,35.11459697037935,0,265,2004,9
2004-09-22,22.689993389323377,0.39666182,35.12070067226887,0,266,2004,9
2004-09-23,22.419993395358347,0.57047915,35.1329080760479,0,267,2004,9
2004-09-24,22.299993398040556,0.60643923,35.146641405299306,0,268,2004,9
2004-09-25,22.289993398264073,0.516516,35.160374734550714,0,269,2004,9
2004-09-26,22.449993394687795,0.49954972,35.171056212857366,0,270,2004,9
2004-09-27,22.529993392899655,0.5280956,35.184789542108774,0,271,2004,9
2004-09-28,22.35999339669945,0.4929732,35.19852287136018,0,272,2004,9
2004-09-29,22.34999339692297,0.41200596,35.207678424194455,0,273,2004,9
2004-09-30,22.409993395581864,0.30654824,35.20310064777732,0,274,2004,9
2004-10-01,22.729993388429307,0.30654824,35.19089324399829,0,275,2004,10
2004-10-02,22.749993387982272,0.389999,35.18784139305353,0,276,2004,10
2004-10-03,22.77999338731172,0.33055827,35.18936731852591,0,277,2004,10
2004-10-04,22.85999338552358,0.3126932,35.18631546758115,0,278,2004,10
2004-10-05,22.809993386641167,0.27502182,35.183263616636395,0,279,2004,10
2004-10-06,22.829993386194133,0.33816564,35.18631546758115,0,280,2004,10
2004-10-07,22.249993399158143,0.52385664,35.19241916947067,0,281,2004,10
2004-10-08,22.179993400722765,0.5807085,35.19394509494305,0,282,2004,10
2004-10-09,22.169993400946282,0.65561414,35.19394509494305,0,283,2004,10
2004-10-10,22.39999339580538,0.7437235,35.19241916947067,0,284,2004,10
2004-10-11,22.479993394017242,0.7424367,35.16495251096785,0,285,2004,10
2004-10-12,22.619993390888,0.47155693,35.11917474679649,0,286,2004,10
2004-10-13,22.829993386194133,0.62713957,35.10544141754508,0,287,2004,10
2004-10-14,22.789993387088202,0.58782154,35.100863641127944,0,288,2004,10
2004-10-15,22.70999338887634,0.54645103,35.110019193962216,0,289,2004,10
2004-10-16,22.689993389323377,0.70596963,35.12985622510314,0,290,2004,10
2004-10-17,22.489993393793725,0.8957762,35.14358955435455,0,291,2004,10
2004-10-18,22.409993395581864,0.9040698,35.14358955435455,0,292,2004,10
2004-10-19,22.409993395581864,0.68157685,35.14358955435455,0,293,2004,10
2004-10-20,22.46999339424076,0.52390504,35.15121918171644,0,294,2004,10
2004-10-21,22.519993393123173,0.38145745,35.15732288360596,0,295,2004,10
2004-10-22,22.529993392899655,0.53650254,35.1542710326612,0,296,2004,10
2004-10-23,23.029993381723784,0.2912632,35.12833029963076,0,297,2004,10
2004-10-24,23.039993381500267,0.25644898,35.088656237348914,0,298,2004,10
2004-10-25,23.039993381500267,0.24564984,35.08102660998702,0,299,2004,10
2004-10-26,22.989993382617854,0.35765633,35.09628586471081,0,300,2004,10
2004-10-27,22.889993384853028,0.23538885,35.113071044906974,0,301,2004,10
2004-10-28,22.97999338284137,0.33634895,35.11917474679649,0,302,2004,10
2004-10-29,23.569993369653844,0.3532067,35.05966365337372,0,303,2004,10
2004-10-30,23.489993371441983,0.57140017,34.943693317472935,0,304,2004,10
2004-10-31,23.419993373006605,0.576606,34.929959988221526,0,305,2004,10
2004-11-01,23.419993373006605,0.71688366,34.95132294483483,0,306,2004,11
2004-11-02,23.119993379712128,0.71688366,34.97115997597575,0,307,2004,11
2004-11-03,22.96999338306489,0.5149186,34.97421182692051,0,308,2004,11
2004-11-04,23.04999338127675,0.46294922,34.9894710816443,0,309,2004,11
2004-11-05,23.78999336473646,0.28367785,35.00625626184046,0,310,2004,11
2004-11-06,23.81999336406591,0.26129472,35.02151551656425,0,311,2004,11
2004-11-07,23.78999336473646,0.28408495,35.052034026011825,0,312,2004,11
2004-11-08,23.539993370324396,0.36349204,35.062715504318476,0,313,2004,11
2004-11-09,23.409993373230122,0.42153242,35.0611895788461,0,314,2004,11
2004-11-10,23.35999337434771,0.406102,35.062715504318476,0,315,2004,11
2004-11-11,23.409993373230122,0.40616545,35.062715504318476,0,316,2004,11
2004-11-12,23.529993370547913,0.6486892,35.062715504318476,0,317,2004,11
2004-11-13,23.55999336987736,0.57082623,35.06729328073561,0,318,2004,11
2004-11-14,23.779993364959978,0.24488726,35.07187105715275,0,319,2004,11
2004-11-15,23.739993365854048,0.30257937,35.0825525354594,0,320,2004,11
2004-11-16,23.609993368759774,0.28696507,35.09170808829367,0,321,2004,11
2004-11-17,23.639993368089222,0.53382057,35.088656237348914,0,322,2004,11
2004-11-18,23.309993375465297,0.53382057,35.087130311876535,0,323,2004,11
2004-11-19,23.309993375465297,0.29556933,35.09170808829367,0,324,2004,11
2004-11-20,23.469993371889018,0.32645142,35.10238956660032,0,325,2004,11
2004-11-21,24.229993354901694,0.33362582,35.1039154920727,0,326,2004,11
2004-11-22,24.389993351325415,0.42840186,35.08407846093178,0,327,2004,11
2004-11-23,24.859993340820097,0.4530159,35.09323401376605,0,328,2004,11
2004-11-24,24.929993339255475,0.21486218,35.09475993923843,0,329,2004,11
2004-11-25,24.889993340149545,0.24576068,35.09781179018319,0,330,2004,11
2004-11-26,24.86999334059658,0.22362047,35.099337715655565,0,331,2004,11
2004-11-27,23.9399933613837,0.22218052,35.100863641127944,0,332,2004,11
2004-11-28,23.999993360042595,0.41971052,35.09628586471081,0,333,2004,11
2004-11-29,23.989993360266112,0.4464714,35.08560438640416,0,334,2004,11
2004-11-30,23.759993365407013,0.462742,35.07950068451464,0,335,2004,11
2004-12-01,23.769993365183495,0.3863152,35.09018216282129,0,336,2004,12
2004-12-02,23.719993366301082,0.7146882,35.09628586471081,0,337,2004,12
2004-12-03,23.58999336920681,0.75832754,35.09475993923843,0,338,2004,12
2004-12-04,23.78999336473646,0.64489675,35.09781179018319,0,339,2004,12
2004-12-05,24.299993353337072,0.5906944,35.09170808829367,0,340,2004,12
2004-12-06,24.20999335534873,0.46916318,35.09170808829367,0,341,2004,12
2004-12-07,24.089993358030938,0.40515876,35.088656237348914,0,342,2004,12
2004-12-08,24.009993359819077,0.6645928,35.08560438640416,0,343,2004,12
2004-12-09,23.929993361607217,0.52480626,35.08102660998702,0,344,2004,12
2004-12-10,24.05999335870149,0.24700347,35.06881920620799,0,345,2004,12
2004-12-11,24.069993358477973,0.24100782,35.05661180242896,0,346,2004,12
2004-12-12,23.97999336048963,0.3807743,35.06729328073561,0,347,2004,12
2004-12-13,23.51999337077143,0.37457567,35.0825525354594,0,348,2004,12
2004-12-14,23.579993369430326,0.64955765,35.09628586471081,0,349,2004,12
2004-12-15,23.62999336831274,0.64821136,35.10238956660032,0,350,2004,12
2004-12-16,23.639993368089222,0.6266818,35.099337715655565,0,351,2004,12
2004-12-17,23.719993366301082,0.7250735,35.09781179018319,0,352,2004,12
2004-12-18,23.7099933665246,0.28409538,35.1039154920727,0,353,2004,12
2004-12-19,24.59999334663155,0.2666636,35.11917474679649,0,354,2004,12
2004-12-20,24.769993342831754,0.36055875,35.10849326848984,0,355,2004,12
2004-12-21,24.939993339031957,0.37922302,35.134434001520276,0,356,2004,12
2004-12-22,25.05999333634975,0.18414195,35.1756339892745,0,357,2004,12
2004-12-23,24.739993343502306,0.48933908,35.14053770340979,0,358,2004,12
2004-12-24,24.619993346184515,0.36146858,35.13901177793741,0,359,2004,12
2004-12-25,24.55999334752562,0.3619061,35.14053770340979,0,360,2004,12
2004-12-26,24.32999335266652,0.40021172,35.134434001520276,0,361,2004,12
2004-12-27,24.279993353784107,0.86493224,35.11764882132411,0,362,2004,12
2004-12-28,24.319993352890037,0.59533805,35.087130311876535,0,363,2004,12
2004-12-29,24.20999335534873,0.49179924,35.076448833569884,0,364,2004,12
2004-12-30,24.13999335691335,0.49353093,35.07950068451464,0,365,2004,12
2004-12-31,24.13999335691335,0.24345787,35.0825525354594,0,366,2004,12
2005-01-01,23.949993361160182,0.26047966,35.0825525354594,0,1,2005,1
2005-01-02,24.039993359148525,0.21339379,35.0825525354594,0,2,2005,1
2005-01-03,24.109993357583903,0.2081395,35.076448833569884,0,3,2005,1
2005-01-04,24.299993353337072,0.15407774,35.074922908097506,0,4,2005,1
2005-01-05,24.40999335087838,0.15407774,35.08102660998702,0,5,2005,1
2005-01-06,24.47999334931376,0.2107796,35.07950068451464,0,6,2005,1
2005-01-07,25.019993337243818,0.33332598,35.076448833569884,1,7,2005,1
2005-01-08,25.199993333220505,0.24766092,35.06729328073561,0,8,2005,1
2005-01-09,25.239993332326435,0.13694541,35.064241429790854,0,9,2005,1
2005-01-10,25.209993332996987,0.15116002,35.06729328073561,0,10,2005,1
2005-01-11,25.229993332549952,0.42588532,35.064241429790854,0,11,2005,1
2005-01-12,25.269993331655883,0.25533506,35.06576735526323,0,12,2005,1
2005-01-13,25.29999333098533,0.22423765,35.05661180242896,0,13,2005,1
2005-01-14,25.7199933215976,0.3220514,35.039826622232795,0,14,2005,1
2005-01-15,25.829993319138907,0.19060768,35.03677477128804,0,15,2005,1
2005-01-16,25.819993319362425,0.17514691,35.09323401376605,0,16,2005,1
2005-01-17,27.629993278905772,0.16578339,35.09628586471081,0,17,2005,1
2005-01-18,27.409993283823155,0.19625741,35.062715504318476,0,18,2005,1
2005-01-19,27.369993284717225,0.18580222,35.04593032412231,0,19,2005,1
2005-01-20,26.29999330863359,0.14758958,35.038300696760416,0,20,2005,1
2005-01-21,26.249993309751176,0.14758958,35.03524884581566,0,21,2005,1
2005-01-22,26.18999331109228,0.2698995,35.027619218453765,0,22,2005,1
2005-01-23,27.07999329119923,0.29476804,35.02304144203663,0,23,2005,1
2005-01-24,27.50999328158798,0.33163577,34.98489330522716,0,24,2005,1
2005-01-25,27.46999328248205,0.23685683,34.943693317472935,0,25,2005,1
2005-01-26,27.129993290081643,0.2379,34.99404885806143,0,26,2005,1
2005-01-27,26.409993306174897,0.656446,35.016937740147114,0,27,2005,1
2005-01-28,25.019993337243818,0.7350686,34.99710070900619,0,28,2005,1
2005-01-29,24.779993342608236,0.6350977,34.98336737975478,0,29,2005,1
2005-01-30,24.549993347749137,0.92345625,34.98641923069954,0,30,2005,1
2005-01-31,24.63999334573748,0.9241096,35.02456736750901,0,31,2005,1
2005-02-01,24.63999334573748,1.2348921,35.04593032412231,0,32,2005,2
2005-02-02,24.609993346408032,1.2777603,35.04745624959469,0,33,2005,2
2005-02-03,24.63999334573748,0.94690216,34.9894710816443,0,34,2005,2
2005-02-04,24.819993341714166,0.78211933,34.94521924294531,0,35,2005,2
2005-02-05,25.049993336573266,0.4597836,35.004730336368084,0,36,2005,2
2005-02-06,25.17999333366754,0.3663849,35.050508100539446,0,37,2005,2
2005-02-07,25.68999332226815,0.2672054,35.013885889202356,0,38,2005,2
2005-02-08,26.349993307516,0.43859392,34.942167392000556,0,39,2005,2
2005-02-09,26.389993306621932,0.23033305,34.85061186365783,0,40,2005,2
2005-02-10,26.369993307068967,0.34324193,34.847560012713075,0,41,2005,2
2005-02-11,26.389993306621932,0.394192,34.884182224050164,0,42,2005,2
2005-02-12,26.709993299469375,0.28995654,34.89333777688444,0,43,2005,2
2005-02-13,26.95999329388144,0.35533005,34.89791555330157,0,44,2005,2
2005-02-14,26.859993296116613,0.47674933,34.87655259668827,0,45,2005,2
2005-02-15,25.789993320032977,0.46212208,34.83077483251691,0,46,2005,2
2005-02-16,25.60999332405629,0.90818244,34.91470073349774,0,47,2005,2
2005-02-17,25.629993323609256,0.43361434,35.00930811278522,0,48,2005,2
2005-02-18,24.32999335266652,0.99746174,35.02151551656425,0,49,2005,2
2005-02-19,24.419993350654863,1.3314629,35.00778218731284,0,50,2005,2
2005-02-20,24.579993347078585,2.867591,34.99404885806143,0,51,2005,2
2005-02-21,26.30999330841007,0.43253115,35.003204410895705,0,52,2005,2
2005-02-22,26.409993306174897,0.3171119,35.00930811278522,0,53,2005,2
2005-02-23,26.30999330841007,0.3728261,35.016937740147114,0,54,2005,2
2005-02-24,26.289993308857106,0.33588696,35.038300696760416,0,55,2005,2
2005-02-25,26.41999330595138,0.24930002,35.087130311876535,0,56,2005,2
2005-02-26,26.709993299469375,0.37985337,35.100863641127944,0,57,2005,2
2005-02-27,26.8099932972342,0.40202418,35.08407846093178,0,58,2005,2
2005-02-28,26.839993296563648,0.44804615,35.05508587695658,0,59,2005,2
2005-03-01,26.859993296116613,0.39841065,35.02151551656425,0,60,2005,3
2005-03-02,26.899993295222544,0.3832767,34.992522932589054,0,61,2005,3
2005-03-03,28.519993259012722,0.37460336,35.09018216282129,0,62,2005,3
2005-03-04,28.499993259459757,0.38372442,35.10238956660032,0,63,2005,3
2005-03-05,28.50999325923624,0.42317748,35.062715504318476,0,64,2005,3
2005-03-06,28.889993250742577,0.22618072,34.99404885806143,0,65,2005,3
2005-03-07,28.879993250966095,0.13868564,34.85061186365783,0,66,2005,3
2005-03-08,28.89999325051906,0.19221295,34.809411875903606,0,67,2005,3
2005-03-09,29.00999324806037,0.4160852,34.89333777688444,0,68,2005,3
2005-03-10,29.0499932471663,0.17521875,34.94521924294531,0,69,2005,3
2005-03-11,29.00999324806037,0.18034391,34.78499706834555,0,70,2005,3
2005-03-12,28.969993248954438,0.18026645,34.643085999414325,0,71,2005,3
2005-03-13,28.919993250072025,0.281053,34.62782674469054,0,72,2005,3
2005-03-14,28.97999324873092,0.28097987,34.629352670162916,0,73,2005,3
2005-03-15,28.78999325297775,0.52054524,34.571367502212524,0,74,2005,3
2005-03-16,28.719993254542374,0.28490996,34.595782309770584,0,75,2005,3
2005-03-17,28.639993256330513,0.33739552,34.67665635980666,0,76,2005,3
2005-03-18,28.50999325923624,0.37573934,34.737693378701806,0,77,2005,3
2005-03-19,27.909993272647284,0.36212745,34.78957484476268,0,78,2005,3
2005-03-20,27.479993282258533,0.38624653,34.82924890704453,0,79,2005,3
2005-03-21,27.129993290081643,0.45510113,34.86892296932638,1,80,2005,3
2005-03-22,26.389993306621932,0.34410644,34.88570814952254,0,81,2005,3
2005-03-23,26.179993311315798,0.33147374,34.894863702356815,0,82,2005,3
2005-03-24,26.159993311762832,0.45740333,34.91622665897012,0,83,2005,3
2005-03-25,27.459993282705568,0.3270905,34.92233036085963,1,84,2005,3
2005-03-26,27.439993283152603,0.19256614,34.618671191856265,1,85,2005,3
2005-03-27,27.729993276670598,0.24666068,34.53932306729257,1,86,2005,3
2005-03-28,28.259993264824175,0.3818475,34.69344154000282,1,87,2005,3
2005-03-29,28.229993265494727,0.4072964,34.64613785035908,1,88,2005,3
2005-03-30,28.189993266388797,0.7688374,34.63545637205243,1,89,2005,3
2005-03-31,28.19999326616528,0.5714863,34.73616745322943,1,90,2005,3
2005-04-01,28.209993265941762,0.79055786,34.871974820271134,1,91,2005,4
2005-04-02,28.209993265941762,0.61534137,34.88570814952254,2,92,2005,4
2005-04-03,28.299993263930105,0.6092865,34.77126373909414,6,93,2005,4
2005-04-04,27.939993271976732,0.35374323,34.7453230060637,4,94,2005,4
2005-04-05,27.839993274211906,0.42716387,34.81551557779312,6,95,2005,4
2005-04-06,27.77999327555301,0.4128169,34.78041929192841,3,96,2005,4
2005-04-07,27.57999328002336,0.3307157,34.739219304174185,3,97,2005,4
2005-04-08,27.729993276670598,0.24091625,34.76058226078749,6,98,2005,4
2005-04-09,27.719993276894115,0.37651998,34.800256323069334,1,99,2005,4
2005-04-10,27.88999327309432,0.36314625,34.835352608934045,3,100,2005,4
2005-04-11,27.84999327398839,0.14243829,34.859767416492105,7,101,2005,4
2005-04-12,27.909993272647284,0.15279694,34.870448894798756,4,102,2005,4
2005-04-13,28.27999326437714,0.1757192,34.87807852216065,6,103,2005,4
2005-04-14,28.459993260353826,0.12553678,34.88570814952254,5,104,2005,4
2005-04-15,28.77999325320127,0.13083336,34.884182224050164,13,105,2005,4
2005-04-16,28.38999326191845,0.12447809,34.884182224050164,6,106,2005,4
2005-04-17,28.179993266612314,0.117842205,34.89028592593968,4,107,2005,4
2005-04-18,28.039993269741558,0.20966376,34.90249332971871,4,108,2005,4
2005-04-19,27.84999327398839,0.21067621,34.90401925519109,0,109,2005,4
2005-04-20,27.949993271753215,0.18554044,34.89791555330157,0,110,2005,4
2005-04-21,27.949993271753215,0.1357839,34.894863702356815,4,111,2005,4
2005-04-22,28.109993268176936,0.14043625,34.90096740424633,0,112,2005,4
2005-04-23,27.829993274435424,0.20881334,34.847560012713075,1,113,2005,4
2005-04-24,27.53999328091743,0.26307458,34.725485974922776,1,114,2005,4
2005-04-25,27.439993283152603,0.21129191,34.69344154000282,3,115,2005,4
2005-04-26,27.439993283152603,0.22007473,34.65987117961049,2,116,2005,4
2005-04-27,27.46999328248205,0.20361611,34.46913049556315,5,117,2005,4
2005-04-28,27.42999328337612,0.21419825,34.15478984825313,1,118,2005,4
2005-04-29,27.38999328427019,0.23453574,34.049500990659,0,119,2005,4
2005-04-30,27.439993283152603,0.2272661,34.22650834545493,1,120,2005,4
2005-05-01,27.50999328158798,0.21299037,34.34400460682809,0,121,2005,5
2005-05-02,27.479993282258533,0.22713488,34.34553053230047,2,122,2005,5
2005-05-03,27.419993283599638,0.21487738,34.3150120228529,7,123,2005,5
2005-05-04,27.419993283599638,0.21393225,34.316537948325276,5,124,2005,5
2005-05-05,27.53999328091743,0.21061061,34.412671253085136,2,125,2005,5
2005-05-06,27.999993270635628,0.23271705,34.42030088044703,9,126,2005,5
2005-05-07,28.099993268400453,0.3620009,34.35621201060712,1,127,2005,5
2005-05-08,28.08999326862397,0.43512917,34.354686085134745,1,128,2005,5
2005-05-09,28.229993265494727,0.17363094,34.39741199836135,9,129,2005,5
2005-05-10,28.309993263706588,0.20895481,34.45234531536698,5,130,2005,5
2005-05-11,28.339993263036035,0.20062673,34.39741199836135,12,131,2005,5
2005-05-12,28.409993261471413,0.17333087,34.30433054454625,2,132,2005,5
2005-05-13,28.379993262141966,0.15296662,34.33332312852144,4,133,2005,5
2005-05-14,28.369993262365483,0.13763326,34.366893488913774,7,134,2005,5
2005-05-15,27.81999327465894,0.13749932,34.38367866910994,6,135,2005,5
2005-05-16,27.73999327644708,0.15155981,34.3867305200547,10,136,2005,5
2005-05-17,27.77999327555301,0.16448462,34.39588607288897,5,137,2005,5
2005-05-18,27.939993271976732,0.13678505,34.41877495497465,7,138,2005,5
2005-05-19,27.669993278011702,0.16449212,34.43403420969844,2,139,2005,5
2005-05-20,27.639993278682255,0.15745045,34.45997494272888,7,140,2005,5
2005-05-21,27.85999327376487,0.146376,34.463026793673635,5,141,2005,5
2005-05-22,27.85999327376487,0.21159142,34.37147126533091,6,142,2005,5
2005-05-23,27.869993273541354,0.21264093,34.2646564822644,11,143,2005,5
2005-05-24,28.019993270188593,0.2557275,34.318063873797655,5,144,2005,5
2005-05-25,28.19999326616528,0.14380209,34.319589799270034,8,145,2005,5
2005-05-26,28.15999326705935,0.18608074,34.318063873797655,3,146,2005,5
2005-05-27,28.069993269071006,0.18541777,34.328745352104306,8,147,2005,5
2005-05-28,27.92999327220025,0.17629525,34.23871574923396,2,148,2005,5
2005-05-29,27.839993274211906,0.18297513,34.26770833320916,2,149,2005,5
2005-05-30,27.609993279352807,0.29751143,34.29212314076722,0,150,2005,5
2005-05-31,27.42999328337612,0.36606294,34.27838981151581,3,151,2005,5
2005-06-01,27.359993284940742,0.36412254,34.330271277576685,2,152,2005,6
2005-06-02,27.259993287175917,0.3594484,34.43098235875368,12,153,2005,6
2005-06-03,27.15999328941109,0.3737834,34.49201937764883,2,154,2005,6
2005-06-04,27.18999328874054,0.36118126,34.55000454559922,1,155,2005,6
2005-06-05,27.179993288964056,0.4006386,34.449293464422226,3,156,2005,6
2005-06-06,27.009993292763852,0.42841727,34.44624161347747,4,157,2005,6
2005-06-07,26.759993298351787,0.30517018,34.617145266383886,2,158,2005,6
2005-06-08,26.669993300363444,0.3530264,34.71938227303326,9,159,2005,6
2005-06-09,26.5799933023751,0.28409353,34.75753040984273,4,160,2005,6
2005-06-10,26.589993302151584,0.32432485,34.798730397596955,7,161,2005,6
2005-06-11,26.5799933023751,0.37298498,34.82009335421026,5,162,2005,6
2005-06-12,26.22999331019821,0.36275473,34.83993038535118,4,163,2005,6
2005-06-13,26.30999330841007,0.3727,34.85671556554735,20,164,2005,6
2005-06-14,26.26999330930414,0.32184276,34.87960444763303,0,165,2005,6
2005-06-15,26.119993312656902,0.26815677,34.91164888255298,3,166,2005,6
2005-06-16,25.889993317797803,0.28606376,34.94521924294531,1,167,2005,6
2005-06-17,25.899993317574285,0.24964039,34.968108125030994,4,168,2005,6
2005-06-18,25.83999331891539,0.32699963,34.98794515617192,4,169,2005,6
2005-06-19,25.479993326962017,0.3303334,35.0108340382576,5,170,2005,6
2005-06-20,25.439993327856087,0.3486272,35.029145143926144,0,171,2005,6
2005-06-21,25.45999332740905,0.55684274,35.01846366561949,5,172,2005,6
2005-06-22,25.499993326514982,0.41318902,35.003204410895705,4,173,2005,6
2005-06-23,25.479993326962017,0.3997624,34.98794515617192,0,174,2005,6
2005-06-24,25.45999332740905,0.35288456,34.97726367786527,9,175,2005,6
2005-06-25,24.979993338137888,0.45064,34.97573775239289,3,176,2005,6
2005-06-26,24.90999333970251,0.5011589,34.968108125030994,6,177,2005,6
2005-06-27,24.879993340373062,0.60412127,34.867397043854,4,178,2005,6
2005-06-28,24.849993341043614,0.6286,34.737693378701806,0,179,2005,6
2005-06-29,25.049993336573266,0.2972273,34.78957484476268,0,180,2005,6
2005-06-30,25.049993336573266,0.29849002,34.85213778913021,2,181,2005,6
2005-07-01,24.939993339031957,0.5149629,34.786522993817925,5,182,2005,7
2005-07-02,24.739993343502306,0.5708608,34.77889336645603,1,183,2005,7
2005-07-03,24.75999334305527,0.6901534,34.74837485700846,1,184,2005,7
2005-07-04,24.739993343502306,0.49041978,34.7956785466522,4,185,2005,7
2005-07-05,24.629993345960997,0.45490646,34.85061186365783,6,186,2005,7
2005-07-06,24.549993347749137,0.38811234,34.86129334196448,0,187,2005,7
2005-07-07,24.51999334841969,0.5278095,34.81856742873788,3,188,2005,7
2005-07-08,24.349993352219485,0.55050373,34.81551557779312,3,189,2005,7
2005-07-09,24.269993354007624,0.53084636,34.833826683461666,2,190,2005,7
2005-07-10,24.199993355572246,0.29977867,34.870448894798756,0,191,2005,7
2005-07-11,24.159993356466316,0.30398804,34.89181185141206,1,192,2005,7
2005-07-12,24.1699933562428,0.5090998,34.88113037310541,3,193,2005,7
2005-07-13,24.17999335601928,0.39405328,34.919278509914875,0,194,2005,7
2005-07-14,24.20999335534873,0.54300815,35.02304144203663,1,195,2005,7
2005-07-15,24.229993354901694,0.3268477,35.099337715655565,2,196,2005,7
2005-07-16,24.239993354678177,0.32211223,35.013885889202356,0,197,2005,7
2005-07-17,24.189993355795764,0.37715644,35.1039154920727,1,198,2005,7
2005-07-18,24.119993357360386,0.35799363,35.11917474679649,1,199,2005,7
2005-07-19,24.05999335870149,0.38059896,35.027619218453765,0,200,2005,7
2005-07-20,24.12999335713687,0.4754926,35.04135254770517,0,201,2005,7
2005-07-21,24.20999335534873,0.39984217,35.099337715655565,0,202,2005,7
2005-07-22,24.17999335601928,0.6062046,34.978789603337646,0,203,2005,7
2005-07-23,24.17999335601928,0.5172821,34.90249332971871,1,204,2005,7
2005-07-24,23.959993360936664,0.5021864,34.98489330522716,0,205,2005,7
2005-07-25,23.969993360713147,0.36088586,35.04745624959469,0,206,2005,7
2005-07-26,23.999993360042595,0.32279414,35.113071044906974,0,207,2005,7
2005-07-27,24.21999335512521,0.5491328,35.076448833569884,0,208,2005,7
2005-07-28,24.20999335534873,0.46540457,34.96353034861386,0,209,2005,7
2005-07-29,24.20999335534873,0.5244974,34.98641923069954,0,210,2005,7
2005-07-30,24.279993353784107,0.42203614,35.052034026011825,0,211,2005,7
2005-07-31,24.259993354231142,0.3532805,35.09018216282129,0,212,2005,7
2005-08-01,24.259993354231142,0.39946067,35.13901177793741,0,213,2005,8
2005-08-02,24.1699933562428,0.3657667,35.13748585246503,0,214,2005,8
2005-08-03,24.049993358925008,0.38581,35.111545119434595,0,215,2005,8
2005-08-04,24.05999335870149,0.370286,35.10238956660032,0,216,2005,8
2005-08-05,23.839993363618873,0.4531976,35.09475993923843,0,217,2005,8
2005-08-06,23.78999336473646,0.4465949,35.09018216282129,0,218,2005,8
2005-08-07,23.689993366971635,0.5068663,35.09781179018319,0,219,2005,8
2005-08-08,23.50999337099495,0.6692231,35.074922908097506,0,220,2005,8
2005-08-09,23.469993371889018,0.62582684,35.05661180242896,0,221,2005,8
2005-08-10,23.50999337099495,0.42532167,35.09475993923843,0,222,2005,8
2005-08-11,23.639993368089222,0.40235966,35.12833029963076,0,223,2005,8
2005-08-12,23.81999336406591,0.4052593,35.10238956660032,0,224,2005,8
2005-08-13,23.86999336294832,0.3051945,35.08102660998702,0,225,2005,8
2005-08-14,23.82999336384239,0.3998019,35.099337715655565,0,226,2005,8
2005-08-15,23.74999336563053,0.3093234,35.12833029963076,0,227,2005,8
2005-08-16,23.62999336831274,0.37434053,35.171056212857366,0,228,2005,8
2005-08-17,23.449993372336053,0.37521994,35.22904138080776,0,229,2005,8
2005-08-18,23.459993372112535,0.41390532,35.23514508269727,0,230,2005,8
2005-08-19,23.449993372336053,0.5194652,35.22904138080776,0,231,2005,8
2005-08-20,23.4799933716655,0.502034,35.27329321950674,0,232,2005,8
2005-08-21,23.539993370324396,0.61640537,35.2977080270648,0,233,2005,8
2005-08-22,23.55999336987736,0.7354701,35.291604325175285,0,234,2005,8
2005-08-23,23.419993373006605,0.6621199,35.29465617612004,0,235,2005,8
2005-08-24,23.139993379265093,0.4688483,35.27176729403436,0,236,2005,8
2005-08-25,22.909993384405993,0.3004758,35.206152498722076,0,237,2005,8
2005-08-26,22.92999338395896,0.33080792,35.195471020415425,0,238,2005,8
2005-08-27,22.949993383511924,0.42692676,35.209204349666834,0,239,2005,8
2005-08-28,23.179993378371023,0.5154541,35.21683397702873,0,240,2005,8
2005-08-29,23.229993377253436,0.7026149,35.225989529863,0,241,2005,8
2005-08-30,23.229993377253436,0.47005242,35.23514508269727,0,242,2005,8
2005-08-31,23.039993381500267,0.5245595,35.24124878458679,0,243,2005,8
2005-09-01,22.989993382617854,0.5028957,35.24582656100392,0,244,2005,9
2005-09-02,22.96999338306489,0.52503747,35.24887841194868,0,245,2005,9
2005-09-03,22.62999339066448,0.49570665,35.25040433742106,0,246,2005,9
2005-09-04,22.619993390888,0.5171622,35.25193026289344,0,247,2005,9
2005-09-05,22.609993391111516,0.6258136,35.254982113838196,0,248,2005,9
2005-09-06,22.499993393570207,0.57763016,35.25345618836582,0,249,2005,9
2005-09-07,22.849993385747098,0.43771517,35.254982113838196,0,250,2005,9
2005-09-08,22.85999338552358,0.4566922,35.25040433742106,0,251,2005,9
2005-09-09,22.849993385747098,0.60272676,35.24582656100392,0,252,2005,9
2005-09-10,22.679993389546894,0.64131844,35.2473524864763,0,253,2005,9
2005-09-11,22.69999338909986,0.51526344,35.27024136856198,0,254,2005,9
2005-09-12,22.919993384182476,0.46830332,35.27024136856198,0,255,2005,9
2005-09-13,22.92999338395896,0.37875453,35.26566359214485,0,256,2005,9
2005-09-14,22.909993384405993,0.5294229,35.25193026289344,0,257,2005,9
2005-09-15,22.92999338395896,0.5454481,35.23819693364203,0,258,2005,9
2005-09-16,23.43999337255957,0.3658688,35.232093231752515,0,259,2005,9
2005-09-17,23.58999336920681,0.3123095,35.225989529863,0,260,2005,9
2005-09-18,23.639993368089222,0.30243197,35.21225620061159,0,261,2005,9
2005-09-19,23.32999337501826,0.3079261,35.20310064777732,0,262,2005,9
2005-09-20,23.2499933768064,0.279284,35.18784139305353,0,263,2005,9
2005-09-21,23.029993381723784,0.38368082,35.16953028738499,0,264,2005,9
2005-09-22,22.949993383511924,0.47537395,35.148167330771685,0,265,2005,9
2005-09-23,22.849993385747098,0.42182097,35.12680437415838,0,266,2005,9
2005-09-24,22.869993385300063,0.38770473,35.10849326848984,0,267,2005,9
2005-09-25,22.769993387535237,0.5402798,35.08560438640416,0,268,2005,9
2005-09-26,22.50999339334669,0.3576675,35.0611895788461,0,269,2005,9
2005-09-27,22.499993393570207,0.33496493,35.038300696760416,0,270,2005,9
2005-09-28,22.539993392676138,0.3562939,35.02304144203663,0,271,2005,9
2005-09-29,22.059993403404974,0.6056403,35.0108340382576,0,272,2005,9
2005-09-30,22.03999340385201,0.61714303,35.003204410895705,0,273,2005,9
2005-10-01,21.99999340474608,0.77885723,34.98641923069954,0,274,2005,10
2005-10-02,22.169993400946282,0.66644764,34.95742664672434,0,275,2005,10
2005-10-03,22.42999339513483,0.23396306,34.92538221180439,0,276,2005,10
2005-10-04,22.339993397146486,0.23075001,34.90096740424633,0,277,2005,10
2005-10-05,21.99999340474608,0.3179548,34.89181185141206,0,278,2005,10
2005-10-06,21.959993405640148,0.38859293,34.90096740424633,0,279,2005,10
2005-10-07,21.979993405193113,0.45458373,34.908597031608224,0,280,2005,10
2005-10-08,22.609993391111516,0.33153427,34.919278509914875,0,281,2005,10
2005-10-09,22.579993391782068,0.35460585,34.94064146652818,0,282,2005,10
2005-10-10,22.599993391335033,0.26544753,34.955900721251965,0,283,2005,10
2005-10-11,22.539993392676138,0.2727258,34.95742664672434,0,284,2005,10
2005-10-12,22.529993392899655,0.25883165,34.97268590144813,0,285,2005,10
2005-10-13,22.539993392676138,0.27724415,35.0108340382576,0,286,2005,10
2005-10-14,22.62999339066448,0.3232067,35.01846366561949,0,287,2005,10
2005-10-15,22.62999339066448,0.37725434,35.00167848542333,0,288,2005,10
2005-10-16,22.30999339781704,0.37307096,34.992522932589054,0,289,2005,10
2005-10-17,22.329993397370004,0.4141001,34.992522932589054,0,290,2005,10
2005-10-18,22.179993400722765,0.40166122,34.98641923069954,0,291,2005,10
2005-10-19,22.139993401616834,0.57655036,34.96353034861386,0,292,2005,10
2005-10-20,22.269993398711108,0.57655036,34.929959988221526,0,293,2005,10
2005-10-21,22.42999339513483,0.39551646,34.90554518066347,0,294,2005,10
2005-10-22,22.449993394687795,0.31886116,34.91622665897012,0,295,2005,10
2005-10-23,22.46999339424076,0.28266615,34.92843406274915,0,296,2005,10
2005-10-24,22.559993392229103,0.31093326,34.94674516841769,0,297,2005,10
2005-10-25,22.489993393793725,0.31579974,34.97726367786527,0,298,2005,10
2005-10-26,22.479993394017242,0.3329148,35.00625626184046,0,299,2005,10
2005-10-27,22.179993400722765,0.2986085,35.03067106939852,0,300,2005,10
2005-10-28,22.139993401616834,0.3830497,35.074922908097506,0,301,2005,10
2005-10-29,22.129993401840352,0.26120302,35.134434001520276,0,302,2005,10
2005-10-30,22.07999340295794,0.26120302,35.171056212857366,0,303,2005,10
2005-10-31,21.949993405863665,0.9425722,35.209204349666834,0,304,2005,10
2005-11-01,21.859993407875322,0.876666,35.242774710059166,0,305,2005,11
2005-11-02,21.959993405640148,0.9023734,35.254982113838196,0,306,2005,11
2005-11-03,22.259993398934625,0.681918,35.225989529863,0,307,2005,11
2005-11-04,22.259993398934625,0.2928669,35.20004879683256,0,308,2005,11
2005-11-05,22.27999339848759,0.2928669,35.207678424194455,0,309,2005,11
2005-11-06,22.459993394464277,0.35710162,35.225989529863,0,310,2005,11
2005-11-07,22.50999339334669,0.37145913,35.23667100816965,0,311,2005,11
2005-11-08,22.539993392676138,0.29598933,35.25193026289344,0,312,2005,11
2005-11-09,22.54999339245262,0.21792445,35.26108581572771,0,313,2005,11
2005-11-10,22.609993391111516,0.23142046,35.27176729403436,0,314,2005,11
2005-11-11,22.579993391782068,0.26510975,35.28244877234101,0,315,2005,11
2005-11-12,22.369993396475934,0.4281107,35.291604325175285,0,316,2005,11
2005-11-13,22.369993396475934,0.36062434,35.2977080270648,0,317,2005,11
2005-11-14,22.409993395581864,0.36062434,35.305337654426694,0,318,2005,11
2005-11-15,22.729993388429307,0.35099986,35.305337654426694,0,319,2005,11
2005-11-16,22.989993382617854,0.31403837,35.30686357989907,0,320,2005,11
2005-11-17,22.949993383511924,0.33370626,35.31144135631621,0,321,2005,11
2005-11-18,22.759993387758755,0.28244308,35.316019132733345,0,322,2005,11
2005-11-19,22.449993394687795,0.41206366,35.31144135631621,0,323,2005,11
2005-11-20,22.07999340295794,0.47730613,35.30838950537145,0,324,2005,11
2005-11-21,22.35999339669945,0.45348224,35.317545058205724,0,325,2005,11
2005-11-22,22.529993392899655,0.44297206,35.338908014819026,0,326,2005,11
2005-11-23,22.889993384853028,0.5171981,35.38010800257325,0,327,2005,11
2005-11-24,23.159993378818058,0.7171405,35.4197820648551,0,328,2005,11
2005-11-25,23.16999337859454,0.93151265,35.43046354316175,0,329,2005,11
2005-11-26,23.16999337859454,0.88634485,35.42130799032748,0,330,2005,11
2005-11-27,23.219993377476953,0.37561026,35.424359841272235,0,331,2005,11
2005-11-28,22.679993389546894,0.35683408,35.422833915799856,0,332,2005,11
2005-11-29,22.599993391335033,0.7646602,35.424359841272235,0,333,2005,11
2005-11-30,22.599993391335033,0.58996594,35.435041319578886,0,334,2005,11
2005-12-01,22.799993386864685,0.6277364,35.45793020166457,0,335,2005,12
2005-12-02,22.949993383511924,0.7234425,35.483870934695005,0,336,2005,12
2005-12-03,22.959993383288406,0.5157195,35.50065611489117,0,337,2005,12
2005-12-04,23.43999337255957,0.3071967,35.5128635186702,0,338,2005,12
2005-12-05,23.4799933716655,0.26623577,35.52354499697685,0,339,2005,12
2005-12-06,23.469993371889018,0.34555686,35.52659684792161,0,340,2005,12
2005-12-07,23.489993371441983,0.3650048,35.520493146032095,0,341,2005,12
2005-12-08,23.28999337591233,0.36431277,35.50370796583593,1,342,2005,12
2005-12-09,23.08999338038268,0.47233334,35.485396860167384,0,343,2005,12
2005-12-10,23.0199933819473,0.34228665,35.47471538186073,0,344,2005,12
2005-12-11,23.339993374794744,0.8762441,35.4625079780817,0,345,2005,12
2005-12-12,23.379993373900675,0.67318064,35.45335242524743,0,346,2005,12
2005-12-13,23.51999337077143,0.3913935,35.43961909599602,0,347,2005,12
2005-12-14,23.499993371218466,0.6501731,35.38010800257325,0,348,2005,12
2005-12-15,23.409993373230122,0.47806785,35.31144135631621,0,349,2005,12
2005-12-16,23.489993371441983,0.4639165,35.29465617612004,0,350,2005,12
2005-12-17,24.189993355795764,0.46371794,35.29007839970291,0,351,2005,12
2005-12-18,24.21999335512521,0.53410625,35.305337654426694,0,352,2005,12
2005-12-19,24.55999334752562,0.5179762,35.326700611039996,0,353,2005,12
2005-12-20,24.919993339478992,0.4553042,35.317545058205724,0,354,2005,12
2005-12-21,25.399993328750156,0.3361389,35.33738208934665,0,355,2005,12
2005-12-22,25.60999332405629,0.15471317,35.35874504595995,0,356,2005,12
2005-12-23,25.68999332226815,0.29034153,35.33280431292951,0,357,2005,12
2005-12-24,25.789993320032977,0.38118088,35.33127838745713,0,358,2005,12
2005-12-25,25.06999333612623,0.4572758,35.31296728178859,0,359,2005,12
2005-12-26,24.939993339031957,0.36498955,35.293130250647664,0,360,2005,12
2005-12-27,25.2599933318794,0.42408475,35.28550062328577,0,361,2005,12
2005-12-28,25.439993327856087,0.19342197,35.291604325175285,0,362,2005,12
2005-12-29,25.52999332584443,0.15633766,35.29923395253718,0,363,2005,12
2005-12-30,25.659993322938703,0.1561637,35.29618210159242,0,364,2005,12
2005-12-31,24.819993341714166,0.16442299,35.28550062328577,0,365,2005,12
2006-01-01,24.74999334327879,0.1975567,35.27481914497912,0,1,2006,1
2006-01-02,25.559993325173878,0.20474574,35.30991543084383,0,2,2006,1
2006-01-03,25.619993323832773,0.1474101,35.351115418598056,0,3,2006,1
2006-01-04,25.75999332070353,0.14918777,35.34653764218092,0,4,2006,1
2006-01-05,26.349993307516,0.1264581,35.31296728178859,0,5,2006,1
2006-01-06,26.10999331288042,0.20308955,35.254982113838196,0,6,2006,1
2006-01-07,25.9499933164567,0.16597207,35.232093231752515,0,7,2006,1
2006-01-08,25.889993317797803,0.16597207,35.233619157224894,0,8,2006,1
2006-01-09,25.939993316680216,0.16597384,35.209204349666834,0,9,2006,1
2006-01-10,25.819993319362425,0.17593518,35.24887841194868,0,10,2006,1
2006-01-11,25.75999332070353,0.15832561,35.2977080270648,0,11,2006,1
2006-01-12,25.87999331802132,0.1602461,35.3190709836781,0,12,2006,1
2006-01-13,25.809993319585942,0.16546974,35.33433023840189,0,13,2006,1
2006-01-14,25.749993320927047,0.36216685,35.329752461984754,0,14,2006,1
2006-01-15,25.79999331980946,0.18474798,35.29618210159242,0,15,2006,1
2006-01-16,25.849993318691872,0.17237648,35.25955989025533,0,16,2006,1
2006-01-17,25.889993317797803,0.1723781,35.22904138080776,0,17,2006,1
2006-01-18,25.9499933164567,0.18792774,35.17410806380212,0,18,2006,1
2006-01-19,25.9499933164567,0.18793848,35.158848809078336,0,19,2006,1
2006-01-20,25.969993316009663,0.20461525,35.17715991474688,0,20,2006,1
2006-01-21,25.889993317797803,0.53220254,35.19089324399829,0,21,2006,1
2006-01-22,25.41999332830312,0.5661375,35.158848809078336,0,22,2006,1
2006-01-23,24.919993339478992,0.71278447,35.13748585246503,0,23,2006,1
2006-01-24,24.959993338584923,0.71302617,35.15274510718882,0,24,2006,1
2006-01-25,24.999993337690853,0.75791264,35.13901177793741,0,25,2006,1
2006-01-26,25.129993334785127,0.40410206,35.158848809078336,0,26,2006,1
2006-01-27,25.279993331432365,0.35237977,35.146641405299306,0,27,2006,1
2006-01-28,25.319993330538296,0.3109663,35.111545119434595,0,28,2006,1
2006-01-29,24.51999334841969,0.39287534,35.11459697037935,0,29,2006,1
2006-01-30,23.86999336294832,0.80606025,35.160374734550714,0,30,2006,1
2006-01-31,23.32999337501826,0.6965451,35.16190066002309,0,31,2006,1
2006-02-01,23.229993377253436,0.6733967,35.17868584021926,0,32,2006,2
2006-02-02,23.379993373900675,0.89304125,35.16800436191261,0,33,2006,2
2006-02-03,24.919993339478992,0.89427406,35.146641405299306,0,34,2006,2
2006-02-04,25.119993335008644,0.18246563,35.183263616636395,0,35,2006,2
2006-02-05,25.14999333433809,0.30986822,35.12680437415838,0,36,2006,2
2006-02-06,26.10999331288042,0.4738409,35.062715504318476,0,37,2006,2
2006-02-07,26.099993313103937,0.51039207,35.07034513168037,1,38,2006,2
2006-02-08,26.169993311539315,0.41219458,35.08407846093178,0,39,2006,2
2006-02-09,26.25999330952766,0.41903698,35.11764882132411,0,40,2006,2
2006-02-10,26.079993313550972,0.32636213,35.1329080760479,0,41,2006,2
2006-02-11,26.239993309974693,0.2661312,35.16342658549547,0,42,2006,2
2006-02-12,26.169993311539315,0.19202588,35.16800436191261,0,43,2006,2
2006-02-13,26.119993312656902,0.98127735,35.16647843644023,0,44,2006,2
2006-02-14,26.289993308857106,0.56703436,35.13748585246503,0,45,2006,2
2006-02-15,26.279993309080623,1.3181182,35.08560438640416,0,46,2006,2
2006-02-16,25.899993317574285,1.0421544,35.0825525354594,0,47,2006,2
2006-02-17,25.79999331980946,0.4077259,35.09475993923843,0,48,2006,2
2006-02-18,25.739993321150564,0.49986696,35.10544141754508,0,49,2006,2
2006-02-19,25.789993320032977,0.50254476,35.10696734301746,0,50,2006,2
2006-02-20,25.749993320927047,0.4615554,35.10849326848984,0,51,2006,2
2006-02-21,25.789993320032977,0.28144976,35.13901177793741,0,52,2006,2
2006-02-22,27.099993290752195,0.23469229,35.160374734550714,0,53,2006,2
2006-02-23,27.22999328784647,0.30271623,35.16647843644023,0,54,2006,2
2006-02-24,27.249993287399434,0.32229093,35.1542710326612,0,55,2006,2
2006-02-25,28.039993269741558,0.50813264,35.11764882132411,0,56,2006,2
2006-02-26,28.11999326795342,0.37955117,34.931485913693905,0,57,2006,2
2006-02-27,28.15999326705935,0.21948823,34.82924890704453,0,58,2006,2
2006-02-28,28.249993265047692,0.20082816,34.53932306729257,0,59,2006,2
2006-03-01,28.27999326437714,0.28531632,34.35163423418999,0,60,2006,3
2006-03-02,28.23999326527121,0.46654293,34.36841941438615,0,61,2006,3
2006-03-03,28.189993266388797,0.45139244,34.40046384930611,0,62,2006,3
2006-03-04,28.249993265047692,0.36898255,34.36841941438615,0,63,2006,3
2006-03-05,28.42999326102438,0.5842489,34.473708271980286,0,64,2006,3
2006-03-06,28.609993257001065,0.64460534,34.571367502212524,0,65,2006,3
2006-03-07,29.12999324537816,0.25794223,34.38062681816518,0,66,2006,3
2006-03-08,28.959993249177955,0.34021413,34.27686388604343,1,67,2006,3
2006-03-09,28.579993257671617,0.21942306,34.26618240773678,0,68,2006,3
2006-03-10,27.61999327912929,0.39709598,34.58815268240869,0,69,2006,3
2006-03-11,27.409993283823155,0.76641166,34.90096740424633,0,70,2006,3
2006-03-12,27.139993289858126,1.6829019,34.92843406274915,0,71,2006,3
2006-03-13,27.81999327465894,1.3585497,34.89333777688444,0,72,2006,3
2006-03-14,28.019993270188593,0.28496322,34.66139710508287,0,73,2006,3
2006-03-15,28.07999326884749,0.18462867,34.305856470018625,0,74,2006,3
2006-03-16,28.19999326616528,0.18933982,34.139530593529344,0,75,2006,3
2006-03-17,28.259993264824175,0.17026249,34.054078767076135,0,76,2006,3
2006-03-18,28.259993264824175,0.1825982,33.909115847200155,0,77,2006,3
2006-03-19,29.01999324783685,0.1701967,33.77941218204796,0,78,2006,3
2006-03-20,30.109993223473452,0.20441253,33.718375163152814,0,79,2006,3
2006-03-21,30.109993223473452,0.16875502,33.67107147350907,0,80,2006,3
2006-03-22,29.70999323241415,0.18372992,33.681752951815724,0,81,2006,3
2006-03-23,29.189993244037055,0.19430089,33.86486400850117,0,82,2006,3
2006-03-24,29.109993245825194,0.23976137,34.00372322648764,0,83,2006,3
2006-03-25,29.079993246495746,0.23976137,34.2143009416759,0,84,2006,3
2006-03-26,28.889993250742577,0.23805502,34.36994533985853,0,85,2006,3
2006-03-27,28.69999325498941,0.2706638,34.38367866910994,0,86,2006,3
2006-03-28,28.579993257671617,0.25984567,34.328745352104306,0,87,2006,3
2006-03-29,28.499993259459757,0.19007158,34.39283422194421,0,88,2006,3
2006-03-30,28.579993257671617,0.20433885,34.01135285384953,0,89,2006,3
2006-03-31,28.179993266612314,0.23400214,33.51695300079882,0,90,2006,3
2006-04-01,27.639993278682255,0.258848,33.585619647055864,0,91,2006,4
2006-04-02,27.65999327823522,0.62564975,34.03424173593521,0,92,2006,4
2006-04-03,27.629993278905772,0.473661,34.04492321424186,0,93,2006,4
2006-04-04,27.679993277788185,1.3665507,34.06933802179992,0,94,2006,4
2006-04-05,27.769993275776528,0.41131675,34.0205084066838,2,95,2006,4
2006-04-06,27.629993278905772,0.39525756,33.92895287834108,1,96,2006,4
2006-04-07,27.57999328002336,0.3994247,33.61461223103106,0,97,2006,4
2006-04-08,27.919993272423767,0.4188192,33.3246863912791,0,98,2006,4
2006-04-09,27.8999932728708,0.41767254,33.68938257917762,0,99,2006,4
2006-04-10,27.81999327465894,0.59027237,34.29670091718435,0,100,2006,4
2006-04-11,27.709993277117633,0.6643281,34.42335273139179,7,101,2006,4
2006-04-12,27.61999327912929,0.5562501,34.51796011067927,0,102,2006,4
2006-04-13,27.599993279576324,0.67072695,34.56068602390587,6,103,2006,4
2006-04-14,27.53999328091743,0.5863084,34.56678972579539,0,104,2006,4
2006-04-15,27.519993281364464,0.6557674,34.49659715406597,6,105,2006,4
2006-04-16,27.399993284046673,0.40536472,34.408093476668,3,106,2006,4
2006-04-17,27.179993288964056,0.7469306,34.569841576740146,2,107,2006,4
2006-04-18,27.299993286281847,0.6715267,34.49659715406597,6,108,2006,4
2006-04-19,27.449993282929086,0.5337188,33.88012326322496,4,109,2006,4
2006-04-20,27.88999327309432,0.25220495,33.68938257917762,6,110,2006,4
2006-04-21,28.04999326951804,0.23520383,33.66496777161956,4,111,2006,4
2006-04-22,28.11999326795342,0.30065495,33.716849237680435,5,112,2006,4
2006-04-23,28.11999326795342,0.49792746,33.81145661696792,2,113,2006,4
2006-04-24,28.139993267506384,0.7590511,33.84655290283263,3,114,2006,4
2006-04-25,27.81999327465894,0.84913015,34.031189884990454,6,115,2006,4
2006-04-26,27.459993282705568,0.7946417,34.64613785035908,3,116,2006,4
2006-04-27,27.07999329119923,0.7750504,34.79110077023506,3,117,2006,4
2006-04-28,26.989993293210887,0.9757098,34.80483409948647,3,118,2006,4
2006-04-29,26.949993294104956,0.9120235,34.80636002495885,7,119,2006,4
2006-04-30,26.84999329634013,0.8674965,34.78041929192841,3,120,2006,4
2006-05-01,26.829993296787165,0.41690463,34.47828604839742,5,121,2006,5
2006-05-02,26.859993296116613,0.41182864,34.319589799270034,9,122,2006,5
2006-05-03,26.979993293434404,0.28731337,34.340952755883336,4,123,2006,5
2006-05-04,27.07999329119923,0.3051384,34.186834283173084,2,124,2006,5
2006-05-05,27.18999328874054,0.31648627,34.10901208408177,3,125,2006,5
2006-05-06,27.099993290752195,0.2496038,34.029663959518075,4,126,2006,5
2006-05-07,26.989993293210887,0.3737881,33.91827140003443,2,127,2006,5
2006-05-08,26.989993293210887,0.43503317,33.825189946219325,2,128,2006,5
2006-05-09,27.11999329030516,0.56374645,33.59477519989014,1,129,2006,5
2006-05-10,27.009993292763852,0.65764743,33.47880486398935,3,130,2006,5
2006-05-11,26.84999329634013,0.79598093,33.548997435718775,3,131,2006,5
2006-05-12,26.8099932972342,0.352234,33.55204928666353,3,132,2006,5
2006-05-13,26.76999329812827,0.29093403,33.52916040457785,1,133,2006,5
2006-05-14,26.779993297904753,0.2885893,33.4253974724561,6,134,2006,5
2006-05-15,26.76999329812827,0.2243498,33.11258275061846,3,135,2006,5
2006-05-16,26.88999329544606,0.1948489,32.96304205432534,7,136,2006,5
2006-05-17,26.91999329477551,0.23379275,33.01187166944146,1,137,2006,5
2006-05-18,26.839993296563648,0.2785814,33.271278999745846,4,138,2006,5
2006-05-19,26.669993300363444,0.39443302,33.67107147350907,0,139,2006,5
2006-05-20,26.669993300363444,0.2768599,33.79467143677175,7,140,2006,5
2006-05-21,26.61999330148103,0.29381406,33.96404916420579,1,141,2006,5
2006-05-22,26.599993301928066,0.4062614,33.97930841892958,0,142,2006,5
2006-05-23,26.60999330170455,0.60879594,33.61613815650344,1,143,2006,5
2006-05-24,26.61999330148103,0.43317246,33.35062712430954,2,144,2006,5
2006-05-25,26.53999330326917,0.28837016,33.19650865159929,4,145,2006,5
2006-05-26,26.469993304833793,0.2714323,33.19498272612691,4,146,2006,5
2006-05-27,26.41999330595138,0.27979553,34.005249151960015,0,147,2006,5
2006-05-28,26.319993308186554,0.28782636,34.102908382192254,0,148,2006,5
2006-05-29,26.089993313327454,0.28753638,33.43150117434561,0,149,2006,5
2006-05-30,26.049993314221524,0.2729066,33.30027158372104,0,150,2006,5
2006-05-31,25.979993315786146,0.28061157,33.344523422420025,1,151,2006,5
2006-06-01,26.089993313327454,0.25724715,33.61613815650344,0,152,2006,6
2006-06-02,26.079993313550972,0.2573791,33.729056641459465,1,153,2006,6
2006-06-03,26.03999331444504,0.2577202,33.6405529640615,3,154,2006,6
2006-06-04,25.969993316009663,0.28625968,33.442182652652264,8,155,2006,6
2006-06-05,25.91999331712725,0.29185706,33.2529678940773,5,156,2006,6
2006-06-06,25.849993318691872,0.29521072,33.5398418828845,2,157,2006,6
2006-06-07,25.87999331802132,0.30407408,34.49659715406597,10,158,2006,6
2006-06-08,25.869993318244838,0.4507402,34.510330483317375,6,159,2006,6
2006-06-09,25.75999332070353,0.5337406,34.595782309770584,1,160,2006,6
2006-06-10,25.41999332830312,0.50585616,34.714804496616125,2,161,2006,6
2006-06-11,25.36999332942071,0.54937965,34.728537825867534,0,162,2006,6
2006-06-12,25.359993329644226,0.49978524,34.739219304174185,5,163,2006,6
2006-06-13,25.359993329644226,0.37019902,34.716330422088504,4,164,2006,6
2006-06-14,25.319993330538296,0.4525222,34.713278571143746,14,165,2006,6
2006-06-15,25.189993333444022,0.3884526,34.716330422088504,4,166,2006,6
2006-06-16,25.09999333545568,0.38455224,34.71938227303326,5,167,2006,6
2006-06-17,24.929993339255475,0.28879115,34.71785634756088,3,168,2006,6
2006-06-18,24.83999334126713,0.43793833,34.714804496616125,0,169,2006,6
2006-06-19,24.939993339031957,0.40858945,34.70564894378185,1,170,2006,6
2006-06-20,25.06999333612623,0.3426792,34.91164888255298,1,171,2006,6
2006-06-21,25.05999333634975,0.3148987,34.992522932589054,1,172,2006,6
2006-06-22,25.049993336573266,0.30993268,34.99710070900619,6,173,2006,6
2006-06-23,24.849993341043614,0.24550273,34.907071106135845,1,174,2006,6
2006-06-24,24.729993343725823,0.3351553,34.87350074574351,2,175,2006,6
2006-06-25,24.689993344619893,0.2642454,34.836878534406424,1,176,2006,6
2006-06-26,24.83999334126713,0.2808215,34.83077483251691,0,177,2006,6
2006-06-27,24.819993341714166,0.258276,34.870448894798756,1,178,2006,6
2006-06-28,24.82999334149065,0.32457444,34.9391155410558,0,179,2006,6
2006-06-29,24.83999334126713,0.28144962,34.955900721251965,0,180,2006,6
2006-06-30,24.689993344619893,0.28592616,34.942167392000556,0,181,2006,6
2006-07-01,24.549993347749137,0.35390374,34.94827109389007,0,182,2006,7
2006-07-02,24.52999334819617,0.35043654,34.98794515617192,1,183,2006,7
2006-07-03,24.579993347078585,0.3221344,34.99862663447857,0,184,2006,7
2006-07-04,24.459993349760794,0.30872837,34.99557478353381,1,185,2006,7
2006-07-05,24.43999335020783,0.39051446,34.99404885806143,0,186,2006,7
2006-07-06,24.459993349760794,0.32903162,35.003204410895705,0,187,2006,7
2006-07-07,24.469993349537276,0.32300627,35.00015255995095,0,188,2006,7
2006-07-08,24.469993349537276,0.3286245,34.96963405050337,0,189,2006,7
2006-07-09,24.12999335713687,0.39970404,34.966582199558616,0,190,2006,7
2006-07-10,24.13999335691335,0.48620635,34.98641923069954,0,191,2006,7
2006-07-11,24.12999335713687,0.29163772,34.98336737975478,0,192,2006,7
2006-07-12,23.469993371889018,0.3751125,34.978789603337646,0,193,2006,7
2006-07-13,23.43999337255957,0.3823772,34.99710070900619,0,194,2006,7
2006-07-14,23.449993372336053,0.405649,35.00778218731284,0,195,2006,7
2006-07-15,23.39999337345364,0.4035983,35.00930811278522,0,196,2006,7
2006-07-16,23.449993372336053,0.4273444,35.00778218731284,1,197,2006,7
2006-07-17,23.429993372783088,0.4914638,35.029145143926144,0,198,2006,7
2006-07-18,23.32999337501826,0.38942358,35.039826622232795,0,199,2006,7
2006-07-19,23.309993375465297,0.40866,35.04440439864993,0,200,2006,7
2006-07-20,23.35999337434771,0.37592354,35.050508100539446,0,201,2006,7
2006-07-21,23.189993378147506,0.45109603,35.04898217506707,0,202,2006,7
2006-07-22,22.999993382394337,0.35906833,35.110019193962216,0,203,2006,7
2006-07-23,23.039993381500267,0.3418173,35.13138215057552,0,204,2006,7
2006-07-24,23.28999337591233,0.40112558,35.09781179018319,0,205,2006,7
2006-07-25,23.4799933716655,0.30170125,35.10238956660032,0,206,2006,7
2006-07-26,23.449993372336053,0.27394432,35.12680437415838,0,207,2006,7
2006-07-27,23.39999337345364,0.2778278,35.12680437415838,0,208,2006,7
2006-07-28,23.139993379265093,0.38311943,35.122226597741246,0,209,2006,7
2006-07-29,23.12999337948861,0.2636867,35.122226597741246,0,210,2006,7
2006-07-30,23.109993379935645,0.32466337,35.122226597741246,0,211,2006,7
2006-07-31,23.039993381500267,0.3355522,35.12680437415838,0,212,2006,7
2006-08-01,23.029993381723784,0.29084903,35.12680437415838,0,213,2006,8
2006-08-02,23.039993381500267,0.30381364,35.12833029963076,0,214,2006,8
2006-08-03,22.989993382617854,0.2708873,35.1329080760479,0,215,2006,8
2006-08-04,22.89999338462951,0.40935823,35.1329080760479,0,216,2006,8
2006-08-05,23.059993381053232,0.42079204,35.135959926992655,0,217,2006,8
2006-08-06,23.23999337702992,0.5420553,35.13901177793741,0,218,2006,8
2006-08-07,23.189993378147506,0.37117612,35.13138215057552,0,219,2006,8
2006-08-08,23.099993380159162,0.35340798,35.10238956660032,0,220,2006,8
2006-08-09,23.23999337702992,0.38618907,35.08102660998702,0,221,2006,8
2006-08-10,23.4799933716655,0.2463899,35.04135254770517,0,222,2006,8
2006-08-11,23.54999337010088,0.2963247,35.02304144203663,0,223,2006,8
2006-08-12,23.54999337010088,0.28157827,35.0535599514842,0,224,2006,8
2006-08-13,23.39999337345364,0.37582317,35.074922908097506,0,225,2006,8
2006-08-14,23.28999337591233,0.41020167,35.07950068451464,0,226,2006,8
2006-08-15,23.219993377476953,0.42877278,35.07797475904226,0,227,2006,8
2006-08-16,23.16999337859454,0.47778922,35.08407846093178,0,228,2006,8
2006-08-17,23.20999337770047,0.3242649,35.09475993923843,0,229,2006,8
2006-08-18,23.229993377253436,0.32705864,35.100863641127944,0,230,2006,8
2006-08-19,23.31999337524178,0.37142166,35.1039154920727,0,231,2006,8
2006-08-20,23.299993375688814,0.40976006,35.10696734301746,0,232,2006,8
2006-08-21,23.2499933768064,0.43824065,35.10849326848984,0,233,2006,8
2006-08-22,23.109993379935645,0.38640958,35.10544141754508,0,234,2006,8
2006-08-23,23.189993378147506,0.3416573,35.10849326848984,0,235,2006,8
2006-08-24,23.269993376359366,0.30283266,35.11459697037935,0,236,2006,8
2006-08-25,23.119993379712128,0.2470787,35.113071044906974,0,237,2006,8
2006-08-26,23.119993379712128,0.350744,35.110019193962216,0,238,2006,8
2006-08-27,23.23999337702992,0.5550409,35.11459697037935,0,239,2006,8
2006-08-28,23.499993371218466,0.36717287,35.12070067226887,0,240,2006,8
2006-08-29,23.449993372336053,0.36334184,35.11917474679649,0,241,2006,8
2006-08-30,23.419993373006605,0.22963223,35.11917474679649,0,242,2006,8
2006-08-31,23.469993371889018,0.478319,35.12070067226887,0,243,2006,8
2006-09-01,23.35999337434771,0.2526271,35.122226597741246,0,244,2006,9
2006-09-02,23.339993374794744,0.3110253,35.125278448686004,0,245,2006,9
2006-09-03,23.339993374794744,0.23720686,35.11917474679649,0,246,2006,9
2006-09-04,23.78999336473646,0.24805583,35.110019193962216,0,247,2006,9
2006-09-05,23.82999336384239,0.23991497,35.09323401376605,0,248,2006,9
2006-09-06,23.849993363395356,0.1559913,35.0611895788461,0,249,2006,9
2006-09-07,23.849993363395356,0.15104012,35.04898217506707,0,250,2006,9
2006-09-08,23.879993362724804,0.20673622,35.05661180242896,0,251,2006,9
2006-09-09,23.78999336473646,0.1830856,35.06729328073561,0,252,2006,9
2006-09-10,23.999993360042595,0.18609078,35.074922908097506,0,253,2006,9
2006-09-11,23.999993360042595,0.15970796,35.074922908097506,0,254,2006,9
2006-09-12,24.009993359819077,0.24690965,35.07034513168037,0,255,2006,9
2006-09-13,23.9399933613837,0.24032015,35.07339698262513,0,256,2006,9
2006-09-14,23.849993363395356,0.25802067,35.074922908097506,0,257,2006,9
2006-09-15,23.839993363618873,0.20048875,35.07950068451464,0,258,2006,9
2006-09-16,23.809993364289426,0.23888007,35.07797475904226,0,259,2006,9
2006-09-17,23.27999337613585,0.2698695,35.0825525354594,0,260,2006,9
2006-09-18,23.2499933768064,0.36818448,35.0825525354594,0,261,2006,9
2006-09-19,23.20999337770047,0.40498632,35.08560438640416,0,262,2006,9
2006-09-20,23.219993377476953,0.3500936,35.088656237348914,0,263,2006,9
2006-09-21,23.189993378147506,0.2344632,35.087130311876535,0,264,2006,9
2006-09-22,23.189993378147506,0.2754863,35.09018216282129,0,265,2006,9
2006-09-23,23.12999337948861,0.3298766,35.09323401376605,0,266,2006,9
2006-09-24,23.16999337859454,0.2207568,35.09781179018319,0,267,2006,9
2006-09-25,23.12999337948861,0.27106655,35.09781179018319,0,268,2006,9
2006-09-26,23.12999337948861,0.24953265,35.1039154920727,0,269,2006,9
2006-09-27,23.259993376582884,0.25435597,35.11612289585173,0,270,2006,9
2006-09-28,23.299993375688814,0.2509655,35.12680437415838,0,271,2006,9
2006-09-29,23.04999338127675,0.18958068,35.13138215057552,0,272,2006,9
2006-09-30,22.949993383511924,0.31469667,35.14206362888217,0,273,2006,9
2006-10-01,22.849993385747098,0.30668518,35.158848809078336,0,274,2006,10
2006-10-02,22.729993388429307,1.1181091,35.17868584021926,0,275,2006,10
2006-10-03,22.539993392676138,0.55857897,35.19394509494305,0,276,2006,10
2006-10-04,22.459993394464277,1.6817683,35.2046265732497,0,277,2006,10
2006-10-05,22.609993391111516,2.0800674,35.20310064777732,0,278,2006,10
2006-10-06,23.189993378147506,2.0491493,35.183263616636395,0,279,2006,10
2006-10-07,23.32999337501826,2.0491493,35.172582138329744,0,280,2006,10
2006-10-08,23.149993379041575,0.40835655,35.17410806380212,0,281,2006,10
2006-10-09,23.0199933819473,0.56941533,35.18021176569164,0,282,2006,10
2006-10-10,23.119993379712128,0.6686198,35.18631546758115,0,283,2006,10
2006-10-11,23.119993379712128,1.1769772,35.18936731852591,0,284,2006,10
2006-10-12,22.949993383511924,1.5143756,35.19394509494305,0,285,2006,10
2006-10-13,22.999993382394337,0.92626125,35.19852287136018,0,286,2006,10
2006-10-14,23.069993380829715,1.1091788,35.20310064777732,0,287,2006,10
2006-10-15,23.339993374794744,0.5904214,35.207678424194455,0,288,2006,10
2006-10-16,23.729993366077565,0.5962581,35.20310064777732,0,289,2006,10
2006-10-17,24.259993354231142,0.47527802,35.2046265732497,0,290,2006,10
2006-10-18,24.509993348643206,0.20080076,35.209204349666834,0,291,2006,10
2006-10-19,24.199993355572246,0.24147281,35.20157472230494,0,292,2006,10
2006-10-20,24.009993359819077,0.21069422,35.19089324399829,0,293,2006,10
2006-10-21,23.999993360042595,0.21069422,35.183263616636395,0,294,2006,10
2006-10-22,23.82999336384239,0.22818513,35.183263616636395,0,295,2006,10
2006-10-23,23.81999336406591,0.26150712,35.184789542108774,0,296,2006,10
2006-10-24,23.809993364289426,0.25134206,35.18936731852591,0,297,2006,10
2006-10-25,24.32999335266652,0.20338927,35.19241916947067,0,298,2006,10
2006-10-26,24.259993354231142,0.18242835,35.18784139305353,0,299,2006,10
2006-10-27,24.24999335445466,0.3443871,35.172582138329744,0,300,2006,10
2006-10-28,24.399993351101898,0.30231342,35.15579695813358,0,301,2006,10
2006-10-29,24.349993352219485,0.3268037,35.148167330771685,0,302,2006,10
2006-10-30,24.309993353113555,0.26891738,35.134434001520276,0,303,2006,10
2006-10-31,23.51999337077143,0.2858206,35.13138215057552,0,304,2006,10
2006-11-01,23.54999337010088,0.28575438,35.12985622510314,0,305,2006,11
2006-11-02,23.539993370324396,0.36894077,35.134434001520276,0,306,2006,11
2006-11-03,23.82999336384239,0.29692703,35.12985622510314,0,307,2006,11
2006-11-04,23.849993363395356,0.24134031,35.12680437415838,0,308,2006,11
2006-11-05,24.089993358030938,0.25224087,35.134434001520276,0,309,2006,11
2006-11-06,24.20999335534873,0.15472677,35.135959926992655,0,310,2006,11
2006-11-07,24.279993353784107,0.13233893,35.135959926992655,0,311,2006,11
2006-11-08,24.239993354678177,0.14455599,35.1329080760479,0,312,2006,11
2006-11-09,24.199993355572246,0.26744956,35.12985622510314,0,313,2006,11
2006-11-10,23.699993366748117,0.36030868,35.14511547982693,0,314,2006,11
2006-11-11,23.659993367642187,0.36711127,35.17410806380212,0,315,2006,11
2006-11-12,23.609993368759774,0.3556517,35.20004879683256,0,316,2006,11
2006-11-13,23.619993368536257,0.3596675,35.218359902501106,0,317,2006,11
2006-11-14,23.62999336831274,0.36657593,35.233619157224894,0,318,2006,11
2006-11-15,23.58999336920681,0.26238406,35.230567306280136,0,319,2006,11
2006-11-16,23.7099933665246,0.26238406,35.19852287136018,0,320,2006,11
2006-11-17,23.66999336741867,0.26238406,35.21378212608397,0,321,2006,11
2006-11-18,23.739993365854048,0.32446077,35.233619157224894,0,322,2006,11
2006-11-19,23.919993361830734,0.5068008,35.24582656100392,0,323,2006,11
2006-11-20,23.86999336294832,0.47104448,35.25040433742106,0,324,2006,11
2006-11-21,23.809993364289426,0.5119599,35.25040433742106,0,325,2006,11
2006-11-22,23.989993360266112,0.4803576,35.242774710059166,0,326,2006,11
2006-11-23,24.349993352219485,0.46698418,35.232093231752515,0,327,2006,11
2006-11-24,24.359993351995968,0.40060332,35.24887841194868,0,328,2006,11
2006-11-25,24.349993352219485,0.2545097,35.24582656100392,0,329,2006,11
2006-11-26,24.539993347972654,0.21621183,35.24582656100392,0,330,2006,11
2006-11-27,24.55999334752562,0.362286,35.24887841194868,0,331,2006,11
2006-11-28,24.55999334752562,0.35366812,35.24887841194868,0,332,2006,11
2006-11-29,24.339993352443003,0.40679303,35.230567306280136,0,333,2006,11
2006-11-30,24.119993357360386,0.5407639,35.207678424194455,0,334,2006,11
2006-12-01,24.069993358477973,0.7274986,35.19089324399829,0,335,2006,12
2006-12-02,24.13999335691335,0.764695,35.19394509494305,0,336,2006,12
2006-12-03,24.189993355795764,0.3572647,35.196996945887804,0,337,2006,12
2006-12-04,24.119993357360386,0.24754994,35.20004879683256,0,338,2006,12
2006-12-05,24.44999334998431,0.36162362,35.20004879683256,0,339,2006,12
2006-12-06,24.389993351325415,0.16951932,35.20004879683256,0,340,2006,12
2006-12-07,24.44999334998431,0.16041943,35.195471020415425,0,341,2006,12
2006-12-08,24.47999334931376,0.15998882,35.18784139305353,0,342,2006,12
2006-12-09,24.609993346408032,0.19401175,35.19089324399829,0,343,2006,12
2006-12-10,24.779993342608236,0.33824372,35.21225620061159,0,344,2006,12
2006-12-11,24.859993340820097,0.29406592,35.22293767891824,0,345,2006,12
2006-12-12,25.049993336573266,0.35404184,35.219885827973485,0,346,2006,12
2006-12-13,25.309993330761813,0.13870567,35.21683397702873,0,347,2006,12
2006-12-14,25.289993331208848,0.14393505,35.196996945887804,0,348,2006,12
2006-12-15,25.209993332996987,0.14393505,35.184789542108774,0,349,2006,12
2006-12-16,25.249993332102918,0.14715675,35.16953028738499,0,350,2006,12
2006-12-17,25.509993326291465,0.17035732,35.14053770340979,0,351,2006,12
2006-12-18,25.699993322044634,0.23496702,35.15274510718882,0,352,2006,12
2006-12-19,25.68999332226815,0.21847127,35.15274510718882,0,353,2006,12
2006-12-20,25.68999332226815,0.220541,35.15121918171644,0,354,2006,12
2006-12-21,25.659993322938703,0.38051593,35.1329080760479,0,355,2006,12
2006-12-22,25.889993317797803,0.2165664,35.134434001520276,0,356,2006,12
2006-12-23,26.409993306174897,0.13395526,35.135959926992655,0,357,2006,12
2006-12-24,27.019993292540335,0.17296997,35.12985622510314,0,358,2006,12
2006-12-25,27.319993285834812,0.13357925,35.122226597741246,0,359,2006,12
2006-12-26,27.959993271529697,0.12058689,35.12833029963076,0,360,2006,12
2006-12-27,27.73999327644708,0.12966327,35.125278448686004,0,361,2006,12
2006-12-28,27.069993291422747,0.1259562,35.12680437415838,0,362,2006,12
2006-12-29,26.8099932972342,0.24692762,35.10696734301746,0,363,2006,12
2006-12-30,26.76999329812827,0.64638263,35.07034513168037,0,364,2006,12
2006-12-31,26.8099932972342,0.6412934,35.029145143926144,0,365,2006,12
2007-01-01,26.979993293434404,0.2216903,34.99862663447857,0,1,2007,1
2007-01-02,27.069993291422747,0.14494325,34.98336737975478,0,2,2007,1
2007-01-03,26.56999330259862,0.23159802,35.04135254770517,0,3,2007,1
2007-01-04,26.429993305727862,0.19460556,35.05813772790134,0,4,2007,1
2007-01-05,26.369993307068967,0.19800185,35.03067106939852,0,5,2007,1
2007-01-06,26.56999330259862,0.50653666,35.013885889202356,0,6,2007,1
2007-01-07,26.84999329634013,0.2964401,34.99862663447857,0,7,2007,1
2007-01-08,26.709993299469375,0.14087616,34.980315528810024,0,8,2007,1
2007-01-09,25.549993325397395,0.17112774,34.96353034861386,0,9,2007,1
2007-01-10,25.52999332584443,0.33423504,34.91164888255298,0,10,2007,1
2007-01-11,25.44999332763257,0.28201267,34.85213778913021,0,11,2007,1
2007-01-12,25.41999332830312,0.28201267,34.82772298157215,0,12,2007,1
2007-01-13,25.359993329644226,0.2938719,34.823145205155015,0,13,2007,1
2007-01-14,25.479993326962017,0.292757,34.83077483251691,0,14,2007,1
2007-01-15,24.75999334305527,0.44366285,34.83993038535118,0,15,2007,1
2007-01-16,24.229993354901694,0.7311862,34.87350074574351,1,16,2007,1
2007-01-17,24.21999335512521,0.34429106,34.93758961558342,0,17,2007,1
2007-01-18,23.90999336205425,0.76773405,35.003204410895705,0,18,2007,1
2007-01-19,23.50999337099495,0.83163947,35.099337715655565,0,19,2007,1
2007-01-20,23.579993369430326,0.8587503,35.15579695813358,0,20,2007,1
2007-01-21,23.929993361607217,0.831509,35.15274510718882,0,21,2007,1
2007-01-22,25.189993333444022,0.37326244,35.13748585246503,0,22,2007,1
2007-01-23,25.33999333009126,0.37028486,35.13138215057552,0,23,2007,1
2007-01-24,25.29999333098533,0.19262554,35.134434001520276,0,24,2007,1
2007-01-25,24.569993347302102,0.41830048,35.14511547982693,0,25,2007,1
2007-01-26,24.569993347302102,0.3042627,35.14969325624406,0,26,2007,1
2007-01-27,24.549993347749137,0.19297509,35.146641405299306,0,27,2007,1
2007-01-28,24.279993353784107,0.1927346,35.158848809078336,0,28,2007,1
2007-01-29,24.21999335512521,0.4905529,35.171056212857366,0,29,2007,1
2007-01-30,24.009993359819077,0.2565139,35.19089324399829,0,30,2007,1
2007-01-31,23.839993363618873,0.84533405,35.225989529863,0,31,2007,1
2007-02-01,24.009993359819077,0.71636516,35.2473524864763,0,32,2007,2
2007-02-02,24.12999335713687,0.30511433,35.23514508269727,0,33,2007,2
2007-02-03,24.159993356466316,0.2171553,35.195471020415425,0,34,2007,2
2007-02-04,24.17999335601928,0.47111174,35.16800436191261,0,35,2007,2
2007-02-05,24.319993352890037,0.6472408,35.16647843644023,0,36,2007,2
2007-02-06,24.24999335445466,0.4104067,35.16190066002309,0,37,2007,2
2007-02-07,24.86999334059658,0.2733858,35.134434001520276,0,38,2007,2
2007-02-08,24.779993342608236,0.29551604,35.11459697037935,0,39,2007,2
2007-02-09,24.83999334126713,0.2916447,35.135959926992655,0,40,2007,2
2007-02-10,25.209993332996987,0.3721324,35.158848809078336,0,41,2007,2
2007-02-11,25.349993329867743,0.20399554,35.16647843644023,0,42,2007,2
2007-02-12,25.41999332830312,0.22977275,35.171056212857366,0,43,2007,2
2007-02-13,26.199993310868763,0.25478506,35.18173769116402,0,44,2007,2
2007-02-14,26.179993311315798,0.2439593,35.172582138329744,0,45,2007,2
2007-02-15,26.209993310645245,0.2787601,35.15579695813358,0,46,2007,2
2007-02-16,26.06999331377449,0.64426774,35.158848809078336,0,47,2007,2
2007-02-17,25.849993318691872,0.5809724,35.12985622510314,0,48,2007,2
2007-02-18,25.72999332137408,0.38301867,35.10238956660032,0,49,2007,2
2007-02-19,25.68999332226815,0.33419722,35.08560438640416,0,50,2007,2
2007-02-20,25.95999331623318,0.67690057,35.06576735526323,0,51,2007,2
2007-02-21,26.129993312433385,0.34998465,35.0611895788461,0,52,2007,2
2007-02-22,26.829993296787165,0.16870387,35.05813772790134,0,53,2007,2
2007-02-23,27.789993275329493,0.28638172,35.04135254770517,0,54,2007,2
2007-02-24,27.729993276670598,0.19161722,35.038300696760416,0,55,2007,2
2007-02-25,27.729993276670598,0.14826727,35.04440439864993,0,56,2007,2
2007-02-26,26.91999329477551,0.17241588,35.038300696760416,0,57,2007,2
2007-02-27,26.779993297904753,0.7350837,35.027619218453765,0,58,2007,2
2007-02-28,26.599993301928066,0.6594848,35.04135254770517,0,59,2007,2
2007-03-01,25.2599933318794,0.85399413,35.06881920620799,0,60,2007,3
2007-03-02,25.329993330314778,0.6979221,35.09475993923843,0,61,2007,3
2007-03-03,25.289993331208848,0.38185185,35.08102660998702,0,62,2007,3
2007-03-04,25.67999332249167,0.25144723,35.04440439864993,0,63,2007,3
2007-03-05,25.95999331623318,0.19769876,35.02151551656425,0,64,2007,3
2007-03-06,26.589993302151584,0.17143528,34.98641923069954,0,65,2007,3
2007-03-07,27.749993276223563,0.16278894,34.933011839166284,0,66,2007,3
2007-03-08,28.189993266388797,0.1359983,35.0535599514842,0,67,2007,3
2007-03-09,28.08999326862397,0.12992936,34.9101229570806,0,68,2007,3
2007-03-10,28.029993269965075,0.12992936,34.824671130627394,0,69,2007,3
2007-03-11,27.729993276670598,0.34468865,34.8887600004673,0,70,2007,3
2007-03-12,27.109993290528678,0.3674186,34.943693317472935,0,71,2007,3
2007-03-13,26.789993297681235,0.3686764,34.93453776463866,0,72,2007,3
2007-03-14,26.8099932972342,0.344559,34.954374795779586,0,73,2007,3
2007-03-15,26.859993296116613,0.26574615,34.980315528810024,0,74,2007,3
2007-03-16,26.87999329566958,0.1994161,34.990997007116675,0,75,2007,3
2007-03-17,27.379993284493708,0.18866417,34.97573775239289,0,76,2007,3
2007-03-18,27.449993282929086,0.20113644,34.96505627408624,0,77,2007,3
2007-03-19,27.459993282705568,0.20644215,34.9604784976691,0,78,2007,3
2007-03-20,27.749993276223563,0.2135113,34.968108125030994,2,79,2007,3
2007-03-21,27.829993274435424,0.14007717,34.97268590144813,2,80,2007,3
2007-03-22,27.46999328248205,0.1768238,34.99710070900619,0,81,2007,3
2007-03-23,27.27999328672888,0.24771775,35.04898217506707,0,82,2007,3
2007-03-24,27.289993286505364,0.28774765,34.955900721251965,0,83,2007,3
2007-03-25,27.219993288069986,0.23210147,34.58510083146393,4,84,2007,3
2007-03-26,27.749993276223563,0.23200363,34.45692309178412,0,85,2007,3
2007-03-27,27.749993276223563,0.47257233,34.44624161347747,0,86,2007,3
2007-03-28,27.77999327555301,0.42911914,34.437086060643196,0,87,2007,3
2007-03-29,27.829993274435424,0.2130054,34.2860194388777,0,88,2007,3
2007-03-30,28.039993269741558,0.14369638,34.26160463131964,1,89,2007,3
2007-03-31,27.999993270635628,0.38691172,34.282967587932944,0,90,2007,3
2007-04-01,27.959993271529697,0.4008886,34.36841941438615,0,91,2007,4
2007-04-02,27.989993270859145,0.16806029,34.295174991711974,2,92,2007,4
2007-04-03,28.19999326616528,0.17170802,34.06933802179992,1,93,2007,4
2007-04-04,28.329993263259553,0.21062304,33.95947138778865,3,94,2007,4
2007-04-05,28.729993254318856,0.21072918,33.944212133064866,1,95,2007,4
2007-04-06,28.85999325141313,0.16732086,34.00219730101526,2,96,2007,4
2007-04-07,28.759993253648304,0.17519732,33.718375163152814,1,97,2007,4
2007-04-08,28.5899932574481,0.31137624,33.680227026343346,0,98,2007,4
2007-04-09,28.339993263036035,0.36681342,34.066286170855165,0,99,2007,4
2007-04-10,28.1299932677299,0.33960584,34.08612320199609,1,100,2007,4
2007-04-11,28.07999326884749,0.20588431,33.75804922543466,1,101,2007,4
2007-04-12,28.609993257001065,0.27827394,33.597827050834894,1,102,2007,4
2007-04-13,28.649993256106995,0.13985913,33.52763447910547,5,103,2007,4
2007-04-14,28.66999325565996,0.1546708,33.58104187063873,4,104,2007,4
2007-04-15,28.489993259683274,0.13543652,33.6832788772881,0,105,2007,4
2007-04-16,28.46999326013031,0.18408863,34.17767873033881,3,106,2007,4
2007-04-17,28.38999326191845,0.2980708,34.29670091718435,4,107,2007,4
2007-04-18,28.139993267506384,0.25575548,34.34705645777285,0,108,2007,4
2007-04-19,28.1299932677299,0.24585487,34.2860194388777,0,109,2007,4
2007-04-20,28.11999326795342,0.14220749,34.42182680591941,2,110,2007,4
2007-04-21,28.19999326616528,0.2070783,34.49201937764883,1,111,2007,4
2007-04-22,28.209993265941762,0.18586922,34.54847862012684,0,112,2007,4
2007-04-23,28.219993265718244,0.18588068,34.62782674469054,3,113,2007,4
2007-04-24,28.19999326616528,0.18719438,34.632404521107674,0,114,2007,4
2007-04-25,28.179993266612314,0.21928914,34.401989774778485,0,115,2007,4
2007-04-26,28.019993270188593,0.21936518,34.05102691613138,0,116,2007,4
2007-04-27,27.939993271976732,0.21294141,34.029663959518075,9,117,2007,4
2007-04-28,27.869993273541354,0.25913212,33.97625656798482,4,118,2007,4
2007-04-29,27.719993276894115,0.25797018,34.04492321424186,1,119,2007,4
2007-04-30,27.669993278011702,0.25989798,34.235663898289204,5,120,2007,4
2007-05-01,27.109993290528678,0.304265,34.557634172961116,1,121,2007,5
2007-05-02,27.099993290752195,0.31584448,34.61104156449437,3,122,2007,5
2007-05-03,27.219993288069986,0.2673685,34.5728934276849,0,123,2007,5
2007-05-04,26.899993295222544,0.3152065,34.62782674469054,2,124,2007,5
2007-05-05,26.92999329455199,0.2545429,34.69649339094758,0,125,2007,5
2007-05-06,26.869993295893096,0.22740987,34.73464152775705,2,126,2007,5
2007-05-07,26.329993307963036,0.21950395,34.77126373909414,2,127,2007,5
2007-05-08,26.139993312209867,0.21563897,34.80636002495885,4,128,2007,5
2007-05-09,26.10999331288042,0.40322313,34.823145205155015,6,129,2007,5
2007-05-10,26.509993303939723,0.26832116,34.80636002495885,5,130,2007,5
2007-05-11,26.629993301257514,0.27912265,34.665974881500006,4,131,2007,5
2007-05-12,26.639993301033996,0.40831512,34.64766377583146,5,132,2007,5
2007-05-13,26.599993301928066,0.49015576,34.74227115511894,1,133,2007,5
2007-05-14,26.53999330326917,0.54521734,34.74684893153608,5,134,2007,5
2007-05-15,26.53999330326917,0.58023506,34.727011900395155,4,135,2007,5
2007-05-16,26.629993301257514,0.38778874,34.70870079472661,6,136,2007,5
2007-05-17,26.639993301033996,0.23127891,34.62630081921816,8,137,2007,5
2007-05-18,26.639993301033996,0.18680632,34.46913049556315,4,138,2007,5
2007-05-19,26.53999330326917,0.2226335,34.449293464422226,1,139,2007,5
2007-05-20,26.529993303492688,0.24766874,34.49049345217645,2,140,2007,5
2007-05-21,26.56999330259862,0.27665427,34.450819389894605,2,141,2007,5
2007-05-22,26.629993301257514,0.30557323,34.38520459458232,4,142,2007,5
2007-05-23,26.819993297010683,0.26439676,34.365367563441396,4,143,2007,5
2007-05-24,26.84999329634013,0.25611946,34.26770833320916,3,144,2007,5
2007-05-25,26.869993295893096,0.38962966,34.22650834545493,3,145,2007,5
2007-05-26,26.829993296787165,0.27149597,34.185308357700706,0,146,2007,5
2007-05-27,26.759993298351787,0.44624984,34.2432935256511,5,147,2007,5
2007-05-28,26.719993299245857,0.40508455,34.64003414846957,3,148,2007,5
2007-05-29,26.319993308186554,0.32859984,34.89181185141206,4,149,2007,5
2007-05-30,26.319993308186554,0.35160255,34.92233036085963,6,150,2007,5
2007-05-31,26.41999330595138,0.41298795,34.524063812568784,3,151,2007,5
2007-06-01,26.429993305727862,0.4961747,34.461500868201256,2,152,2007,6
2007-06-02,26.479993304610275,0.69086003,34.53169343993068,2,153,2007,6
2007-06-03,26.429993305727862,0.86182314,34.533219365403056,1,154,2007,6
2007-06-04,26.489993304386758,0.60724515,34.3867305200547,12,155,2007,6
2007-06-05,26.449993305280827,0.46527883,34.43556013517082,2,156,2007,6
2007-06-06,26.469993304833793,0.69737536,34.365367563441396,1,157,2007,6
2007-06-07,26.369993307068967,0.44158947,34.270760184153914,4,158,2007,6
2007-06-08,26.509993303939723,0.48414433,34.19598983600736,13,159,2007,6
2007-06-09,26.409993306174897,0.45430705,34.244819451123476,5,160,2007,6
2007-06-10,26.29999330863359,0.52036184,34.30280461907387,3,161,2007,6
2007-06-11,26.369993307068967,0.6233743,34.305856470018625,7,162,2007,6
2007-06-12,26.319993308186554,0.5858345,34.282967587932944,0,163,2007,6
2007-06-13,26.29999330863359,0.47393957,34.2143009416759,13,164,2007,6
2007-06-14,26.089993313327454,0.4249007,34.22498241998255,5,165,2007,6
2007-06-15,25.99999331533911,0.36450833,34.246345376595855,5,166,2007,6
2007-06-16,25.889993317797803,0.4376498,34.319589799270034,6,167,2007,6
2007-06-17,25.829993319138907,0.4943853,34.35621201060712,2,168,2007,6
2007-06-18,25.559993325173878,0.47667125,34.3867305200547,4,169,2007,6
2007-06-19,25.519993326067947,0.524915,34.36384163796902,1,170,2007,6
2007-06-20,25.499993326514982,0.44654235,34.3867305200547,16,171,2007,6
2007-06-21,25.389993328973674,0.3419065,34.37299719080329,1,172,2007,6
2007-06-22,25.329993330314778,0.38280147,34.39741199836135,4,173,2007,6
2007-06-23,25.009993337467336,0.3659725,34.36078978702426,0,174,2007,6
2007-06-24,25.019993337243818,0.49602896,34.38062681816518,10,175,2007,6
2007-06-25,25.09999333545568,0.5046137,34.43098235875368,9,176,2007,6
2007-06-26,25.089993335679196,0.4095724,34.4294564332813,6,177,2007,6
2007-06-27,24.74999334327879,0.46999636,34.534745290875435,0,178,2007,6
2007-06-28,24.75999334305527,0.31477562,34.546952694654465,1,179,2007,6
2007-06-29,24.739993343502306,0.30460563,34.78041929192841,7,180,2007,6
2007-06-30,25.29999333098533,0.25363576,34.71175264567137,1,181,2007,6
2007-07-01,25.349993329867743,0.30617294,34.42030088044703,0,182,2007,7
2007-07-02,25.06999333612623,0.30617276,34.6018860116601,0,183,2007,7
2007-07-03,24.819993341714166,0.26619077,34.87655259668827,4,184,2007,7
2007-07-04,24.629993345960997,0.32796183,34.929959988221526,7,185,2007,7
2007-07-05,24.649993345513963,0.28218073,34.89181185141206,0,186,2007,7
2007-07-06,24.86999334059658,0.3146539,34.690389689058065,3,187,2007,7
2007-07-07,24.78999334238472,0.35327083,34.678182285279036,4,188,2007,7
2007-07-08,24.769993342831754,0.3394197,34.68733783811331,4,189,2007,7
2007-07-09,24.75999334305527,0.28313792,34.68886376358569,5,190,2007,7
2007-07-10,24.889993340149545,0.2650403,34.5301675144583,0,191,2007,7
2007-07-11,24.86999334059658,0.31646454,34.6949674654752,2,192,2007,7
2007-07-12,24.859993340820097,0.32960722,34.72243412397802,2,193,2007,7
2007-07-13,24.189993355795764,0.2748185,34.76973781362176,0,194,2007,7
2007-07-14,24.229993354901694,0.26225093,34.786522993817925,1,195,2007,7
2007-07-15,24.269993354007624,0.2418294,34.82772298157215,4,196,2007,7
2007-07-16,24.13999335691335,0.421066,34.80483409948647,1,197,2007,7
2007-07-17,24.1699933562428,0.6455115,34.835352608934045,3,198,2007,7
2007-07-18,24.1699933562428,0.4678789,34.87350074574351,3,199,2007,7
2007-07-19,24.1699933562428,0.42671943,34.919278509914875,0,200,2007,7
2007-07-20,24.079993358254455,0.42551777,34.8887600004673,0,201,2007,7
2007-07-21,24.159993356466316,0.374114,34.929959988221526,0,202,2007,7
2007-07-22,24.24999335445466,0.28526878,34.836878534406424,0,203,2007,7
2007-07-23,24.21999335512521,0.285835,34.89944147877395,0,204,2007,7
2007-07-24,24.299993353337072,0.2981269,34.99710070900619,0,205,2007,7
2007-07-25,24.349993352219485,0.2342251,35.01235996372998,0,206,2007,7
2007-07-26,24.24999335445466,0.32916114,34.99862663447857,0,207,2007,7
2007-07-27,24.109993357583903,0.32916114,34.980315528810024,0,208,2007,7
2007-07-28,24.079993358254455,0.2717683,34.96963405050337,0,209,2007,7
2007-07-29,24.029993359372043,0.46680322,34.97421182692051,0,210,2007,7
2007-07-30,23.929993361607217,0.3586473,34.990997007116675,0,211,2007,7
2007-07-31,23.58999336920681,0.33031455,34.98794515617192,0,212,2007,7
2007-08-01,23.59999336898329,0.37988412,34.9818414542824,0,213,2007,8
2007-08-02,23.59999336898329,0.32626683,34.97573775239289,0,214,2007,8
2007-08-03,23.55999336987736,0.33229163,34.9894710816443,0,215,2007,8
2007-08-04,23.269993376359366,0.38155967,35.016937740147114,0,216,2007,8
2007-08-05,23.299993375688814,0.32530653,35.0321969948709,0,217,2007,8
2007-08-06,23.32999337501826,0.3316762,35.03677477128804,0,218,2007,8
2007-08-07,23.489993371441983,0.2653984,35.04135254770517,0,219,2007,8
2007-08-08,23.469993371889018,0.2186022,35.04593032412231,0,220,2007,8
2007-08-09,23.499993371218466,0.23411629,35.039826622232795,0,221,2007,8
2007-08-10,23.419993373006605,0.2929032,35.01846366561949,0,222,2007,8
2007-08-11,23.43999337255957,0.26282227,35.02456736750901,0,223,2007,8
2007-08-12,23.55999336987736,0.27201077,35.05661180242896,0,224,2007,8
2007-08-13,23.66999336741867,0.21562757,35.07034513168037,0,225,2007,8
2007-08-14,23.349993374571227,0.2888695,35.074922908097506,0,226,2007,8
2007-08-15,23.32999337501826,0.25981775,35.076448833569884,0,227,2007,8
2007-08-16,23.339993374794744,0.34691828,35.0825525354594,0,228,2007,8
2007-08-17,23.369993374124192,0.4115372,35.064241429790854,0,229,2007,8
2007-08-18,23.43999337255957,0.48348925,35.01846366561949,0,230,2007,8
2007-08-19,23.43999337255957,0.36625817,35.013885889202356,0,231,2007,8
2007-08-20,23.389993373677157,0.2770801,35.00930811278522,0,232,2007,8
2007-08-21,23.31999337524178,0.3618235,34.990997007116675,0,233,2007,8
2007-08-22,23.269993376359366,0.24340445,34.99710070900619,0,234,2007,8
2007-08-23,23.159993378818058,0.36774802,35.01998959109187,0,235,2007,8
2007-08-24,23.309993375465297,0.30487055,35.003204410895705,0,236,2007,8
2007-08-25,23.59999336898329,0.3657804,34.98489330522716,0,237,2007,8
2007-08-26,23.689993366971635,0.33119413,34.98794515617192,0,238,2007,8
2007-08-27,23.55999336987736,0.24502487,34.99557478353381,0,239,2007,8
2007-08-28,23.449993372336053,0.2812439,35.004730336368084,0,240,2007,8
2007-08-29,23.299993375688814,0.40782404,35.0108340382576,0,241,2007,8
2007-08-30,23.12999337948861,0.33018392,35.0108340382576,0,242,2007,8
2007-08-31,23.059993381053232,0.31558,35.02456736750901,0,243,2007,8
2007-09-01,23.099993380159162,0.41558978,35.04287847317755,0,244,2007,9
2007-09-02,23.469993371889018,0.5741476,35.04135254770517,0,245,2007,9
2007-09-03,23.609993368759774,0.30942118,35.027619218453765,0,246,2007,9
2007-09-04,23.739993365854048,0.18847372,35.00015255995095,0,247,2007,9
2007-09-05,23.419993373006605,0.3674595,34.98336737975478,0,248,2007,9
2007-09-06,23.369993374124192,0.3531875,34.9894710816443,0,249,2007,9
2007-09-07,23.369993374124192,0.31499353,34.992522932589054,0,250,2007,9
2007-09-08,23.349993374571227,0.37255713,35.00167848542333,0,251,2007,9
2007-09-09,23.419993373006605,0.36826098,35.0108340382576,0,252,2007,9
2007-09-10,23.459993372112535,0.267057,35.016937740147114,0,253,2007,9
2007-09-11,23.58999336920681,0.1956816,35.003204410895705,0,254,2007,9
2007-09-12,23.59999336898329,0.21591221,34.99557478353381,0,255,2007,9
2007-09-13,23.58999336920681,0.29381338,35.0108340382576,0,256,2007,9
2007-09-14,23.2499933768064,0.32618406,35.016937740147114,0,257,2007,9
2007-09-15,23.20999337770047,0.4685429,35.01998959109187,0,258,2007,9
2007-09-16,23.20999337770047,0.52906895,35.016937740147114,0,259,2007,9
2007-09-17,23.39999337345364,0.24243647,34.99557478353381,0,260,2007,9
2007-09-18,23.199993377923988,0.24248938,35.00778218731284,0,261,2007,9
2007-09-19,23.109993379935645,0.36987862,35.02304144203663,0,262,2007,9
2007-09-20,23.0199933819473,0.501141,35.00930811278522,0,263,2007,9
2007-09-21,22.759993387758755,1.2504934,34.99862663447857,0,264,2007,9
2007-09-22,22.829993386194133,0.65313315,34.99862663447857,0,265,2007,9
2007-09-23,22.81999338641765,2.1788871,34.99557478353381,0,266,2007,9
2007-09-24,23.00999338217082,0.4971923,34.99557478353381,0,267,2007,9
2007-09-25,22.85999338552358,0.55985504,35.016937740147114,0,268,2007,9
2007-09-26,22.889993384853028,0.5878197,35.02456736750901,0,269,2007,9
2007-09-27,22.89999338462951,0.4610333,35.003204410895705,0,270,2007,9
2007-09-28,22.989993382617854,0.32169148,34.93606369011104,0,271,2007,9
2007-09-29,23.159993378818058,0.2890901,34.87502667121589,0,272,2007,9
2007-09-30,23.349993374571227,0.20977262,34.8887600004673,0,273,2007,9
2007-10-01,23.39999337345364,0.2869926,34.93606369011104,0,274,2007,10
2007-10-02,23.459993372112535,0.45902812,34.95742664672434,0,275,2007,10
2007-10-03,23.659993367642187,0.57279044,34.966582199558616,0,276,2007,10
2007-10-04,23.659993367642187,0.21953712,34.966582199558616,0,277,2007,10
2007-10-05,23.619993368536257,0.2758196,34.95742664672434,0,278,2007,10
2007-10-06,23.58999336920681,0.19739862,34.94979701936245,0,279,2007,10
2007-10-07,24.009993359819077,0.16140246,34.94979701936245,0,280,2007,10
2007-10-08,24.069993358477973,0.17457473,34.942167392000556,0,281,2007,10
2007-10-09,24.029993359372043,0.13487585,34.94064146652818,0,282,2007,10
2007-10-10,23.35999337434771,0.13490151,34.95284887030721,0,283,2007,10
2007-10-11,23.219993377476953,0.29616323,34.97726367786527,0,284,2007,10
2007-10-12,23.189993378147506,0.22057739,34.990997007116675,0,285,2007,10
2007-10-13,24.05999335870149,0.27218938,34.99557478353381,0,286,2007,10
2007-10-14,24.13999335691335,0.19339289,34.99557478353381,1,287,2007,10
2007-10-15,24.149993356689833,0.19740458,34.99862663447857,0,288,2007,10
2007-10-16,23.81999336406591,0.2086776,35.003204410895705,0,289,2007,10
2007-10-17,23.81999336406591,0.375757,34.99557478353381,0,290,2007,10
2007-10-18,23.86999336294832,0.23961745,34.98489330522716,0,291,2007,10
2007-10-19,23.97999336048963,0.2665227,34.97573775239289,0,292,2007,10
2007-10-20,23.78999336473646,0.2665778,34.97573775239289,0,293,2007,10
2007-10-21,23.89999336227777,0.28680235,34.98794515617192,0,294,2007,10
2007-10-22,24.09999335780742,0.17579572,35.00625626184046,0,295,2007,10
2007-10-23,24.47999334931376,0.25201756,35.02151551656425,0,296,2007,10
2007-10-24,24.48999334909024,0.17146863,35.01998959109187,0,297,2007,10
2007-10-25,24.36999335177245,0.20735341,35.015411814674735,0,298,2007,10
2007-10-26,23.469993371889018,0.21425737,34.99862663447857,0,299,2007,10
2007-10-27,23.539993370324396,0.27403003,35.003204410895705,0,300,2007,10
2007-10-28,23.51999337077143,0.30101243,35.013885889202356,0,301,2007,10
2007-10-29,23.459993372112535,0.2914343,35.01998959109187,0,302,2007,10
2007-10-30,23.43999337255957,0.2621566,35.02456736750901,0,303,2007,10
2007-10-31,23.379993373900675,0.27495274,35.03372292034328,0,304,2007,10
2007-11-01,23.039993381500267,0.44410703,35.04135254770517,0,305,2007,11
2007-11-02,22.959993383288406,0.4807755,35.050508100539446,0,306,2007,11
2007-11-03,22.959993383288406,0.47491938,35.05813772790134,0,307,2007,11
2007-11-04,23.489993371441983,0.3229494,35.05661180242896,0,308,2007,11
2007-11-05,23.43999337255957,0.26346076,35.04745624959469,0,309,2007,11
2007-11-06,23.419993373006605,0.23720741,35.04287847317755,0,310,2007,11
2007-11-07,23.35999337434771,0.1969799,35.04440439864993,0,311,2007,11
2007-11-08,23.43999337255957,0.1726887,35.04898217506707,0,312,2007,11
2007-11-09,23.469993371889018,0.23581366,35.050508100539446,0,313,2007,11
2007-11-10,23.609993368759774,0.37386703,35.05813772790134,0,314,2007,11
2007-11-11,24.469993349537276,0.37386703,35.0611895788461,0,315,2007,11
2007-11-12,24.629993345960997,0.20386478,35.0611895788461,0,316,2007,11
2007-11-13,24.629993345960997,0.31092694,35.0611895788461,0,317,2007,11
2007-11-14,24.919993339478992,0.2817725,35.06576735526323,0,318,2007,11
2007-11-15,24.929993339255475,0.15992355,35.06729328073561,0,319,2007,11
2007-11-16,24.889993340149545,0.16154721,35.062715504318476,0,320,2007,11
2007-11-17,24.469993349537276,0.17859432,35.05966365337372,0,321,2007,11
2007-11-18,24.48999334909024,0.20601992,35.05508587695658,0,322,2007,11
2007-11-19,24.47999334931376,0.23745771,35.04287847317755,0,323,2007,11
2007-11-20,24.47999334931376,0.35475683,35.0321969948709,0,324,2007,11
2007-11-21,24.779993342608236,0.31714055,35.039826622232795,0,325,2007,11
2007-11-22,24.919993339478992,0.20075977,35.04898217506707,0,326,2007,11
2007-11-23,24.939993339031957,0.19633672,35.100863641127944,0,327,2007,11
2007-11-24,25.41999332830312,0.15428984,35.14511547982693,0,328,2007,11
2007-11-25,26.089993313327454,0.15939617,35.14053770340979,0,329,2007,11
2007-11-26,25.939993316680216,0.15241928,35.14053770340979,0,330,2007,11
2007-11-27,25.509993326291465,0.16194008,35.12833029963076,0,331,2007,11
2007-11-28,25.279993331432365,0.14189778,35.122226597741246,0,332,2007,11
2007-11-29,25.05999333634975,0.21385302,35.11917474679649,0,333,2007,11
2007-11-30,23.89999336227777,0.20768613,35.110019193962216,0,334,2007,11
2007-12-01,23.81999336406591,0.33335212,35.09475993923843,0,335,2007,12
2007-12-02,23.799993364512943,0.37494466,35.09170808829367,0,336,2007,12
2007-12-03,24.05999335870149,0.21865527,35.09628586471081,0,337,2007,12
2007-12-04,24.009993359819077,0.23869579,35.10238956660032,0,338,2007,12
2007-12-05,23.959993360936664,0.22851278,35.09628586471081,0,339,2007,12
2007-12-06,23.699993366748117,0.40706062,35.08407846093178,0,340,2007,12
2007-12-07,23.649993367865704,0.41007474,35.0825525354594,0,341,2007,12
2007-12-08,23.689993366971635,0.6062837,35.09323401376605,0,342,2007,12
2007-12-09,24.609993346408032,0.31054172,35.12833029963076,0,343,2007,12
2007-12-10,25.09999333545568,0.18129764,35.17715991474688,0,344,2007,12
2007-12-11,25.37999332919719,0.15445074,35.18784139305353,0,345,2007,12
2007-12-12,25.33999333009126,0.15432987,35.17410806380212,0,346,2007,12
2007-12-13,25.559993325173878,0.15432987,35.195471020415425,0,347,2007,12
2007-12-14,25.519993326067947,0.16837707,35.21073027513921,0,348,2007,12
2007-12-15,25.72999332137408,0.12878019,35.195471020415425,0,349,2007,12
2007-12-16,25.789993320032977,0.10995777,35.18173769116402,0,350,2007,12
2007-12-17,25.819993319362425,0.10169906,35.16647843644023,0,351,2007,12
2007-12-18,25.619993323832773,0.106571205,35.15274510718882,0,352,2007,12
2007-12-19,24.849993341043614,0.21677458,35.12985622510314,0,353,2007,12
2007-12-20,24.779993342608236,0.285983,35.1039154920727,0,354,2007,12
2007-12-21,24.67999334484341,0.23028769,35.099337715655565,0,355,2007,12
2007-12-22,25.469993327185534,0.26876146,35.11612289585173,0,356,2007,12
2007-12-23,25.549993325397395,0.26378986,35.12985622510314,0,357,2007,12
2007-12-24,25.589993324503325,0.13773051,35.12833029963076,0,358,2007,12
2007-12-25,25.83999331891539,0.14917968,35.11459697037935,0,359,2007,12
2007-12-26,26.859993296116613,0.16716829,35.12833029963076,0,360,2007,12
2007-12-27,26.699993299692892,0.14055166,35.16495251096785,0,361,2007,12
2007-12-28,26.589993302151584,0.138257,35.183263616636395,0,362,2007,12
2007-12-29,26.169993311539315,0.138257,35.14969325624406,0,363,2007,12
2007-12-30,26.119993312656902,0.13825533,35.125278448686004,0,364,2007,12
2007-12-31,26.839993296563648,0.15206677,35.135959926992655,0,365,2007,12
2008-01-01,27.879993273317837,0.16270812,35.134434001520276,0,1,2008,1
2008-01-02,27.749993276223563,0.16270812,35.148167330771685,0,2,2008,1
2008-01-03,27.639993278682255,0.16270812,35.12833029963076,0,3,2008,1
2008-01-04,26.96999329365792,0.20637047,35.113071044906974,0,4,2008,1
2008-01-05,27.029993292316817,0.15272881,35.11764882132411,0,5,2008,1
2008-01-06,27.009993292763852,0.15435694,35.0825525354594,0,6,2008,1
2008-01-07,27.149993289634608,0.14657524,35.027619218453765,0,7,2008,1
2008-01-08,26.979993293434404,0.14732309,35.00015255995095,0,8,2008,1
2008-01-09,26.859993296116613,0.21168585,35.0535599514842,0,9,2008,1
2008-01-10,26.369993307068967,0.23726489,35.07339698262513,0,10,2008,1
2008-01-11,25.99999331533911,0.5250508,35.07187105715275,0,11,2008,1
2008-01-12,24.319993352890037,0.795676,35.06576735526323,0,12,2008,1
2008-01-13,24.239993354678177,0.5563669,35.0611895788461,0,13,2008,1
2008-01-14,24.029993359372043,0.5563669,35.0611895788461,0,14,2008,1
2008-01-15,23.779993364959978,0.545047,35.05966365337372,0,15,2008,1
2008-01-16,23.779993364959978,0.8283327,35.05508587695658,0,16,2008,1
2008-01-17,25.829993319138907,0.5167358,35.09018216282129,0,17,2008,1
2008-01-18,25.859993318468355,0.30281067,35.09323401376605,0,18,2008,1
2008-01-19,25.889993317797803,0.20844068,35.039826622232795,0,19,2008,1
2008-01-20,26.60999330170455,0.48727047,35.01998959109187,0,20,2008,1
2008-01-21,26.799993297457718,0.29839286,35.026093292981386,0,21,2008,1
2008-01-22,26.789993297681235,0.18277681,35.01998959109187,0,22,2008,1
2008-01-23,26.759993298351787,0.18578503,35.01998959109187,0,23,2008,1
2008-01-24,26.679993300139927,0.21693486,35.03524884581566,0,24,2008,1
2008-01-25,26.669993300363444,0.24766554,35.04440439864993,0,25,2008,1
2008-01-26,26.22999331019821,0.25892496,35.027619218453765,0,26,2008,1
2008-01-27,26.209993310645245,0.6247642,35.016937740147114,0,27,2008,1
2008-01-28,26.139993312209867,0.23404981,35.01235996372998,0,28,2008,1
2008-01-29,26.30999330841007,0.17217608,35.004730336368084,0,29,2008,1
2008-01-30,26.679993300139927,0.17217608,34.99710070900619,0,30,2008,1
2008-01-31,26.909993294999026,0.2674575,35.01998959109187,0,31,2008,1
2008-02-01,27.57999328002336,0.107435584,35.06729328073561,0,32,2008,2
2008-02-02,27.599993279576324,0.10855624,35.0535599514842,0,33,2008,2
2008-02-03,27.599993279576324,0.16146734,35.013885889202356,0,34,2008,2
2008-02-04,27.519993281364464,0.16524085,34.95742664672434,1,35,2008,2
2008-02-05,27.88999327309432,0.17566283,34.92385628633201,0,36,2008,2
2008-02-06,28.029993269965075,0.16908029,34.93453776463866,0,37,2008,2
2008-02-07,28.149993267282866,0.15358634,35.00930811278522,0,38,2008,2
2008-02-08,28.00999327041211,0.10944971,35.04593032412231,0,39,2008,2
2008-02-09,27.919993272423767,0.23095867,35.01846366561949,0,40,2008,2
2008-02-10,27.629993278905772,0.26748115,34.943693317472935,0,41,2008,2
2008-02-11,27.11999329030516,0.348114,34.884182224050164,0,42,2008,2
2008-02-12,26.84999329634013,0.43869048,34.821619279682636,0,43,2008,2
2008-02-13,26.8099932972342,0.48564088,34.823145205155015,0,44,2008,2
2008-02-14,26.30999330841007,0.2875664,34.89333777688444,0,45,2008,2
2008-02-15,25.969993316009663,0.2875664,34.94064146652818,0,46,2008,2
2008-02-16,25.789993320032977,0.9461303,34.94064146652818,0,47,2008,2
2008-02-17,25.789993320032977,0.32301685,34.92233036085963,0,48,2008,2
2008-02-18,25.899993317574285,0.32301667,34.80483409948647,0,49,2008,2
2008-02-19,25.939993316680216,0.32287657,34.56526380032301,0,50,2008,2
2008-02-20,26.29999330863359,0.3583933,34.510330483317375,0,51,2008,2
2008-02-21,27.379993284493708,0.35607767,34.594256384298205,0,52,2008,2
2008-02-22,28.219993265718244,0.34306863,34.545426769182086,0,53,2008,2
2008-02-23,28.19999326616528,0.42826465,34.47065642103553,0,54,2008,2
2008-02-24,28.07999326884749,0.37320656,34.5011749304831,0,55,2008,2
2008-02-25,27.81999327465894,0.35904235,34.36231571249664,0,56,2008,2
2008-02-26,28.219993265718244,0.34198418,34.39588607288897,0,57,2008,2
2008-02-27,28.11999326795342,0.2838453,34.4294564332813,0,58,2008,2
2008-02-28,28.179993266612314,0.95722604,34.44776753894985,0,59,2008,2
2008-02-29,28.1299932677299,0.56088483,34.524063812568784,0,60,2008,2
2008-03-01,28.019993270188593,0.22646348,34.57747120410204,0,61,2008,3
2008-03-02,28.069993269071006,0.2326901,34.667500806972384,0,62,2008,3
2008-03-03,28.069993269071006,0.2692485,34.714804496616125,0,63,2008,3
2008-03-04,28.299993263930105,0.24296379,34.704123018309474,0,64,2008,3
2008-03-05,28.579993257671617,0.23129314,34.653767477720976,0,65,2008,3
2008-03-06,28.679993255436443,0.21295813,34.59273045882583,0,66,2008,3
2008-03-07,28.50999325923624,0.24809971,34.559160098433495,0,67,2008,3
2008-03-08,28.459993260353826,0.22448893,34.55000454559922,0,68,2008,3
2008-03-09,28.419993261247896,0.26097453,34.66444895602763,0,69,2008,3
2008-03-10,28.409993261471413,0.3577312,34.73006375133991,0,70,2008,3
2008-03-11,28.23999326527121,0.37028202,34.73616745322943,0,71,2008,3
2008-03-12,28.219993265718244,0.35572895,34.737693378701806,0,72,2008,3
2008-03-13,28.099993268400453,0.4685191,34.76821188814938,0,73,2008,3
2008-03-14,27.73999327644708,0.47135463,34.800256323069334,0,74,2008,3
2008-03-15,27.73999327644708,0.2788775,34.833826683461666,0,75,2008,3
2008-03-16,27.77999327555301,0.19959186,34.85366371460259,0,76,2008,3
2008-03-17,27.84999327398839,0.15664446,34.84298223629594,0,77,2008,3
2008-03-18,27.81999327465894,0.18629904,34.824671130627394,1,78,2008,3
2008-03-19,27.85999327376487,0.11888714,34.79720447212458,2,79,2008,3
2008-03-20,28.00999327041211,0.14313132,34.774315590038896,0,80,2008,3
2008-03-21,28.359993262589,0.15995179,34.74227115511894,2,81,2008,3
2008-03-22,28.619993256777548,0.18169197,34.702597092837095,3,82,2008,3
2008-03-23,28.69999325498941,0.1532741,34.68886376358569,0,83,2008,3
2008-03-24,28.729993254318856,0.11853449,34.679708210751414,1,84,2008,3
2008-03-25,28.719993254542374,0.11853449,34.58510083146393,0,85,2008,3
2008-03-26,28.579993257671617,0.118532784,34.38520459458232,0,86,2008,3
2008-03-27,28.42999326102438,0.12631838,34.23871574923396,1,87,2008,3
2008-03-28,28.339993263036035,0.27862528,34.11206393502653,0,88,2008,3
2008-03-29,28.31999326348307,0.27862197,34.01135285384953,0,89,2008,3
2008-03-30,28.989993248507403,0.26527363,33.89538251794875,0,90,2008,3
2008-03-31,28.969993248954438,0.17169012,33.86333808302879,2,91,2008,3
2008-04-01,28.989993248507403,0.16334532,33.764152927324176,5,92,2008,4
2008-04-02,29.00999324806037,0.16334532,33.51542707532644,3,93,2008,4
2008-04-03,28.929993249848508,0.16348487,33.50474559701979,9,94,2008,4
2008-04-04,28.759993253648304,0.15441798,33.70769368484616,2,95,2008,4
2008-04-05,29.529993236437463,0.15437438,33.67412332445383,0,96,2008,4
2008-04-06,29.699993232637667,0.1825803,33.54441965930164,5,97,2008,4
2008-04-07,29.71999323219063,0.20794536,33.54289373382926,5,98,2008,4
2008-04-08,28.799993252754234,0.19611922,33.620715932920575,8,99,2008,4
2008-04-09,28.759993253648304,0.2721934,33.596301125362515,9,100,2008,4
2008-04-10,28.679993255436443,0.2793539,33.631397411227226,6,101,2008,4
2008-04-11,28.729993254318856,0.16186374,33.86791585944593,5,102,2008,4
2008-04-12,28.809993252530717,0.1724529,33.874019561335444,5,103,2008,4
2008-04-13,29.09999324604871,0.12006624,33.63902703858912,9,104,2008,4
2008-04-14,29.109993245825194,0.13982533,33.188879024237394,10,105,2008,4
2008-04-15,28.919993250072025,0.17931424,33.030182775110006,5,106,2008,4
2008-04-16,28.839993251860164,0.17492498,33.02865684963763,3,107,2008,4
2008-04-17,28.719993254542374,0.23054643,33.162938291206956,0,108,2008,4
2008-04-18,28.19999326616528,0.27739227,33.34147157147527,0,109,2008,4
2008-04-19,28.08999326862397,0.3768887,33.669545548036695,17,110,2008,4
2008-04-20,28.07999326884749,0.41471708,34.03729358687997,5,111,2008,4
2008-04-21,28.019993270188593,0.36432573,34.220404643565416,10,112,2008,4
2008-04-22,27.96999327130618,0.30161166,34.257026854902506,8,113,2008,4
2008-04-23,27.939993271976732,0.34988078,34.1715750284493,7,114,2008,4
2008-04-24,27.879993273317837,0.23326744,33.742789970710874,13,115,2008,4
2008-04-25,27.909993272647284,0.23103184,33.62681963481009,6,116,2008,4
2008-04-26,27.92999327220025,0.26769164,33.52763447910547,5,117,2008,4
2008-04-27,27.999993270635628,0.26271152,33.559678914025426,6,118,2008,4
2008-04-28,28.00999327041211,0.19430988,33.73516034334898,9,119,2008,4
2008-04-29,27.939993271976732,0.20299506,33.86333808302879,10,120,2008,4
2008-04-30,27.869993273541354,0.20644929,33.78551588393748,8,121,2008,4
2008-05-01,27.81999327465894,0.30853808,33.79924921318889,8,122,2008,5
2008-05-02,27.769993275776528,0.32395893,33.6832788772881,7,123,2008,5
2008-05-03,27.769993275776528,0.25182456,33.55357521213591,5,124,2008,5
2008-05-04,27.939993271976732,0.35477966,33.49864189513028,3,125,2008,5
2008-05-05,27.949993271753215,0.35823524,33.60698260366917,2,126,2008,5
2008-05-06,27.639993278682255,0.21374442,33.54136780835688,9,127,2008,5
2008-05-07,27.719993276894115,0.21060787,33.47117523662746,16,128,2008,5
2008-05-08,27.709993277117633,0.19290854,33.53068633005023,9,129,2008,5
2008-05-09,27.679993277788185,0.1949287,33.47117523662746,7,130,2008,5
2008-05-10,27.719993276894115,0.2089874,33.4971159696579,7,131,2008,5
2008-05-11,27.709993277117633,0.23652577,33.48338264040649,5,132,2008,5
2008-05-12,27.719993276894115,0.22760762,33.33841972053051,5,133,2008,5
2008-05-13,27.369993284717225,0.21178976,33.44370857812464,5,134,2008,5
2008-05-14,27.329993285611295,0.18579441,33.95947138778865,3,135,2008,5
2008-05-15,27.339993285387777,0.19201942,34.57899712957442,1,136,2008,5
2008-05-16,27.109993290528678,0.27085865,34.766685962677,1,137,2008,5
2008-05-17,27.009993292763852,0.5250097,34.03881951235235,8,138,2008,5
2008-05-18,27.099993290752195,0.7653465,33.56425669044256,2,139,2008,5
2008-05-19,27.329993285611295,0.48520967,33.861812157556415,19,140,2008,5
2008-05-20,27.719993276894115,0.22684102,33.849604753777385,14,141,2008,5
2008-05-21,27.729993276670598,0.19716915,33.7336344178766,7,142,2008,5
2008-05-22,27.69999327734115,0.23274787,34.17004910297692,15,143,2008,5
2008-05-23,27.339993285387777,0.47253516,34.80636002495885,3,144,2008,5
2008-05-24,27.34999328516426,0.22021218,34.896389627829194,12,145,2008,5
2008-05-25,27.329993285611295,0.20445943,34.91317480802536,7,146,2008,5
2008-05-26,27.029993292316817,0.2346531,34.95742664672434,13,147,2008,5
2008-05-27,27.049993291869782,0.22863136,34.93453776463866,12,148,2008,5
2008-05-28,27.049993291869782,0.5418292,34.67207858338952,4,149,2008,5
2008-05-29,27.07999329119923,0.5332769,34.53779714182019,5,150,2008,5
2008-05-30,26.989993293210887,0.2696366,34.50575270690024,8,151,2008,5
2008-05-31,27.23999328762295,0.1918514,34.51796011067927,2,152,2008,5
2008-06-01,27.529993281140946,0.19532557,34.46760457009077,20,153,2008,6
2008-06-02,27.569993280246877,0.2151238,34.46455271914601,2,154,2008,6
2008-06-03,27.139993289858126,0.21837154,34.38520459458232,2,155,2008,6
2008-06-04,27.289993286505364,0.2988224,34.295174991711974,5,156,2008,6
2008-06-05,27.009993292763852,0.28912792,34.316537948325276,0,157,2008,6
2008-06-06,26.979993293434404,0.30687198,34.113589860498905,4,158,2008,6
2008-06-07,26.91999329477551,0.5578252,34.15173799730837,0,159,2008,6
2008-06-08,26.679993300139927,0.3316531,34.2143009416759,6,160,2008,6
2008-06-09,26.49999330416324,0.29897827,34.33790090493858,0,161,2008,6
2008-06-10,26.29999330863359,0.38906044,34.29212314076722,4,162,2008,6
2008-06-11,26.329993307963036,0.37882295,34.3867305200547,6,163,2008,6
2008-06-12,26.26999330930414,0.32889625,34.85213778913021,11,164,2008,6
2008-06-13,26.25999330952766,0.41860384,34.92538221180439,3,165,2008,6
2008-06-14,26.41999330595138,0.3500187,34.89181185141206,4,166,2008,6
2008-06-15,26.289993308857106,0.23827791,34.80330817401409,11,167,2008,6
2008-06-16,26.18999331109228,0.37369347,34.79110077023506,8,168,2008,6
2008-06-17,25.75999332070353,0.24538456,34.836878534406424,6,169,2008,6
2008-06-18,25.579993324726843,0.2580029,34.87807852216065,1,170,2008,6
2008-06-19,25.549993325397395,0.3439466,34.85213778913021,8,171,2008,6
2008-06-20,25.619993323832773,0.37768346,34.74837485700846,0,172,2008,6
2008-06-21,25.56999332495036,0.27573448,34.73006375133991,10,173,2008,6
2008-06-22,25.559993325173878,0.25909805,34.74837485700846,2,174,2008,6
2008-06-23,25.589993324503325,0.277196,34.798730397596955,5,175,2008,6
2008-06-24,25.56999332495036,0.3020107,34.80483409948647,1,176,2008,6
2008-06-25,25.579993324726843,0.3477635,34.72090819850564,3,177,2008,6
2008-06-26,25.509993326291465,0.341822,34.95742664672434,1,178,2008,6
2008-06-27,25.41999332830312,0.27649432,34.728537825867534,2,179,2008,6
2008-06-28,25.4899933267385,0.2586564,34.82924890704453,1,180,2008,6
2008-06-29,25.549993325397395,0.4044618,34.97115997597575,1,181,2008,6
2008-06-30,25.549993325397395,0.2477825,34.871974820271134,2,182,2008,6
2008-07-01,25.45999332740905,0.27528602,34.86892296932638,3,183,2008,7
2008-07-02,25.009993337467336,0.272284,34.87502667121589,0,184,2008,7
2008-07-03,25.079993335902714,0.31817862,34.824671130627394,0,185,2008,7
2008-07-04,25.009993337467336,0.33304882,34.79110077023506,2,186,2008,7
2008-07-05,24.90999333970251,0.35577542,34.824671130627394,3,187,2008,7
2008-07-06,24.48999334909024,0.41861123,34.85671556554735,1,188,2008,7
2008-07-07,24.74999334327879,0.17296697,34.82924890704453,0,189,2008,7
2008-07-08,24.859993340820097,0.20754287,34.76821188814938,0,190,2008,7
2008-07-09,24.7999933421612,0.32185873,34.77126373909414,1,191,2008,7
2008-07-10,24.83999334126713,0.41451368,34.82009335421026,1,192,2008,7
2008-07-11,24.769993342831754,0.35765207,34.80788595043123,0,193,2008,7
2008-07-12,24.669993345066928,0.24106966,34.76973781362176,2,194,2008,7
2008-07-13,24.199993355572246,0.28629586,34.87807852216065,1,195,2008,7
2008-07-14,24.21999335512521,0.24059547,34.929959988221526,0,196,2008,7
2008-07-15,24.229993354901694,0.2984757,34.884182224050164,3,197,2008,7
2008-07-16,24.28999335356059,0.24227925,34.87350074574351,0,198,2008,7
2008-07-17,24.299993353337072,0.21203314,34.884182224050164,0,199,2008,7
2008-07-18,24.309993353113555,0.18204471,34.907071106135845,0,200,2008,7
2008-07-19,23.849993363395356,0.19924097,34.91470073349774,1,201,2008,7
2008-07-20,23.769993365183495,0.30851522,34.90554518066347,1,202,2008,7
2008-07-21,23.779993364959978,0.34373716,34.908597031608224,3,203,2008,7
2008-07-22,23.609993368759774,0.44720265,34.88113037310541,2,204,2008,7
2008-07-23,23.619993368536257,0.2610544,34.8887600004673,1,205,2008,7
2008-07-24,23.779993364959978,0.22364745,34.88723407499492,0,206,2008,7
2008-07-25,23.86999336294832,0.29876134,34.90249332971871,3,207,2008,7
2008-07-26,23.81999336406591,0.29499376,34.955900721251965,0,208,2008,7
2008-07-27,23.619993368536257,0.25074407,34.955900721251965,2,209,2008,7
2008-07-28,23.569993369653844,0.21155529,34.99862663447857,0,210,2008,7
2008-07-29,23.59999336898329,0.20980218,34.9391155410558,0,211,2008,7
2008-07-30,23.66999336741867,0.18335693,34.92538221180439,0,212,2008,7
2008-07-31,23.619993368536257,0.22772141,34.931485913693905,0,213,2008,7
2008-08-01,23.51999337077143,0.21626341,34.93758961558342,0,214,2008,8
2008-08-02,23.50999337099495,0.21023656,34.94064146652818,0,215,2008,8
2008-08-03,23.489993371441983,0.23846346,34.942167392000556,0,216,2008,8
2008-08-04,23.389993373677157,0.28935435,34.9391155410558,0,217,2008,8
2008-08-05,23.349993374571227,0.29630864,34.920804435387254,0,218,2008,8
2008-08-06,23.2499933768064,0.33372203,34.907071106135845,0,219,2008,8
2008-08-07,22.97999338284137,0.48419607,34.931485913693905,0,220,2008,8
2008-08-08,23.12999337948861,0.32275736,34.94979701936245,0,221,2008,8
2008-08-09,23.229993377253436,0.26620424,34.93453776463866,0,222,2008,8
2008-08-10,23.379993373900675,0.3191801,34.92538221180439,0,223,2008,8
2008-08-11,23.299993375688814,0.22050704,34.89791555330157,0,224,2008,8
2008-08-12,23.489993371441983,0.23432976,34.89181185141206,0,225,2008,8
2008-08-13,23.689993366971635,0.2874678,34.859767416492105,0,226,2008,8
2008-08-14,23.639993368089222,0.38954666,34.823145205155015,0,227,2008,8
2008-08-15,23.43999337255957,0.503057,34.810937801375985,0,228,2008,8
2008-08-16,23.419993373006605,0.38826498,34.80636002495885,0,229,2008,8
2008-08-17,23.59999336898329,0.31438938,34.800256323069334,0,230,2008,8
2008-08-18,23.679993367195152,0.26476982,34.81398965232074,0,231,2008,8
2008-08-19,23.649993367865704,0.29294232,34.80636002495885,0,232,2008,8
2008-08-20,23.679993367195152,0.4337402,34.809411875903606,0,233,2008,8
2008-08-21,23.729993366077565,0.44298723,34.82772298157215,0,234,2008,8
2008-08-22,23.7099933665246,0.4003057,34.87350074574351,0,235,2008,8
2008-08-23,23.739993365854048,0.35315466,34.86892296932638,0,236,2008,8
2008-08-24,23.74999336563053,0.35250688,34.89333777688444,0,237,2008,8
2008-08-25,23.759993365407013,0.4358705,34.86892296932638,0,238,2008,8
2008-08-26,23.759993365407013,0.32735887,34.90096740424633,0,239,2008,8
2008-08-27,23.739993365854048,0.32735887,34.9101229570806,0,240,2008,8
2008-08-28,23.499993371218466,0.37472618,34.90401925519109,0,241,2008,8
2008-08-29,23.31999337524178,0.42738897,34.89944147877395,0,242,2008,8
2008-08-30,23.299993375688814,0.29649377,34.89333777688444,0,243,2008,8
2008-08-31,23.28999337591233,0.29982522,34.88570814952254,0,244,2008,8
2008-09-01,23.23999337702992,0.4419336,34.8887600004673,0,245,2008,9
2008-09-02,23.349993374571227,0.30167896,34.90249332971871,0,246,2008,9
2008-09-03,23.349993374571227,0.28581327,34.917752584442496,0,247,2008,9
2008-09-04,23.349993374571227,0.23415439,34.92385628633201,0,248,2008,9
2008-09-05,23.159993378818058,0.24189678,34.92843406274915,0,249,2008,9
2008-09-06,23.08999338038268,0.2167938,34.9391155410558,0,250,2008,9
2008-09-07,23.069993380829715,0.23069127,34.94674516841769,0,251,2008,9
2008-09-08,23.059993381053232,0.38154384,34.95132294483483,0,252,2008,9
2008-09-09,23.229993377253436,0.24445382,34.94674516841769,0,253,2008,9
2008-09-10,23.43999337255957,0.3448781,34.94521924294531,0,254,2008,9
2008-09-11,23.489993371441983,0.2900883,34.95132294483483,0,255,2008,9
2008-09-12,23.28999337591233,0.4156123,34.95895257219672,0,256,2008,9
2008-09-13,23.12999337948861,0.4573961,34.96505627408624,0,257,2008,9
2008-09-14,23.16999337859454,0.6852703,34.96200442314148,0,258,2008,9
2008-09-15,23.35999337434771,0.47126275,34.9604784976691,0,259,2008,9
2008-09-16,23.459993372112535,0.16670491,34.966582199558616,0,260,2008,9
2008-09-17,23.539993370324396,0.15285327,34.97268590144813,0,261,2008,9
2008-09-18,23.459993372112535,0.16065396,34.97726367786527,0,262,2008,9
2008-09-19,23.469993371889018,0.15733299,34.97421182692051,0,263,2008,9
2008-09-20,23.419993373006605,0.23920242,34.97573775239289,0,264,2008,9
2008-09-21,23.159993378818058,0.38154837,34.980315528810024,0,265,2008,9
2008-09-22,22.959993383288406,0.3309375,34.98489330522716,0,266,2008,9
2008-09-23,22.949993383511924,0.24471202,35.00015255995095,0,267,2008,9
2008-09-24,23.579993369430326,0.23461904,35.0108340382576,0,268,2008,9
2008-09-25,23.579993369430326,0.23007914,35.01998959109187,0,269,2008,9
2008-09-26,23.55999336987736,0.22202814,35.027619218453765,0,270,2008,9
2008-09-27,23.0199933819473,0.27200535,35.03372292034328,0,271,2008,9
2008-09-28,23.059993381053232,0.29853857,35.03067106939852,0,272,2008,9
2008-09-29,23.069993380829715,0.27094314,35.02151551656425,0,273,2008,9
2008-09-30,22.96999338306489,0.27332732,35.015411814674735,0,274,2008,9
2008-10-01,22.989993382617854,0.3724582,35.02456736750901,0,275,2008,10
2008-10-02,22.96999338306489,0.39328402,35.029145143926144,0,276,2008,10
2008-10-03,22.77999338731172,0.44621423,35.038300696760416,0,277,2008,10
2008-10-04,22.70999338887634,0.758328,35.04745624959469,0,278,2008,10
2008-10-05,22.73999338820579,0.7118382,35.05813772790134,0,279,2008,10
2008-10-06,22.759993387758755,0.62876135,35.07339698262513,0,280,2008,10
2008-10-07,23.219993377476953,0.33049607,35.0825525354594,0,281,2008,10
2008-10-08,23.459993372112535,0.22995386,35.07034513168037,0,282,2008,10
2008-10-09,23.929993361607217,0.22621782,35.04440439864993,0,283,2008,10
2008-10-10,23.929993361607217,0.2861003,35.02304144203663,0,284,2008,10
2008-10-11,23.90999336205425,0.3842014,35.02456736750901,0,285,2008,10
2008-10-12,23.82999336384239,0.37754068,35.03677477128804,0,286,2008,10
2008-10-13,23.7099933665246,0.436072,35.04898217506707,0,287,2008,10
2008-10-14,23.739993365854048,0.3951062,35.052034026011825,0,288,2008,10
2008-10-15,23.779993364959978,0.2562366,35.05813772790134,0,289,2008,10
2008-10-16,23.59999336898329,0.27919248,35.076448833569884,0,290,2008,10
2008-10-17,23.58999336920681,0.2652135,35.087130311876535,0,291,2008,10
2008-10-18,23.62999336831274,0.30359238,35.08407846093178,0,292,2008,10
2008-10-19,24.689993344619893,0.22369178,35.052034026011825,0,293,2008,10
2008-10-20,24.899993339926027,0.17711292,35.01998959109187,0,294,2008,10
2008-10-21,25.14999333433809,0.18516305,35.004730336368084,0,295,2008,10
2008-10-22,25.2599933318794,0.18709227,34.99404885806143,0,296,2008,10
2008-10-23,25.089993335679196,0.27136886,35.00625626184046,0,297,2008,10
2008-10-24,24.09999335780742,0.24403484,35.02151551656425,0,298,2008,10
2008-10-25,24.009993359819077,0.3102973,35.038300696760416,0,299,2008,10
2008-10-26,23.66999336741867,0.2933112,35.03677477128804,0,300,2008,10
2008-10-27,23.609993368759774,0.38725036,35.029145143926144,0,301,2008,10
2008-10-28,23.58999336920681,0.39384472,35.02304144203663,0,302,2008,10
2008-10-29,23.389993373677157,0.36273298,35.0321969948709,0,303,2008,10
2008-10-30,23.32999337501826,0.47104266,35.038300696760416,0,304,2008,10
2008-10-31,23.459993372112535,0.25034726,35.04135254770517,0,305,2008,10
2008-11-01,24.239993354678177,0.13759233,35.03524884581566,0,306,2008,11
2008-11-02,24.239993354678177,0.15979606,35.00930811278522,0,307,2008,11
2008-11-03,24.1699933562428,0.16615215,34.98641923069954,0,308,2008,11
2008-11-04,23.419993373006605,0.20452866,34.98489330522716,0,309,2008,11
2008-11-05,23.35999337434771,0.23191892,34.98794515617192,0,310,2008,11
2008-11-06,23.269993376359366,0.23560336,34.99710070900619,0,311,2008,11
2008-11-07,22.849993385747098,0.25484535,35.01998959109187,0,312,2008,11
2008-11-08,23.149993379041575,0.37808415,35.013885889202356,0,313,2008,11
2008-11-09,23.81999336406591,0.18133575,35.004730336368084,0,314,2008,11
2008-11-10,24.009993359819077,0.22705431,35.02456736750901,0,315,2008,11
2008-11-11,23.609993368759774,0.34898847,35.038300696760416,0,316,2008,11
2008-11-12,23.51999337077143,0.4063781,35.03524884581566,0,317,2008,11
2008-11-13,23.539993370324396,0.4063781,35.03067106939852,0,318,2008,11
2008-11-14,23.469993371889018,0.32837152,35.02456736750901,0,319,2008,11
2008-11-15,23.59999336898329,0.39358875,35.02151551656425,0,320,2008,11
2008-11-16,23.779993364959978,0.19912927,35.02304144203663,0,321,2008,11
2008-11-17,24.239993354678177,0.22675695,35.026093292981386,0,322,2008,11
2008-11-18,24.299993353337072,0.25523317,35.027619218453765,0,323,2008,11
2008-11-19,24.429993350431346,0.14538491,35.03067106939852,0,324,2008,11
2008-11-20,24.44999334998431,0.15603486,35.03067106939852,0,325,2008,11
2008-11-21,24.389993351325415,0.15591934,35.029145143926144,0,326,2008,11
2008-11-22,24.399993351101898,0.24610561,35.03067106939852,0,327,2008,11
2008-11-23,24.1699933562428,0.3242026,35.029145143926144,0,328,2008,11
2008-11-24,23.849993363395356,0.31236896,35.01846366561949,0,329,2008,11
2008-11-25,23.499993371218466,0.39281878,35.004730336368084,0,330,2008,11
2008-11-26,23.31999337524178,0.7116926,34.99862663447857,0,331,2008,11
2008-11-27,23.179993378371023,0.7116926,35.00625626184046,0,332,2008,11
2008-11-28,23.039993381500267,0.52568334,35.016937740147114,0,333,2008,11
2008-11-29,22.97999338284137,0.52568334,35.01998959109187,0,334,2008,11
2008-11-30,23.59999336898329,0.2082112,35.038300696760416,0,335,2008,11
2008-12-01,24.459993349760794,0.27544722,35.07187105715275,0,336,2008,12
2008-12-02,24.709993344172858,0.15018295,35.07797475904226,0,337,2008,12
2008-12-03,24.48999334909024,0.10675351,35.05813772790134,0,338,2008,12
2008-12-04,24.419993350654863,0.106725626,35.04287847317755,0,339,2008,12
2008-12-05,24.259993354231142,0.32743442,35.027619218453765,0,340,2008,12
2008-12-06,23.389993373677157,0.28848484,35.013885889202356,0,341,2008,12
2008-12-07,23.659993367642187,0.50795543,35.004730336368084,0,342,2008,12
2008-12-08,23.839993363618873,0.2001978,34.990997007116675,0,343,2008,12
2008-12-09,23.489993371441983,0.19377193,34.978789603337646,0,344,2008,12
2008-12-10,23.4799933716655,0.25434652,34.95284887030721,0,345,2008,12
2008-12-11,23.43999337255957,0.3131318,34.93758961558342,0,346,2008,12
2008-12-12,23.499993371218466,0.24804874,34.94064146652818,0,347,2008,12
2008-12-13,23.919993361830734,0.38651124,34.95895257219672,0,348,2008,12
2008-12-14,24.669993345066928,0.33604884,34.9818414542824,0,349,2008,12
2008-12-15,24.509993348643206,0.33604884,34.97726367786527,0,350,2008,12
2008-12-16,23.949993361160182,0.26545534,34.96200442314148,0,351,2008,12
2008-12-17,23.609993368759774,0.26669484,34.94674516841769,0,352,2008,12
2008-12-18,23.469993371889018,0.18532135,34.93606369011104,0,353,2008,12
2008-12-19,24.049993358925008,0.4072661,34.92690813727677,0,354,2008,12
2008-12-20,24.039993359148525,0.36273298,34.917752584442496,0,355,2008,12
2008-12-21,24.089993358030938,0.44023284,34.91317480802536,0,356,2008,12
2008-12-22,24.149993356689833,0.46573716,34.90554518066347,0,357,2008,12
2008-12-23,24.109993357583903,0.5357805,34.89333777688444,0,358,2008,12
2008-12-24,24.05999335870149,0.5381602,34.882656298577785,0,359,2008,12
2008-12-25,24.17999335601928,0.5435818,34.882656298577785,0,360,2008,12
2008-12-26,24.21999335512521,0.3204446,34.8887600004673,0,361,2008,12
2008-12-27,24.539993347972654,0.27173692,34.92385628633201,0,362,2008,12
2008-12-28,25.189993333444022,0.20868349,34.95132294483483,0,363,2008,12
2008-12-29,25.889993317797803,0.13373613,34.95742664672434,0,364,2008,12
2008-12-30,26.079993313550972,0.09666363,34.94521924294531,0,365,2008,12
2008-12-31,26.179993311315798,0.09666363,34.933011839166284,0,366,2008,12
2009-01-01,26.399993306398414,0.1301675,34.90401925519109,0,1,2009,1
2009-01-02,26.359993307292484,0.13240524,34.88113037310541,0,2,2009,1
2009-01-03,26.29999330863359,0.34782118,34.87655259668827,0,3,2009,1
2009-01-04,26.53999330326917,0.15063223,34.87655259668827,0,4,2009,1
2009-01-05,26.56999330259862,0.12736396,34.871974820271134,0,5,2009,1
2009-01-06,26.559993302822136,0.11282954,34.86129334196448,0,6,2009,1
2009-01-07,27.18999328874054,0.11180373,34.846034087240696,0,7,2009,1
2009-01-08,27.339993285387777,0.118910916,34.809411875903606,0,8,2009,1
2009-01-09,27.259993287175917,0.10498385,34.78957484476268,0,9,2009,1
2009-01-10,27.19999328851702,0.10524015,34.80788595043123,0,10,2009,1
2009-01-11,27.30999328605833,0.09828561,34.78499706834555,0,11,2009,1
2009-01-12,27.029993292316817,0.105111666,34.78194521740079,0,12,2009,1
2009-01-13,25.739993321150564,0.11994334,34.824671130627394,0,13,2009,1
2009-01-14,25.56999332495036,0.18361172,34.821619279682636,0,14,2009,1
2009-01-15,25.469993327185534,0.109204955,34.821619279682636,0,15,2009,1
2009-01-16,26.389993306621932,0.11109541,34.86434519290924,0,16,2009,1
2009-01-17,27.53999328091743,0.11279525,34.86281926743686,0,17,2009,1
2009-01-18,27.049993291869782,0.14899415,34.847560012713075,0,18,2009,1
2009-01-19,26.76999329812827,0.34263763,34.81856742873788,0,19,2009,1
2009-01-20,27.149993289634608,0.22890882,34.79720447212458,0,20,2009,1
2009-01-21,27.729993276670598,0.17522247,34.8170415032655,0,21,2009,1
2009-01-22,27.73999327644708,0.15368414,34.835352608934045,0,22,2009,1
2009-01-23,27.599993279576324,0.38073796,34.80483409948647,1,23,2009,1
2009-01-24,27.50999328158798,0.198753,34.77736744098365,0,24,2009,1
2009-01-25,27.339993285387777,0.18888114,34.77278966456652,0,25,2009,1
2009-01-26,27.329993285611295,0.15780431,34.77278966456652,0,26,2009,1
2009-01-27,27.339993285387777,0.19004093,34.6522415522486,0,27,2009,1
2009-01-28,27.34999328516426,0.21064045,34.6736045088619,0,28,2009,1
2009-01-29,27.369993284717225,0.21176328,34.7239600494504,0,29,2009,1
2009-01-30,26.369993307068967,0.20659536,34.75295263342559,0,30,2009,1
2009-01-31,26.629993301257514,0.21313927,34.749900782480836,0,31,2009,1
2009-02-01,26.799993297457718,0.21705684,34.73006375133991,0,32,2009,2
2009-02-02,27.179993288964056,0.14533265,34.70870079472661,0,33,2009,2
2009-02-03,27.249993287399434,0.14536949,34.69954524189234,0,34,2009,2
2009-02-04,27.22999328784647,0.14528841,34.71785634756088,0,35,2009,2
2009-02-05,27.219993288069986,0.14139503,34.73006375133991,0,36,2009,2
2009-02-06,27.179993288964056,0.22506084,34.73616745322943,0,37,2009,2
2009-02-07,27.259993287175917,0.2170125,34.72090819850564,0,38,2009,2
2009-02-08,27.179993288964056,0.23756851,34.643085999414325,0,39,2009,2
2009-02-09,27.839993274211906,0.2373054,34.64003414846957,0,40,2009,2
2009-02-10,27.8999932728708,0.15990031,34.67513043433428,0,41,2009,2
2009-02-11,28.15999326705935,0.1592549,34.60341193713248,0,42,2009,2
2009-02-12,28.31999326348307,0.16199191,34.52864158898592,0,43,2009,2
2009-02-13,28.369993262365483,0.1699334,34.55458232201636,0,44,2009,2
2009-02-14,28.689993255212926,0.17117427,34.56373787485063,0,45,2009,2
2009-02-15,28.729993254318856,0.17117427,34.26770833320916,0,46,2009,2
2009-02-16,28.66999325565996,0.42346027,34.05102691613138,0,47,2009,2
2009-02-17,28.1299932677299,0.4316992,33.99761952459812,0,48,2009,2
2009-02-18,28.08999326862397,0.45958835,34.09680468030274,0,49,2009,2
2009-02-19,28.19999326616528,0.49498177,34.258552780374885,0,50,2009,2
2009-02-20,28.729993254318856,0.4391925,34.160893550142646,0,51,2009,2
2009-02-21,28.879993250966095,0.346225,33.919797325506806,0,52,2009,2
2009-02-22,28.85999325141313,0.4833114,34.0998565312475,0,53,2009,2
2009-02-23,28.839993251860164,0.32005137,34.408093476668,0,54,2009,2
2009-02-24,28.189993266388797,0.31486148,34.546952694654465,0,55,2009,2
2009-02-25,27.719993276894115,0.24955536,34.64003414846957,0,56,2009,2
2009-02-26,27.209993288293504,0.5060697,34.643085999414325,0,57,2009,2
2009-02-27,26.529993303492688,0.2213426,34.62172304280102,0,58,2009,2
2009-02-28,26.329993307963036,0.6017269,34.61256748996675,0,59,2009,2
2009-03-01,26.519993303716205,0.30597833,34.641560073941946,0,60,2009,3
2009-03-02,27.449993282929086,0.2840056,34.65834525413811,0,61,2009,3
2009-03-03,27.61999327912929,0.47183803,34.65834525413811,0,62,2009,3
2009-03-04,27.84999327398839,0.14872938,34.63545637205243,0,63,2009,3
2009-03-05,28.329993263259553,0.15655585,34.24939722754061,0,64,2009,3
2009-03-06,28.949993249401473,0.17727512,34.11664171144366,0,65,2009,3
2009-03-07,28.929993249848508,0.26533014,33.89385659247637,0,66,2009,3
2009-03-08,28.909993250295543,0.30838785,33.825189946219325,0,67,2009,3
2009-03-09,29.12999324537816,0.271575,33.60393075272441,0,68,2009,3
2009-03-10,29.16999324448409,0.16636264,33.51084929890931,0,69,2009,3
2009-03-11,28.989993248507403,0.28987768,33.63902703858912,0,70,2009,3
2009-03-12,28.85999325141313,0.31021318,33.788567734882236,0,71,2009,3
2009-03-13,28.8199932523072,0.20761488,33.95336768589914,0,72,2009,3
2009-03-14,28.77999325320127,0.21517928,34.17004910297692,0,73,2009,3
2009-03-15,28.54999325834217,0.21036434,34.33332312852144,0,74,2009,3
2009-03-16,28.539993258565687,0.27009138,34.40961940214038,0,75,2009,3
2009-03-17,28.42999326102438,0.19745778,34.48438975028694,0,76,2009,3
2009-03-18,28.139993267506384,0.2380145,34.54390084370971,1,77,2009,3
2009-03-19,28.179993266612314,0.23378499,34.48133789934218,0,78,2009,3
2009-03-20,28.379993262141966,0.26546195,34.365367563441396,0,79,2009,3
2009-03-21,28.50999325923624,0.17957014,34.377574967220426,1,80,2009,3
2009-03-22,28.209993265941762,0.26694745,34.49354530312121,1,81,2009,3
2009-03-23,27.679993277788185,0.4750792,34.59883416071534,0,82,2009,3
2009-03-24,27.029993292316817,0.36795846,34.61409341543913,0,83,2009,3
2009-03-25,26.979993293434404,1.0957898,34.617145266383886,0,84,2009,3
2009-03-26,27.009993292763852,0.56710565,34.617145266383886,1,85,2009,3
2009-03-27,27.359993284940742,0.5607828,34.61409341543913,2,86,2009,3
2009-03-28,27.149993289634608,0.5382405,34.61409341543913,1,87,2009,3
2009-03-29,26.92999329455199,0.846786,34.61561934091151,0,88,2009,3
2009-03-30,27.129993290081643,1.1360418,34.61409341543913,1,89,2009,3
2009-03-31,27.46999328248205,0.2736235,34.606463788077235,0,90,2009,3
2009-04-01,27.479993282258533,0.2492808,34.55000454559922,2,91,2009,4
2009-04-02,27.46999328248205,0.15751149,34.36994533985853,6,92,2009,4
2009-04-03,28.229993265494727,0.17617474,34.307382395491004,5,93,2009,4
2009-04-04,28.759993253648304,0.28306356,34.244819451123476,11,94,2009,4
2009-04-05,28.689993255212926,0.1956043,34.031189884990454,11,95,2009,4
2009-04-06,28.47999325990679,0.18892159,33.910641772672534,15,96,2009,4
2009-04-07,28.39999326169493,0.16979603,33.81145661696792,13,97,2009,4
2009-04-08,28.599993257224583,0.21981461,33.70769368484616,10,98,2009,4
2009-04-09,28.42999326102438,0.21036474,33.692434430122375,6,99,2009,4
2009-04-10,28.409993261471413,0.2757387,33.72295293956995,10,100,2009,4
2009-04-11,28.369993262365483,0.34643522,33.814508467912674,11,101,2009,4
2009-04-12,28.07999326884749,0.456229,33.93047880381346,10,102,2009,4
2009-04-13,27.719993276894115,0.39520735,34.005249151960015,7,103,2009,4
2009-04-14,27.609993279352807,0.3985553,34.101382456719875,6,104,2009,4
2009-04-15,27.789993275329493,0.39868748,34.2143009416759,4,105,2009,4
2009-04-16,27.8999932728708,0.31511372,34.27228610962629,14,106,2009,4
2009-04-17,27.829993274435424,0.31511372,34.31043424643576,9,107,2009,4
2009-04-18,27.689993277564668,0.31100044,34.36841941438615,8,108,2009,4
2009-04-19,27.27999328672888,0.5281578,34.42182680591941,13,109,2009,4
2009-04-20,27.2699932869524,0.3585046,34.450819389894605,2,110,2009,4
2009-04-21,27.379993284493708,0.22323579,34.46760457009077,16,111,2009,4
2009-04-22,27.479993282258533,0.32303828,34.48896752670407,13,112,2009,4
2009-04-23,27.399993284046673,0.2098991,34.536271216347814,2,113,2009,4
2009-04-24,27.379993284493708,0.26157057,34.58510083146393,20,114,2009,4
2009-04-25,27.439993283152603,0.20607793,34.61104156449437,12,115,2009,4
2009-04-26,27.449993282929086,0.20446214,34.595782309770584,9,116,2009,4
2009-04-27,27.459993282705568,0.19725187,34.56068602390587,10,117,2009,4
2009-04-28,27.799993275105976,0.22556572,34.534745290875435,4,118,2009,4
2009-04-29,27.719993276894115,0.2128851,34.5011749304831,7,119,2009,4
2009-04-30,27.749993276223563,0.18290271,34.450819389894605,13,120,2009,4
2009-05-01,27.789993275329493,0.31188244,34.36994533985853,7,121,2009,5
2009-05-02,27.81999327465894,0.16603641,34.319589799270034,3,122,2009,5
2009-05-03,27.709993277117633,0.11892911,34.307382395491004,13,123,2009,5
2009-05-04,27.599993279576324,0.20354928,34.30890832096338,10,124,2009,5
2009-05-05,27.53999328091743,0.19733241,34.3363749794662,8,125,2009,5
2009-05-06,27.53999328091743,0.30532017,34.35926386155188,18,126,2009,5
2009-05-07,27.519993281364464,0.21836044,34.3363749794662,19,127,2009,5
2009-05-08,27.449993282929086,0.27881712,34.25244907848537,15,128,2009,5
2009-05-09,27.50999328158798,0.2981984,34.064760245382786,23,129,2009,5
2009-05-10,27.46999328248205,0.2560903,34.2646564822644,15,130,2009,5
2009-05-11,27.319993285834812,0.33132845,34.11053800955415,6,131,2009,5
2009-05-12,27.289993286505364,0.3652908,33.921323250979185,16,132,2009,5
2009-05-13,27.289993286505364,0.28159586,33.90301214531064,8,133,2009,5
2009-05-14,27.15999328941109,0.28159586,33.957945462316275,7,134,2009,5
2009-05-15,27.089993290975713,0.34582266,34.006775077432394,13,135,2009,5
2009-05-16,27.089993290975713,0.34582266,34.52558973804116,12,136,2009,5
2009-05-17,26.92999329455199,0.3217168,34.55458232201636,11,137,2009,5
2009-05-18,26.869993295893096,0.3005245,34.582048980519176,16,138,2009,5
2009-05-19,26.829993296787165,0.45156407,34.65071562677622,12,139,2009,5
2009-05-20,26.759993298351787,0.34550712,34.678182285279036,13,140,2009,5
2009-05-21,26.68999329991641,0.26682383,34.655293403193355,7,141,2009,5
2009-05-22,26.489993304386758,0.25616673,34.68428598716855,0,142,2009,5
2009-05-23,26.349993307516,0.51752967,34.73464152775705,6,143,2009,5
2009-05-24,26.119993312656902,0.46623406,34.713278571143746,18,144,2009,5
2009-05-25,26.079993313550972,0.44217077,34.70870079472661,17,145,2009,5
2009-05-26,26.079993313550972,0.44007972,34.716330422088504,18,146,2009,5
2009-05-27,26.169993311539315,0.21328649,34.69649339094758,16,147,2009,5
2009-05-28,26.18999331109228,0.22160375,34.641560073941946,7,148,2009,5
2009-05-29,26.179993311315798,0.21263371,34.5805230550468,12,149,2009,5
2009-05-30,26.219993310421728,0.1908572,34.56526380032301,3,150,2009,5
2009-05-31,26.219993310421728,0.22671314,34.545426769182086,8,151,2009,5
2009-06-01,26.219993310421728,0.1748483,34.55305639654398,10,152,2009,6
2009-06-02,25.75999332070353,0.17306598,34.56526380032301,6,153,2009,6
2009-06-03,25.739993321150564,0.21885864,34.56526380032301,8,154,2009,6
2009-06-04,25.769993320480012,0.29623616,34.56221194937825,6,155,2009,6
2009-06-05,25.75999332070353,0.2591417,34.58815268240869,5,156,2009,6
2009-06-06,25.589993324503325,0.24541102,34.61104156449437,11,157,2009,6
2009-06-07,25.539993325620912,0.28339052,34.55305639654398,6,158,2009,6
2009-06-08,25.479993326962017,0.3124742,34.391308296471834,7,159,2009,6
2009-06-09,25.399993328750156,0.35407808,34.318063873797655,15,160,2009,6
2009-06-10,25.629993323609256,0.30812207,34.49659715406597,6,161,2009,6
2009-06-11,25.639993323385738,0.14909093,34.63698229752481,11,162,2009,6
2009-06-12,25.40999332852664,0.14123458,34.557634172961116,6,163,2009,6
2009-06-13,25.36999332942071,0.2064155,34.62630081921816,5,164,2009,6
2009-06-14,25.269993331655883,0.23888299,34.833826683461666,0,165,2009,6
2009-06-15,25.079993335902714,0.2180808,34.87350074574351,0,166,2009,6
2009-06-16,25.039993336796783,0.3029391,34.798730397596955,8,167,2009,6
2009-06-17,25.05999333634975,0.21201497,34.85366371460259,5,168,2009,6
2009-06-18,24.82999334149065,0.23964001,34.89791555330157,14,169,2009,6
2009-06-19,24.75999334305527,0.24999624,34.85213778913021,16,170,2009,6
2009-06-20,24.699993344396376,0.30865785,34.824671130627394,11,171,2009,6
2009-06-21,24.619993346184515,0.34849206,34.83993038535118,4,172,2009,6
2009-06-22,24.629993345960997,0.29836234,34.87655259668827,3,173,2009,6
2009-06-23,24.619993346184515,0.29549423,35.04593032412231,4,174,2009,6
2009-06-24,24.579993347078585,0.26466084,35.08560438640416,3,175,2009,6
2009-06-25,24.569993347302102,0.25172788,35.0825525354594,8,176,2009,6
2009-06-26,24.499993348866724,0.3458595,35.076448833569884,4,177,2009,6
2009-06-27,24.47999334931376,0.33142886,35.06881920620799,3,178,2009,6
2009-06-28,24.469993349537276,0.33142886,35.04593032412231,3,179,2009,6
2009-06-29,24.389993351325415,0.3380809,35.004730336368084,2,180,2009,6
2009-06-30,24.43999335020783,0.3091751,34.955900721251965,7,181,2009,6
2009-07-01,24.299993353337072,0.24522871,34.92538221180439,5,182,2009,7
2009-07-02,24.239993354678177,0.2620291,34.93606369011104,7,183,2009,7
2009-07-03,24.379993351548933,0.25367105,34.99557478353381,2,184,2009,7
2009-07-04,24.47999334931376,0.26787108,35.07950068451464,8,185,2009,7
2009-07-05,24.499993348866724,0.26551345,35.13901177793741,6,186,2009,7
2009-07-06,24.47999334931376,0.33485463,35.123752523213625,3,187,2009,7
2009-07-07,24.78999334238472,0.23285744,35.05508587695658,6,188,2009,7
2009-07-08,24.94999333880844,0.23276219,35.026093292981386,6,189,2009,7
2009-07-09,24.919993339478992,0.23774166,35.07797475904226,12,190,2009,7
2009-07-10,24.819993341714166,0.18313588,35.06576735526323,4,191,2009,7
2009-07-11,24.499993348866724,0.19693306,35.038300696760416,1,192,2009,7
2009-07-12,24.459993349760794,0.18769315,35.03067106939852,3,193,2009,7
2009-07-13,24.339993352443003,0.21196505,35.0321969948709,0,194,2009,7
2009-07-14,24.119993357360386,0.23978688,35.03067106939852,2,195,2009,7
2009-07-15,24.159993356466316,0.3922821,34.99710070900619,1,196,2009,7
2009-07-16,24.17999335601928,0.40667695,34.931485913693905,0,197,2009,7
2009-07-17,24.17999335601928,0.32646942,34.896389627829194,1,198,2009,7
2009-07-18,24.199993355572246,0.39712745,34.88113037310541,0,199,2009,7
2009-07-19,24.1699933562428,0.28374583,34.871974820271134,0,200,2009,7
2009-07-20,23.82999336384239,0.29395658,34.870448894798756,0,201,2009,7
2009-07-21,23.82999336384239,0.2320173,34.87807852216065,0,202,2009,7
2009-07-22,23.78999336473646,0.31515858,34.884182224050164,0,203,2009,7
2009-07-23,23.409993373230122,0.32086167,34.88113037310541,0,204,2009,7
2009-07-24,23.409993373230122,0.2854096,34.859767416492105,0,205,2009,7
2009-07-25,23.389993373677157,0.31678498,34.84908593818545,0,206,2009,7
2009-07-26,23.299993375688814,0.24626228,34.84145631082356,0,207,2009,7
2009-07-27,23.259993376582884,0.24648842,34.82009335421026,0,208,2009,7
2009-07-28,23.139993379265093,0.41375005,34.835352608934045,0,209,2009,7
2009-07-29,23.119993379712128,0.39641017,34.867397043854,0,210,2009,7
2009-07-30,23.23999337702992,0.42691275,34.87807852216065,0,211,2009,7
2009-07-31,23.2499933768064,0.31444636,34.87807852216065,0,212,2009,7
2009-08-01,23.339993374794744,0.41982916,34.90401925519109,0,213,2009,8
2009-08-02,23.4799933716655,0.39151213,34.966582199558616,0,214,2009,8
2009-08-03,23.4799933716655,0.35096923,34.97268590144813,0,215,2009,8
2009-08-04,23.579993369430326,0.28933886,34.93758961558342,0,216,2009,8
2009-08-05,23.779993364959978,0.31884378,34.97115997597575,0,217,2009,8
2009-08-06,23.779993364959978,0.30301487,35.04593032412231,0,218,2009,8
2009-08-07,23.739993365854048,0.65984434,35.039826622232795,0,219,2009,8
2009-08-08,23.579993369430326,0.23260823,35.026093292981386,0,220,2009,8
2009-08-09,23.55999336987736,0.19167131,35.013885889202356,0,221,2009,8
2009-08-10,23.55999336987736,0.14558353,35.01846366561949,0,222,2009,8
2009-08-11,23.119993379712128,0.19671458,35.02456736750901,0,223,2009,8
2009-08-12,23.109993379935645,0.24136601,35.0108340382576,0,224,2009,8
2009-08-13,23.109993379935645,0.29785073,35.00015255995095,0,225,2009,8
2009-08-14,22.999993382394337,0.3116488,35.01998959109187,0,226,2009,8
2009-08-15,22.949993383511924,0.34450343,35.026093292981386,0,227,2009,8
2009-08-16,22.889993384853028,0.3403664,35.01998959109187,0,228,2009,8
2009-08-17,22.81999338641765,0.3232189,35.01235996372998,0,229,2009,8
2009-08-18,22.92999338395896,0.26248872,35.003204410895705,0,230,2009,8
2009-08-19,22.96999338306489,0.26481417,35.003204410895705,0,231,2009,8
2009-08-20,22.97999338284137,0.28709188,35.0108340382576,0,232,2009,8
2009-08-21,22.959993383288406,0.3133409,35.02151551656425,0,233,2009,8
2009-08-22,22.919993384182476,0.28712955,35.0321969948709,0,234,2009,8
2009-08-23,22.879993385076546,0.39881015,35.04287847317755,0,235,2009,8
2009-08-24,22.70999338887634,0.28912014,35.05661180242896,0,236,2009,8
2009-08-25,22.639993390440964,0.26328143,35.07034513168037,0,237,2009,8
2009-08-26,22.62999339066448,0.29538453,35.08407846093178,0,238,2009,8
2009-08-27,22.58999339155855,0.37028486,35.08560438640416,0,239,2009,8
2009-08-28,22.54999339245262,0.35091496,35.0825525354594,0,240,2009,8
2009-08-29,22.42999339513483,0.45364887,35.07797475904226,0,241,2009,8
2009-08-30,22.31999339759352,0.44989595,35.09323401376605,0,242,2009,8
2009-08-31,22.34999339692297,0.32720944,35.10696734301746,0,243,2009,8
2009-09-01,22.329993397370004,0.39279163,35.11459697037935,0,244,2009,9
2009-09-02,22.31999339759352,0.35249633,35.123752523213625,0,245,2009,9
2009-09-03,22.3899933960289,0.29225802,35.125278448686004,0,246,2009,9
2009-09-04,22.449993394687795,0.3649701,35.11917474679649,0,247,2009,9
2009-09-05,22.39999339580538,0.2717294,35.099337715655565,0,248,2009,9
2009-09-06,22.35999339669945,0.19861488,35.09323401376605,0,249,2009,9
2009-09-07,22.39999339580538,0.2483122,35.09018216282129,0,250,2009,9
2009-09-08,22.459993394464277,0.34980595,35.09781179018319,0,251,2009,9
2009-09-09,22.529993392899655,0.29688007,35.11612289585173,0,252,2009,9
2009-09-10,22.599993391335033,0.3162569,35.158848809078336,0,253,2009,9
2009-09-11,22.58999339155855,0.38855043,35.184789542108774,0,254,2009,9
2009-09-12,22.70999338887634,0.44507676,35.184789542108774,0,255,2009,9
2009-09-13,22.69999338909986,0.45272067,35.18631546758115,0,256,2009,9
2009-09-14,22.729993388429307,0.77585196,35.184789542108774,0,257,2009,9
2009-09-15,22.719993388652824,0.4645169,35.1756339892745,0,258,2009,9
2009-09-16,22.69999338909986,0.30993,35.172582138329744,0,259,2009,9
2009-09-17,22.729993388429307,0.28993165,35.17868584021926,0,260,2009,9
2009-09-18,22.759993387758755,0.5170575,35.18021176569164,0,261,2009,9
2009-09-19,22.66999338977041,0.5492927,35.18784139305353,0,262,2009,9
2009-09-20,22.539993392676138,0.55975825,35.19241916947067,0,263,2009,9
2009-09-21,22.329993397370004,0.51991946,35.20157472230494,0,264,2009,9
2009-09-22,22.329993397370004,0.5120255,35.209204349666834,0,265,2009,9
2009-09-23,22.39999339580538,0.57659644,35.19852287136018,0,266,2009,9
2009-09-24,22.559993392229103,0.41330236,35.158848809078336,0,267,2009,9
2009-09-25,22.999993382394337,0.22695254,35.110019193962216,0,268,2009,9
2009-09-26,22.96999338306489,0.26166102,35.0321969948709,0,269,2009,9
2009-09-27,23.079993380606197,0.22387551,34.91470073349774,0,270,2009,9
2009-09-28,23.339993374794744,0.298317,34.93453776463866,0,271,2009,9
2009-09-29,23.159993378818058,0.29830825,34.9818414542824,0,272,2009,9
2009-09-30,22.89999338462951,0.31666803,34.990997007116675,0,273,2009,9
2009-10-01,22.97999338284137,0.34127238,34.99862663447857,0,274,2009,10
2009-10-02,23.029993381723784,0.2129735,34.98641923069954,0,275,2009,10
2009-10-03,23.119993379712128,0.25625655,34.98489330522716,0,276,2009,10
2009-10-04,23.0199933819473,0.23641135,34.9894710816443,0,277,2009,10
2009-10-05,22.96999338306489,0.25043023,34.992522932589054,0,278,2009,10
2009-10-06,22.889993384853028,0.28438026,34.99404885806143,0,279,2009,10
2009-10-07,22.89999338462951,0.3543507,34.99404885806143,0,280,2009,10
2009-10-08,23.119993379712128,0.35273615,34.99862663447857,0,281,2009,10
2009-10-09,23.139993379265093,0.24061218,35.00778218731284,0,282,2009,10
2009-10-10,23.219993377476953,0.18080525,35.03067106939852,0,283,2009,10
2009-10-11,22.869993385300063,0.17919134,35.05813772790134,0,284,2009,10
2009-10-12,22.809993386641167,0.26591235,35.09018216282129,0,285,2009,10
2009-10-13,22.839993385970615,0.42646536,35.14358955435455,0,286,2009,10
2009-10-14,23.409993373230122,0.26630402,35.15121918171644,0,287,2009,10
2009-10-15,23.4799933716655,0.26636738,35.11764882132411,0,288,2009,10
2009-10-16,23.649993367865704,0.33600518,35.11612289585173,0,289,2009,10
2009-10-17,24.299993353337072,0.20099553,35.09475993923843,0,290,2009,10
2009-10-18,24.17999335601928,0.20061885,35.07797475904226,0,291,2009,10
2009-10-19,24.079993358254455,0.20964482,35.076448833569884,1,292,2009,10
2009-10-20,23.35999337434771,0.23049657,35.09628586471081,0,293,2009,10
2009-10-21,23.31999337524178,0.2435501,35.11612289585173,0,294,2009,10
2009-10-22,23.27999337613585,0.27493632,35.12833029963076,0,295,2009,10
2009-10-23,22.919993384182476,0.3383285,35.1329080760479,0,296,2009,10
2009-10-24,22.679993389546894,0.3383285,35.135959926992655,0,297,2009,10
2009-10-25,22.69999338909986,0.31803432,35.13901177793741,0,298,2009,10
2009-10-26,23.109993379935645,0.26896712,35.12985622510314,0,299,2009,10
2009-10-27,23.31999337524178,0.1951321,35.122226597741246,0,300,2009,10
2009-10-28,23.54999337010088,0.19599728,35.11917474679649,0,301,2009,10
2009-10-29,23.349993374571227,0.19473116,35.10238956660032,0,302,2009,10
2009-10-30,22.639993390440964,0.37244582,35.087130311876535,0,303,2009,10
2009-10-31,22.559993392229103,0.37283027,35.09018216282129,0,304,2009,10
2009-11-01,22.559993392229103,0.5858618,35.111545119434595,0,305,2009,11
2009-11-02,23.16999337859454,0.28910273,35.123752523213625,0,306,2009,11
2009-11-03,23.689993366971635,0.21302776,35.015411814674735,0,307,2009,11
2009-11-04,23.85999336317184,0.2058919,34.94064146652818,0,308,2009,11
2009-11-05,23.86999336294832,0.19317965,34.97268590144813,0,309,2009,11
2009-11-06,23.929993361607217,0.19398089,34.99404885806143,0,310,2009,11
2009-11-07,23.849993363395356,0.18895927,35.016937740147114,0,311,2009,11
2009-11-08,23.9399933613837,0.2561011,35.07034513168037,0,312,2009,11
2009-11-09,24.089993358030938,0.30530494,35.18936731852591,0,313,2009,11
2009-11-10,24.149993356689833,0.28222206,35.18021176569164,0,314,2009,11
2009-11-11,24.24999335445466,0.35414615,34.97421182692051,0,315,2009,11
2009-11-12,25.229993332549952,0.19606376,34.98794515617192,0,316,2009,11
2009-11-13,25.119993335008644,0.2526949,35.029145143926144,0,317,2009,11
2009-11-14,24.809993341937684,0.2526949,35.029145143926144,0,318,2009,11
2009-11-15,24.079993358254455,0.49318293,35.00930811278522,0,319,2009,11
2009-11-16,24.049993358925008,0.4742908,34.98641923069954,0,320,2009,11
2009-11-17,23.969993360713147,0.4779018,34.99557478353381,0,321,2009,11
2009-11-18,23.51999337077143,0.45954406,35.016937740147114,0,322,2009,11
2009-11-19,23.339993374794744,0.22586769,35.03524884581566,0,323,2009,11
2009-11-20,23.32999337501826,0.30696976,35.04593032412231,0,324,2009,11
2009-11-21,23.189993378147506,0.35110173,35.04593032412231,0,325,2009,11
2009-11-22,23.23999337702992,0.4119709,35.04287847317755,0,326,2009,11
2009-11-23,23.409993373230122,0.409976,35.02304144203663,0,327,2009,11
2009-11-24,25.209993332996987,0.16253857,35.02151551656425,0,328,2009,11
2009-11-25,25.189993333444022,0.17940429,35.05661180242896,0,329,2009,11
2009-11-26,24.94999333880844,0.2782806,35.05813772790134,0,330,2009,11
2009-11-27,24.499993348866724,0.2961968,35.0535599514842,0,331,2009,11
2009-11-28,24.689993344619893,0.20903605,35.08407846093178,0,332,2009,11
2009-11-29,24.779993342608236,0.20657124,35.09475993923843,0,333,2009,11
2009-11-30,24.669993345066928,0.20191067,35.10849326848984,0,334,2009,11
2009-12-01,24.319993352890037,0.18820365,35.10696734301746,0,335,2009,12
2009-12-02,24.269993354007624,0.28733042,35.08560438640416,0,336,2009,12
2009-12-03,24.199993355572246,0.59461296,35.07187105715275,0,337,2009,12
2009-12-04,25.119993335008644,0.47679657,35.06729328073561,0,338,2009,12
2009-12-05,25.159993334114574,0.33873937,35.07034513168037,0,339,2009,12
2009-12-06,25.079993335902714,0.33499262,35.0611895788461,0,340,2009,12
2009-12-07,24.24999335445466,0.17431349,35.0535599514842,0,341,2009,12
2009-12-08,24.269993354007624,0.17103508,35.05508587695658,0,342,2009,12
2009-12-09,24.299993353337072,0.22989932,35.05661180242896,0,343,2009,12
2009-12-10,24.459993349760794,0.20121922,35.05661180242896,0,344,2009,12
2009-12-11,24.74999334327879,0.18005913,35.06576735526323,0,345,2009,12
2009-12-12,26.079993313550972,0.1808981,35.100863641127944,0,346,2009,12
2009-12-13,25.7199933215976,0.29922923,35.110019193962216,0,347,2009,12
2009-12-14,25.789993320032977,0.27894443,35.123752523213625,0,348,2009,12
2009-12-15,25.549993325397395,0.30825904,35.099337715655565,0,349,2009,12
2009-12-16,24.689993344619893,0.36732796,35.07339698262513,0,350,2009,12
2009-12-17,24.71999334394934,0.35126317,35.0535599514842,0,351,2009,12
2009-12-18,24.819993341714166,0.470953,35.050508100539446,0,352,2009,12
2009-12-19,24.969993338361405,0.46972772,35.05813772790134,0,353,2009,12
2009-12-20,25.009993337467336,0.44837624,35.039826622232795,0,354,2009,12
2009-12-21,24.269993354007624,0.45250157,35.003204410895705,0,355,2009,12
2009-12-22,23.759993365407013,0.7233062,34.968108125030994,0,356,2009,12
2009-12-23,23.349993374571227,0.445734,34.95284887030721,0,357,2009,12
2009-12-24,23.2499933768064,0.5637684,34.96200442314148,0,358,2009,12
2009-12-25,23.429993372783088,0.99102205,34.980315528810024,0,359,2009,12
2009-12-26,24.32999335266652,0.4045102,35.029145143926144,0,360,2009,12
2009-12-27,24.389993351325415,0.32202584,35.052034026011825,0,361,2009,12
2009-12-28,24.469993349537276,0.27424276,35.05813772790134,0,362,2009,12
2009-12-29,24.699993344396376,0.18530361,35.064241429790854,0,363,2009,12
2009-12-30,24.739993343502306,0.20062585,35.052034026011825,0,364,2009,12
2009-12-31,24.739993343502306,0.2195814,35.039826622232795,0,365,2009,12
2010-01-01,24.47999334931376,0.24674569,35.01846366561949,0,1,2010,1
2010-01-02,24.569993347302102,0.30076292,35.01998959109187,0,2,2010,1
2010-01-03,25.06999333612623,0.15033004,35.074922908097506,0,3,2010,1
2010-01-04,25.14999333433809,0.16501611,35.11917474679649,0,4,2010,1
2010-01-05,24.739993343502306,0.23681837,35.11917474679649,0,5,2010,1
2010-01-06,24.609993346408032,0.25073534,35.113071044906974,0,6,2010,1
2010-01-07,24.48999334909024,0.43633655,35.087130311876535,0,7,2010,1
2010-01-08,24.05999335870149,0.43633655,35.06576735526323,0,8,2010,1
2010-01-09,23.959993360936664,0.35597402,35.00625626184046,0,9,2010,1
2010-01-10,23.969993360713147,0.5368952,34.992522932589054,0,10,2010,1
2010-01-11,23.08999338038268,0.6525023,35.003204410895705,0,11,2010,1
2010-01-12,23.12999337948861,2.5338454,35.00015255995095,0,12,2010,1
2010-01-13,23.50999337099495,2.5338454,35.029145143926144,0,13,2010,1
2010-01-14,24.199993355572246,0.1623887,35.0825525354594,0,14,2010,1
2010-01-15,24.959993338584923,0.19977589,35.07797475904226,0,15,2010,1
2010-01-16,25.79999331980946,0.18816832,34.992522932589054,0,16,2010,1
2010-01-17,26.349993307516,0.21974614,34.85213778913021,0,17,2010,1
2010-01-18,26.519993303716205,0.16278325,34.8384044598788,0,18,2010,1
2010-01-19,26.22999331019821,0.18088494,34.870448894798756,0,19,2010,1
2010-01-20,25.699993322044634,0.18088494,34.89944147877395,0,20,2010,1
2010-01-21,25.199993333220505,0.38564116,34.95132294483483,0,21,2010,1
2010-01-22,24.94999333880844,0.32686538,34.99862663447857,0,22,2010,1
2010-01-23,25.09999333545568,0.19687971,35.02304144203663,0,23,2010,1
2010-01-24,25.209993332996987,0.20619743,35.03372292034328,0,24,2010,1
2010-01-25,25.209993332996987,0.20253842,35.02456736750901,0,25,2010,1
2010-01-26,25.14999333433809,0.26063782,35.00778218731284,0,26,2010,1
2010-01-27,24.319993352890037,0.8679526,35.003204410895705,0,27,2010,1
2010-01-28,24.049993358925008,0.33828095,34.992522932589054,0,28,2010,1
2010-01-29,24.079993358254455,0.32983506,34.98794515617192,0,29,2010,1
2010-01-30,24.009993359819077,0.37012744,35.003204410895705,0,30,2010,1
2010-01-31,23.969993360713147,0.3482078,35.03067106939852,0,31,2010,1
2010-02-01,23.89999336227777,0.45970348,35.039826622232795,0,32,2010,2
2010-02-02,22.919993384182476,0.30123776,35.05966365337372,0,33,2010,2
2010-02-03,22.849993385747098,0.5039689,35.087130311876535,0,34,2010,2
2010-02-04,22.799993386864685,0.6517969,35.088656237348914,0,35,2010,2
2010-02-05,22.989993382617854,0.8406066,35.076448833569884,0,36,2010,2
2010-02-06,23.529993370547913,0.6625161,35.09475993923843,0,37,2010,2
2010-02-07,23.86999336294832,0.26234654,35.100863641127944,0,38,2010,2
2010-02-08,24.239993354678177,0.2442539,35.09475993923843,0,39,2010,2
2010-02-09,24.339993352443003,0.26534292,35.09475993923843,0,40,2010,2
2010-02-10,24.469993349537276,0.20627029,35.09170808829367,0,41,2010,2
2010-02-11,24.579993347078585,0.18989792,35.074922908097506,0,42,2010,2
2010-02-12,24.649993345513963,0.15823054,35.052034026011825,0,43,2010,2
2010-02-13,24.579993347078585,0.19449648,35.0321969948709,0,44,2010,2
2010-02-14,24.649993345513963,0.2397101,34.99862663447857,0,45,2010,2
2010-02-15,24.929993339255475,0.21419607,34.978789603337646,0,46,2010,2
2010-02-16,24.999993337690853,0.23765701,34.9894710816443,0,47,2010,2
2010-02-17,24.969993338361405,0.28355896,34.97726367786527,0,48,2010,2
2010-02-18,25.119993335008644,0.26615945,34.96353034861386,0,49,2010,2
2010-02-19,25.119993335008644,0.3132733,34.94979701936245,0,50,2010,2
2010-02-20,25.119993335008644,0.18983573,34.94521924294531,0,51,2010,2
2010-02-21,25.0299933370203,0.1876676,34.966582199558616,0,52,2010,2
2010-02-22,24.889993340149545,0.2221509,34.98641923069954,0,53,2010,2
2010-02-23,24.849993341043614,0.23998468,34.96353034861386,0,54,2010,2
2010-02-24,25.049993336573266,0.21146223,34.8887600004673,0,55,2010,2
2010-02-25,24.889993340149545,0.2024582,34.83230075798929,0,56,2010,2
2010-02-26,24.669993345066928,0.29154402,34.86892296932638,0,57,2010,2
2010-02-27,24.699993344396376,0.24682556,34.96200442314148,0,58,2010,2
2010-02-28,24.899993339926027,0.1934447,34.94521924294531,0,59,2010,2
2010-03-01,24.959993338584923,0.28875548,34.89333777688444,0,60,2010,3
2010-03-02,24.959993338584923,0.61713153,34.85671556554735,0,61,2010,3
2010-03-03,24.82999334149065,0.46973664,34.87655259668827,0,62,2010,3
2010-03-04,24.729993343725823,0.48843634,34.93606369011104,0,63,2010,3
2010-03-05,24.75999334305527,1.0211068,34.9894710816443,0,64,2010,3
2010-03-06,25.60999332405629,0.42577448,34.99404885806143,0,65,2010,3
2010-03-07,25.829993319138907,0.21437383,34.9894710816443,0,66,2010,3
2010-03-08,25.87999331802132,0.25202,35.00625626184046,0,67,2010,3
2010-03-09,26.749993298575305,0.3505653,35.015411814674735,0,68,2010,3
2010-03-10,26.899993295222544,0.23303176,35.04440439864993,0,69,2010,3
2010-03-11,26.95999329388144,0.2499185,35.08102660998702,0,70,2010,3
2010-03-12,27.07999329119923,0.2169055,35.07797475904226,0,71,2010,3
2010-03-13,27.109993290528678,0.18396673,34.97115997597575,0,72,2010,3
2010-03-14,26.639993301033996,0.19304015,34.90096740424633,0,73,2010,3
2010-03-15,26.429993305727862,0.5930497,34.943693317472935,0,74,2010,3
2010-03-16,25.64999332316222,0.72444135,34.96963405050337,0,75,2010,3
2010-03-17,25.36999332942071,0.686273,34.978789603337646,0,76,2010,3
2010-03-18,25.509993326291465,0.26756933,34.98336737975478,0,77,2010,3
2010-03-19,27.299993286281847,0.26765862,34.98641923069954,0,78,2010,3
2010-03-20,27.219993288069986,0.23929538,34.980315528810024,0,79,2010,3
2010-03-21,27.069993291422747,0.17537396,34.980315528810024,0,80,2010,3
2010-03-22,27.4999932818115,0.23627388,34.9818414542824,0,81,2010,3
2010-03-23,28.029993269965075,0.1626256,34.9818414542824,0,82,2010,3
2010-03-24,27.939993271976732,0.15041232,34.97573775239289,0,83,2010,3
2010-03-25,27.85999327376487,0.24841358,34.96963405050337,0,84,2010,3
2010-03-26,27.639993278682255,0.20004779,34.96353034861386,0,85,2010,3
2010-03-27,27.909993272647284,0.13635989,34.94979701936245,0,86,2010,3
2010-03-28,27.459993282705568,0.2381371,34.93758961558342,0,87,2010,3
2010-03-29,27.019993292540335,0.29235286,34.9604784976691,0,88,2010,3
2010-03-30,26.88999329544606,0.26453477,34.96505627408624,0,89,2010,3
2010-03-31,26.829993296787165,0.39539406,34.95284887030721,0,90,2010,3
2010-04-01,26.739993298798822,0.36375353,34.9391155410558,0,91,2010,4
2010-04-02,26.749993298575305,0.21369939,34.9391155410558,0,92,2010,4
2010-04-03,26.819993297010683,0.18955645,34.95132294483483,0,93,2010,4
2010-04-04,26.979993293434404,0.2483268,34.96353034861386,0,94,2010,4
2010-04-05,27.129993290081643,0.18704458,34.978789603337646,0,95,2010,4
2010-04-06,27.019993292540335,0.19229391,34.992522932589054,0,96,2010,4
2010-04-07,26.589993302151584,0.18506631,34.99862663447857,0,97,2010,4
2010-04-08,26.509993303939723,0.16650976,35.0108340382576,0,98,2010,4
2010-04-09,26.30999330841007,0.18454608,35.015411814674735,0,99,2010,4
2010-04-10,25.589993324503325,0.19907503,35.00930811278522,0,100,2010,4
2010-04-11,25.67999332249167,0.19668712,35.01998959109187,0,101,2010,4
2010-04-12,26.159993311762832,0.1992092,35.02151551656425,0,102,2010,4
2010-04-13,25.75999332070353,0.20033975,35.038300696760416,0,103,2010,4
2010-04-14,25.44999332763257,0.21124418,35.074922908097506,0,104,2010,4
2010-04-15,25.469993327185534,0.25601366,35.099337715655565,0,105,2010,4
2010-04-16,25.629993323609256,0.4317344,35.07950068451464,0,106,2010,4
2010-04-17,25.889993317797803,0.20386817,35.07034513168037,0,107,2010,4
2010-04-18,26.409993306174897,0.20889202,35.05508587695658,0,108,2010,4
2010-04-19,26.37999330684545,0.19897816,35.027619218453765,2,109,2010,4
2010-04-20,26.289993308857106,0.20692539,35.013885889202356,0,110,2010,4
2010-04-21,26.209993310645245,0.20189579,35.01998959109187,0,111,2010,4
2010-04-22,26.159993311762832,0.26512706,35.02151551656425,0,112,2010,4
2010-04-23,26.209993310645245,0.5703421,34.917752584442496,0,113,2010,4
2010-04-24,26.319993308186554,0.57034695,34.77278966456652,0,114,2010,4
2010-04-25,26.479993304610275,0.41016054,34.64918970130384,0,115,2010,4
2010-04-26,26.60999330170455,0.2998385,34.56068602390587,0,116,2010,4
2010-04-27,26.45999330505731,0.27583805,34.54390084370971,0,117,2010,4
2010-04-28,27.2699932869524,0.313091,34.55610824748874,0,118,2010,4
2010-04-29,27.2699932869524,0.15818499,34.620197117328644,0,119,2010,4
2010-04-30,27.22999328784647,0.198044,34.60951563902199,0,120,2010,4
2010-05-01,27.259993287175917,0.33817282,34.61561934091151,0,121,2010,5
2010-05-02,27.34999328516426,0.3448347,34.618671191856265,0,122,2010,5
2010-05-03,27.669993278011702,0.25067562,34.62172304280102,0,123,2010,5
2010-05-04,27.80999327488246,0.25917226,34.641560073941946,0,124,2010,5
2010-05-05,27.829993274435424,0.25917226,34.665974881500006,0,125,2010,5
2010-05-06,27.649993278458737,0.3281778,34.65071562677622,0,126,2010,5
2010-05-07,27.689993277564668,0.30362564,34.59273045882583,0,127,2010,5
2010-05-08,27.749993276223563,0.28484815,34.534745290875435,0,128,2010,5
2010-05-09,27.709993277117633,0.21598227,34.48133789934218,0,129,2010,5
2010-05-10,27.689993277564668,0.26899403,34.475234197452664,0,130,2010,5
2010-05-11,27.709993277117633,0.32893464,34.524063812568784,0,131,2010,5
2010-05-12,27.689993277564668,0.25531578,34.606463788077235,0,132,2010,5
2010-05-13,27.61999327912929,0.24823847,34.62477489374578,0,133,2010,5
2010-05-14,27.599993279576324,0.4238548,34.78041929192841,0,134,2010,5
2010-05-15,27.009993292763852,0.5095372,34.8384044598788,0,135,2010,5
2010-05-16,26.99999329298737,0.47988638,34.81856742873788,0,136,2010,5
2010-05-17,27.0399932920933,0.47602576,34.62172304280102,0,137,2010,5
2010-05-18,27.089993290975713,0.40770328,34.607989713549614,0,138,2010,5
2010-05-19,26.989993293210887,0.4903864,34.713278571143746,0,139,2010,5
2010-05-20,26.899993295222544,0.39932066,34.71938227303326,0,140,2010,5
2010-05-21,26.92999329455199,0.39410383,34.73158967681229,0,141,2010,5
2010-05-22,26.859993296116613,0.2972176,34.739219304174185,0,142,2010,5
2010-05-23,26.749993298575305,0.4078279,34.728537825867534,0,143,2010,5
2010-05-24,26.679993300139927,0.5300916,34.737693378701806,0,144,2010,5
2010-05-25,26.519993303716205,0.56968415,34.76058226078749,0,145,2010,5
2010-05-26,26.479993304610275,0.450833,34.78957484476268,0,146,2010,5
2010-05-27,26.439993305504345,0.3976617,34.8170415032655,0,147,2010,5
2010-05-28,26.199993310868763,0.48822805,34.84145631082356,0,148,2010,5
2010-05-29,26.199993310868763,0.3986539,34.86281926743686,0,149,2010,5
2010-05-30,26.139993312209867,0.32680616,34.8887600004673,0,150,2010,5
2010-05-31,26.219993310421728,0.34676394,34.90096740424633,0,151,2010,5
2010-06-01,26.22999331019821,0.4913704,34.907071106135845,0,152,2010,6
2010-06-02,26.219993310421728,0.4380644,34.908597031608224,0,153,2010,6
2010-06-03,26.089993313327454,0.30107546,34.894863702356815,0,154,2010,6
2010-06-04,26.009993315115594,0.24609521,34.85213778913021,0,155,2010,6
2010-06-05,25.979993315786146,0.33099797,34.800256323069334,0,156,2010,6
2010-06-06,26.03999331444504,0.3950518,34.76973781362176,0,157,2010,6
2010-06-07,26.099993313103937,0.4275291,34.76821188814938,0,158,2010,6
2010-06-08,26.089993313327454,0.46897182,34.8384044598788,0,159,2010,6
2010-06-09,26.059993313998007,0.33300433,34.86281926743686,0,160,2010,6
2010-06-10,26.009993315115594,0.3897144,34.80330817401409,0,161,2010,6
2010-06-11,25.969993316009663,0.39827532,34.84908593818545,0,162,2010,6
2010-06-12,25.939993316680216,0.45365983,34.84298223629594,0,163,2010,6
2010-06-13,25.9499933164567,0.43670532,34.85366371460259,0,164,2010,6
2010-06-14,25.91999331712725,0.41732356,34.84450816176832,0,165,2010,6
2010-06-15,25.91999331712725,0.35289314,34.82009335421026,0,166,2010,6
2010-06-16,26.059993313998007,0.332842,34.835352608934045,0,167,2010,6
2010-06-17,26.099993313103937,0.594956,34.78347114287317,0,168,2010,6
2010-06-18,26.06999331377449,0.6854797,34.70870079472661,0,169,2010,6
2010-06-19,26.179993311315798,0.5663817,34.68733783811331,1,170,2010,6
2010-06-20,26.059993313998007,0.76909024,34.70564894378185,0,171,2010,6
2010-06-21,26.02999331466856,0.44516605,34.83230075798929,0,172,2010,6
2010-06-22,25.669993322715186,0.21440439,34.978789603337646,0,173,2010,6
2010-06-23,25.709993321821116,0.2298997,34.65834525413811,0,174,2010,6
2010-06-24,25.709993321821116,0.39842942,34.67207858338952,0,175,2010,6
2010-06-25,25.60999332405629,0.33234283,34.882656298577785,0,176,2010,6
2010-06-26,25.309993330761813,0.47361776,34.920804435387254,0,177,2010,6
2010-06-27,25.269993331655883,0.4466365,34.89791555330157,0,178,2010,6
2010-06-28,25.239993332326435,0.3021835,34.89791555330157,0,179,2010,6
2010-06-29,25.269993331655883,0.3720648,34.968108125030994,0,180,2010,6
2010-06-30,25.17999333366754,0.2352672,34.99557478353381,0,181,2010,6
2010-07-01,25.10999333523216,0.28281647,35.02151551656425,0,182,2010,7
2010-07-02,25.039993336796783,0.33528447,35.0611895788461,0,183,2010,7
2010-07-03,25.009993337467336,0.30071962,35.05813772790134,0,184,2010,7
2010-07-04,25.039993336796783,0.30523697,35.027619218453765,0,185,2010,7
2010-07-05,25.049993336573266,0.34393695,35.04898217506707,0,186,2010,7
2010-07-06,25.009993337467336,0.27547383,35.074922908097506,0,187,2010,7
2010-07-07,24.739993343502306,0.34037676,35.05661180242896,0,188,2010,7
2010-07-08,24.83999334126713,0.27241272,35.113071044906974,0,189,2010,7
2010-07-09,24.849993341043614,0.23030198,35.08560438640416,0,190,2010,7
2010-07-10,24.86999334059658,0.5799933,35.08560438640416,0,191,2010,7
2010-07-11,24.879993340373062,0.28232026,35.07187105715275,0,192,2010,7
2010-07-12,24.779993342608236,0.3107217,35.07950068451464,0,193,2010,7
2010-07-13,24.569993347302102,0.29389408,35.09018216282129,0,194,2010,7
2010-07-14,24.499993348866724,0.262836,35.099337715655565,0,195,2010,7
2010-07-15,24.51999334841969,0.23814331,35.1039154920727,0,196,2010,7
2010-07-16,24.469993349537276,0.25988904,35.08102660998702,0,197,2010,7
2010-07-17,24.419993350654863,0.25999317,35.08407846093178,0,198,2010,7
2010-07-18,24.47999334931376,0.2878423,35.12680437415838,0,199,2010,7
2010-07-19,24.549993347749137,0.26875585,35.148167330771685,0,200,2010,7
2010-07-20,24.52999334819617,0.26875585,35.10696734301746,0,201,2010,7
2010-07-21,24.239993354678177,0.2593217,35.07339698262513,0,202,2010,7
2010-07-22,24.199993355572246,0.24726044,35.12070067226887,0,203,2010,7
2010-07-23,24.189993355795764,0.30208552,35.04898217506707,0,204,2010,7
2010-07-24,24.029993359372043,0.34655982,35.08102660998702,0,205,2010,7
2010-07-25,24.089993358030938,0.41020605,35.07339698262513,0,206,2010,7
2010-07-26,24.049993358925008,0.34074366,35.03524884581566,0,207,2010,7
2010-07-27,24.079993358254455,0.35714355,35.125278448686004,0,208,2010,7
2010-07-28,24.13999335691335,0.30414495,35.11917474679649,0,209,2010,7
2010-07-29,24.12999335713687,0.3111023,35.123752523213625,0,210,2010,7
2010-07-30,24.159993356466316,0.3800436,35.10849326848984,0,211,2010,7
2010-07-31,23.929993361607217,0.4118372,35.1039154920727,0,212,2010,7
2010-08-01,23.90999336205425,0.39573485,35.09628586471081,0,213,2010,8
2010-08-02,23.919993361830734,0.44307134,35.06881920620799,0,214,2010,8
2010-08-03,24.069993358477973,0.44892657,35.07950068451464,0,215,2010,8
2010-08-04,24.069993358477973,0.37589622,35.09018216282129,0,216,2010,8
2010-08-05,24.079993358254455,0.28461444,35.064241429790854,0,217,2010,8
2010-08-06,24.159993356466316,0.36017406,35.04898217506707,0,218,2010,8
2010-08-07,24.05999335870149,0.40234473,35.12833029963076,0,219,2010,8
2010-08-08,24.039993359148525,0.354439,35.18173769116402,0,220,2010,8
2010-08-09,24.039993359148525,0.30240363,35.15274510718882,0,221,2010,8
2010-08-10,24.12999335713687,0.329341,35.148167330771685,0,222,2010,8
2010-08-11,24.119993357360386,0.34600502,35.135959926992655,0,223,2010,8
2010-08-12,23.85999336317184,0.34600502,35.12833029963076,0,224,2010,8
2010-08-13,23.849993363395356,0.27751592,35.12985622510314,0,225,2010,8
2010-08-14,23.86999336294832,0.437127,35.134434001520276,0,226,2010,8
2010-08-15,23.779993364959978,0.3759099,35.14511547982693,0,227,2010,8
2010-08-16,23.689993366971635,0.42045623,35.15274510718882,0,228,2010,8
2010-08-17,23.7099933665246,0.40227228,35.15121918171644,0,229,2010,8
2010-08-18,23.7099933665246,0.2779968,35.15121918171644,0,230,2010,8
2010-08-19,23.4799933716655,0.36775357,35.148167330771685,0,231,2010,8
2010-08-20,23.389993373677157,0.3248595,35.13901177793741,0,232,2010,8
2010-08-21,23.409993373230122,0.35229906,35.15121918171644,0,233,2010,8
2010-08-22,23.449993372336053,0.35229906,35.16800436191261,0,234,2010,8
2010-08-23,23.419993373006605,0.29858282,35.16495251096785,0,235,2010,8
2010-08-24,23.539993370324396,0.23696582,35.158848809078336,0,236,2010,8
2010-08-25,23.609993368759774,0.23688482,35.16190066002309,0,237,2010,8
2010-08-26,23.609993368759774,0.4416331,35.18021176569164,0,238,2010,8
2010-08-27,23.609993368759774,0.4212377,35.15121918171644,0,239,2010,8
2010-08-28,24.879993340373062,0.4940933,35.05508587695658,0,240,2010,8
2010-08-29,25.039993336796783,0.31977186,35.027619218453765,0,241,2010,8
2010-08-30,25.009993337467336,0.28376445,34.99862663447857,0,242,2010,8
2010-08-31,23.579993369430326,0.25464645,35.00167848542333,0,243,2010,8
2010-09-01,23.609993368759774,0.2645038,35.02151551656425,0,244,2010,9
2010-09-02,23.579993369430326,0.29143658,35.04287847317755,0,245,2010,9
2010-09-03,23.139993379265093,0.45939553,35.05508587695658,0,246,2010,9
2010-09-04,23.04999338127675,0.40896657,35.05813772790134,0,247,2010,9
2010-09-05,23.2499933768064,0.34656954,35.039826622232795,0,248,2010,9
2010-09-06,23.39999337345364,0.31916922,35.0321969948709,0,249,2010,9
2010-09-07,23.50999337099495,0.34174156,35.038300696760416,0,250,2010,9
2010-09-08,23.50999337099495,0.4130916,35.04135254770517,0,251,2010,9
2010-09-09,23.489993371441983,0.33335707,35.04287847317755,0,252,2010,9
2010-09-10,23.419993373006605,0.2887098,35.04135254770517,0,253,2010,9
2010-09-11,23.409993373230122,0.31823632,35.03524884581566,0,254,2010,9
2010-09-12,23.369993374124192,0.35732964,35.02456736750901,0,255,2010,9
2010-09-13,23.31999337524178,0.4372843,35.01235996372998,0,256,2010,9
2010-09-14,23.409993373230122,0.44729638,34.99557478353381,0,257,2010,9
2010-09-15,23.609993368759774,0.2906128,34.97421182692051,0,258,2010,9
2010-09-16,23.74999336563053,0.31903803,34.95132294483483,0,259,2010,9
2010-09-17,24.009993359819077,0.31691065,34.94064146652818,0,260,2010,9
2010-09-18,24.09999335780742,0.3826751,34.8887600004673,0,261,2010,9
2010-09-19,24.17999335601928,0.2652405,34.894863702356815,0,262,2010,9
2010-09-20,24.229993354901694,0.26231194,34.87960444763303,0,263,2010,9
2010-09-21,24.009993359819077,0.4066201,34.84145631082356,0,264,2010,9
2010-09-22,24.029993359372043,0.46047825,34.82009335421026,0,265,2010,9
2010-09-23,24.419993350654863,0.30654752,34.8170415032655,0,266,2010,9
2010-09-24,24.419993350654863,0.29283613,34.82772298157215,0,267,2010,9
2010-09-25,24.429993350431346,0.31143767,34.810937801375985,0,268,2010,9
2010-09-26,24.52999334819617,0.25821146,34.74379708059132,0,269,2010,9
2010-09-27,24.51999334841969,0.27948725,34.7239600494504,0,270,2010,9
2010-09-28,24.549993347749137,0.2046676,34.728537825867534,0,271,2010,9
2010-09-29,24.469993349537276,0.20646231,34.73158967681229,0,272,2010,9
2010-09-30,24.43999335020783,0.24954098,34.73464152775705,0,273,2010,9
2010-10-01,24.389993351325415,0.2900194,34.737693378701806,0,274,2010,10
2010-10-02,24.40999335087838,0.3445957,34.739219304174185,0,275,2010,10
2010-10-03,24.469993349537276,0.46678454,34.7453230060637,0,276,2010,10
2010-10-04,24.52999334819617,0.33416733,34.751426707953215,0,277,2010,10
2010-10-05,24.659993345290445,0.18520433,34.75295263342559,0,278,2010,10
2010-10-06,24.78999334238472,0.19785185,34.739219304174185,0,279,2010,10
2010-10-07,25.13999333456161,0.18342946,34.67055265791714,0,280,2010,10
2010-10-08,25.41999332830312,0.15851083,34.630878595635295,0,281,2010,10
2010-10-09,25.559993325173878,0.19411682,34.61561934091151,0,282,2010,10
2010-10-10,25.209993332996987,0.17239217,34.583574905991554,0,283,2010,10
2010-10-11,24.71999334394934,0.17238054,34.60493786260486,0,284,2010,10
2010-10-12,24.579993347078585,0.20765068,34.61104156449437,0,285,2010,10
2010-10-13,24.569993347302102,0.18206786,34.58510083146393,0,286,2010,10
2010-10-14,24.59999334663155,0.14890066,34.52558973804116,0,287,2010,10
2010-10-15,25.2599933318794,0.19550999,34.43403420969844,0,288,2010,10
2010-10-16,25.309993330761813,0.18369056,34.38520459458232,0,289,2010,10
2010-10-17,25.349993329867743,0.1075026,34.43098235875368,0,290,2010,10
2010-10-18,25.98999331556263,0.1075026,34.51643418520689,0,291,2010,10
2010-10-19,26.099993313103937,0.12257981,34.583574905991554,0,292,2010,10
2010-10-20,26.10999331288042,0.11750822,34.58967860788107,0,293,2010,10
2010-10-21,25.79999331980946,0.1117137,34.57441935315728,0,294,2010,10
2010-10-22,25.479993326962017,0.15062942,34.58967860788107,0,295,2010,10
2010-10-23,25.289993331208848,0.16917987,34.59730823524296,0,296,2010,10
2010-10-24,25.09999333545568,0.20022345,34.58967860788107,0,297,2010,10
2010-10-25,24.979993338137888,0.17569068,34.58510083146393,0,298,2010,10
2010-10-26,24.98999333791437,0.11550692,34.57899712957442,0,299,2010,10
2010-10-27,25.13999333456161,0.1150904,34.56373787485063,0,300,2010,10
2010-10-28,25.199993333220505,0.22320028,34.5805230550468,0,301,2010,10
2010-10-29,25.159993334114574,0.17350885,34.618671191856265,0,302,2010,10
2010-10-30,25.05999333634975,0.17380773,34.63545637205243,0,303,2010,10
2010-10-31,25.289993331208848,0.108417295,34.66139710508287,0,304,2010,10
2010-11-01,25.37999332919719,0.19026405,34.68428598716855,0,305,2010,11
2010-11-02,25.52999332584443,0.19713049,34.70564894378185,0,306,2010,11
2010-11-03,25.79999331980946,0.119833626,34.714804496616125,0,307,2010,11
2010-11-04,25.64999332316222,0.12484077,34.69649339094758,0,308,2010,11
2010-11-05,25.629993323609256,0.20063923,34.774315590038896,0,309,2010,11
2010-11-06,25.60999332405629,0.1695772,34.79262669570744,0,310,2010,11
2010-11-07,25.33999333009126,0.23788711,34.78041929192841,0,311,2010,11
2010-11-08,25.37999332919719,0.23971057,34.77889336645603,0,312,2010,11
2010-11-09,25.429993328079604,0.21400107,34.76821188814938,0,313,2010,11
2010-11-10,25.599993324279808,0.17734826,34.749900782480836,0,314,2010,11
2010-11-11,25.549993325397395,0.2539892,34.73006375133991,0,315,2010,11
2010-11-12,25.009993337467336,0.2539892,34.728537825867534,0,316,2010,11
2010-11-13,24.819993341714166,0.22151822,34.74074522964656,0,317,2010,11
2010-11-14,24.779993342608236,0.23084979,34.737693378701806,0,318,2010,11
2010-11-15,25.64999332316222,0.17515886,34.728537825867534,0,319,2010,11
2010-11-16,25.599993324279808,0.14336802,34.716330422088504,0,320,2010,11
2010-11-17,25.629993323609256,0.13585575,34.704123018309474,0,321,2010,11
2010-11-18,25.599993324279808,0.13437627,34.702597092837095,0,322,2010,11
2010-11-19,25.499993326514982,0.15673366,34.70107116736472,0,323,2010,11
2010-11-20,25.60999332405629,0.15269265,34.70870079472661,0,324,2010,11
2010-11-21,25.68999332226815,0.13433656,34.71938227303326,0,325,2010,11
2010-11-22,25.699993322044634,0.14467543,34.714804496616125,0,326,2010,11
2010-11-23,26.129993312433385,0.55195546,34.713278571143746,0,327,2010,11
2010-11-24,26.26999330930414,0.60938,34.72090819850564,0,328,2010,11
2010-11-25,26.22999331019821,0.097804874,34.71938227303326,0,329,2010,11
2010-11-26,25.619993323832773,0.13763873,34.71175264567137,0,330,2010,11
2010-11-27,25.709993321821116,0.13675275,34.690389689058065,0,331,2010,11
2010-11-28,25.79999331980946,0.13532485,34.667500806972384,0,332,2010,11
2010-11-29,26.009993315115594,0.26805538,34.66139710508287,0,333,2010,11
2010-11-30,26.5799933023751,0.13336627,34.71938227303326,0,334,2010,11
2010-12-01,26.349993307516,0.1249803,34.775841515511274,0,335,2010,12
2010-12-02,26.14999331198635,0.106221214,34.774315590038896,0,336,2010,12
2010-12-03,25.95999331623318,0.1436122,34.774315590038896,0,337,2010,12
2010-12-04,25.83999331891539,0.12397346,34.78347114287317,0,338,2010,12
2010-12-05,25.789993320032977,0.14070341,34.78957484476268,0,339,2010,12
2010-12-06,25.829993319138907,0.12050385,34.78194521740079,0,340,2010,12
2010-12-07,26.14999331198635,0.13827471,34.74684893153608,0,341,2010,12
2010-12-08,25.939993316680216,0.12585385,34.74837485700846,0,342,2010,12
2010-12-09,25.869993318244838,0.1777062,34.7956785466522,0,343,2010,12
2010-12-10,26.509993303939723,0.17955437,34.79415262117982,0,344,2010,12
2010-12-11,26.45999330505731,0.12275524,34.80178224854171,0,345,2010,12
2010-12-12,26.479993304610275,0.12275524,34.833826683461666,0,346,2010,12
2010-12-13,26.629993301257514,0.13913395,34.83077483251691,0,347,2010,12
2010-12-14,26.549993303045653,0.14316505,34.809411875903606,0,348,2010,12
2010-12-15,26.369993307068967,0.14316505,34.65987117961049,0,349,2010,12
2010-12-16,25.87999331802132,0.1440983,34.60341193713248,0,350,2010,12
2010-12-17,25.559993325173878,0.11104101,34.59883416071534,0,351,2010,12
2010-12-18,26.139993312209867,0.12618731,34.59883416071534,0,352,2010,12
2010-12-19,26.529993303492688,0.13019751,34.630878595635295,0,353,2010,12
2010-12-20,27.23999328762295,0.14381735,34.6949674654752,0,354,2010,12
2010-12-21,27.479993282258533,0.14382719,34.70564894378185,0,355,2010,12
2010-12-22,27.319993285834812,0.11999959,34.69954524189234,0,356,2010,12
2010-12-23,27.409993283823155,0.0912765,34.71175264567137,0,357,2010,12
2010-12-24,27.439993283152603,0.10278002,34.737693378701806,0,358,2010,12
2010-12-25,27.449993282929086,0.11764178,34.727011900395155,0,359,2010,12
2010-12-26,27.50999328158798,0.1258883,34.6949674654752,0,360,2010,12
2010-12-27,27.649993278458737,0.110545516,34.690389689058065,0,361,2010,12
2010-12-28,27.529993281140946,0.08565258,34.67513043433428,0,362,2010,12
2010-12-29,27.22999328784647,0.11165442,34.6446119248867,0,363,2010,12
2010-12-30,27.259993287175917,0.08842395,34.65071562677622,0,364,2010,12
2010-12-31,27.18999328874054,0.088121004,34.691915614530444,1,365,2010,12
2011-01-01,27.07999329119923,0.106127486,34.73616745322943,0,1,2011,1
2011-01-02,26.949993294104956,0.10847955,34.71938227303326,0,2,2011,1
2011-01-03,26.859993296116613,0.11445748,34.751426707953215,0,3,2011,1
2011-01-04,26.92999329455199,0.12631439,34.725485974922776,0,4,2011,1
2011-01-05,26.87999329566958,0.1301854,34.68581191264093,0,5,2011,1
2011-01-06,28.46999326013031,0.1445699,34.68428598716855,0,6,2011,1
2011-01-07,28.69999325498941,0.1415411,34.69954524189234,0,7,2011,1
2011-01-08,28.759993253648304,0.15541887,34.71022672019899,0,8,2011,1
2011-01-09,29.159993244707607,0.15500379,34.73006375133991,0,9,2011,1
2011-01-10,28.999993248283886,0.19743037,34.716330422088504,0,10,2011,1
2011-01-11,29.149993244931125,0.16040117,34.6736045088619,0,11,2011,1
2011-01-12,29.55999323576691,0.10347534,34.59730823524296,0,12,2011,1
2011-01-13,29.08999324627223,0.13266562,34.524063812568784,0,13,2011,1
2011-01-14,27.96999327130618,0.13346589,34.57899712957442,0,14,2011,1
2011-01-15,27.8999932728708,0.15432689,34.61104156449437,0,15,2011,1
2011-01-16,27.919993272423767,0.15257785,34.60493786260486,0,16,2011,1
2011-01-17,29.229993243142985,0.2215544,34.60341193713248,0,17,2011,1
2011-01-18,29.24999324269595,0.12106512,34.55000454559922,0,18,2011,1
2011-01-19,29.269993242248916,0.11016286,34.533219365403056,0,19,2011,1
2011-01-20,29.039993247389816,0.111901104,34.50422678142786,0,20,2011,1
2011-01-21,28.73999325409534,0.11653087,34.49049345217645,0,21,2011,1
2011-01-22,28.989993248507403,0.12311252,34.51948603615165,0,22,2011,1
2011-01-23,29.35999324023726,0.13550606,34.546952694654465,0,23,2011,1
2011-01-24,29.309993241354846,0.13615383,34.533219365403056,0,24,2011,1
2011-01-25,27.729993276670598,0.1313248,34.51338233426213,0,25,2011,1
2011-01-26,27.84999327398839,0.21414599,34.54237491823733,0,26,2011,1
2011-01-27,27.869993273541354,0.21408477,34.52558973804116,0,27,2011,1
2011-01-28,27.88999327309432,0.33770517,34.51948603615165,0,28,2011,1
2011-01-29,27.69999327734115,0.42354366,34.438611986115575,0,29,2011,1
2011-01-30,28.11999326795342,0.69228774,34.28754536435008,0,30,2011,1
2011-01-31,28.459993260353826,0.40871823,34.31196017190814,0,31,2011,1
2011-02-01,28.229993265494727,0.41138417,34.41114532761276,0,32,2011,2
2011-02-02,28.189993266388797,0.3130897,34.50575270690024,0,33,2011,2
2011-02-03,28.19999326616528,0.34843186,34.55000454559922,0,34,2011,2
2011-02-04,28.19999326616528,0.2821227,34.56373787485063,0,35,2011,2
2011-02-05,27.869993273541354,0.2546013,34.57441935315728,0,36,2011,2
2011-02-06,27.84999327398839,0.14612824,34.559160098433495,0,37,2011,2
2011-02-07,27.8999932728708,0.1461274,34.5301675144583,0,38,2011,2
2011-02-08,28.659993255883478,0.24112137,34.4798119738698,0,39,2011,2
2011-02-09,28.73999325409534,0.2104828,34.328745352104306,0,40,2011,2
2011-02-10,28.759993253648304,0.2104828,34.19141205959022,0,41,2011,2
2011-02-11,28.78999325297775,0.16816168,33.89080474153161,0,42,2011,2
2011-02-12,28.799993252754234,0.2566075,33.74584182165563,0,43,2011,2
2011-02-13,29.299993241578363,0.6006471,33.75957515090704,0,44,2011,2
2011-02-14,29.259993242472433,0.16770512,33.729056641459465,0,45,2011,2
2011-02-15,29.269993242248916,0.17538476,33.49253819324076,0,46,2011,2
2011-02-16,29.219993243366503,0.20969665,33.28043455258012,0,47,2011,2
2011-02-17,29.20999324359002,0.24063121,33.07748646475375,0,48,2011,2
2011-02-18,29.189993244037055,0.30207777,33.07443461380899,0,49,2011,2
2011-02-19,28.969993248954438,0.2954143,33.117160527035594,0,50,2011,2
2011-02-20,28.929993249848508,0.30704942,33.34910119883716,0,51,2011,2
2011-02-21,28.759993253648304,0.27019197,33.60545667819679,0,52,2011,2
2011-02-22,28.559993258118652,0.267926,33.06985683739185,0,53,2011,2
2011-02-23,28.499993259459757,0.2491854,33.23313086293638,0,54,2011,2
2011-02-24,28.529993258789204,0.3005756,33.48643449135125,0,55,2011,2
2011-02-25,28.42999326102438,0.30478638,33.46201968379319,0,56,2011,2
2011-02-26,28.379993262141966,0.43027195,33.44523450359702,0,57,2011,2
2011-02-27,28.379993262141966,0.9775792,33.50779744796455,0,58,2011,2
2011-02-28,28.54999325834217,0.3158694,33.82061216980219,0,59,2011,2
2011-03-01,29.079993246495746,0.41944203,34.05560469254851,0,60,2011,3
2011-03-02,28.97999324873092,0.28998932,34.125797264277935,0,61,2011,3
2011-03-03,28.649993256106995,0.38038823,34.26313055679202,0,62,2011,3
2011-03-04,28.359993262589,0.29840392,34.32264165021479,0,63,2011,3
2011-03-05,28.059993269294523,0.29403734,34.331797203049064,0,64,2011,3
2011-03-06,27.979993271082662,0.19958082,34.37299719080329,0,65,2011,3
2011-03-07,27.879993273317837,0.16940287,34.408093476668,0,66,2011,3
2011-03-08,27.88999327309432,0.13166119,34.26618240773678,0,67,2011,3
2011-03-09,27.909993272647284,0.12809005,33.56273076497018,0,68,2011,3
2011-03-10,28.409993261471413,0.1222009,33.4253974724561,0,69,2011,3
2011-03-11,28.609993257001065,0.1236658,33.57646409422159,0,70,2011,3
2011-03-12,28.269993264600657,0.29042053,34.06018246896565,0,71,2011,3
2011-03-13,28.249993265047692,0.26010883,34.3577379360795,0,72,2011,3
2011-03-14,28.269993264600657,0.6771534,34.440137911587954,0,73,2011,3
2011-03-15,28.419993261247896,0.1513581,34.293649066239595,0,74,2011,3
2011-03-16,28.379993262141966,0.1868156,34.16547132655978,0,75,2011,3
2011-03-17,28.50999325923624,0.1850812,34.21735279262066,0,76,2011,3
2011-03-18,28.46999326013031,0.20839286,34.29975276812911,0,77,2011,3
2011-03-19,28.609993257001065,0.19317138,34.354686085134745,0,78,2011,3
2011-03-20,28.5899932574481,0.43404195,34.46913049556315,0,79,2011,3
2011-03-21,28.099993268400453,0.43585917,34.571367502212524,0,80,2011,3
2011-03-22,28.139993267506384,0.1728715,34.607989713549614,0,81,2011,3
2011-03-23,28.139993267506384,0.118731044,34.594256384298205,0,82,2011,3
2011-03-24,28.15999326705935,0.1239461,34.48438975028694,0,83,2011,3
2011-03-25,28.299993263930105,0.1387921,34.30280461907387,0,84,2011,3
2011-03-26,28.909993250295543,0.14765689,34.32264165021479,0,85,2011,3
2011-03-27,28.949993249401473,0.15580693,34.21582686714828,0,86,2011,3
2011-03-28,29.01999324783685,0.18236198,33.957945462316275,0,87,2011,3
2011-03-29,28.999993248283886,0.5675528,33.620715932920575,0,88,2011,3
2011-03-30,28.869993251189612,0.29833147,33.501693746075034,0,89,2011,3
2011-03-31,28.769993253424786,0.29833147,33.487960416823626,1,90,2011,3
2011-04-01,28.8199932523072,0.27095088,33.53068633005023,0,91,2011,4
2011-04-02,28.879993250966095,0.27095088,33.4467604290694,0,92,2011,4
2011-04-03,28.909993250295543,0.26941592,33.3246863912791,0,93,2011,4
2011-04-04,28.829993252083682,0.25103673,33.19803457707167,0,94,2011,4
2011-04-05,29.179993244260572,0.16176663,33.20413827896118,0,95,2011,4
2011-04-06,28.809993252530717,0.15718377,33.06070128455758,0,96,2011,4
2011-04-07,28.809993252530717,0.27108312,33.127842005342245,0,97,2011,4
2011-04-08,28.759993253648304,0.48039696,33.619190007448196,0,98,2011,4
2011-04-09,28.719993254542374,0.1992993,33.56578261591494,0,99,2011,4
2011-04-10,28.689993255212926,0.19945005,32.694479171186686,0,100,2011,4
2011-04-11,28.879993250966095,0.15669344,32.61360512115061,0,101,2011,4
2011-04-12,28.89999325051906,0.20175926,32.657856959849596,0,102,2011,4
2011-04-13,28.89999325051906,0.20632114,32.87911615334451,0,103,2011,4
2011-04-14,29.149993244931125,0.1798029,33.31095306202769,0,104,2011,4
2011-04-15,29.189993244037055,0.13529396,33.59935297630727,0,105,2011,4
2011-04-16,29.139993245154642,0.16691662,33.65123444236815,0,106,2011,4
2011-04-17,28.989993248507403,0.18230623,33.50627152249217,0,107,2011,4
2011-04-18,28.97999324873092,0.18286967,33.24076049029827,0,108,2011,4
2011-04-19,28.969993248954438,0.26182574,32.97982723452151,0,109,2011,4
2011-04-20,29.159993244707607,0.22157152,32.970671681687236,0,110,2011,4
2011-04-21,29.029993247613334,0.2687452,33.030182775110006,0,111,2011,4
2011-04-22,28.989993248507403,0.28858522,33.12326422892511,0,112,2011,4
2011-04-23,28.989993248507403,0.43534216,33.307901211082935,0,113,2011,4
2011-04-24,28.909993250295543,0.35626915,33.393353037536144,0,114,2011,4
2011-04-25,28.849993251636647,0.33374092,33.344523422420025,0,115,2011,4
2011-04-26,28.78999325297775,0.33374092,33.35978267714381,0,116,2011,4
2011-04-27,28.619993256777548,0.36346295,33.29111603088677,0,117,2011,4
2011-04-28,28.029993269965075,0.2965441,33.38419748470187,0,118,2011,4
2011-04-29,28.109993268176936,0.3337017,33.61766408197582,0,119,2011,4
2011-04-30,28.27999326437714,0.277341,33.790093660354614,0,120,2011,4
2011-05-01,28.369993262365483,0.56380874,33.94268620759249,0,121,2011,5
2011-05-02,28.309993263706588,0.24744141,33.681752951815724,0,122,2011,5
2011-05-03,28.329993263259553,0.23498692,33.381145633757114,0,123,2011,5
2011-05-04,28.31999326348307,0.28620616,33.24381234124303,0,124,2011,5
2011-05-05,28.219993265718244,0.35928676,33.09579757042229,0,125,2011,5
2011-05-06,27.909993272647284,0.36120024,33.20719012990594,0,126,2011,5
2011-05-07,27.77999327555301,0.31272474,33.045442029833794,0,127,2011,5
2011-05-08,27.69999327734115,0.27117217,32.923367992043495,0,128,2011,5
2011-05-09,27.719993276894115,0.5967709,32.67464214004576,0,129,2011,5
2011-05-10,27.65999327823522,0.5340671,32.645649556070566,0,130,2011,5
2011-05-11,27.679993277788185,0.38575768,32.69295324571431,0,131,2011,5
2011-05-12,27.61999327912929,0.3857635,32.77687914669514,0,132,2011,5
2011-05-13,27.4999932818115,0.38470367,33.01492352038622,0,133,2011,5
2011-05-14,27.15999328941109,0.27537975,32.563249580562115,0,134,2011,5
2011-05-15,27.07999329119923,0.2784303,31.987975677475333,0,135,2011,5
2011-05-16,27.07999329119923,0.22895539,32.49763478524983,0,136,2011,5
2011-05-17,26.749993298575305,0.44322246,33.718375163152814,0,137,2011,5
2011-05-18,26.779993297904753,0.7140651,34.052552841603756,0,138,2011,5
2011-05-19,26.789993297681235,0.44163448,34.03729358687997,0,139,2011,5
2011-05-20,26.859993296116613,0.31810498,33.98693804629147,0,140,2011,5
2011-05-21,26.789993297681235,0.53179485,34.09527875483036,0,141,2011,5
2011-05-22,26.749993298575305,0.84478474,34.1929379850626,0,142,2011,5
2011-05-23,26.739993298798822,0.8314195,34.246345376595855,0,143,2011,5
2011-05-24,26.489993304386758,0.5855413,34.22956019639969,0,144,2011,5
2011-05-25,26.30999330841007,0.6914986,34.160893550142646,0,145,2011,5
2011-05-26,26.30999330841007,0.5276629,34.15478984825313,0,146,2011,5
2011-05-27,26.319993308186554,0.6684463,34.127323189750314,0,147,2011,5
2011-05-28,26.14999331198635,0.576082,33.89996029436588,0,148,2011,5
2011-05-29,26.129993312433385,0.51213926,33.802301064133644,0,149,2011,5
2011-05-30,26.129993312433385,0.24758717,33.98693804629147,0,150,2011,5
2011-05-31,26.059993313998007,0.20480908,34.102908382192254,0,151,2011,5
2011-06-01,26.179993311315798,0.21008259,34.475234197452664,0,152,2011,6
2011-06-02,26.209993310645245,0.1846814,33.812982542440295,0,153,2011,6
2011-06-03,26.18999331109228,0.18511404,33.9274269528687,0,154,2011,6
2011-06-04,26.099993313103937,0.19096625,34.40961940214038,0,155,2011,6
2011-06-05,26.059993313998007,0.22201522,34.22650834545493,0,156,2011,6
2011-06-06,26.06999331377449,0.19275393,33.87554548680782,0,157,2011,6
2011-06-07,26.329993307963036,0.18986437,33.95031583495438,0,158,2011,6
2011-06-08,26.169993311539315,0.20381533,34.2646564822644,0,159,2011,6
2011-06-09,26.159993311762832,0.2191937,34.475234197452664,0,160,2011,6
2011-06-10,26.009993315115594,0.2805177,34.521011961624026,0,161,2011,6
2011-06-11,25.95999331623318,0.35764536,34.41877495497465,0,162,2011,6
2011-06-12,25.889993317797803,0.27169538,34.3363749794662,0,163,2011,6
2011-06-13,25.79999331980946,0.3834348,34.34705645777285,0,164,2011,6
2011-06-14,25.75999332070353,0.36436722,34.403515700250864,0,165,2011,6
2011-06-15,25.509993326291465,0.36163628,34.389782370999455,0,166,2011,6
2011-06-16,25.289993331208848,0.5468553,34.40046384930611,0,167,2011,6
2011-06-17,25.29999333098533,0.45065024,34.401989774778485,0,168,2011,6
2011-06-18,25.269993331655883,0.1938382,34.53169343993068,0,169,2011,6
2011-06-19,25.40999332852664,0.21944226,34.59730823524296,0,170,2011,6
2011-06-20,25.229993332549952,0.2170179,34.51796011067927,0,171,2011,6
2011-06-21,25.209993332996987,0.23860748,34.59120453335345,0,172,2011,6
2011-06-22,25.199993333220505,0.3515942,34.47676012292504,0,173,2011,6
2011-06-23,25.05999333634975,0.20059985,34.50575270690024,0,174,2011,6
2011-06-24,24.899993339926027,0.20942342,34.57594527862966,0,175,2011,6
2011-06-25,24.859993340820097,0.18907873,34.47218234650791,0,176,2011,6
2011-06-26,24.849993341043614,0.20150796,34.56678972579539,0,177,2011,6
2011-06-27,24.629993345960997,0.18180253,34.58815268240869,0,178,2011,6
2011-06-28,24.699993344396376,0.21227072,34.50422678142786,0,179,2011,6
2011-06-29,24.59999334663155,0.20246291,34.559160098433495,0,180,2011,6
2011-06-30,24.669993345066928,0.21706304,34.59730823524296,0,181,2011,6
2011-07-01,24.569993347302102,0.22986017,34.58815268240869,0,182,2011,7
2011-07-02,24.309993353113555,0.20104939,34.56831565126777,0,183,2011,7
2011-07-03,24.159993356466316,0.18942462,34.56373787485063,0,184,2011,7
2011-07-04,24.13999335691335,0.18942462,34.56373787485063,0,185,2011,7
2011-07-05,24.01999335959556,0.2157354,34.59120453335345,0,186,2011,7
2011-07-06,23.97999336048963,0.2217413,34.583574905991554,0,187,2011,7
2011-07-07,23.90999336205425,0.22427659,34.55305639654398,0,188,2011,7
2011-07-08,23.90999336205425,0.3708557,34.546952694654465,0,189,2011,7
2011-07-09,23.90999336205425,0.3708557,34.54084899276495,0,190,2011,7
2011-07-10,23.949993361160182,0.22385898,34.5301675144583,0,191,2011,7
2011-07-11,23.969993360713147,0.22386084,34.485915675759315,0,192,2011,7
2011-07-12,23.949993361160182,0.5375009,34.42335273139179,0,193,2011,7
2011-07-13,23.97999336048963,0.21340556,34.41724902950227,0,194,2011,7
2011-07-14,23.999993360042595,0.4713166,34.42182680591941,0,195,2011,7
2011-07-15,24.009993359819077,0.32851663,34.4294564332813,0,196,2011,7
2011-07-16,24.299993353337072,0.3602715,34.485915675759315,0,197,2011,7
2011-07-17,24.239993354678177,0.39934605,34.49201937764883,0,198,2011,7
2011-07-18,24.199993355572246,0.29390115,34.485915675759315,0,199,2011,7
2011-07-19,24.089993358030938,0.48357683,34.48438975028694,0,200,2011,7
2011-07-20,24.09999335780742,0.29221568,34.48286382481456,0,201,2011,7
2011-07-21,23.999993360042595,0.33051288,34.4798119738698,1,202,2011,7
2011-07-22,23.90999336205425,0.34348038,34.475234197452664,0,203,2011,7
2011-07-23,23.769993365183495,0.27881572,34.4798119738698,0,204,2011,7
2011-07-24,23.739993365854048,0.28056747,34.51643418520689,0,205,2011,7
2011-07-25,23.719993366301082,0.21235654,34.53779714182019,0,206,2011,7
2011-07-26,23.82999336384239,0.21494466,34.50575270690024,0,207,2011,7
2011-07-27,24.09999335780742,0.1930677,34.50727863237262,0,208,2011,7
2011-07-28,24.109993357583903,0.29033408,34.46913049556315,0,209,2011,7
2011-07-29,24.109993357583903,0.2234116,34.485915675759315,0,210,2011,7
2011-07-30,24.12999335713687,0.22825629,34.5515304710716,0,211,2011,7
2011-07-31,24.21999335512521,0.24191932,34.57441935315728,0,212,2011,7
2011-08-01,23.969993360713147,0.28036627,34.5728934276849,0,213,2011,8
2011-08-02,23.949993361160182,0.29886225,34.56831565126777,0,214,2011,8
2011-08-03,23.919993361830734,0.33312482,34.569841576740146,0,215,2011,8
2011-08-04,23.55999336987736,0.47292522,34.57594527862966,0,216,2011,8
2011-08-05,23.569993369653844,0.59423965,34.583574905991554,0,217,2011,8
2011-08-06,23.54999337010088,0.3720965,34.60036008618772,0,218,2011,8
2011-08-07,23.97999336048963,0.36807016,34.61104156449437,0,219,2011,8
2011-08-08,23.89999336227777,0.31804416,34.60951563902199,0,220,2011,8
2011-08-09,23.989993360266112,0.329078,34.606463788077235,0,221,2011,8
2011-08-10,24.12999335713687,0.20990887,34.61104156449437,0,222,2011,8
2011-08-11,24.049993358925008,0.19355439,34.61561934091151,0,223,2011,8
2011-08-12,24.189993355795764,0.19175167,34.61561934091151,0,224,2011,8
2011-08-13,24.17999335601928,0.25964645,34.58662675693631,0,225,2011,8
2011-08-14,24.20999335534873,0.25964645,34.55305639654398,0,226,2011,8
2011-08-15,24.149993356689833,0.47013146,34.56831565126777,0,227,2011,8
2011-08-16,24.119993357360386,0.4702425,34.59730823524296,0,228,2011,8
2011-08-17,24.109993357583903,0.4949386,34.63545637205243,0,229,2011,8
2011-08-18,24.029993359372043,0.50018984,34.64766377583146,0,230,2011,8
2011-08-19,24.21999335512521,0.24463011,34.6232489682734,0,231,2011,8
2011-08-20,24.399993351101898,0.18167675,34.61561934091151,0,232,2011,8
2011-08-21,24.51999334841969,0.19917592,34.594256384298205,0,233,2011,8
2011-08-22,24.499993348866724,0.29200822,34.56831565126777,0,234,2011,8
2011-08-23,24.149993356689833,0.21870518,34.582048980519176,0,235,2011,8
2011-08-24,24.149993356689833,0.31307358,34.58662675693631,0,236,2011,8
2011-08-25,24.119993357360386,0.3569085,34.57747120410204,0,237,2011,8
2011-08-26,24.029993359372043,0.38810503,34.5728934276849,0,238,2011,8
2011-08-27,24.029993359372043,0.30330488,34.5728934276849,0,239,2011,8
2011-08-28,24.029993359372043,0.23847839,34.571367502212524,0,240,2011,8
2011-08-29,24.17999335601928,0.25475952,34.569841576740146,0,241,2011,8
2011-08-30,24.05999335870149,0.21577443,34.56373787485063,0,242,2011,8
2011-08-31,23.879993362724804,0.22858042,34.56068602390587,0,243,2011,8
2011-09-01,23.9399933613837,0.24656157,34.56221194937825,0,244,2011,9
2011-09-02,23.89999336227777,0.21366376,34.56678972579539,0,245,2011,9
2011-09-03,23.51999337077143,0.20476808,34.57747120410204,0,246,2011,9
2011-09-04,23.50999337099495,0.31843787,34.594256384298205,0,247,2011,9
2011-09-05,23.50999337099495,0.29881302,34.60341193713248,0,248,2011,9
2011-09-06,23.54999337010088,0.41831154,34.6018860116601,0,249,2011,9
2011-09-07,23.51999337077143,0.36392468,34.59730823524296,0,250,2011,9
2011-09-08,23.51999337077143,0.3057717,34.595782309770584,0,251,2011,9
2011-09-09,23.729993366077565,0.20967755,34.60951563902199,0,252,2011,9
2011-09-10,23.959993360936664,0.25168955,34.61104156449437,0,253,2011,9
2011-09-11,24.13999335691335,0.20856044,34.59120453335345,0,254,2011,9
2011-09-12,24.21999335512521,0.21397421,34.57899712957442,0,255,2011,9
2011-09-13,24.17999335601928,0.20053434,34.57747120410204,0,256,2011,9
2011-09-14,24.029993359372043,0.3146971,34.58967860788107,0,257,2011,9
2011-09-15,23.97999336048963,0.23438798,34.65987117961049,0,258,2011,9
2011-09-16,23.90999336205425,0.24122441,34.725485974922776,0,259,2011,9
2011-09-17,23.769993365183495,0.23828298,34.739219304174185,0,260,2011,9
2011-09-18,23.689993366971635,0.28004497,34.73006375133991,0,261,2011,9
2011-09-19,23.679993367195152,0.28004497,34.67665635980666,0,262,2011,9
2011-09-20,23.62999336831274,0.20184591,34.66292303055525,0,263,2011,9
2011-09-21,23.55999336987736,0.2923197,34.65987117961049,0,264,2011,9
2011-09-22,23.379993373900675,0.20193724,34.63850822299719,0,265,2011,9
2011-09-23,23.349993374571227,0.23824914,34.63698229752481,0,266,2011,9
2011-09-24,23.32999337501826,0.23189883,34.65071562677622,0,267,2011,9
2011-09-25,23.00999338217082,0.3784084,34.65681932866573,0,268,2011,9
2011-09-26,23.029993381723784,0.4548186,34.65681932866573,0,269,2011,9
2011-09-27,23.099993380159162,0.179603,34.65987117961049,0,270,2011,9
2011-09-28,23.32999337501826,0.23986802,34.66292303055525,0,271,2011,9
2011-09-29,23.109993379935645,0.19037728,34.67513043433428,0,272,2011,9
2011-09-30,23.229993377253436,0.21641266,34.68276006169617,0,273,2011,9
2011-10-01,23.27999337613585,0.20886213,34.68886376358569,0,274,2011,10
2011-10-02,23.179993378371023,0.22447029,34.690389689058065,0,275,2011,10
2011-10-03,22.999993382394337,0.21739426,34.69801931641996,0,276,2011,10
2011-10-04,23.00999338217082,0.26876828,34.716330422088504,0,277,2011,10
2011-10-05,22.93999338373544,0.26876828,34.727011900395155,0,278,2011,10
2011-10-06,22.749993387982272,0.29456675,34.725485974922776,0,279,2011,10
2011-10-07,22.769993387535237,0.47026396,34.727011900395155,0,280,2011,10
2011-10-08,22.829993386194133,0.16019423,34.728537825867534,0,281,2011,10
2011-10-09,23.139993379265093,0.2411792,34.73006375133991,0,282,2011,10
2011-10-10,23.149993379041575,0.24245554,34.728537825867534,0,283,2011,10
2011-10-11,22.97999338284137,0.23785639,34.73158967681229,0,284,2011,10
2011-10-12,22.949993383511924,0.24658543,34.73464152775705,0,285,2011,10
2011-10-13,22.839993385970615,0.6553572,34.739219304174185,0,286,2011,10
2011-10-14,22.759993387758755,0.6824084,34.749900782480836,0,287,2011,10
2011-10-15,22.809993386641167,1.8468605,34.75600448437035,0,288,2011,10
2011-10-16,22.97999338284137,0.21124494,34.74837485700846,0,289,2011,10
2011-10-17,23.50999337099495,0.17703018,34.73464152775705,0,290,2011,10
2011-10-18,23.459993372112535,0.22844389,34.725485974922776,0,291,2011,10
2011-10-19,23.309993375465297,0.23017927,34.727011900395155,0,292,2011,10
2011-10-20,23.28999337591233,0.22169109,34.737693378701806,0,293,2011,10
2011-10-21,23.28999337591233,0.22169109,34.751426707953215,0,294,2011,10
2011-10-22,23.31999337524178,0.22535422,34.763634111732244,0,295,2011,10
2011-10-23,23.369993374124192,0.19433942,34.77278966456652,0,296,2011,10
2011-10-24,23.369993374124192,0.19318448,34.78041929192841,0,297,2011,10
2011-10-25,24.609993346408032,0.16857935,34.8170415032655,0,298,2011,10
2011-10-26,24.55999334752562,0.14510804,34.83993038535118,0,299,2011,10
2011-10-27,24.429993350431346,0.13270335,34.82009335421026,0,300,2011,10
2011-10-28,24.029993359372043,0.15363303,34.7956785466522,0,301,2011,10
2011-10-29,23.969993360713147,0.12624313,34.7956785466522,0,302,2011,10
2011-10-30,24.05999335870149,0.12412028,34.79262669570744,0,303,2011,10
2011-10-31,24.01999335959556,0.12447096,34.77126373909414,0,304,2011,10
2011-11-01,24.029993359372043,0.14991346,34.75295263342559,0,305,2011,11
2011-11-02,25.05999333634975,0.13886616,34.74227115511894,0,306,2011,11
2011-11-03,25.269993331655883,0.10099728,34.71785634756088,0,307,2011,11
2011-11-04,25.269993331655883,0.12312389,34.70107116736472,0,308,2011,11
2011-11-05,25.019993337243818,0.11126137,34.68581191264093,0,309,2011,11
2011-11-06,24.83999334126713,0.12685578,34.679708210751414,0,310,2011,11
2011-11-07,24.36999335177245,0.1608116,34.69344154000282,0,311,2011,11
2011-11-08,24.259993354231142,0.16933243,34.70717486925423,0,312,2011,11
2011-11-09,24.1699933562428,0.30280748,34.7239600494504,0,313,2011,11
2011-11-10,23.889993362501286,0.24368739,34.73311560228467,0,314,2011,11
2011-11-11,23.86999336294832,0.24750961,34.727011900395155,0,315,2011,11
2011-11-12,23.779993364959978,0.27546293,34.72243412397802,0,316,2011,11
2011-11-13,23.579993369430326,0.26185647,34.72090819850564,0,317,2011,11
2011-11-14,23.62999336831274,0.38168082,34.714804496616125,0,318,2011,11
2011-11-15,23.74999336563053,0.38180128,34.70870079472661,0,319,2011,11
2011-11-16,24.459993349760794,0.116754174,34.70564894378185,0,320,2011,11
2011-11-17,24.82999334149065,0.11846966,34.70564894378185,0,321,2011,11
2011-11-18,24.309993353113555,0.1504601,34.704123018309474,0,322,2011,11
2011-11-19,24.21999335512521,0.13544823,34.70107116736472,0,323,2011,11
2011-11-20,24.199993355572246,0.18187712,34.70107116736472,0,324,2011,11
2011-11-21,24.59999334663155,0.15212806,34.69954524189234,0,325,2011,11
2011-11-22,24.579993347078585,0.15212806,34.704123018309474,0,326,2011,11
2011-11-23,24.729993343725823,0.11262383,34.713278571143746,0,327,2011,11
2011-11-24,26.439993305504345,0.112588674,34.725485974922776,0,328,2011,11
2011-11-25,26.37999330684545,0.119095,34.72243412397802,0,329,2011,11
2011-11-26,26.349993307516,0.16657975,34.713278571143746,0,330,2011,11
2011-11-27,25.41999332830312,0.16657975,34.702597092837095,0,331,2011,11
2011-11-28,25.129993334785127,0.11478459,34.691915614530444,0,332,2011,11
2011-11-29,24.699993344396376,0.20037852,34.68276006169617,0,333,2011,11
2011-11-30,24.74999334327879,0.16437995,34.679708210751414,0,334,2011,11
2011-12-01,24.74999334327879,0.14187446,34.678182285279036,0,335,2011,12
2011-12-02,25.049993336573266,0.16017449,34.67665635980666,0,336,2011,12
2011-12-03,25.10999333523216,0.09865924,34.67513043433428,0,337,2011,12
2011-12-04,25.17999333366754,0.10075544,34.665974881500006,0,338,2011,12
2011-12-05,25.169993333891057,0.10136211,34.66292303055525,0,339,2011,12
2011-12-06,25.10999333523216,0.08212406,34.65834525413811,0,340,2011,12
2011-12-07,25.049993336573266,0.09993384,34.65681932866573,0,341,2011,12
2011-12-08,25.05999333634975,0.10011395,34.65834525413811,0,342,2011,12
2011-12-09,25.05999333634975,0.09436412,34.65987117961049,0,343,2011,12
2011-12-10,25.249993332102918,0.09436503,34.64766377583146,0,344,2011,12
2011-12-11,25.21999333277347,0.101425596,34.62477489374578,0,345,2011,12
2011-12-12,25.229993332549952,0.115496725,34.620197117328644,0,346,2011,12
2011-12-13,24.689993344619893,0.115496725,34.62630081921816,0,347,2011,12
2011-12-14,24.669993345066928,0.13682476,34.64766377583146,0,348,2011,12
2011-12-15,24.619993346184515,0.22975555,34.665974881500006,0,349,2011,12
2011-12-16,24.44999334998431,0.16375574,34.67207858338952,0,350,2011,12
2011-12-17,24.47999334931376,0.18310355,34.67055265791714,0,351,2011,12
2011-12-18,24.629993345960997,0.18310355,34.66902673244476,0,352,2011,12
2011-12-19,24.78999334238472,0.14004669,34.679708210751414,0,353,2011,12
2011-12-20,24.919993339478992,0.14522448,34.68886376358569,0,354,2011,12
2011-12-21,25.45999332740905,0.10229074,34.69344154000282,0,355,2011,12
2011-12-22,25.439993327856087,0.19760004,34.70564894378185,0,356,2011,12
2011-12-23,25.479993326962017,0.12920348,34.716330422088504,0,357,2011,12
2011-12-24,26.019993314892076,0.12920348,34.739219304174185,0,358,2011,12
2011-12-25,25.9499933164567,0.10639142,34.762108186259866,0,359,2011,12
2011-12-26,25.669993322715186,0.17089055,34.76516003720462,0,360,2011,12
2011-12-27,25.589993324503325,0.14316314,34.763634111732244,0,361,2011,12
2011-12-28,25.979993315786146,0.17746252,34.76821188814938,0,362,2011,12
2011-12-29,25.4899933267385,0.17752495,34.77126373909414,0,363,2011,12
2011-12-30,25.52999332584443,0.158275,34.77889336645603,0,364,2011,12
2011-12-31,25.439993327856087,0.18589693,34.80636002495885,0,365,2011,12
2012-01-01,25.4899933267385,0.16801298,34.83230075798929,0,1,2012,1
2012-01-02,25.589993324503325,0.15938021,34.84908593818545,0,2,2012,1
2012-01-03,25.68999332226815,0.10958906,34.85671556554735,0,3,2012,1
2012-01-04,25.83999331891539,0.09392515,34.859767416492105,0,4,2012,1
2012-01-05,25.559993325173878,0.114180274,34.867397043854,0,5,2012,1
2012-01-06,25.14999333433809,0.11591986,34.871974820271134,0,6,2012,1
2012-01-07,25.09999333545568,0.18404622,34.87807852216065,0,7,2012,1
2012-01-08,25.089993335679196,0.10982795,34.88723407499492,0,8,2012,1
2012-01-09,27.11999329030516,0.10982795,34.90096740424633,0,9,2012,1
2012-01-10,27.179993288964056,0.09676533,34.917752584442496,0,10,2012,1
2012-01-11,27.18999328874054,0.09426621,34.86892296932638,0,11,2012,1
2012-01-12,27.69999327734115,0.2060682,34.80483409948647,0,12,2012,1
2012-01-13,27.749993276223563,0.15247154,34.75753040984273,0,13,2012,1
2012-01-14,27.799993275105976,0.2730233,34.73311560228467,0,14,2012,1
2012-01-15,27.629993278905772,0.07679517,34.6736045088619,0,15,2012,1
2012-01-16,27.519993281364464,0.22221184,34.67055265791714,0,16,2012,1
2012-01-17,27.42999328337612,0.19458786,34.71785634756088,0,17,2012,1
2012-01-18,27.379993284493708,0.118137054,34.702597092837095,0,18,2012,1
2012-01-19,27.179993288964056,0.14308612,34.727011900395155,0,19,2012,1
2012-01-20,26.989993293210887,0.175953,34.7956785466522,0,20,2012,1
2012-01-21,26.949993294104956,0.18198666,34.82009335421026,0,21,2012,1
2012-01-22,26.88999329544606,0.18798395,34.833826683461666,0,22,2012,1
2012-01-23,26.759993298351787,0.19141895,34.84450816176832,0,23,2012,1
2012-01-24,27.18999328874054,0.13010897,34.78499706834555,0,24,2012,1
2012-01-25,27.289993286505364,0.13010897,34.607989713549614,0,25,2012,1
2012-01-26,27.359993284940742,0.12091266,34.54390084370971,0,26,2012,1
2012-01-27,27.379993284493708,0.12058935,34.27381203509867,0,27,2012,1
2012-01-28,28.189993266388797,0.12404469,34.18836020864546,0,28,2012,1
2012-01-29,28.27999326437714,0.15007819,34.03424173593521,0,29,2012,1
2012-01-30,28.349993262812518,0.2113174,33.88927881605923,0,30,2012,1
2012-01-31,28.529993258789204,0.24070975,33.74431589618325,0,31,2012,1
2012-02-01,28.66999325565996,0.25363842,33.5398418828845,0,32,2012,2
2012-02-02,28.679993255436443,0.26212865,33.55815298855305,0,33,2012,2
2012-02-03,28.73999325409534,0.25368232,33.932004729285836,0,34,2012,2
2012-02-04,28.689993255212926,0.27989915,34.0922269038856,0,35,2012,2
2012-02-05,28.679993255436443,0.19010761,34.186834283173084,0,36,2012,2
2012-02-06,28.89999325051906,0.19123204,34.33484905399382,0,37,2012,2
2012-02-07,28.69999325498941,0.1430554,34.45387124083936,0,38,2012,2
2012-02-08,28.219993265718244,0.1405526,34.40961940214038,0,39,2012,2
2012-02-09,28.219993265718244,0.12045074,34.485915675759315,0,40,2012,2
2012-02-10,28.259993264824175,0.15338397,34.60341193713248,0,41,2012,2
2012-02-11,28.42999326102438,0.17766735,34.185308357700706,0,42,2012,2
2012-02-12,28.419993261247896,0.15474354,33.50932337343693,0,43,2012,2
2012-02-13,28.379993262141966,0.17288719,33.62834556028247,0,44,2012,2
2012-02-14,28.15999326705935,0.18470715,33.76720477826893,0,45,2012,2
2012-02-15,27.77999327555301,0.3641266,34.06323431991041,0,46,2012,2
2012-02-16,27.53999328091743,0.32825744,34.31196017190814,0,47,2012,2
2012-02-17,27.489993282035016,0.44221053,34.427930507808924,0,48,2012,2
2012-02-18,27.519993281364464,0.43496582,34.54084899276495,0,49,2012,2
2012-02-19,27.769993275776528,0.18878189,34.42335273139179,0,50,2012,2
2012-02-20,28.539993258565687,0.21522619,34.148686146363616,0,51,2012,2
2012-02-21,28.62999325655403,0.25911573,34.10748615860939,0,52,2012,2
2012-02-22,28.929993249848508,0.2472753,34.257026854902506,0,53,2012,2
2012-02-23,28.989993248507403,0.21540035,34.34400460682809,0,54,2012,2
2012-02-24,28.759993253648304,0.35826883,34.45234531536698,0,55,2012,2
2012-02-25,28.23999326527121,0.2656762,34.6018860116601,0,56,2012,2
2012-02-26,28.00999327041211,0.34772232,34.749900782480836,0,57,2012,2
2012-02-27,27.8999932728708,0.24979965,34.79720447212458,0,58,2012,2
2012-02-28,27.92999327220025,0.28775483,34.7956785466522,0,59,2012,2
2012-02-29,27.919993272423767,0.20801423,34.77126373909414,0,60,2012,2
2012-03-01,29.239993242919468,0.14573325,34.70717486925423,0,61,2012,3
2012-03-02,29.419993238896154,0.0991785,34.55610824748874,0,62,2012,3
2012-03-03,29.40999323911967,0.23472969,34.53932306729257,0,63,2012,3
2012-03-04,28.969993248954438,0.26539105,34.536271216347814,0,64,2012,3
2012-03-05,29.01999324783685,0.18873629,34.536271216347814,0,65,2012,3
2012-03-06,29.149993244931125,0.18736453,34.522537887096405,0,66,2012,3
2012-03-07,29.70999323241415,0.18573706,34.3150120228529,0,67,2012,3
2012-03-08,29.969993226602696,0.12118314,33.945738058537245,0,68,2012,3
2012-03-09,30.049993224814557,0.12118314,33.86791585944593,0,69,2012,3
2012-03-10,29.799993230402492,0.17847644,33.547471510246396,0,70,2012,3
2012-03-11,29.759993231296562,0.12445039,33.333841944113374,0,71,2012,3
2012-03-12,29.729993231967114,0.123932,33.09884942136705,0,72,2012,3
2012-03-13,29.659993233531736,0.123918205,32.72347175516188,0,73,2012,3
2012-03-14,29.609993234649323,0.1841204,32.43659776635468,0,74,2012,3
2012-03-15,29.35999324023726,0.18412174,32.140568224713206,0,75,2012,3
2012-03-16,29.229993243142985,0.26099488,32.021546037867665,0,76,2012,3
2012-03-17,28.729993254318856,0.26013902,31.87353126704693,0,77,2012,3
2012-03-18,29.01999324783685,0.20237814,32.12378304451704,0,78,2012,3
2012-03-19,29.029993247613334,0.49007693,33.14767903648317,0,79,2012,3
2012-03-20,28.89999325051906,0.46902385,33.70158998295665,0,80,2012,3
2012-03-21,28.889993250742577,0.15630163,33.74889367260039,0,81,2012,3
2012-03-22,28.89999325051906,0.1519619,33.70769368484616,0,82,2012,3
2012-03-23,28.93999324962499,0.16586083,33.5688344668597,0,83,2012,3
2012-03-24,28.969993248954438,0.08850984,33.500167820602655,0,84,2012,3
2012-03-25,28.969993248954438,0.08486746,33.50474559701979,0,85,2012,3
2012-03-26,28.43999326080086,0.078966856,33.55662706308067,0,86,2012,3
2012-03-27,28.529993258789204,0.10705239,33.669545548036695,0,87,2012,3
2012-03-28,28.809993252530717,0.20094918,33.790093660354614,0,88,2012,3
2012-03-29,28.959993249177955,0.1504037,33.70921961031854,0,89,2012,3
2012-03-30,28.999993248283886,0.11114101,33.48490856587887,0,90,2012,3
2012-03-31,28.809993252530717,0.11030002,33.38267155922949,0,91,2012,3
2012-04-01,28.73999325409534,0.11387156,33.08969386853278,0,92,2012,4
2012-04-02,28.74999325387182,0.22856447,33.4971159696579,0,93,2012,4
2012-04-03,28.569993257895135,0.20389794,34.11969356238842,0,94,2012,4
2012-04-04,28.46999326013031,0.27141988,34.37147126533091,0,95,2012,4
2012-04-05,28.50999325923624,0.26293892,34.463026793673635,0,96,2012,4
2012-04-06,28.519993259012722,0.16515245,34.39436014741659,0,97,2012,4
2012-04-07,28.569993257895135,0.13223188,34.14563429541886,0,98,2012,4
2012-04-08,28.54999325834217,0.13476343,33.90453807078302,0,99,2012,4
2012-04-09,28.5899932574481,0.1430876,33.82976772263646,0,100,2012,4
2012-04-10,28.579993257671617,0.11662108,33.82061216980219,0,101,2012,4
2012-04-11,28.649993256106995,0.15524745,33.8053529150784,0,102,2012,4
2012-04-12,28.5899932574481,0.15870178,33.704641833901405,0,103,2012,4
2012-04-13,28.459993260353826,0.15843244,33.58714557252824,0,104,2012,4
2012-04-14,28.309993263706588,0.21709974,33.44370857812464,0,105,2012,4
2012-04-15,28.409993261471413,0.24974607,33.39030118659139,0,106,2012,4
2012-04-16,28.47999325990679,0.17455222,33.3750419318676,0,107,2012,4
2012-04-17,28.409993261471413,0.18652269,33.44370857812464,0,108,2012,4
2012-04-18,28.379993262141966,0.26242757,33.741264045238495,0,109,2012,4
2012-04-19,28.139993267506384,0.32089046,34.06323431991041,0,110,2012,4
2012-04-20,27.959993271529697,0.5351907,34.11053800955415,0,111,2012,4
2012-04-21,27.419993283599638,0.46979538,34.20361946336925,0,112,2012,4
2012-04-22,27.259993287175917,0.46979538,34.34705645777285,0,113,2012,4
2012-04-23,27.22999328784647,0.54215354,34.42182680591941,0,114,2012,4
2012-04-24,27.259993287175917,0.5692095,34.40046384930611,1,115,2012,4
2012-04-25,27.479993282258533,0.22208942,34.353160159662366,0,116,2012,4
2012-04-26,27.679993277788185,0.16477667,34.11969356238842,0,117,2012,4
2012-04-27,27.80999327488246,0.11948365,33.993041748180985,0,118,2012,4
2012-04-28,27.92999327220025,0.14293787,33.729056641459465,0,119,2012,4
2012-04-29,27.85999327376487,0.20441936,33.669545548036695,0,120,2012,4
2012-04-30,27.84999327398839,0.28719088,33.60393075272441,0,121,2012,4
2012-05-01,27.81999327465894,0.285984,33.548997435718775,0,122,2012,5
2012-05-02,27.759993276000046,0.28121123,33.56273076497018,0,123,2012,5
2012-05-03,27.609993279352807,0.3077847,33.59172334894538,0,124,2012,5
2012-05-04,27.88999327309432,0.27546176,33.4971159696579,0,125,2012,5
2012-05-05,27.879993273317837,0.32825702,33.26975307427347,0,126,2012,5
2012-05-06,27.84999327398839,0.33445904,33.21787160821259,0,127,2012,5
2012-05-07,27.669993278011702,0.49491346,33.37046415545046,0,128,2012,5
2012-05-08,27.399993284046673,0.49389857,33.776360331103206,0,129,2012,5
2012-05-09,27.30999328605833,0.4123856,33.97473064251244,0,130,2012,5
2012-05-10,27.30999328605833,0.29293782,34.06781209632754,0,131,2012,5
2012-05-11,27.38999328427019,0.61614317,34.13495281711221,0,132,2012,5
2012-05-12,27.439993283152603,0.32147595,34.04492321424186,0,133,2012,5
2012-05-13,27.459993282705568,0.30184755,33.79314551129937,0,134,2012,5
2012-05-14,27.399993284046673,0.29357037,33.57951594516635,0,135,2012,5
2012-05-15,27.419993283599638,0.3184215,33.512375224381685,0,136,2012,5
2012-05-16,27.34999328516426,0.45607343,33.47422708757222,0,137,2012,5
2012-05-17,27.259993287175917,0.43138823,33.47880486398935,0,138,2012,5
2012-05-18,27.369993284717225,0.34853727,33.48185671493411,0,139,2012,5
2012-05-19,27.319993285834812,0.3166079,33.44828635454178,0,140,2012,5
2012-05-20,27.299993286281847,0.2565,33.4467604290694,0,141,2012,5
2012-05-21,27.23999328762295,0.27578387,33.39030118659139,0,142,2012,5
2012-05-22,27.099993290752195,0.22236235,33.41471599414945,0,143,2012,5
2012-05-23,27.0399932920933,0.61276996,33.51542707532644,0,144,2012,5
2012-05-24,26.95999329388144,0.45512736,33.55815298855305,0,145,2012,5
2012-05-25,26.799993297457718,0.4324316,33.512375224381685,0,146,2012,5
2012-05-26,26.699993299692892,0.40292343,33.52000485174358,0,147,2012,5
2012-05-27,26.599993301928066,0.5044166,33.70921961031854,0,148,2012,5
2012-05-28,26.549993303045653,0.50292516,34.052552841603756,0,149,2012,5
2012-05-29,26.29999330863359,0.4931074,34.018982481211424,0,150,2012,5
2012-05-30,26.239993309974693,0.60120946,34.040345437824726,0,151,2012,5
2012-05-31,26.239993309974693,0.49114397,34.040345437824726,0,152,2012,5
2012-06-01,26.26999330930414,0.44897774,34.040345437824726,0,153,2012,6
2012-06-02,26.25999330952766,0.42551994,34.0205084066838,0,154,2012,6
2012-06-03,26.30999330841007,0.5184123,34.006775077432394,0,155,2012,6
2012-06-04,26.359993307292484,0.39703077,34.0708639472723,0,156,2012,6
2012-06-05,26.369993307068967,0.3909999,34.160893550142646,0,157,2012,6
2012-06-06,26.29999330863359,0.26131845,34.19598983600736,0,158,2012,6
2012-06-07,25.83999331891539,0.35831514,34.16852317750454,0,159,2012,6
2012-06-08,25.749993320927047,0.58977705,34.031189884990454,0,160,2012,6
2012-06-09,25.779993320256494,0.45545018,33.74584182165563,0,161,2012,6
2012-06-10,25.559993325173878,0.3317938,33.85265660472214,0,162,2012,6
2012-06-11,25.519993326067947,0.33037627,33.81908624432981,0,163,2012,6
2012-06-12,25.479993326962017,0.4326372,33.95184176042676,0,164,2012,6
2012-06-13,25.469993327185534,0.33025175,34.32569350115955,0,165,2012,6
2012-06-14,25.279993331432365,0.25451368,34.449293464422226,0,166,2012,6
2012-06-15,25.279993331432365,0.6223678,34.4584490172565,0,167,2012,6
2012-06-16,25.09999333545568,0.5030189,34.473708271980286,0,168,2012,6
2012-06-17,24.98999333791437,0.64476305,34.50270085595548,0,169,2012,6
2012-06-18,25.10999333523216,0.44215512,34.51796011067927,0,170,2012,6
2012-06-19,25.289993331208848,0.43906137,34.51643418520689,0,171,2012,6
2012-06-20,25.399993328750156,0.43906137,34.49507122859359,0,172,2012,6
2012-06-21,25.159993334114574,0.24197508,34.499649005010724,0,173,2012,6
2012-06-22,25.079993335902714,0.2589579,34.5805230550468,0,174,2012,6
2012-06-23,25.189993333444022,0.33321482,34.498123079538345,0,175,2012,6
2012-06-24,25.2599933318794,0.42866337,34.42030088044703,0,176,2012,6
2012-06-25,25.14999333433809,0.3597979,34.41877495497465,0,177,2012,6
2012-06-26,24.98999333791437,0.46769428,34.424878656864166,0,178,2012,6
2012-06-27,24.969993338361405,0.3437275,34.47676012292504,0,179,2012,6
2012-06-28,24.979993338137888,0.4234568,34.440137911587954,0,180,2012,6
2012-06-29,24.74999334327879,0.42783386,34.42182680591941,0,181,2012,6
2012-06-30,24.549993347749137,0.5929522,34.44471568800509,0,182,2012,6
2012-07-01,24.399993351101898,0.6010503,34.533219365403056,0,183,2012,7
2012-07-02,24.28999335356059,0.61797446,34.49659715406597,0,184,2012,7
2012-07-03,24.399993351101898,0.4524216,34.54237491823733,0,185,2012,7
2012-07-04,24.40999335087838,0.4501687,34.521011961624026,0,186,2012,7
2012-07-05,24.36999335177245,0.44791424,34.485915675759315,0,187,2012,7
2012-07-06,23.989993360266112,0.4898738,34.59883416071534,0,188,2012,7
2012-07-07,23.82999336384239,0.48852426,34.58815268240869,0,189,2012,7
2012-07-08,23.82999336384239,0.39367166,34.569841576740146,0,190,2012,7
2012-07-09,23.809993364289426,0.36259168,34.56068602390587,0,191,2012,7
2012-07-10,23.81999336406591,0.33863488,34.56678972579539,0,192,2012,7
2012-07-11,23.969993360713147,0.2024553,34.546952694654465,0,193,2012,7
2012-07-12,23.959993360936664,0.26013082,34.533219365403056,0,194,2012,7
2012-07-13,23.89999336227777,0.3150064,34.546952694654465,0,195,2012,7
2012-07-14,23.81999336406591,0.33920458,34.56678972579539,0,196,2012,7
2012-07-15,23.649993367865704,0.34255397,34.62477489374578,0,197,2012,7
2012-07-16,23.609993368759774,0.30708665,34.68581191264093,0,198,2012,7
2012-07-17,23.689993366971635,0.28842998,34.69801931641996,0,199,2012,7
2012-07-18,23.7099933665246,0.24872327,34.691915614530444,0,200,2012,7
2012-07-19,23.839993363618873,0.32509544,34.6736045088619,0,201,2012,7
2012-07-20,24.199993355572246,0.28167963,34.64613785035908,0,202,2012,7
2012-07-21,24.12999335713687,0.3504099,34.69649339094758,0,203,2012,7
2012-07-22,24.109993357583903,0.3442846,34.6949674654752,0,204,2012,7
2012-07-23,24.13999335691335,0.20626608,34.67207858338952,5,205,2012,7
2012-07-24,24.1699933562428,0.26335907,34.72090819850564,0,206,2012,7
2012-07-25,24.13999335691335,0.25750807,34.68733783811331,0,207,2012,7
2012-07-26,23.949993361160182,0.36982375,34.665974881500006,0,208,2012,7
2012-07-27,23.539993370324396,0.26486084,34.63545637205243,0,209,2012,7
2012-07-28,23.499993371218466,0.41373622,34.63393044658005,0,210,2012,7
2012-07-29,23.309993375465297,0.56855,34.64613785035908,0,211,2012,7
2012-07-30,23.16999337859454,0.58453315,34.630878595635295,0,212,2012,7
2012-07-31,23.179993378371023,0.52214897,34.56831565126777,0,213,2012,7
2012-08-01,23.259993376582884,0.28372255,34.521011961624026,0,214,2012,8
2012-08-02,23.32999337501826,0.3021613,34.534745290875435,0,215,2012,8
2012-08-03,23.339993374794744,0.4056431,34.5728934276849,0,216,2012,8
2012-08-04,23.229993377253436,0.23539983,34.63698229752481,0,217,2012,8
2012-08-05,23.299993375688814,0.21639504,34.68733783811331,0,218,2012,8
2012-08-06,23.419993373006605,0.24486327,34.71175264567137,0,219,2012,8
2012-08-07,23.449993372336053,0.22775768,34.72243412397802,1,220,2012,8
2012-08-08,23.349993374571227,0.19411208,34.73464152775705,0,221,2012,8
2012-08-09,23.16999337859454,0.18662405,34.749900782480836,0,222,2012,8
2012-08-10,23.199993377923988,0.2027988,34.762108186259866,0,223,2012,8
2012-08-11,23.179993378371023,0.30471644,34.766685962677,0,224,2012,8
2012-08-12,23.08999338038268,0.18502092,34.766685962677,0,225,2012,8
2012-08-13,22.919993384182476,0.2630454,34.76821188814938,0,226,2012,8
2012-08-14,22.729993388429307,0.3127881,34.774315590038896,0,227,2012,8
2012-08-15,22.77999338731172,0.24283865,34.775841515511274,0,228,2012,8
2012-08-16,23.349993374571227,0.2074002,34.76821188814938,0,229,2012,8
2012-08-17,23.639993368089222,0.19732305,34.75447855889797,0,230,2012,8
2012-08-18,23.679993367195152,0.30714136,34.74227115511894,0,231,2012,8
2012-08-19,23.449993372336053,0.2290455,34.73464152775705,0,232,2012,8
2012-08-20,23.339993374794744,0.27315542,34.73158967681229,0,233,2012,8
2012-08-21,23.28999337591233,0.3159304,34.737693378701806,0,234,2012,8
2012-08-22,23.189993378147506,0.28357095,34.75753040984273,0,235,2012,8
2012-08-23,23.159993378818058,0.28385177,34.77889336645603,0,236,2012,8
2012-08-24,23.349993374571227,0.29193538,34.7956785466522,0,237,2012,8
2012-08-25,23.719993366301082,0.20505124,34.800256323069334,0,238,2012,8
2012-08-26,23.729993366077565,0.29522964,34.809411875903606,0,239,2012,8
2012-08-27,23.499993371218466,0.24086607,34.812463726848364,0,240,2012,8
2012-08-28,23.489993371441983,0.18736862,34.812463726848364,0,241,2012,8
2012-08-29,23.759993365407013,0.18521433,34.81551557779312,0,242,2012,8
2012-08-30,23.719993366301082,0.20607693,34.824671130627394,0,243,2012,8
2012-08-31,23.59999336898329,0.22814257,34.83077483251691,0,244,2012,8
2012-09-01,23.499993371218466,0.2620865,34.833826683461666,0,245,2012,9
2012-09-02,23.379993373900675,0.42513287,34.83993038535118,0,246,2012,9
2012-09-03,23.20999337770047,0.2507728,34.84450816176832,0,247,2012,9
2012-09-04,23.12999337948861,0.20520143,34.847560012713075,0,248,2012,9
2012-09-05,23.179993378371023,0.18364741,34.85518964007497,0,249,2012,9
2012-09-06,23.179993378371023,0.25362623,34.86129334196448,0,250,2012,9
2012-09-07,23.299993375688814,0.300028,34.870448894798756,0,251,2012,9
2012-09-08,23.23999337702992,0.23583114,34.87502667121589,0,252,2012,9
2012-09-09,23.269993376359366,0.25743166,34.884182224050164,1,253,2012,9
2012-09-10,23.349993374571227,0.23318054,34.8887600004673,0,254,2012,9
2012-09-11,23.299993375688814,0.248042,34.88723407499492,0,255,2012,9
2012-09-12,23.469993371889018,0.48229215,34.867397043854,0,256,2012,9
2012-09-13,23.539993370324396,0.48726517,34.86281926743686,0,257,2012,9
2012-09-14,23.78999336473646,0.26873863,34.85671556554735,0,258,2012,9
2012-09-15,23.759993365407013,0.24146363,34.85213778913021,0,259,2012,9
2012-09-16,23.39999337345364,0.2362381,34.847560012713075,0,260,2012,9
2012-09-17,23.50999337099495,0.17435236,34.8384044598788,0,261,2012,9
2012-09-18,23.639993368089222,0.15869233,34.82924890704453,0,262,2012,9
2012-09-19,23.949993361160182,0.15151368,34.824671130627394,0,263,2012,9
2012-09-20,23.85999336317184,0.14210388,34.82009335421026,0,264,2012,9
2012-09-21,23.779993364959978,0.15682523,34.81856742873788,0,265,2012,9
2012-09-22,23.609993368759774,0.25951406,34.8170415032655,0,266,2012,9
2012-09-23,23.51999337077143,0.29549703,34.81856742873788,0,267,2012,9
2012-09-24,23.349993374571227,0.47107106,34.81856742873788,0,268,2012,9
2012-09-25,23.229993377253436,0.5285552,34.82009335421026,0,269,2012,9
2012-09-26,23.189993378147506,0.31002095,34.82772298157215,0,270,2012,9
2012-09-27,23.069993380829715,0.528004,34.83993038535118,0,271,2012,9
2012-09-28,23.159993378818058,0.47550982,34.84908593818545,0,272,2012,9
2012-09-29,23.259993376582884,0.26798153,34.84145631082356,0,273,2012,9
2012-09-30,23.419993373006605,0.20484813,34.83230075798929,0,274,2012,9
2012-10-01,24.12999335713687,0.19269778,34.85366371460259,0,275,2012,10
2012-10-02,23.949993361160182,0.15953253,34.87350074574351,0,276,2012,10
2012-10-03,23.89999336227777,0.111100785,34.87960444763303,0,277,2012,10
2012-10-04,23.74999336563053,0.42648932,34.88113037310541,0,278,2012,10
2012-10-05,23.419993373006605,0.32377848,34.884182224050164,0,279,2012,10
2012-10-06,23.219993377476953,0.1582605,34.882656298577785,0,280,2012,10
2012-10-07,23.12999337948861,0.158338,34.87960444763303,0,281,2012,10
2012-10-08,23.20999337770047,0.29828817,34.87807852216065,0,282,2012,10
2012-10-09,23.529993370547913,0.1957527,34.86892296932638,0,283,2012,10
2012-10-10,24.21999335512521,0.18091851,34.82924890704453,0,284,2012,10
2012-10-11,24.90999333970251,0.18119708,34.76821188814938,0,285,2012,10
2012-10-12,24.579993347078585,0.2577457,34.80178224854171,0,286,2012,10
2012-10-13,24.309993353113555,0.19713481,34.75600448437035,0,287,2012,10
2012-10-14,24.1699933562428,0.20712303,34.798730397596955,0,288,2012,10
2012-10-15,24.079993358254455,0.3188209,34.882656298577785,0,289,2012,10
2012-10-16,23.889993362501286,0.22141564,34.929959988221526,0,290,2012,10
2012-10-17,23.82999336384239,0.22141564,34.933011839166284,0,291,2012,10
2012-10-18,23.78999336473646,0.27367648,34.919278509914875,0,292,2012,10
2012-10-19,23.809993364289426,0.3773729,34.907071106135845,0,293,2012,10
2012-10-20,23.959993360936664,0.24506651,34.89333777688444,0,294,2012,10
2012-10-21,23.85999336317184,0.16262344,34.871974820271134,0,295,2012,10
2012-10-22,23.469993371889018,0.17470483,34.859767416492105,0,296,2012,10
2012-10-23,23.159993378818058,0.444355,34.85061186365783,0,297,2012,10
2012-10-24,23.079993380606197,0.40109226,34.836878534406424,0,298,2012,10
2012-10-25,23.369993374124192,0.23830712,34.80178224854171,0,299,2012,10
2012-10-26,24.499993348866724,0.18123224,34.76973781362176,0,300,2012,10
2012-10-27,24.699993344396376,0.27727792,34.78957484476268,0,301,2012,10
2012-10-28,24.75999334305527,0.2582306,34.77889336645603,0,302,2012,10
2012-10-29,25.239993332326435,0.29206744,34.82009335421026,0,303,2012,10
2012-10-30,24.94999333880844,0.14402048,34.93606369011104,0,304,2012,10
2012-10-31,24.769993342831754,0.12063348,34.954374795779586,0,305,2012,10
2012-11-01,24.669993345066928,0.12221705,34.91622665897012,0,306,2012,11
2012-11-02,24.709993344172858,0.11925197,34.896389627829194,0,307,2012,11
2012-11-03,24.7999933421612,0.12043753,34.89028592593968,0,308,2012,11
2012-11-04,24.339993352443003,0.12855992,34.87350074574351,0,309,2012,11
2012-11-05,23.999993360042595,0.1766323,34.85061186365783,0,310,2012,11
2012-11-06,23.759993365407013,0.1986314,34.83230075798929,0,311,2012,11
2012-11-07,23.499993371218466,0.2817771,34.81551557779312,0,312,2012,11
2012-11-08,23.54999337010088,0.2817771,34.8170415032655,0,313,2012,11
2012-11-09,23.86999336294832,0.629226,34.82772298157215,0,314,2012,11
2012-11-10,23.929993361607217,0.46102774,34.82619705609977,0,315,2012,11
2012-11-11,23.799993364512943,0.45543662,34.835352608934045,0,316,2012,11
2012-11-12,23.569993369653844,0.35681692,34.835352608934045,0,317,2012,11
2012-11-13,23.689993366971635,0.30450952,34.84298223629594,0,318,2012,11
2012-11-14,24.079993358254455,0.18421923,34.86892296932638,0,319,2012,11
2012-11-15,24.189993355795764,0.18161297,34.85671556554735,0,320,2012,11
2012-11-16,24.01999335959556,0.1578766,34.84145631082356,0,321,2012,11
2012-11-17,23.739993365854048,0.15670526,34.83077483251691,0,322,2012,11
2012-11-18,23.499993371218466,0.15657522,34.823145205155015,0,323,2012,11
2012-11-19,23.66999336741867,0.16028032,34.812463726848364,0,324,2012,11
2012-11-20,23.929993361607217,0.1883077,34.80483409948647,0,325,2012,11
2012-11-21,23.9399933613837,0.16995053,34.809411875903606,0,326,2012,11
2012-11-22,23.809993364289426,0.18270686,34.8170415032655,0,327,2012,11
2012-11-23,24.009993359819077,0.14683773,34.82772298157215,0,328,2012,11
2012-11-24,24.379993351548933,0.14683773,34.83230075798929,0,329,2012,11
2012-11-25,24.51999334841969,0.24045637,34.83077483251691,0,330,2012,11
2012-11-26,24.469993349537276,0.24185908,34.83230075798929,0,331,2012,11
2012-11-27,24.52999334819617,0.15891758,34.835352608934045,0,332,2012,11
2012-11-28,24.399993351101898,0.15758376,34.835352608934045,0,333,2012,11
2012-11-29,24.159993356466316,0.14916955,34.836878534406424,0,334,2012,11
2012-11-30,24.079993358254455,0.15877764,34.84450816176832,0,335,2012,11
2012-12-01,23.959993360936664,0.3394953,34.859767416492105,0,336,2012,12
2012-12-02,24.009993359819077,0.16831844,34.871974820271134,0,337,2012,12
2012-12-03,23.97999336048963,0.29085478,34.87807852216065,0,338,2012,12
2012-12-04,24.86999334059658,0.2903909,34.882656298577785,0,339,2012,12
2012-12-05,25.14999333433809,0.13894135,34.85671556554735,0,340,2012,12
2012-12-06,25.249993332102918,0.14869083,34.870448894798756,0,341,2012,12
2012-12-07,25.479993326962017,0.1486905,34.86434519290924,0,342,2012,12
2012-12-08,25.079993335902714,0.14635569,34.83993038535118,0,343,2012,12
2012-12-09,24.98999333791437,0.14606984,34.8384044598788,0,344,2012,12
2012-12-10,24.999993337690853,0.23150106,34.84908593818545,0,345,2012,12
2012-12-11,25.06999333612623,0.2576887,34.85671556554735,0,346,2012,12
2012-12-12,25.169993333891057,0.25853488,34.86587111838162,0,347,2012,12
2012-12-13,25.239993332326435,0.14931095,34.87655259668827,0,348,2012,12
2012-12-14,25.10999333523216,0.18844478,34.88570814952254,0,349,2012,12
2012-12-15,24.969993338361405,0.18766859,34.89181185141206,0,350,2012,12
2012-12-16,24.809993341937684,0.15432012,34.89791555330157,0,351,2012,12
2012-12-17,24.98999333791437,0.21633905,34.8887600004673,0,352,2012,12
2012-12-18,25.229993332549952,0.30696428,34.871974820271134,0,353,2012,12
2012-12-19,25.289993331208848,0.19938526,34.86434519290924,0,354,2012,12
2012-12-20,25.249993332102918,0.19739112,34.85518964007497,0,355,2012,12
2012-12-21,25.33999333009126,0.32337016,34.85518964007497,0,356,2012,12
2012-12-22,25.479993326962017,0.32126394,34.86892296932638,0,357,2012,12
2012-12-23,25.779993320256494,0.1912166,34.87960444763303,0,358,2012,12
2012-12-24,26.089993313327454,0.17056736,34.882656298577785,0,359,2012,12
2012-12-25,26.169993311539315,0.11466712,34.89181185141206,0,360,2012,12
2012-12-26,26.25999330952766,0.11466712,34.90249332971871,0,361,2012,12
2012-12-27,26.60999330170455,0.23381765,34.90249332971871,0,362,2012,12
2012-12-28,27.049993291869782,0.16882648,34.86281926743686,0,363,2012,12
2012-12-29,26.91999329477551,0.16884783,34.82009335421026,0,364,2012,12
2012-12-30,26.8099932972342,0.15342566,34.81398965232074,0,365,2012,12
2012-12-31,27.049993291869782,0.16376974,34.80636002495885,0,366,2012,12
2013-01-01,27.609993279352807,0.20410076,34.788048919290304,0,1,2013,1
2013-01-02,27.559993280470394,0.42410135,34.788048919290304,0,2,2013,1
2013-01-03,27.50999328158798,0.33949232,34.79110077023506,0,3,2013,1
2013-01-04,27.319993285834812,0.34543955,34.79720447212458,0,4,2013,1
2013-01-05,27.339993285387777,0.348539,34.82619705609977,0,5,2013,1
2013-01-06,27.85999327376487,0.11795248,34.871974820271134,0,6,2013,1
2013-01-07,28.23999326527121,0.121005595,34.86281926743686,0,7,2013,1
2013-01-08,28.029993269965075,0.2277136,34.824671130627394,0,8,2013,1
2013-01-09,27.88999327309432,0.23414928,34.798730397596955,0,9,2013,1
2013-01-10,27.65999327823522,0.23414928,34.84450816176832,0,10,2013,1
2013-01-11,27.53999328091743,0.23413421,34.73158967681229,0,11,2013,1
2013-01-12,27.459993282705568,0.25019988,34.52558973804116,0,12,2013,1
2013-01-13,27.459993282705568,0.30984217,34.521011961624026,0,13,2013,1
2013-01-14,27.54999328069391,0.2766895,34.50727863237262,0,14,2013,1
2013-01-15,27.489993282035016,0.28261548,34.49354530312121,0,15,2013,1
2013-01-16,27.34999328516426,0.28261548,34.54390084370971,0,16,2013,1
2013-01-17,27.369993284717225,0.54364693,34.607989713549614,0,17,2013,1
2013-01-18,27.359993284940742,0.5782499,34.64003414846957,0,18,2013,1
2013-01-19,27.30999328605833,0.49234325,34.61104156449437,0,19,2013,1
2013-01-20,27.259993287175917,0.44645387,34.60951563902199,0,20,2013,1
2013-01-21,28.08999326862397,0.27670777,34.620197117328644,0,21,2013,1
2013-01-22,28.1299932677299,0.22301136,34.67665635980666,0,22,2013,1
2013-01-23,28.1299932677299,0.21160777,34.725485974922776,0,23,2013,1
2013-01-24,28.039993269741558,0.29701817,34.74227115511894,0,24,2013,1
2013-01-25,27.85999327376487,0.14719851,34.74379708059132,0,25,2013,1
2013-01-26,28.769993253424786,0.14735319,34.75905633531511,0,26,2013,1
2013-01-27,29.24999324269595,0.15893497,34.739219304174185,0,27,2013,1
2013-01-28,28.999993248283886,0.12624463,34.6949674654752,0,28,2013,1
2013-01-29,28.919993250072025,0.1142441,34.65987117961049,0,29,2013,1
2013-01-30,29.079993246495746,0.10188457,34.6018860116601,0,30,2013,1
2013-01-31,29.189993244037055,0.13309735,34.59273045882583,0,31,2013,1
2013-02-01,29.349993240460776,0.17885543,34.64766377583146,0,32,2013,2
2013-02-02,29.539993236213945,0.20799017,34.56373787485063,0,33,2013,2
2013-02-03,29.31999324113133,0.30334115,34.4294564332813,0,34,2013,2
2013-02-04,29.419993238896154,0.26926115,34.366893488913774,0,35,2013,2
2013-02-05,29.24999324269595,0.20422049,34.427930507808924,0,36,2013,2
2013-02-06,28.809993252530717,0.20355803,34.545426769182086,0,37,2013,2
2013-02-07,28.409993261471413,0.29232052,34.61104156449437,0,38,2013,2
2013-02-08,27.96999327130618,0.32934383,34.60493786260486,0,39,2013,2
2013-02-09,28.869993251189612,0.13685784,34.510330483317375,0,40,2013,2
2013-02-10,28.889993250742577,0.14666297,34.46607864461839,0,41,2013,2
2013-02-11,29.00999324806037,0.122178376,34.49659715406597,0,42,2013,2
2013-02-12,28.77999325320127,0.13751994,34.522537887096405,0,43,2013,2
2013-02-13,28.869993251189612,0.1651161,34.54084899276495,0,44,2013,2
2013-02-14,28.949993249401473,0.15345232,34.55305639654398,0,45,2013,2
2013-02-15,28.839993251860164,0.21768895,34.557634172961116,0,46,2013,2
2013-02-16,28.909993250295543,0.1780173,34.557634172961116,0,47,2013,2
2013-02-17,28.999993248283886,0.19976966,34.5515304710716,0,48,2013,2
2013-02-18,29.039993247389816,0.2680525,34.559160098433495,0,49,2013,2
2013-02-19,29.539993236213945,0.24296673,34.54847862012684,0,50,2013,2
2013-02-20,29.799993230402492,0.32916093,34.49201937764883,0,51,2013,2
2013-02-21,29.93999322727325,0.38633072,34.44624161347747,0,52,2013,2
2013-02-22,30.20999322123828,0.38633072,34.42030088044703,0,53,2013,2
2013-02-23,29.969993226602696,0.31767297,34.44776753894985,0,54,2013,2
2013-02-24,29.799993230402492,0.31872833,34.42030088044703,0,55,2013,2
2013-02-25,29.969993226602696,0.3229508,33.909115847200155,0,56,2013,2
2013-02-26,29.86999322883787,0.3229508,33.765678852796555,0,57,2013,2
2013-02-27,29.579993235319876,0.35597494,34.10443430766463,0,58,2013,2
2013-02-28,29.189993244037055,0.3344586,34.21887871809304,0,59,2013,2
2013-03-01,28.889993250742577,0.33070934,34.38825644552708,0,60,2013,3
2013-03-02,28.849993251636647,0.22210357,34.35010830871761,0,61,2013,3
2013-03-03,29.08999324627223,0.23131624,34.2432935256511,0,62,2013,3
2013-03-04,29.039993247389816,0.22056961,34.18378243222833,0,63,2013,3
2013-03-05,28.289993264153622,0.44217077,34.48438975028694,0,64,2013,3
2013-03-06,27.8999932728708,0.35477808,34.57899712957442,0,65,2013,3
2013-03-07,27.57999328002336,0.22228013,34.49201937764883,0,66,2013,3
2013-03-08,27.57999328002336,0.20500982,34.45997494272888,0,67,2013,3
2013-03-09,27.639993278682255,0.16505682,34.450819389894605,0,68,2013,3
2013-03-10,27.559993280470394,0.1648287,34.47065642103553,0,69,2013,3
2013-03-11,27.629993278905772,0.1714383,34.50422678142786,0,70,2013,3
2013-03-12,27.459993282705568,0.18012275,34.534745290875435,0,71,2013,3
2013-03-13,27.34999328516426,0.16945128,34.56831565126777,0,72,2013,3
2013-03-14,27.409993283823155,0.18309633,34.6018860116601,0,73,2013,3
2013-03-15,27.38999328427019,0.18149638,34.6232489682734,0,74,2013,3
2013-03-16,27.179993288964056,0.18156612,34.64766377583146,0,75,2013,3
2013-03-17,27.0399932920933,0.28248373,34.64766377583146,0,76,2013,3
2013-03-18,27.089993290975713,0.28073296,34.655293403193355,0,77,2013,3
2013-03-19,27.249993287399434,0.22227372,34.65987117961049,0,78,2013,3
2013-03-20,27.07999329119923,0.2772901,34.66444895602763,0,79,2013,3
2013-03-21,26.96999329365792,0.3965683,34.68886376358569,0,80,2013,3
2013-03-22,26.979993293434404,0.57769144,34.69344154000282,0,81,2013,3
2013-03-23,27.169993289187573,0.44801664,34.643085999414325,0,82,2013,3
2013-03-24,27.34999328516426,0.6835978,34.62477489374578,0,83,2013,3
2013-03-25,27.029993292316817,0.34936798,34.643085999414325,0,84,2013,3
2013-03-26,26.949993294104956,0.34967136,34.665974881500006,1,85,2013,3
2013-03-27,26.949993294104956,0.47532782,34.68733783811331,0,86,2013,3
2013-03-28,27.07999329119923,0.45579177,34.702597092837095,0,87,2013,3
2013-03-29,27.19999328851702,0.19932811,34.6949674654752,0,88,2013,3
2013-03-30,27.259993287175917,0.36001247,34.69801931641996,0,89,2013,3
2013-03-31,27.529993281140946,0.20090441,34.71175264567137,0,90,2013,3
2013-04-01,27.65999327823522,0.1940334,34.70870079472661,0,91,2013,4
2013-04-02,27.77999327555301,0.23737003,34.70107116736472,0,92,2013,4
2013-04-03,27.839993274211906,0.27604443,34.704123018309474,0,93,2013,4
2013-04-04,28.539993258565687,0.21610011,34.71175264567137,0,94,2013,4
2013-04-05,28.5899932574481,0.19121435,34.60036008618772,0,95,2013,4
2013-04-06,28.579993257671617,0.20085278,34.340952755883336,0,96,2013,4
2013-04-07,28.50999325923624,0.17433265,34.221930569037795,0,97,2013,4
2013-04-08,28.69999325498941,0.19974227,34.19141205959022,0,98,2013,4
2013-04-09,28.8199932523072,0.198487,34.12884911522269,1,99,2013,4
2013-04-10,28.77999325320127,0.22098336,34.10901208408177,1,100,2013,4
2013-04-11,28.649993256106995,0.3607498,34.15173799730837,0,101,2013,4
2013-04-12,28.569993257895135,0.23911476,34.174626879394054,0,102,2013,4
2013-04-13,29.01999324783685,0.18469131,34.06018246896565,0,103,2013,4
2013-04-14,28.949993249401473,0.2378783,33.874019561335444,0,104,2013,4
2013-04-15,28.839993251860164,0.30215555,33.896908443421125,0,105,2013,4
2013-04-16,28.799993252754234,0.2519749,34.03881951235235,0,106,2013,4
2013-04-17,28.97999324873092,0.28052008,34.209723165258765,0,107,2013,4
2013-04-18,28.869993251189612,0.21909402,34.29670091718435,0,108,2013,4
2013-04-19,28.999993248283886,0.22674516,34.28449351340532,0,109,2013,4
2013-04-20,28.919993250072025,0.21470675,34.319589799270034,0,110,2013,4
2013-04-21,28.54999325834217,0.22587256,34.55458232201636,0,111,2013,4
2013-04-22,28.00999327041211,0.2939185,34.64918970130384,0,112,2013,4
2013-04-23,27.749993276223563,0.19157903,34.67665635980666,0,113,2013,4
2013-04-24,27.65999327823522,0.16942723,34.68886376358569,0,114,2013,4
2013-04-25,27.689993277564668,0.23791924,34.68581191264093,0,115,2013,4
2013-04-26,27.709993277117633,0.20996329,34.665974881500006,0,116,2013,4
2013-04-27,28.189993266388797,0.17603497,34.508804557845,0,117,2013,4
2013-04-28,28.43999326080086,0.23624223,34.401989774778485,0,118,2013,4
2013-04-29,28.50999325923624,0.21210995,34.44776753894985,0,119,2013,4
2013-04-30,28.43999326080086,0.19627807,34.427930507808924,0,120,2013,4
2013-05-01,28.259993264824175,0.329953,34.37452311627567,0,121,2013,5
2013-05-02,28.179993266612314,0.21270047,34.38215274363756,0,122,2013,5
2013-05-03,28.189993266388797,0.23419389,34.412671253085136,0,123,2013,5
2013-05-04,28.139993267506384,0.29875487,34.43098235875368,0,124,2013,5
2013-05-05,28.069993269071006,0.4155502,34.44624161347747,1,125,2013,5
2013-05-06,28.059993269294523,0.30517548,34.47218234650791,0,126,2013,5
2013-05-07,27.919993272423767,0.30655846,34.50422678142786,0,127,2013,5
2013-05-08,27.629993278905772,0.35497084,34.557634172961116,0,128,2013,5
2013-05-09,27.409993283823155,0.36467984,34.56221194937825,0,129,2013,5
2013-05-10,27.399993284046673,0.71097785,34.57441935315728,0,130,2013,5
2013-05-11,27.34999328516426,0.824328,34.59883416071534,0,131,2013,5
2013-05-12,27.359993284940742,0.6822685,34.665974881500006,0,132,2013,5
2013-05-13,27.329993285611295,0.68541956,34.62782674469054,0,133,2013,5
2013-05-14,27.30999328605833,0.29017684,34.53169343993068,0,134,2013,5
2013-05-15,27.339993285387777,0.28995106,34.487441601231694,0,135,2013,5
2013-05-16,27.399993284046673,0.4745869,34.41724902950227,0,136,2013,5
2013-05-17,27.359993284940742,0.54647046,34.32416757568717,0,137,2013,5
2013-05-18,27.2699932869524,0.5387623,34.30127869360149,0,138,2013,5
2013-05-19,27.129993290081643,0.3414662,34.30890832096338,0,139,2013,5
2013-05-20,27.099993290752195,0.29738116,34.32569350115955,0,140,2013,5
2013-05-21,27.099993290752195,0.41694382,34.366893488913774,0,141,2013,5
2013-05-22,27.0399932920933,0.39026105,34.440137911587954,0,142,2013,5
2013-05-23,27.059993291646265,0.36696678,34.521011961624026,0,143,2013,5
2013-05-24,27.129993290081643,0.42398116,34.473708271980286,0,144,2013,5
2013-05-25,27.129993290081643,0.42398116,34.379100892692804,0,145,2013,5
2013-05-26,26.979993293434404,0.39403468,34.31043424643576,0,146,2013,5
2013-05-27,26.96999329365792,0.26101726,34.27991573698819,0,147,2013,5
2013-05-28,26.939993294328474,0.30330044,34.27838981151581,0,148,2013,5
2013-05-29,26.789993297681235,0.512721,34.27838981151581,0,149,2013,5
2013-05-30,26.679993300139927,0.512721,34.30280461907387,0,150,2013,5
2013-05-31,26.10999331288042,0.365913,34.32111572474241,0,151,2013,5
2013-06-01,26.119993312656902,0.36325002,34.31043424643576,0,152,2013,6
2013-06-02,26.139993312209867,0.35986105,34.33942683041096,0,153,2013,6
2013-06-03,26.059993313998007,0.36209804,34.487441601231694,0,154,2013,6
2013-06-04,25.929993316903733,0.47366318,34.449293464422226,0,155,2013,6
2013-06-05,25.95999331623318,0.4876274,34.426404582336545,0,156,2013,6
2013-06-06,26.009993315115594,0.4148884,34.39436014741659,0,157,2013,6
2013-06-07,26.009993315115594,0.3683562,34.49354530312121,0,158,2013,6
2013-06-08,26.049993314221524,0.7760185,34.414197178557515,0,159,2013,6
2013-06-09,26.079993313550972,0.29940078,34.40961940214038,0,160,2013,6
2013-06-10,26.02999331466856,0.40352282,34.46913049556315,0,161,2013,6
2013-06-11,26.049993314221524,0.38532487,34.32569350115955,0,162,2013,6
2013-06-12,26.03999331444504,0.29136214,34.23718982376158,0,163,2013,6
2013-06-13,26.049993314221524,0.28865486,34.32111572474241,0,164,2013,6
2013-06-14,25.849993318691872,0.272359,34.43403420969844,0,165,2013,6
2013-06-15,25.639993323385738,0.34481558,34.354686085134745,0,166,2013,6
2013-06-16,25.68999332226815,0.38130262,34.34400460682809,0,167,2013,6
2013-06-17,25.359993329644226,0.38130262,34.33484905399382,0,168,2013,6
2013-06-18,25.049993336573266,0.27970767,34.25092315301299,0,169,2013,6
2013-06-19,25.039993336796783,0.57568675,34.09680468030274,0,170,2013,6
2013-06-20,25.039993336796783,0.5892279,34.20361946336925,0,171,2013,6
2013-06-21,25.0299933370203,0.6739232,34.39741199836135,0,172,2013,6
2013-06-22,25.129993334785127,0.74329317,34.36231571249664,0,173,2013,6
2013-06-23,25.189993333444022,0.74329317,34.426404582336545,0,174,2013,6
2013-06-24,25.41999332830312,0.26603746,34.36841941438615,0,175,2013,6
2013-06-25,25.349993329867743,0.26627535,34.29975276812911,0,176,2013,6
2013-06-26,25.06999333612623,0.39164698,34.32569350115955,0,177,2013,6
2013-06-27,24.7999933421612,0.7790815,34.40656755119562,0,178,2013,6
2013-06-28,24.689993344619893,0.53700066,34.45692309178412,0,179,2013,6
2013-06-29,24.78999334238472,0.63171226,34.449293464422226,0,180,2013,6
2013-06-30,24.859993340820097,0.57060313,34.37147126533091,0,181,2013,6
2013-07-01,24.82999334149065,0.45314646,34.3363749794662,0,182,2013,7
2013-07-02,24.78999334238472,0.39558905,34.32569350115955,0,183,2013,7
2013-07-03,24.75999334305527,0.49967778,34.38367866910994,0,184,2013,7
2013-07-04,24.619993346184515,0.58571947,34.30127869360149,0,185,2013,7
2013-07-05,24.52999334819617,0.5297966,34.269234258681536,0,186,2013,7
2013-07-06,24.669993345066928,0.5602527,34.408093476668,0,187,2013,7
2013-07-07,24.74999334327879,0.4815436,34.415723104029894,0,188,2013,7
2013-07-08,24.74999334327879,0.54206705,34.39283422194421,0,189,2013,7
2013-07-09,24.669993345066928,0.60565346,34.391308296471834,0,190,2013,7
2013-07-10,24.659993345290445,0.6462936,34.391308296471834,0,191,2013,7
2013-07-11,24.569993347302102,0.4531947,34.389782370999455,0,192,2013,7
2013-07-12,24.1699933562428,0.43783808,34.39436014741659,0,193,2013,7
2013-07-13,23.759993365407013,0.5651061,34.39588607288897,0,194,2013,7
2013-07-14,24.119993357360386,0.38420165,34.41877495497465,0,195,2013,7
2013-07-15,24.319993352890037,0.46256483,34.498123079538345,0,196,2013,7
2013-07-16,24.079993358254455,0.43960607,34.56373787485063,0,197,2013,7
2013-07-17,23.929993361607217,0.390539,34.557634172961116,0,198,2013,7
2013-07-18,23.989993360266112,0.36872765,34.55458232201636,0,199,2013,7
2013-07-19,23.89999336227777,0.29233313,34.59730823524296,0,200,2013,7
2013-07-20,23.919993361830734,0.39462602,34.59883416071534,0,201,2013,7
2013-07-21,23.919993361830734,0.36057562,34.55610824748874,0,202,2013,7
2013-07-22,23.879993362724804,0.37181482,34.59273045882583,0,203,2013,7
2013-07-23,23.769993365183495,0.34091783,34.607989713549614,0,204,2013,7
2013-07-24,23.769993365183495,0.2893415,34.60341193713248,0,205,2013,7
2013-07-25,23.9399933613837,0.31435046,34.571367502212524,0,206,2013,7
2013-07-26,23.999993360042595,0.32095525,34.56831565126777,0,207,2013,7
2013-07-27,23.879993362724804,0.34724554,34.6232489682734,0,208,2013,7
2013-07-28,23.81999336406591,0.33359888,34.62630081921816,0,209,2013,7
2013-07-29,23.719993366301082,0.429494,34.66292303055525,0,210,2013,7
2013-07-30,23.719993366301082,0.2649875,34.6949674654752,0,211,2013,7
2013-07-31,23.539993370324396,0.25298977,34.690389689058065,0,212,2013,7
2013-08-01,23.429993372783088,0.25325763,34.68886376358569,0,213,2013,8
2013-08-02,23.50999337099495,0.29071262,34.68123413622379,0,214,2013,8
2013-08-03,23.579993369430326,0.3129005,34.65681932866573,0,215,2013,8
2013-08-04,23.689993366971635,0.27494922,34.64613785035908,0,216,2013,8
2013-08-05,23.82999336384239,0.28811336,34.63545637205243,0,217,2013,8
2013-08-06,23.919993361830734,0.20035374,34.63393044658005,0,218,2013,8
2013-08-07,23.769993365183495,0.2529985,34.641560073941946,0,219,2013,8
2013-08-08,23.729993366077565,0.17229867,34.63545637205243,0,220,2013,8
2013-08-09,23.86999336294832,0.16819265,34.59883416071534,0,221,2013,8
2013-08-10,24.069993358477973,0.19615392,34.582048980519176,0,222,2013,8
2013-08-11,23.9399933613837,0.20225392,34.56526380032301,0,223,2013,8
2013-08-12,23.879993362724804,0.2234281,34.56221194937825,0,224,2013,8
2013-08-13,23.779993364959978,0.23108344,34.569841576740146,0,225,2013,8
2013-08-14,23.529993370547913,0.2565475,34.59273045882583,0,226,2013,8
2013-08-15,23.409993373230122,0.25813973,34.620197117328644,0,227,2013,8
2013-08-16,23.259993376582884,0.37292188,34.62477489374578,0,228,2013,8
2013-08-17,23.189993378147506,0.42043716,34.632404521107674,0,229,2013,8
2013-08-18,23.16999337859454,0.3579858,34.6522415522486,0,230,2013,8
2013-08-19,23.229993377253436,0.30471537,34.667500806972384,0,231,2013,8
2013-08-20,23.23999337702992,0.36203647,34.6736045088619,0,232,2013,8
2013-08-21,23.2499933768064,0.4147545,34.67665635980666,0,233,2013,8
2013-08-22,23.269993376359366,0.38030425,34.667500806972384,0,234,2013,8
2013-08-23,23.189993378147506,0.38110387,34.64766377583146,0,235,2013,8
2013-08-24,23.259993376582884,0.3010061,34.62477489374578,0,236,2013,8
2013-08-25,23.2499933768064,0.19323136,34.583574905991554,0,237,2013,8
2013-08-26,23.159993378818058,0.25366518,34.55305639654398,0,238,2013,8
2013-08-27,23.179993378371023,0.25262916,34.53779714182019,0,239,2013,8
2013-08-28,23.259993376582884,0.30107877,34.524063812568784,0,240,2013,8
2013-08-29,23.299993375688814,0.2308339,34.52558973804116,0,241,2013,8
2013-08-30,23.349993374571227,0.26390135,34.545426769182086,0,242,2013,8
2013-08-31,23.369993374124192,0.2086714,34.56373787485063,0,243,2013,8
2013-09-01,23.62999336831274,0.159624,34.56678972579539,0,244,2013,9
2013-09-02,23.719993366301082,0.22200985,34.56373787485063,0,245,2013,9
2013-09-03,23.74999336563053,0.24975803,34.56526380032301,0,246,2013,9
2013-09-04,23.78999336473646,0.25089508,34.56068602390587,0,247,2013,9
2013-09-05,23.569993369653844,0.2391348,34.56373787485063,0,248,2013,9
2013-09-06,23.389993373677157,0.2625851,34.569841576740146,0,249,2013,9
2013-09-07,23.419993373006605,0.5147468,34.56221194937825,0,250,2013,9
2013-09-08,23.539993370324396,0.46037546,34.56373787485063,0,251,2013,9
2013-09-09,23.429993372783088,0.20534596,34.57747120410204,0,252,2013,9
2013-09-10,23.4799933716655,0.26475045,34.59120453335345,0,253,2013,9
2013-09-11,23.539993370324396,0.2948715,34.595782309770584,0,254,2013,9
2013-09-12,23.539993370324396,0.2878082,34.58510083146393,0,255,2013,9
2013-09-13,23.449993372336053,0.46812832,34.57441935315728,0,256,2013,9
2013-09-14,23.27999337613585,0.43095228,34.56221194937825,0,257,2013,9
2013-09-15,23.189993378147506,0.43618095,34.56068602390587,0,258,2013,9
2013-09-16,23.179993378371023,0.28319713,34.56678972579539,0,259,2013,9
2013-09-17,23.20999337770047,0.34137902,34.569841576740146,0,260,2013,9
2013-09-18,23.109993379935645,0.33800167,34.571367502212524,0,261,2013,9
2013-09-19,23.0199933819473,0.5619069,34.56373787485063,0,262,2013,9
2013-09-20,22.989993382617854,0.2979902,34.557634172961116,0,263,2013,9
2013-09-21,23.079993380606197,0.25848186,34.55610824748874,0,264,2013,9
2013-09-22,23.119993379712128,0.22205105,34.557634172961116,0,265,2013,9
2013-09-23,22.889993384853028,0.20213531,34.569841576740146,0,266,2013,9
2013-09-24,22.62999339066448,0.25134936,34.5805230550468,0,267,2013,9
2013-09-25,22.69999338909986,0.72733504,34.58510083146393,0,268,2013,9
2013-09-26,22.829993386194133,0.4146219,34.58662675693631,0,269,2013,9
2013-09-27,22.839993385970615,0.22390673,34.58967860788107,0,270,2013,9
2013-09-28,22.69999338909986,0.23561716,34.59120453335345,0,271,2013,9
2013-09-29,22.81999338641765,0.20909238,34.59120453335345,0,272,2013,9
2013-09-30,23.16999337859454,0.4339193,34.58815268240869,0,273,2013,9
2013-10-01,23.419993373006605,0.28963888,34.59120453335345,0,274,2013,10
2013-10-02,23.539993370324396,0.19248392,34.595782309770584,0,275,2013,10
2013-10-03,23.689993366971635,0.18927278,34.59730823524296,0,276,2013,10
2013-10-04,23.32999337501826,0.18913686,34.60493786260486,0,277,2013,10
2013-10-05,23.069993380829715,0.6393895,34.60951563902199,0,278,2013,10
2013-10-06,22.96999338306489,0.4873104,34.61104156449437,0,279,2013,10
2013-10-07,22.73999338820579,0.33701405,34.61561934091151,0,280,2013,10
2013-10-08,22.649993390217446,0.3152718,34.61561934091151,0,281,2013,10
2013-10-09,22.809993386641167,0.5094613,34.61409341543913,0,282,2013,10
2013-10-10,22.729993388429307,0.47848916,34.62630081921816,0,283,2013,10
2013-10-11,22.789993387088202,0.34951594,34.63698229752481,0,284,2013,10
2013-10-12,22.989993382617854,0.46750087,34.64613785035908,0,285,2013,10
2013-10-13,23.259993376582884,0.55489093,34.6522415522486,0,286,2013,10
2013-10-14,23.16999337859454,0.70295763,34.64918970130384,0,287,2013,10
2013-10-15,23.109993379935645,0.4169091,34.63393044658005,0,288,2013,10
2013-10-16,23.189993378147506,0.5607591,34.63545637205243,0,289,2013,10
2013-10-17,23.469993371889018,0.44780824,34.68123413622379,0,290,2013,10
2013-10-18,23.389993373677157,0.2066898,34.70870079472661,0,291,2013,10
2013-10-19,23.689993366971635,0.2103127,34.69344154000282,0,292,2013,10
2013-10-20,23.659993367642187,0.21026808,34.68733783811331,0,293,2013,10
2013-10-21,23.769993365183495,0.42245543,34.69344154000282,0,294,2013,10
2013-10-22,24.089993358030938,0.25072685,34.69344154000282,0,295,2013,10
2013-10-23,24.13999335691335,0.16693386,34.6949674654752,0,296,2013,10
2013-10-24,24.039993359148525,0.21385008,34.713278571143746,0,297,2013,10
2013-10-25,24.029993359372043,0.26798007,34.7239600494504,0,298,2013,10
2013-10-26,24.12999335713687,0.28216934,34.73158967681229,0,299,2013,10
2013-10-27,23.82999336384239,0.20790441,34.7453230060637,0,300,2013,10
2013-10-28,23.809993364289426,0.3354675,34.75447855889797,0,301,2013,10
2013-10-29,24.119993357360386,0.3315672,34.763634111732244,0,302,2013,10
2013-10-30,24.259993354231142,0.2281364,34.76821188814938,0,303,2013,10
2013-10-31,24.279993353784107,0.18704653,34.766685962677,0,304,2013,10
2013-11-01,24.20999335534873,0.15840755,34.76821188814938,0,305,2013,11
2013-11-02,24.229993354901694,0.173494,34.76058226078749,0,306,2013,11
2013-11-03,24.269993354007624,0.25124937,34.7453230060637,0,307,2013,11
2013-11-04,24.17999335601928,0.21439795,34.74074522964656,0,308,2013,11
2013-11-05,23.97999336048963,0.2275088,34.749900782480836,0,309,2013,11
2013-11-06,23.769993365183495,0.4192282,34.749900782480836,0,310,2013,11
2013-11-07,23.839993363618873,0.34249705,34.73158967681229,0,311,2013,11
2013-11-08,23.989993360266112,0.25627723,34.70717486925423,0,312,2013,11
2013-11-09,24.269993354007624,0.16468175,34.69344154000282,0,313,2013,11
2013-11-10,24.549993347749137,0.12430552,34.691915614530444,0,314,2013,11
2013-11-11,24.729993343725823,0.12430552,34.71175264567137,0,315,2013,11
2013-11-12,24.259993354231142,0.17340082,34.73616745322943,0,316,2013,11
2013-11-13,24.32999335266652,0.17761672,34.75295263342559,0,317,2013,11
2013-11-14,24.349993352219485,0.23725824,34.766685962677,0,318,2013,11
2013-11-15,24.549993347749137,0.19660833,34.77736744098365,0,319,2013,11
2013-11-16,24.959993338584923,0.19632831,34.76821188814938,0,320,2013,11
2013-11-17,25.089993335679196,0.15333502,34.75447855889797,0,321,2013,11
2013-11-18,25.089993335679196,0.21955791,34.762108186259866,0,322,2013,11
2013-11-19,25.079993335902714,0.19737771,34.76058226078749,0,323,2013,11
2013-11-20,24.879993340373062,0.15296748,34.76058226078749,0,324,2013,11
2013-11-21,24.849993341043614,0.152343,34.766685962677,0,325,2013,11
2013-11-22,24.739993343502306,0.14341606,34.77126373909414,0,326,2013,11
2013-11-23,24.569993347302102,0.1569411,34.76973781362176,0,327,2013,11
2013-11-24,24.36999335177245,0.17374007,34.76821188814938,0,328,2013,11
2013-11-25,24.069993358477973,0.14912258,34.774315590038896,0,329,2013,11
2013-11-26,23.879993362724804,0.14838067,34.78194521740079,0,330,2013,11
2013-11-27,23.78999336473646,0.14843358,34.79720447212458,0,331,2013,11
2013-11-28,23.809993364289426,0.14088063,34.80788595043123,0,332,2013,11
2013-11-29,23.809993364289426,0.12563169,34.810937801375985,0,333,2013,11
2013-11-30,23.529993370547913,0.24600534,34.8170415032655,0,334,2013,11
2013-12-01,23.32999337501826,0.17590937,34.82619705609977,0,335,2013,12
2013-12-02,23.43999337255957,0.18568487,34.836878534406424,0,336,2013,12
2013-12-03,23.649993367865704,0.13044146,34.85061186365783,0,337,2013,12
2013-12-04,24.039993359148525,0.1376983,34.871974820271134,0,338,2013,12
2013-12-05,24.86999334059658,0.12049624,34.89333777688444,0,339,2013,12
2013-12-06,25.10999333523216,0.119645774,34.920804435387254,0,340,2013,12
2013-12-07,25.06999333612623,0.11951868,34.91622665897012,0,341,2013,12
2013-12-08,24.739993343502306,0.122846805,34.82009335421026,0,342,2013,12
2013-12-09,24.43999335020783,0.22786666,34.81551557779312,0,343,2013,12
2013-12-10,24.539993347972654,0.2227896,34.833826683461666,0,344,2013,12
2013-12-11,24.959993338584923,0.18684155,34.8384044598788,0,345,2013,12
2013-12-12,25.129993334785127,0.109309904,34.82009335421026,0,346,2013,12
2013-12-13,25.079993335902714,0.109309904,34.79415262117982,0,347,2013,12
2013-12-14,25.619993323832773,0.20323808,34.77736744098365,0,348,2013,12
2013-12-15,25.83999331891539,0.1689793,34.78499706834555,0,349,2013,12
2013-12-16,25.739993321150564,0.17012745,34.775841515511274,0,350,2013,12
2013-12-17,25.579993324726843,0.22948374,34.762108186259866,0,351,2013,12
2013-12-18,25.4899933267385,0.22948374,34.7453230060637,0,352,2013,12
2013-12-19,24.90999333970251,0.18123846,34.72090819850564,0,353,2013,12
2013-12-20,24.389993351325415,0.29942155,34.69801931641996,0,354,2013,12
2013-12-21,24.359993351995968,0.2784814,34.6949674654752,0,355,2013,12
2013-12-22,24.339993352443003,0.21889126,34.69954524189234,0,356,2013,12
2013-12-23,24.319993352890037,0.21976261,34.714804496616125,0,357,2013,12
2013-12-24,24.83999334126713,0.16950531,34.725485974922776,0,358,2013,12
2013-12-25,25.589993324503325,0.17033948,34.716330422088504,0,359,2013,12
2013-12-26,25.519993326067947,0.1729,34.70564894378185,0,360,2013,12
2013-12-27,25.269993331655883,0.3401284,34.679708210751414,0,361,2013,12
2013-12-28,25.129993334785127,0.57538265,34.67055265791714,0,362,2013,12
2013-12-29,25.159993334114574,0.57538265,34.679708210751414,0,363,2013,12
2013-12-30,25.319993330538296,0.57538265,34.66139710508287,0,364,2013,12
2013-12-31,25.329993330314778,0.40033236,34.63698229752481,0,365,2013,12
2014-01-01,24.63999334573748,0.40033314,34.630878595635295,0,1,2014,1
2014-01-02,24.699993344396376,0.5531896,34.629352670162916,0,2,2014,1
2014-01-03,25.05999333634975,0.46991825,34.62630081921816,0,3,2014,1
2014-01-04,25.779993320256494,0.19472285,34.65834525413811,0,4,2014,1
2014-01-05,26.319993308186554,0.13730407,34.665974881500006,0,5,2014,1
2014-01-06,26.669993300363444,0.1412793,34.64613785035908,0,6,2014,1
2014-01-07,26.179993311315798,0.10984356,34.64766377583146,0,7,2014,1
2014-01-08,25.669993322715186,0.10911284,34.67207858338952,0,8,2014,1
2014-01-09,25.859993318468355,0.57673174,34.66902673244476,0,9,2014,1
2014-01-10,25.979993315786146,0.48329487,34.65834525413811,0,10,2014,1
2014-01-11,26.49999330416324,0.15381223,34.716330422088504,0,11,2014,1
2014-01-12,27.749993276223563,0.15308519,34.71175264567137,0,12,2014,1
2014-01-13,26.449993305280827,0.17167073,34.6736045088619,0,13,2014,1
2014-01-14,26.169993311539315,0.2829874,34.61256748996675,0,14,2014,1
2014-01-15,25.859993318468355,0.5236407,34.5728934276849,0,15,2014,1
2014-01-16,25.52999332584443,0.709454,34.57747120410204,0,16,2014,1
2014-01-17,25.289993331208848,0.25573838,34.59273045882583,0,17,2014,1
2014-01-18,25.09999333545568,0.2760141,34.606463788077235,0,18,2014,1
2014-01-19,25.209993332996987,0.19767311,34.6232489682734,0,19,2014,1
2014-01-20,25.359993329644226,0.1866975,34.63698229752481,0,20,2014,1
2014-01-21,25.669993322715186,0.18294418,34.641560073941946,0,21,2014,1
2014-01-22,25.36999332942071,0.19360974,34.65834525413811,0,22,2014,1
2014-01-23,25.269993331655883,0.20789163,34.68886376358569,0,23,2014,1
2014-01-24,25.45999332740905,0.19943984,34.69801931641996,0,24,2014,1
2014-01-25,25.499993326514982,0.19671671,34.725485974922776,0,25,2014,1
2014-01-26,25.709993321821116,0.18884069,34.71785634756088,0,26,2014,1
2014-01-27,25.869993318244838,0.1757597,34.655293403193355,0,27,2014,1
2014-01-28,26.009993315115594,0.18279219,34.66444895602763,0,28,2014,1
2014-01-29,26.10999331288042,0.18308063,34.75295263342559,0,29,2014,1
2014-01-30,26.159993311762832,0.18852359,34.702597092837095,0,30,2014,1
2014-01-31,26.14999331198635,0.20798075,34.70870079472661,0,31,2014,1
2014-02-01,26.139993312209867,0.22529045,34.70107116736472,0,32,2014,2
2014-02-02,26.99999329298737,0.25733125,34.704123018309474,0,33,2014,2
2014-02-03,27.049993291869782,0.2403207,34.6949674654752,0,34,2014,2
2014-02-04,27.23999328762295,0.24164772,34.66292303055525,0,35,2014,2
2014-02-05,27.979993271082662,0.28170153,34.57594527862966,0,36,2014,2
2014-02-06,28.019993270188593,0.2758049,34.485915675759315,0,37,2014,2
2014-02-07,26.719993299245857,0.22260967,34.485915675759315,0,38,2014,2
2014-02-08,26.669993300363444,0.36677462,34.629352670162916,0,39,2014,2
2014-02-09,26.599993301928066,0.37891012,34.68733783811331,0,40,2014,2
2014-02-10,26.399993306398414,0.30179197,34.68886376358569,0,41,2014,2
2014-02-11,26.49999330416324,0.30177996,34.716330422088504,0,42,2014,2
2014-02-12,26.06999331377449,0.36885786,34.73006375133991,0,43,2014,2
2014-02-13,25.859993318468355,0.5165528,34.716330422088504,0,44,2014,2
2014-02-14,25.87999331802132,0.40781096,34.70107116736472,0,45,2014,2
2014-02-15,26.449993305280827,0.4342025,34.73464152775705,0,46,2014,2
2014-02-16,27.409993283823155,0.1506188,34.80636002495885,0,47,2014,2
2014-02-17,27.399993284046673,0.12218166,34.800256323069334,0,48,2014,2
2014-02-18,26.96999329365792,0.1499335,34.75295263342559,0,49,2014,2
2014-02-19,26.91999329477551,0.14646113,34.678182285279036,0,50,2014,2
2014-02-20,27.679993277788185,0.129902,34.60036008618772,0,51,2014,2
2014-02-21,27.96999327130618,0.13063222,34.64918970130384,0,52,2014,2
2014-02-22,27.369993284717225,0.19740897,34.751426707953215,0,53,2014,2
2014-02-23,27.319993285834812,0.13777082,34.77278966456652,0,54,2014,2
2014-02-24,27.22999328784647,0.13634683,34.75600448437035,0,55,2014,2
2014-02-25,27.649993278458737,0.13693048,34.73006375133991,0,56,2014,2
2014-02-26,28.289993264153622,0.12040716,34.69344154000282,0,57,2014,2
2014-02-27,28.15999326705935,0.13360551,34.632404521107674,0,58,2014,2
2014-02-28,27.999993270635628,0.13447118,34.5805230550468,0,59,2014,2
2014-03-01,27.92999327220025,0.2415813,34.524063812568784,0,60,2014,3
2014-03-02,28.16999326683583,0.14069667,34.53932306729257,0,61,2014,3
2014-03-03,27.459993282705568,0.13557453,34.59273045882583,0,62,2014,3
2014-03-04,27.169993289187573,0.23664007,34.6522415522486,0,63,2014,3
2014-03-05,27.379993284493708,0.24302155,34.67207858338952,0,64,2014,3
2014-03-06,27.92999327220025,0.16411862,34.68123413622379,0,65,2014,3
2014-03-07,27.919993272423767,0.101599395,34.702597092837095,0,66,2014,3
2014-03-08,27.799993275105976,0.25674146,34.70717486925423,0,67,2014,3
2014-03-09,27.679993277788185,0.2581551,34.643085999414325,0,68,2014,3
2014-03-10,27.77999327555301,0.23658857,34.559160098433495,0,69,2014,3
2014-03-11,27.92999327220025,0.25802225,34.583574905991554,0,70,2014,3
2014-03-12,27.96999327130618,0.19494815,34.595782309770584,0,71,2014,3
2014-03-13,28.07999326884749,0.19543716,34.617145266383886,0,72,2014,3
2014-03-14,27.989993270859145,0.32428423,34.67665635980666,0,73,2014,3
2014-03-15,27.789993275329493,0.30900797,34.713278571143746,0,74,2014,3
2014-03-16,27.879993273317837,0.15876055,34.739219304174185,0,75,2014,3
2014-03-17,28.219993265718244,0.18556368,34.76058226078749,0,76,2014,3
2014-03-18,28.189993266388797,0.17362882,34.76821188814938,0,77,2014,3
2014-03-19,27.869993273541354,0.16771062,34.77889336645603,0,78,2014,3
2014-03-20,27.8999932728708,0.20774822,34.79720447212458,0,79,2014,3
2014-03-21,27.909993272647284,0.15626773,34.83077483251691,0,80,2014,3
2014-03-22,28.069993269071006,0.14496318,34.82924890704453,0,81,2014,3
2014-03-23,28.679993255436443,0.11277152,34.788048919290304,0,82,2014,3
2014-03-24,29.389993239566707,0.24169071,34.800256323069334,0,83,2014,3
2014-03-25,29.40999323911967,0.14688964,34.82009335421026,0,84,2014,3
2014-03-26,29.20999324359002,0.13372968,34.8384044598788,0,85,2014,3
2014-03-27,29.109993245825194,0.1901751,34.858241491019726,0,86,2014,3
2014-03-28,28.73999325409534,0.20556188,34.86129334196448,0,87,2014,3
2014-03-29,28.77999325320127,0.2560502,34.8384044598788,0,88,2014,3
2014-03-30,28.85999325141313,0.28954458,34.85366371460259,0,89,2014,3
2014-03-31,28.759993253648304,0.35050303,34.87502667121589,0,90,2014,3
2014-04-01,27.829993274435424,0.33339953,34.89028592593968,0,91,2014,4
2014-04-02,27.80999327488246,0.41975603,34.907071106135845,0,92,2014,4
2014-04-03,27.649993278458737,0.24156946,34.90249332971871,0,93,2014,4
2014-04-04,27.439993283152603,0.2649002,34.896389627829194,0,94,2014,4
2014-04-05,27.50999328158798,0.22922465,34.8887600004673,0,95,2014,4
2014-04-06,27.22999328784647,0.16467963,34.87350074574351,0,96,2014,4
2014-04-07,27.2699932869524,0.17225157,34.85366371460259,0,97,2014,4
2014-04-08,27.19999328851702,0.32977423,34.84145631082356,0,98,2014,4
2014-04-09,27.15999328941109,0.43518725,34.85213778913021,0,99,2014,4
2014-04-10,28.069993269071006,0.21662624,34.86892296932638,0,100,2014,4
2014-04-11,28.519993259012722,0.18664126,34.87960444763303,0,101,2014,4
2014-04-12,28.85999325141313,0.11350259,34.87655259668827,0,102,2014,4
2014-04-13,28.909993250295543,0.10413393,34.87350074574351,0,103,2014,4
2014-04-14,28.93999324962499,0.09342096,34.859767416492105,0,104,2014,4
2014-04-15,28.999993248283886,0.09467333,34.84298223629594,0,105,2014,4
2014-04-16,28.829993252083682,0.10435453,34.82924890704453,0,106,2014,4
2014-04-17,28.66999325565996,0.09017583,34.78957484476268,0,107,2014,4
2014-04-18,28.719993254542374,0.121739134,34.774315590038896,0,108,2014,4
2014-04-19,28.889993250742577,0.104515,34.763634111732244,0,109,2014,4
2014-04-20,28.409993261471413,0.16660066,34.73006375133991,0,110,2014,4
2014-04-21,27.879993273317837,0.3388709,34.68276006169617,0,111,2014,4
2014-04-22,27.709993277117633,0.2895057,34.66444895602763,0,112,2014,4
2014-04-23,27.69999327734115,0.19003905,34.6522415522486,0,113,2014,4
2014-04-24,27.77999327555301,0.20821229,34.595782309770584,0,114,2014,4
2014-04-25,27.919993272423767,0.20540696,34.536271216347814,0,115,2014,4
2014-04-26,27.829993274435424,0.25695574,34.510330483317375,0,116,2014,4
2014-04-27,27.999993270635628,0.26392016,34.51338233426213,0,117,2014,4
2014-04-28,27.979993271082662,0.25184208,34.533219365403056,0,118,2014,4
2014-04-29,27.919993272423767,0.39246264,34.57899712957442,0,119,2014,4
2014-04-30,27.299993286281847,0.39831117,34.59273045882583,0,120,2014,4
2014-05-01,27.27999328672888,0.33946007,34.58815268240869,0,121,2014,5
2014-05-02,27.219993288069986,0.33931667,34.56678972579539,0,122,2014,5
2014-05-03,27.219993288069986,0.34102967,34.58967860788107,0,123,2014,5
2014-05-04,27.259993287175917,0.17633085,34.52864158898592,0,124,2014,5
2014-05-05,27.58999327979984,0.17986038,34.45692309178412,0,125,2014,5
2014-05-06,28.019993270188593,0.18469867,34.414197178557515,0,126,2014,5
2014-05-07,28.069993269071006,0.19977564,34.32416757568717,0,127,2014,5
2014-05-08,27.359993284940742,0.19848226,34.31043424643576,0,128,2014,5
2014-05-09,27.2699932869524,0.36833107,34.32569350115955,0,129,2014,5
2014-05-10,27.259993287175917,0.49274415,34.39283422194421,0,130,2014,5
2014-05-11,27.2699932869524,0.25669658,34.426404582336545,0,131,2014,5
2014-05-12,27.329993285611295,0.22415888,34.440137911587954,0,132,2014,5
2014-05-13,27.34999328516426,0.2688272,34.44776753894985,0,133,2014,5
2014-05-14,27.299993286281847,0.2667483,34.449293464422226,0,134,2014,5
2014-05-15,27.27999328672888,0.24152683,34.427930507808924,0,135,2014,5
2014-05-16,27.319993285834812,0.24152683,34.427930507808924,1,136,2014,5
2014-05-17,27.27999328672888,0.37028763,34.44471568800509,0,137,2014,5
2014-05-18,27.57999328002336,0.46018606,34.45997494272888,0,138,2014,5
2014-05-19,27.65999327823522,0.18646698,34.47065642103553,0,139,2014,5
2014-05-20,27.57999328002336,0.31999728,34.48286382481456,0,140,2014,5
2014-05-21,27.609993279352807,0.1686904,34.51338233426213,0,141,2014,5
2014-05-22,27.649993278458737,0.18540132,34.55000454559922,0,142,2014,5
2014-05-23,27.58999327979984,0.19435765,34.57899712957442,0,143,2014,5
2014-05-24,27.419993283599638,0.19197524,34.594256384298205,0,144,2014,5
2014-05-25,27.30999328605833,0.234768,34.61256748996675,0,145,2014,5
2014-05-26,27.139993289858126,0.13792296,34.65071562677622,0,146,2014,5
2014-05-27,27.07999329119923,0.31783676,34.678182285279036,0,147,2014,5
2014-05-28,27.23999328762295,0.21336916,34.6736045088619,0,148,2014,5
2014-05-29,27.2699932869524,0.24281968,34.665974881500006,0,149,2014,5
2014-05-30,27.209993288293504,0.2853303,34.62630081921816,0,150,2014,5
2014-05-31,27.15999328941109,0.25215,34.56831565126777,0,151,2014,5
2014-06-01,27.15999328941109,0.4364254,34.536271216347814,0,152,2014,6
2014-06-02,26.749993298575305,0.4094663,34.51490825973451,0,153,2014,6
2014-06-03,26.529993303492688,0.45117578,34.49049345217645,0,154,2014,6
2014-06-04,26.389993306621932,0.44985437,34.44776753894985,0,155,2014,6
2014-06-05,26.449993305280827,0.74882156,34.40961940214038,0,156,2014,6
2014-06-06,26.41999330595138,0.758399,34.33790090493858,0,157,2014,6
2014-06-07,26.389993306621932,0.44354123,34.221930569037795,0,158,2014,6
2014-06-08,26.199993310868763,0.44354123,34.199041686952114,0,159,2014,6
2014-06-09,26.079993313550972,0.3095641,34.20514538884163,0,160,2014,6
2014-06-10,26.33999330773952,0.38319424,34.37604904174805,0,161,2014,6
2014-06-11,26.29999330863359,0.63232493,34.35163423418999,0,162,2014,6
2014-06-12,26.199993310868763,0.5025454,34.32416757568717,0,163,2014,6
2014-06-13,26.03999331444504,0.5732312,34.38367866910994,0,164,2014,6
2014-06-14,25.929993316903733,0.6671481,34.44318976253271,0,165,2014,6
2014-06-15,25.779993320256494,0.4936291,34.44166383706033,0,166,2014,6
2014-06-16,25.629993323609256,0.48554277,34.44624161347747,0,167,2014,6
2014-06-17,25.67999332249167,0.6252855,34.47828604839742,0,168,2014,6
2014-06-18,25.709993321821116,0.31078315,34.46913049556315,0,169,2014,6
2014-06-19,25.56999332495036,0.45892718,34.43098235875368,0,170,2014,6
2014-06-20,25.399993328750156,0.590696,34.5011749304831,0,171,2014,6
2014-06-21,25.309993330761813,0.542148,34.49659715406597,0,172,2014,6
2014-06-22,25.21999333277347,0.542148,34.46607864461839,0,173,2014,6
2014-06-23,25.049993336573266,0.30030024,34.473708271980286,0,174,2014,6
2014-06-24,25.009993337467336,0.30069092,34.49354530312121,0,175,2014,6
2014-06-25,24.919993339478992,0.5333317,34.524063812568784,0,176,2014,6
2014-06-26,25.169993333891057,0.44742274,34.53169343993068,0,177,2014,6
2014-06-27,25.33999333009126,0.53675,34.54847862012684,0,178,2014,6
2014-06-28,25.359993329644226,0.4186997,34.5728934276849,0,179,2014,6
2014-06-29,25.14999333433809,0.39151824,34.59883416071534,0,180,2014,6
2014-06-30,25.159993334114574,0.47293335,34.54237491823733,0,181,2014,6
2014-07-01,24.779993342608236,0.32965592,34.51643418520689,0,182,2014,7
2014-07-02,24.83999334126713,0.3040653,34.5515304710716,0,183,2014,7
2014-07-03,24.879993340373062,0.2630526,34.606463788077235,1,184,2014,7
2014-07-04,24.82999334149065,0.46812332,34.57899712957442,0,185,2014,7
2014-07-05,24.71999334394934,0.44408453,34.55000454559922,1,186,2014,7
2014-07-06,24.569993347302102,0.26420563,34.55610824748874,0,187,2014,7
2014-07-07,24.51999334841969,0.27677542,34.55305639654398,0,188,2014,7
2014-07-08,24.47999334931376,0.24100782,34.56221194937825,0,189,2014,7
2014-07-09,24.419993350654863,0.27035823,34.5728934276849,0,190,2014,7
2014-07-10,24.239993354678177,0.36619082,34.57747120410204,0,191,2014,7
2014-07-11,24.109993357583903,0.306812,34.582048980519176,0,192,2014,7
2014-07-12,24.01999335959556,0.26933062,34.59120453335345,0,193,2014,7
2014-07-13,23.959993360936664,0.26339766,34.60493786260486,0,194,2014,7
2014-07-14,23.989993360266112,0.2899838,34.620197117328644,0,195,2014,7
2014-07-15,24.05999335870149,0.22018404,34.629352670162916,0,196,2014,7
2014-07-16,24.049993358925008,0.30358148,34.629352670162916,0,197,2014,7
2014-07-17,23.959993360936664,0.2733023,34.620197117328644,0,198,2014,7
2014-07-18,24.029993359372043,0.2214394,34.67665635980666,0,199,2014,7
2014-07-19,24.039993359148525,0.22507946,34.74074522964656,0,200,2014,7
2014-07-20,24.069993358477973,0.27276927,34.716330422088504,0,201,2014,7
2014-07-21,23.86999336294832,0.2773395,34.73006375133991,0,202,2014,7
2014-07-22,23.729993366077565,0.34667212,34.812463726848364,0,203,2014,7
2014-07-23,23.609993368759774,0.49282306,34.809411875903606,0,204,2014,7
2014-07-24,23.379993373900675,0.40650585,34.79415262117982,0,205,2014,7
2014-07-25,23.419993373006605,0.34516525,34.79262669570744,0,206,2014,7
2014-07-26,23.9399933613837,0.2960061,34.80178224854171,0,207,2014,7
2014-07-27,23.97999336048963,0.43038377,34.836878534406424,0,208,2014,7
2014-07-28,23.879993362724804,0.31442654,34.7956785466522,0,209,2014,7
2014-07-29,23.839993363618873,0.28926426,34.78194521740079,0,210,2014,7
2014-07-30,23.699993366748117,0.29326847,34.775841515511274,0,211,2014,7
2014-07-31,23.729993366077565,0.33158493,34.75753040984273,0,212,2014,7
2014-08-01,23.729993366077565,0.3609136,34.74227115511894,0,213,2014,8
2014-08-02,23.769993365183495,0.2001046,34.73006375133991,0,214,2014,8
2014-08-03,23.759993365407013,0.1906148,34.725485974922776,0,215,2014,8
2014-08-04,23.78999336473646,0.29956394,34.73158967681229,0,216,2014,8
2014-08-05,23.699993366748117,0.40277532,34.75600448437035,0,217,2014,8
2014-08-06,23.679993367195152,0.2552921,34.71175264567137,0,218,2014,8
2014-08-07,23.679993367195152,0.24601673,34.70107116736472,0,219,2014,8
2014-08-08,23.729993366077565,0.26814023,34.73616745322943,0,220,2014,8
2014-08-09,23.959993360936664,0.21491244,34.714804496616125,0,221,2014,8
2014-08-10,24.069993358477973,0.23601729,34.70870079472661,0,222,2014,8
2014-08-11,24.079993358254455,0.19145574,34.704123018309474,0,223,2014,8
2014-08-12,23.989993360266112,0.1849532,34.69649339094758,0,224,2014,8
2014-08-13,23.839993363618873,0.18765458,34.6949674654752,0,225,2014,8
2014-08-14,23.739993365854048,0.22001766,34.6736045088619,0,226,2014,8
2014-08-15,23.609993368759774,0.23182635,34.68428598716855,0,227,2014,8
2014-08-16,23.50999337099495,0.28209245,34.690389689058065,0,228,2014,8
2014-08-17,23.499993371218466,0.34470287,34.73006375133991,0,229,2014,8
2014-08-18,23.619993368536257,0.23731497,34.75905633531511,0,230,2014,8
2014-08-19,23.62999336831274,0.2523946,34.766685962677,0,231,2014,8
2014-08-20,23.699993366748117,0.266717,34.751426707953215,0,232,2014,8
2014-08-21,23.799993364512943,0.21668006,34.704123018309474,0,233,2014,8
2014-08-22,23.799993364512943,0.21917456,34.69344154000282,0,234,2014,8
2014-08-23,23.719993366301082,0.24251081,34.70717486925423,0,235,2014,8
2014-08-24,23.78999336473646,0.21029197,34.71175264567137,0,236,2014,8
2014-08-25,23.89999336227777,0.17942882,34.716330422088504,0,237,2014,8
2014-08-26,23.989993360266112,0.1709062,34.71938227303326,0,238,2014,8
2014-08-27,24.009993359819077,0.15100603,34.72243412397802,0,239,2014,8
2014-08-28,23.759993365407013,0.14854428,34.727011900395155,0,240,2014,8
2014-08-29,23.86999336294832,0.15407486,34.73006375133991,0,241,2014,8
2014-08-30,23.929993361607217,0.17509535,34.73006375133991,0,242,2014,8
2014-08-31,23.9399933613837,0.16223975,34.728537825867534,0,243,2014,8
2014-09-01,23.81999336406591,0.16480303,34.728537825867534,0,244,2014,9
2014-09-02,23.769993365183495,0.2110513,34.7239600494504,0,245,2014,9
2014-09-03,23.90999336205425,0.14950585,34.71938227303326,0,246,2014,9
2014-09-04,24.09999335780742,0.14233746,34.70717486925423,0,247,2014,9
2014-09-05,24.24999335445466,0.12156788,34.70107116736472,0,248,2014,9
2014-09-06,24.279993353784107,0.12299903,34.70107116736472,0,249,2014,9
2014-09-07,24.21999335512521,0.10690575,34.702597092837095,0,250,2014,9
2014-09-08,24.119993357360386,0.122161105,34.70107116736472,0,251,2014,9
2014-09-09,23.999993360042595,0.14303541,34.70717486925423,0,252,2014,9
2014-09-10,23.919993361830734,0.15196683,34.713278571143746,0,253,2014,9
2014-09-11,23.799993364512943,0.17668651,34.71938227303326,0,254,2014,9
2014-09-12,23.759993365407013,0.15126929,34.73158967681229,0,255,2014,9
2014-09-13,23.889993362501286,0.14451176,34.737693378701806,0,256,2014,9
2014-09-14,23.969993360713147,0.14109369,34.74837485700846,0,257,2014,9
2014-09-15,23.989993360266112,0.13243778,34.75905633531511,0,258,2014,9
2014-09-16,24.039993359148525,0.1183386,34.76516003720462,0,259,2014,9
2014-09-17,23.799993364512943,0.106619686,34.762108186259866,0,260,2014,9
2014-09-18,23.78999336473646,0.16565467,34.76058226078749,0,261,2014,9
2014-09-19,23.779993364959978,0.12769738,34.75447855889797,0,262,2014,9
2014-09-20,23.759993365407013,0.12270191,34.725485974922776,0,263,2014,9
2014-09-21,23.55999336987736,0.122855105,34.71938227303326,0,264,2014,9
2014-09-22,23.489993371441983,0.263083,34.80330817401409,0,265,2014,9
2014-09-23,23.469993371889018,0.2519943,34.823145205155015,0,266,2014,9
2014-09-24,23.389993373677157,0.1505801,34.77278966456652,0,267,2014,9
2014-09-25,23.499993371218466,0.1243132,34.78957484476268,0,268,2014,9
2014-09-26,23.659993367642187,0.16831459,34.846034087240696,0,269,2014,9
2014-09-27,23.59999336898329,0.16831459,34.884182224050164,0,270,2014,9
2014-09-28,23.429993372783088,0.19571957,34.93453776463866,0,271,2014,9
2014-09-29,23.449993372336053,0.26207253,34.94979701936245,0,272,2014,9
2014-09-30,23.529993370547913,0.39108592,34.955900721251965,0,273,2014,9
2014-10-01,23.719993366301082,0.19757175,34.95742664672434,0,274,2014,10
2014-10-02,23.609993368759774,0.20159943,34.955900721251965,0,275,2014,10
2014-10-03,23.459993372112535,0.28583866,34.95284887030721,0,276,2014,10
2014-10-04,23.409993373230122,0.31857213,34.954374795779586,0,277,2014,10
2014-10-05,23.419993373006605,0.13845484,34.94827109389007,0,278,2014,10
2014-10-06,23.12999337948861,0.4961113,34.94064146652818,0,279,2014,10
2014-10-07,23.079993380606197,0.49223307,34.942167392000556,0,280,2014,10
2014-10-08,22.959993383288406,0.89913183,34.94674516841769,0,281,2014,10
2014-10-09,22.759993387758755,0.59688306,34.95742664672434,0,282,2014,10
2014-10-10,22.719993388652824,2.203704,34.966582199558616,0,283,2014,10
2014-10-11,22.81999338641765,0.5945871,34.97421182692051,0,284,2014,10
2014-10-12,22.909993384405993,0.14999959,34.98489330522716,0,285,2014,10
2014-10-13,22.909993384405993,0.14999959,34.99404885806143,0,286,2014,10
2014-10-14,22.799993386864685,0.18791427,35.00625626184046,0,287,2014,10
2014-10-15,22.829993386194133,0.14930823,35.01846366561949,0,288,2014,10
2014-10-16,23.149993379041575,0.15845658,35.027619218453765,0,289,2014,10
2014-10-17,23.499993371218466,0.10399941,35.01235996372998,0,290,2014,10
2014-10-18,23.419993373006605,0.106437765,34.97726367786527,0,291,2014,10
2014-10-19,23.35999337434771,0.099437706,34.95742664672434,0,292,2014,10
2014-10-20,23.499993371218466,0.169323,34.954374795779586,0,293,2014,10
2014-10-21,23.379993373900675,0.16204448,34.95132294483483,0,294,2014,10
2014-10-22,23.429993372783088,0.16043109,34.94521924294531,0,295,2014,10
2014-10-23,23.27999337613585,0.19624881,34.94064146652818,0,296,2014,10
2014-10-24,23.179993378371023,0.32211846,34.94521924294531,0,297,2014,10
2014-10-25,22.839993385970615,0.28352687,34.943693317472935,0,298,2014,10
2014-10-26,22.879993385076546,0.36072552,34.9391155410558,0,299,2014,10
2014-10-27,22.81999338641765,0.47685048,34.94064146652818,0,300,2014,10
2014-10-28,22.689993389323377,0.5295511,34.94521924294531,0,301,2014,10
2014-10-29,22.889993384853028,0.5295511,34.954374795779586,0,302,2014,10
2014-10-30,23.349993374571227,0.15478967,34.96353034861386,0,303,2014,10
2014-10-31,23.579993369430326,0.13663252,34.96200442314148,0,304,2014,10
2014-11-01,23.58999336920681,0.15122564,34.96353034861386,0,305,2014,11
2014-11-02,23.579993369430326,0.12341773,34.97115997597575,0,306,2014,11
2014-11-03,23.58999336920681,0.12341773,34.97421182692051,0,307,2014,11
2014-11-04,23.27999337613585,0.14372464,34.99557478353381,0,308,2014,11
2014-11-05,23.259993376582884,0.17001091,35.00778218731284,0,309,2014,11
2014-11-06,23.419993373006605,0.18146807,35.004730336368084,0,310,2014,11
2014-11-07,23.55999336987736,0.20157708,35.00778218731284,0,311,2014,11
2014-11-08,23.59999336898329,0.20157708,35.00625626184046,0,312,2014,11
2014-11-09,23.469993371889018,0.2617145,35.00625626184046,0,313,2014,11
2014-11-10,23.59999336898329,0.22637281,35.00778218731284,0,314,2014,11
2014-11-11,23.699993366748117,0.18623759,35.00930811278522,0,315,2014,11
2014-11-12,23.50999337099495,0.20919251,35.00778218731284,0,316,2014,11
2014-11-13,23.189993378147506,0.29210997,35.00625626184046,0,317,2014,11
2014-11-14,23.069993380829715,0.29210997,35.004730336368084,0,318,2014,11
2014-11-15,23.619993368536257,0.33672062,35.027619218453765,0,319,2014,11
2014-11-16,24.20999335534873,0.22374742,35.062715504318476,0,320,2014,11
2014-11-17,24.36999335177245,0.095576756,35.064241429790854,0,321,2014,11
2014-11-18,24.359993351995968,0.09938228,35.03067106939852,0,322,2014,11
2014-11-19,24.049993358925008,0.09938228,35.038300696760416,0,323,2014,11
2014-11-20,23.839993363618873,0.19236499,35.04593032412231,0,324,2014,11
2014-11-21,23.679993367195152,0.38347667,35.038300696760416,0,325,2014,11
2014-11-22,23.54999337010088,0.24040146,35.029145143926144,0,326,2014,11
2014-11-23,23.489993371441983,0.2660693,35.02456736750901,0,327,2014,11
2014-11-24,23.779993364959978,0.26606974,35.026093292981386,0,328,2014,11
2014-11-25,24.109993357583903,0.13311137,35.027619218453765,0,329,2014,11
2014-11-26,24.52999334819617,0.13300869,35.0321969948709,0,330,2014,11
2014-11-27,24.55999334752562,0.114795886,35.039826622232795,0,331,2014,11
2014-11-28,23.879993362724804,0.14315508,35.050508100539446,0,332,2014,11
2014-11-29,23.66999336741867,0.1716604,35.05508587695658,0,333,2014,11
2014-11-30,23.55999336987736,0.1716604,35.0535599514842,0,334,2014,11
2014-12-01,23.639993368089222,0.17181794,35.04440439864993,0,335,2014,12
2014-12-02,23.7099933665246,0.16484983,35.03524884581566,0,336,2014,12
2014-12-03,23.86999336294832,0.12843466,35.0321969948709,0,337,2014,12
2014-12-04,23.9399933613837,0.13136958,35.029145143926144,0,338,2014,12
2014-12-05,23.90999336205425,0.13136958,35.026093292981386,0,339,2014,12
2014-12-06,23.82999336384239,0.12225245,35.02151551656425,0,340,2014,12
2014-12-07,23.82999336384239,0.1219696,35.016937740147114,0,341,2014,12
2014-12-08,23.16999337859454,0.15930307,35.01235996372998,0,342,2014,12
2014-12-09,22.73999338820579,0.22223541,35.00930811278522,0,343,2014,12
2014-12-10,22.519993393123173,0.22223541,35.0108340382576,0,344,2014,12
2014-12-11,22.889993384853028,0.6074091,35.00778218731284,0,345,2014,12
2014-12-12,23.499993371218466,0.6074091,34.98641923069954,0,346,2014,12
2014-12-13,23.779993364959978,0.21241498,34.990997007116675,0,347,2014,12
2014-12-14,23.739993365854048,0.22513375,35.016937740147114,0,348,2014,12
2014-12-15,23.9399933613837,0.43601936,35.016937740147114,0,349,2014,12
2014-12-16,23.919993361830734,0.43601936,35.013885889202356,0,350,2014,12
2014-12-17,23.719993366301082,0.52186596,34.99862663447857,0,351,2014,12
2014-12-18,23.55999336987736,0.416139,34.97268590144813,0,352,2014,12
2014-12-19,23.699993366748117,0.20879962,34.95132294483483,0,353,2014,12
2014-12-20,23.86999336294832,0.19602402,34.942167392000556,0,354,2014,12
2014-12-21,23.929993361607217,0.19602402,34.94064146652818,0,355,2014,12
2014-12-22,24.079993358254455,0.24831234,34.93606369011104,0,356,2014,12
2014-12-23,24.669993345066928,0.23338416,34.92690813727677,0,357,2014,12
2014-12-24,24.709993344172858,0.1406337,34.95284887030721,0,358,2014,12
2014-12-25,24.629993345960997,0.12184302,35.052034026011825,0,359,2014,12
2014-12-26,24.48999334909024,0.12184302,35.07034513168037,0,360,2014,12
2014-12-27,26.009993315115594,0.19924241,35.076448833569884,0,361,2014,12
2014-12-28,25.899993317574285,0.20232572,35.09475993923843,0,362,2014,12
2014-12-29,25.83999331891539,0.25663698,35.07339698262513,0,363,2014,12
2014-12-30,25.599993324279808,0.19731365,35.05661180242896,0,364,2014,12
2014-12-31,25.06999333612623,0.15558903,35.02456736750901,0,365,2014,12
2015-01-01,24.78999334238472,0.15558903,34.99862663447857,0,1,2015,1
2015-01-02,24.769993342831754,0.36498198,34.96963405050337,0,2,2015,1
2015-01-03,24.82999334149065,0.3270272,34.94827109389007,0,3,2015,1
2015-01-04,25.049993336573266,0.2732677,34.93606369011104,0,4,2015,1
2015-01-05,25.319993330538296,0.17178537,34.92690813727677,0,5,2015,1
2015-01-06,25.019993337243818,0.1708205,34.91470073349774,0,6,2015,1
2015-01-07,24.959993338584923,0.17272733,34.91164888255298,0,7,2015,1
2015-01-08,24.929993339255475,0.17574848,34.931485913693905,0,8,2015,1
2015-01-09,24.979993338137888,0.30492437,34.954374795779586,0,9,2015,1
2015-01-10,25.249993332102918,0.2643979,34.98794515617192,0,10,2015,1
2015-01-11,25.29999333098533,0.2645665,35.01998959109187,0,11,2015,1
2015-01-12,25.249993332102918,0.175585,35.038300696760416,0,12,2015,1
2015-01-13,25.269993331655883,0.16492115,35.05966365337372,0,13,2015,1
2015-01-14,25.229993332549952,0.15776542,35.07187105715275,0,14,2015,1
2015-01-15,25.239993332326435,0.20900933,35.05966365337372,0,15,2015,1
2015-01-16,25.169993333891057,0.3254492,35.111545119434595,0,16,2015,1
2015-01-17,25.159993334114574,0.3254492,35.160374734550714,0,17,2015,1
2015-01-18,25.249993332102918,0.19929594,35.16495251096785,1,18,2015,1
2015-01-19,25.439993327856087,0.16777566,35.15732288360596,0,19,2015,1
2015-01-20,25.52999332584443,0.16474636,35.1542710326612,0,20,2015,1
2015-01-21,25.639993323385738,0.1568107,35.196996945887804,0,21,2015,1
2015-01-22,25.67999332249167,0.14691462,35.18936731852591,0,22,2015,1
2015-01-23,25.669993322715186,0.17325036,35.16647843644023,0,23,2015,1
2015-01-24,25.629993323609256,0.16382526,35.122226597741246,0,24,2015,1
2015-01-25,25.559993325173878,0.17283423,35.050508100539446,0,25,2015,1
2015-01-26,24.769993342831754,0.35505396,35.04745624959469,0,26,2015,1
2015-01-27,24.729993343725823,0.35508367,35.09323401376605,0,27,2015,1
2015-01-28,24.7999933421612,0.22173491,35.14358955435455,0,28,2015,1
2015-01-29,24.889993340149545,0.23423526,35.14053770340979,0,29,2015,1
2015-01-30,25.239993332326435,0.11950866,35.11612289585173,0,30,2015,1
2015-01-31,26.289993308857106,0.11688008,35.10238956660032,0,31,2015,1
2015-02-01,26.759993298351787,0.09006771,35.087130311876535,0,32,2015,2
2015-02-02,27.049993291869782,0.08844111,35.03067106939852,0,33,2015,2
2015-02-03,26.329993307963036,0.12476967,34.90249332971871,0,34,2015,2
2015-02-04,26.37999330684545,0.15736963,34.836878534406424,0,35,2015,2
2015-02-05,26.329993307963036,0.12354975,34.907071106135845,0,36,2015,2
2015-02-06,26.33999330773952,0.1416982,34.99710070900619,0,37,2015,2
2015-02-07,26.22999331019821,0.13556299,35.00167848542333,0,38,2015,2
2015-02-08,26.369993307068967,0.11990731,35.04898217506707,0,39,2015,2
2015-02-09,26.429993305727862,0.13356066,35.10849326848984,0,40,2015,2
2015-02-10,26.549993303045653,0.14433928,35.09018216282129,0,41,2015,2
2015-02-11,26.899993295222544,0.13103339,35.052034026011825,0,42,2015,2
2015-02-12,26.939993294328474,0.12910789,35.158848809078336,0,43,2015,2
2015-02-13,27.18999328874054,0.23222564,35.16953028738499,0,44,2015,2
2015-02-14,27.2699932869524,0.17404348,35.11764882132411,0,45,2015,2
2015-02-15,27.289993286505364,0.13545263,35.04898217506707,0,46,2015,2
2015-02-16,27.65999327823522,0.12130443,34.990997007116675,0,47,2015,2
2015-02-17,27.609993279352807,0.115936786,34.894863702356815,0,48,2015,2
2015-02-18,27.81999327465894,0.115936786,34.800256323069334,0,49,2015,2
2015-02-19,27.909993272647284,0.14510791,34.812463726848364,0,50,2015,2
2015-02-20,26.949993294104956,0.1273093,34.884182224050164,0,51,2015,2
2015-02-21,26.389993306621932,0.27718621,34.908597031608224,0,52,2015,2
2015-02-22,25.9499933164567,0.99917,34.89791555330157,0,53,2015,2
2015-02-23,25.279993331432365,0.65875155,34.86587111838162,0,54,2015,2
2015-02-24,25.779993320256494,0.26860592,34.84145631082356,0,55,2015,2
2015-02-25,26.119993312656902,0.25803038,34.907071106135845,0,56,2015,2
2015-02-26,26.239993309974693,0.24814603,35.00778218731284,0,57,2015,2
2015-02-27,26.489993304386758,0.20730321,35.07339698262513,0,58,2015,2
2015-02-28,26.49999330416324,0.20742622,35.110019193962216,0,59,2015,2
2015-03-01,26.679993300139927,0.16413221,35.1329080760479,0,60,2015,3
2015-03-02,27.099993290752195,0.1117771,35.12833029963076,0,61,2015,3
2015-03-03,27.19999328851702,0.13746423,35.12070067226887,0,62,2015,3
2015-03-04,27.329993285611295,0.11019158,35.09170808829367,0,63,2015,3
2015-03-05,27.369993284717225,0.109757915,35.148167330771685,0,64,2015,3
2015-03-06,27.569993280246877,0.14171723,35.07797475904226,0,65,2015,3
2015-03-07,27.569993280246877,0.147546,34.86434519290924,0,66,2015,3
2015-03-08,27.73999327644708,0.12061673,34.847560012713075,0,67,2015,3
2015-03-09,27.88999327309432,0.15491383,34.75295263342559,0,68,2015,3
2015-03-10,28.059993269294523,0.27803624,34.64918970130384,0,69,2015,3
2015-03-11,28.1299932677299,0.19444503,34.57747120410204,0,70,2015,3
2015-03-12,28.1299932677299,0.19444503,34.71785634756088,0,71,2015,3
2015-03-13,28.059993269294523,0.9298994,34.7239600494504,0,72,2015,3
2015-03-14,27.989993270859145,0.92988044,34.618671191856265,0,73,2015,3
2015-03-15,27.84999327398839,0.8287934,34.56068602390587,0,74,2015,3
2015-03-16,27.719993276894115,0.8287934,34.68581191264093,0,75,2015,3
2015-03-17,27.679993277788185,0.9162935,34.79415262117982,0,76,2015,3
2015-03-18,27.61999327912929,0.6087188,34.774315590038896,0,77,2015,3
2015-03-19,27.30999328605833,0.23038673,34.798730397596955,0,78,2015,3
2015-03-20,27.19999328851702,0.2539394,34.79720447212458,0,79,2015,3
2015-03-21,27.179993288964056,0.1980884,34.82009335421026,0,80,2015,3
2015-03-22,27.089993290975713,0.2979255,34.867397043854,0,81,2015,3
2015-03-23,26.99999329298737,0.42990154,34.88570814952254,0,82,2015,3
2015-03-24,27.479993282258533,0.19788782,34.88113037310541,0,83,2015,3
2015-03-25,27.689993277564668,0.21640955,34.882656298577785,0,84,2015,3
2015-03-26,27.609993279352807,0.25438064,34.859767416492105,0,85,2015,3
2015-03-27,27.609993279352807,0.21169268,34.81398965232074,0,86,2015,3
2015-03-28,27.629993278905772,0.22391434,34.77889336645603,0,87,2015,3
2015-03-29,27.479993282258533,0.22523843,34.751426707953215,0,88,2015,3
2015-03-30,27.799993275105976,0.38712952,34.68428598716855,0,89,2015,3
2015-03-31,27.799993275105976,0.4093404,34.524063812568784,0,90,2015,3
2015-04-01,27.829993274435424,0.56787485,34.377574967220426,0,91,2015,4
2015-04-02,27.80999327488246,0.81480694,34.29975276812911,0,92,2015,4
2015-04-03,27.989993270859145,0.8139049,34.401989774778485,0,93,2015,4
2015-04-04,28.109993268176936,0.50848246,34.379100892692804,0,94,2015,4
2015-04-05,28.23999326527121,0.27847934,34.12274541333318,0,95,2015,4
2015-04-06,28.149993267282866,0.27651605,34.02356025762856,0,96,2015,4
2015-04-07,28.139993267506384,0.23496889,34.102908382192254,0,97,2015,4
2015-04-08,28.209993265941762,0.19439654,34.06018246896565,0,98,2015,4
2015-04-09,28.659993255883478,0.16397765,33.896908443421125,0,99,2015,4
2015-04-10,28.539993258565687,0.20220718,33.823664020746946,0,100,2015,4
2015-04-11,28.689993255212926,0.23034215,33.79772328771651,0,101,2015,4
2015-04-12,28.19999326616528,0.26087487,33.88164918869734,0,102,2015,4
2015-04-13,27.799993275105976,0.6036751,34.05102691613138,0,103,2015,4
2015-04-14,27.719993276894115,0.61429733,34.209723165258765,1,104,2015,4
2015-04-15,27.879993273317837,0.6636272,34.328745352104306,0,105,2015,4
2015-04-16,27.839993274211906,0.70446384,34.36384163796902,0,106,2015,4
2015-04-17,27.799993275105976,0.3092913,34.3577379360795,0,107,2015,4
2015-04-18,27.679993277788185,0.31959397,34.510330483317375,0,108,2015,4
2015-04-19,27.649993278458737,0.27882767,34.5011749304831,0,109,2015,4
2015-04-20,27.54999328069391,0.27855465,34.150212071835995,0,110,2015,4
2015-04-21,27.61999327912929,0.24964371,33.968626940622926,0,111,2015,4
2015-04-22,27.679993277788185,0.33379522,33.87096771039069,0,112,2015,4
2015-04-23,27.759993276000046,0.33317074,33.814508467912674,0,113,2015,4
2015-04-24,27.759993276000046,0.45333973,33.79619736224413,0,114,2015,4
2015-04-25,27.80999327488246,0.34741098,33.668019622564316,0,115,2015,4
2015-04-26,27.789993275329493,0.32549116,33.58867149800062,0,116,2015,4
2015-04-27,27.759993276000046,0.19828905,33.52153077721596,0,117,2015,4
2015-04-28,27.69999327734115,0.27905077,33.52916040457785,0,118,2015,4
2015-04-29,27.649993278458737,0.28102475,33.50474559701979,0,119,2015,4
2015-04-30,27.709993277117633,0.28112563,33.38267155922949,0,120,2015,4
2015-05-01,27.69999327734115,0.3589748,33.38572341017425,0,121,2015,5
2015-05-02,26.95999329388144,0.35894167,33.08511609211564,0,122,2015,5
2015-05-03,26.839993296563648,0.5412658,33.321634540334344,0,123,2015,5
2015-05-04,26.759993298351787,0.8489769,34.138004668056965,0,124,2015,5
2015-05-05,26.669993300363444,0.60503197,34.415723104029894,1,125,2015,5
2015-05-06,26.699993299692892,0.39962658,34.45692309178412,0,126,2015,5
2015-05-07,26.679993300139927,0.41781697,34.487441601231694,0,127,2015,5
2015-05-08,26.669993300363444,0.28826067,34.53169343993068,0,128,2015,5
2015-05-09,26.60999330170455,0.27006045,34.57899712957442,0,129,2015,5
2015-05-10,26.409993306174897,0.21659473,34.620197117328644,0,130,2015,5
2015-05-11,26.30999330841007,0.18843207,34.32264165021479,0,131,2015,5
2015-05-12,26.249993309751176,0.272048,33.97320471704006,0,132,2015,5
2015-05-13,26.30999330841007,0.38816795,33.860286232084036,0,133,2015,5
2015-05-14,26.249993309751176,0.31367823,34.00067137554288,0,134,2015,5
2015-05-15,26.239993309974693,0.69848984,34.24024167470634,0,135,2015,5
2015-05-16,26.22999331019821,0.539343,33.77178255468607,0,136,2015,5
2015-05-17,26.10999331288042,0.5068521,33.477278938516974,0,137,2015,5
2015-05-18,26.089993313327454,0.45063716,33.35215304978192,0,138,2015,5
2015-05-19,26.049993314221524,0.5278586,33.37046415545046,0,139,2015,5
2015-05-20,26.049993314221524,0.50342846,33.82061216980219,0,140,2015,5
2015-05-21,25.99999331533911,0.29429907,34.13190096616745,0,141,2015,5
2015-05-22,25.889993317797803,0.32756993,34.19141205959022,0,142,2015,5
2015-05-23,25.979993315786146,0.36653718,34.23108612187207,0,143,2015,5
2015-05-24,26.019993314892076,0.33830684,34.29212314076722,0,144,2015,5
2015-05-25,26.06999331377449,0.32795024,34.305856470018625,0,145,2015,5
2015-05-26,26.019993314892076,0.29695827,34.17615280486643,0,146,2015,5
2015-05-27,25.83999331891539,0.22182955,33.58714557252824,0,147,2015,5
2015-05-28,25.869993318244838,0.25484782,33.32316046580672,0,148,2015,5
2015-05-29,25.819993319362425,0.24384183,33.52153077721596,0,149,2015,5
2015-05-30,25.7199933215976,0.33485317,33.85876030661166,0,150,2015,5
2015-05-31,25.599993324279808,0.29314628,33.835871424525976,0,151,2015,5
2015-06-01,25.539993325620912,0.34200293,33.55204928666353,5,152,2015,6
2015-06-02,25.519993326067947,0.27201194,33.58867149800062,1,153,2015,6
2015-06-03,25.579993324726843,0.3622024,33.77330848015845,0,154,2015,6
2015-06-04,25.4899933267385,0.32586154,33.9274269528687,0,155,2015,6
2015-06-05,25.33999333009126,0.43805277,34.24176760017872,0,156,2015,6
2015-06-06,25.269993331655883,0.35076305,34.485915675759315,0,157,2015,6
2015-06-07,25.309993330761813,0.35059005,34.30433054454625,0,158,2015,6
2015-06-08,25.229993332549952,0.27504784,34.162419475615025,0,159,2015,6
2015-06-09,25.13999333456161,0.28923583,34.223456494510174,0,160,2015,6
2015-06-10,25.129993334785127,0.55779624,33.97473064251244,0,161,2015,6
2015-06-11,25.169993333891057,0.5171108,33.89233066700399,0,162,2015,6
2015-06-12,25.269993331655883,0.78190786,33.96252323873341,0,163,2015,6
2015-06-13,25.29999333098533,0.5270464,33.59935297630727,0,164,2015,6
2015-06-14,25.159993334114574,0.37229025,33.739738119766116,0,165,2015,6
2015-06-15,24.929993339255475,0.3491933,34.01135285384953,0,166,2015,6
2015-06-16,24.959993338584923,0.2934544,34.30890832096338,0,167,2015,6
2015-06-17,25.0299933370203,0.30869672,34.618671191856265,0,168,2015,6
2015-06-18,24.94999333880844,0.29846355,34.68276006169617,0,169,2015,6
2015-06-19,24.83999334126713,0.24674034,34.68428598716855,0,170,2015,6
2015-06-20,25.05999333634975,0.24392839,34.68581191264093,0,171,2015,6
2015-06-21,25.2599933318794,0.22946066,34.725485974922776,0,172,2015,6
2015-06-22,25.249993332102918,0.25087386,34.76821188814938,0,173,2015,6
2015-06-23,25.14999333433809,0.24068514,34.80483409948647,0,174,2015,6
2015-06-24,24.969993338361405,0.29459316,34.85061186365783,0,175,2015,6
2015-06-25,24.959993338584923,0.3963962,34.84145631082356,0,176,2015,6
2015-06-26,24.98999333791437,0.3547482,34.70107116736472,1,177,2015,6
2015-06-27,24.90999333970251,0.38787106,34.65834525413811,0,178,2015,6
2015-06-28,24.779993342608236,0.35174406,34.69954524189234,0,179,2015,6
2015-06-29,24.649993345513963,0.23645073,34.75447855889797,0,180,2015,6
2015-06-30,24.619993346184515,0.28191522,34.75600448437035,0,181,2015,6
2015-07-01,24.629993345960997,0.32722607,34.70870079472661,0,182,2015,7
2015-07-02,24.609993346408032,0.40038657,34.6736045088619,0,183,2015,7
2015-07-03,24.499993348866724,0.43286836,34.63393044658005,0,184,2015,7
2015-07-04,24.499993348866724,0.326071,34.53169343993068,0,185,2015,7
2015-07-05,24.499993348866724,0.2679882,34.426404582336545,0,186,2015,7
2015-07-06,24.52999334819617,0.2595835,34.46455271914601,0,187,2015,7
2015-07-07,24.55999334752562,0.2503991,34.545426769182086,0,188,2015,7
2015-07-08,24.43999335020783,0.25740433,34.64766377583146,0,189,2015,7
2015-07-09,24.1699933562428,0.29627255,34.678182285279036,0,190,2015,7
2015-07-10,24.109993357583903,0.27365312,34.73158967681229,0,191,2015,7
2015-07-11,24.039993359148525,0.25086477,34.919278509914875,0,192,2015,7
2015-07-12,24.20999335534873,0.25086477,34.98641923069954,0,193,2015,7
2015-07-13,24.189993355795764,0.2496135,34.91622665897012,0,194,2015,7
2015-07-14,24.119993357360386,0.3256753,34.90554518066347,0,195,2015,7
2015-07-15,24.009993359819077,0.33002758,34.88113037310541,0,196,2015,7
2015-07-16,23.949993361160182,0.47064674,34.919278509914875,0,197,2015,7
2015-07-17,23.999993360042595,0.47021917,34.90554518066347,0,198,2015,7
2015-07-18,24.029993359372043,0.495353,34.90249332971871,0,199,2015,7
2015-07-19,23.919993361830734,0.66681015,34.8887600004673,0,200,2015,7
2015-07-20,23.78999336473646,0.5988237,34.894863702356815,0,201,2015,7
2015-07-21,23.7099933665246,0.3483198,34.88723407499492,0,202,2015,7
2015-07-22,23.59999336898329,0.35741046,34.882656298577785,0,203,2015,7
2015-07-23,23.459993372112535,0.36093146,34.894863702356815,1,204,2015,7
2015-07-24,23.539993370324396,0.36097068,34.89791555330157,0,205,2015,7
2015-07-25,23.55999336987736,0.3664881,34.90096740424633,0,206,2015,7
2015-07-26,23.609993368759774,0.3664881,34.90401925519109,0,207,2015,7
2015-07-27,23.639993368089222,0.42344636,34.907071106135845,0,208,2015,7
2015-07-28,23.659993367642187,0.4333483,34.91317480802536,0,209,2015,7
2015-07-29,23.659993367642187,0.33825886,34.91470073349774,0,210,2015,7
2015-07-30,23.769993365183495,0.23396374,34.91470073349774,0,211,2015,7
2015-07-31,23.58999336920681,0.19086602,34.91470073349774,0,212,2015,7
2015-08-01,23.529993370547913,0.27395082,34.91622665897012,0,213,2015,8
2015-08-02,23.449993372336053,0.3315606,34.920804435387254,0,214,2015,8
2015-08-03,23.379993373900675,0.28753108,34.929959988221526,0,215,2015,8
2015-08-04,23.419993373006605,0.20374517,34.929959988221526,0,216,2015,8
2015-08-05,23.459993372112535,0.12639298,34.88570814952254,0,217,2015,8
2015-08-06,23.539993370324396,0.15764694,34.907071106135845,0,218,2015,8
2015-08-07,23.679993367195152,0.16922466,34.91622665897012,0,219,2015,8
2015-08-08,23.699993366748117,0.20064154,34.90554518066347,0,220,2015,8
2015-08-09,23.59999336898329,0.22975996,34.90401925519109,0,221,2015,8
2015-08-10,23.489993371441983,0.27840048,34.9101229570806,0,222,2015,8
2015-08-11,23.489993371441983,0.25554028,34.91622665897012,0,223,2015,8
2015-08-12,23.499993371218466,0.246341,34.92538221180439,0,224,2015,8
2015-08-13,23.189993378147506,0.29015228,34.929959988221526,0,225,2015,8
2015-08-14,23.189993378147506,0.3013092,34.9391155410558,0,226,2015,8
2015-08-15,23.179993378371023,0.28033894,34.942167392000556,0,227,2015,8
2015-08-16,23.159993378818058,0.23125692,34.94064146652818,0,228,2015,8
2015-08-17,23.069993380829715,0.25499564,34.93758961558342,0,229,2015,8
2015-08-18,23.39999337345364,0.19563833,34.92385628633201,0,230,2015,8
2015-08-19,23.35999337434771,0.19400254,34.917752584442496,0,231,2015,8
2015-08-20,23.43999337255957,0.21655229,34.93453776463866,0,232,2015,8
2015-08-21,23.259993376582884,0.26502174,34.94979701936245,0,233,2015,8
2015-08-22,23.149993379041575,0.21765363,34.95742664672434,0,234,2015,8
2015-08-23,22.96999338306489,0.22461316,34.968108125030994,0,235,2015,8
2015-08-24,22.919993384182476,0.20584722,34.980315528810024,0,236,2015,8
2015-08-25,23.00999338217082,0.2122744,34.99710070900619,0,237,2015,8
2015-08-26,23.12999337948861,0.1865502,35.0108340382576,0,238,2015,8
2015-08-27,23.32999337501826,0.20032465,35.01846366561949,0,239,2015,8
2015-08-28,22.759993387758755,0.20880415,35.015411814674735,0,240,2015,8
2015-08-29,22.69999338909986,0.24236667,35.01235996372998,0,241,2015,8
2015-08-30,22.919993384182476,0.20547314,35.013885889202356,0,242,2015,8
2015-08-31,23.189993378147506,0.24089588,35.02304144203663,0,243,2015,8
2015-09-01,23.00999338217082,0.20390728,35.03524884581566,0,244,2015,9
2015-09-02,22.92999338395896,0.2107219,35.04898217506707,0,245,2015,9
2015-09-03,22.919993384182476,0.23287371,35.062715504318476,0,246,2015,9
2015-09-04,22.999993382394337,0.19974867,35.07339698262513,0,247,2015,9
2015-09-05,22.769993387535237,0.2501254,35.08407846093178,0,248,2015,9
2015-09-06,22.92999338395896,0.16240233,35.09781179018319,0,249,2015,9
2015-09-07,22.959993383288406,0.1641917,35.110019193962216,0,250,2015,9
2015-09-08,23.459993372112535,0.16657606,35.11612289585173,0,251,2015,9
2015-09-09,23.639993368089222,0.17850086,35.110019193962216,0,252,2015,9
2015-09-10,23.609993368759774,0.15314227,35.099337715655565,0,253,2015,9
2015-09-11,23.459993372112535,0.16511533,35.08560438640416,0,254,2015,9
2015-09-12,23.229993377253436,0.19990702,35.07950068451464,0,255,2015,9
2015-09-13,22.999993382394337,0.23622823,35.09781179018319,0,256,2015,9
2015-09-14,22.989993382617854,0.22441031,35.10849326848984,0,257,2015,9
2015-09-15,22.89999338462951,0.1968569,35.09018216282129,0,258,2015,9
2015-09-16,23.059993381053232,0.22331987,35.03677477128804,0,259,2015,9
2015-09-17,23.32999337501826,0.27246794,34.9894710816443,0,260,2015,9
2015-09-18,23.339993374794744,0.20474756,34.99710070900619,0,261,2015,9
2015-09-19,23.50999337099495,0.16395736,35.00778218731284,0,262,2015,9
2015-09-20,23.81999336406591,0.17049955,34.931485913693905,0,263,2015,9
2015-09-21,23.989993360266112,0.17120828,34.82772298157215,0,264,2015,9
2015-09-22,24.279993353784107,0.14492755,34.79110077023506,0,265,2015,9
2015-09-23,24.259993354231142,0.13537258,34.798730397596955,0,266,2015,9
2015-09-24,24.48999334909024,0.13561183,34.80330817401409,0,267,2015,9
2015-09-25,24.55999334752562,0.14020051,34.79110077023506,0,268,2015,9
2015-09-26,24.509993348643206,0.13871658,34.79262669570744,0,269,2015,9
2015-09-27,24.48999334909024,0.11712157,34.809411875903606,0,270,2015,9
2015-09-28,24.44999334998431,0.13933569,34.82772298157215,0,271,2015,9
2015-09-29,24.24999335445466,0.1503789,34.85366371460259,0,272,2015,9
2015-09-30,24.09999335780742,0.21156058,34.884182224050164,0,273,2015,9
2015-10-01,24.029993359372043,0.16310202,34.93606369011104,0,274,2015,10
2015-10-02,24.319993352890037,0.1690049,34.931485913693905,0,275,2015,10
2015-10-03,24.379993351548933,0.14761016,34.90554518066347,0,276,2015,10
2015-10-04,24.349993352219485,0.27302864,34.90554518066347,0,277,2015,10
2015-10-05,24.239993354678177,0.30102333,34.92538221180439,0,278,2015,10
2015-10-06,24.159993356466316,0.36164173,34.933011839166284,0,279,2015,10
2015-10-07,24.039993359148525,0.30544546,34.933011839166284,0,280,2015,10
2015-10-08,24.029993359372043,0.25494334,34.92385628633201,0,281,2015,10
2015-10-09,24.539993347972654,0.21600747,34.91164888255298,0,282,2015,10
2015-10-10,24.609993346408032,0.21341395,34.87502667121589,0,283,2015,10
2015-10-11,24.569993347302102,0.2534322,34.86434519290924,0,284,2015,10
2015-10-12,25.079993335902714,0.21002753,34.858241491019726,0,285,2015,10
2015-10-13,25.039993336796783,0.1651898,34.84145631082356,0,286,2015,10
2015-10-14,24.309993353113555,0.19529356,34.835352608934045,0,287,2015,10
2015-10-15,23.889993362501286,0.30612025,34.85671556554735,0,288,2015,10
2015-10-16,23.62999336831274,0.30612025,34.87350074574351,0,289,2015,10
2015-10-17,23.179993378371023,0.72187936,34.88723407499492,0,290,2015,10
2015-10-18,23.0199933819473,0.8404225,34.90554518066347,0,291,2015,10
2015-10-19,22.879993385076546,0.35573295,34.929959988221526,0,292,2015,10
2015-10-20,22.649993390217446,0.28383553,34.942167392000556,0,293,2015,10
2015-10-21,22.519993393123173,0.2952222,34.95132294483483,0,294,2015,10
2015-10-22,22.729993388429307,0.25076702,34.94064146652818,0,295,2015,10
2015-10-23,23.159993378818058,0.23884574,34.919278509914875,0,296,2015,10
2015-10-24,23.459993372112535,0.15324824,34.907071106135845,0,297,2015,10
2015-10-25,23.649993367865704,0.16637024,34.90401925519109,0,298,2015,10
2015-10-26,23.809993364289426,0.17056195,34.89944147877395,0,299,2015,10
2015-10-27,24.05999335870149,0.1548029,34.896389627829194,0,300,2015,10
2015-10-28,24.149993356689833,0.1415605,34.89944147877395,0,301,2015,10
2015-10-29,24.24999335445466,0.15905996,34.89791555330157,0,302,2015,10
2015-10-30,24.339993352443003,0.14686789,34.89791555330157,0,303,2015,10
2015-10-31,24.36999335177245,0.21366845,34.90401925519109,0,304,2015,10
2015-11-01,24.429993350431346,0.21366845,34.91622665897012,0,305,2015,11
2015-11-02,24.09999335780742,0.17857139,34.92538221180439,0,306,2015,11
2015-11-03,23.89999336227777,0.24547005,34.93453776463866,0,307,2015,11
2015-11-04,23.809993364289426,0.22886834,34.94674516841769,0,308,2015,11
2015-11-05,23.81999336406591,0.1807466,34.94979701936245,0,309,2015,11
2015-11-06,24.119993357360386,0.18079887,34.954374795779586,0,310,2015,11
2015-11-07,24.119993357360386,0.13872828,34.95895257219672,0,311,2015,11
2015-11-08,23.9399933613837,0.17996927,34.9604784976691,0,312,2015,11
2015-11-09,23.799993364512943,0.26941645,34.96200442314148,0,313,2015,11
2015-11-10,23.799993364512943,0.27781248,34.968108125030994,0,314,2015,11
2015-11-11,24.539993347972654,0.28247356,34.97268590144813,0,315,2015,11
2015-11-12,24.939993339031957,0.15773156,34.97421182692051,0,316,2015,11
2015-11-13,25.0299933370203,0.14927648,34.97268590144813,0,317,2015,11
2015-11-14,24.919993339478992,0.14252126,34.96505627408624,0,318,2015,11
2015-11-15,24.769993342831754,0.13162386,34.955900721251965,0,319,2015,11
2015-11-16,24.44999334998431,0.14815734,34.954374795779586,0,320,2015,11
2015-11-17,24.079993358254455,0.14815734,34.954374795779586,0,321,2015,11
2015-11-18,23.929993361607217,0.18391691,34.9604784976691,0,322,2015,11
2015-11-19,23.7099933665246,0.3067658,34.97268590144813,0,323,2015,11
2015-11-20,23.619993368536257,0.23109283,34.98489330522716,0,324,2015,11
2015-11-21,24.05999335870149,0.2991439,34.99404885806143,0,325,2015,11
2015-11-22,24.75999334305527,0.3044657,35.00015255995095,0,326,2015,11
2015-11-23,25.019993337243818,0.19674379,35.00778218731284,0,327,2015,11
2015-11-24,24.819993341714166,0.19886391,35.00778218731284,0,328,2015,11
2015-11-25,24.499993348866724,0.33117747,35.00625626184046,0,329,2015,11
2015-11-26,24.469993349537276,0.28628477,35.01235996372998,0,330,2015,11
2015-11-27,24.659993345290445,0.28206825,35.016937740147114,0,331,2015,11
2015-11-28,24.859993340820097,0.18620442,35.01998959109187,0,332,2015,11
2015-11-29,24.859993340820097,0.21806356,35.01998959109187,0,333,2015,11
2015-11-30,24.569993347302102,0.15108047,35.02304144203663,0,334,2015,11
2015-12-01,24.13999335691335,0.15439963,35.04440439864993,0,335,2015,12
2015-12-02,24.17999335601928,0.15092476,35.06881920620799,0,336,2015,12
2015-12-03,24.389993351325415,0.26613396,35.08102660998702,0,337,2015,12
2015-12-04,24.17999335601928,0.2871718,35.0825525354594,0,338,2015,12
2015-12-05,23.58999336920681,0.17147106,35.08560438640416,0,339,2015,12
2015-12-06,23.189993378147506,0.22881311,35.09628586471081,0,340,2015,12
2015-12-07,23.00999338217082,0.4531703,35.110019193962216,0,341,2015,12
2015-12-08,22.97999338284137,0.4665832,35.11459697037935,0,342,2015,12
2015-12-09,23.309993375465297,0.1904153,35.11612289585173,0,343,2015,12
2015-12-10,24.319993352890037,0.2105098,35.11764882132411,0,344,2015,12
2015-12-11,24.339993352443003,0.122907735,35.11917474679649,0,345,2015,12
2015-12-12,24.20999335534873,0.13293356,35.12070067226887,0,346,2015,12
2015-12-13,23.97999336048963,0.13384967,35.11612289585173,0,347,2015,12
2015-12-14,24.109993357583903,0.22781166,35.110019193962216,0,348,2015,12
2015-12-15,24.52999334819617,0.24241714,35.10238956660032,0,349,2015,12
2015-12-16,24.47999334931376,0.18771182,35.088656237348914,0,350,2015,12
2015-12-17,24.12999335713687,0.257452,35.08407846093178,0,351,2015,12
2015-12-18,23.43999337255957,0.27152145,35.08102660998702,0,352,2015,12
2015-12-19,22.889993384853028,0.27700964,35.08102660998702,0,353,2015,12
2015-12-20,22.459993394464277,0.5276894,35.09323401376605,0,354,2015,12
2015-12-21,22.46999339424076,0.5061995,35.12680437415838,0,355,2015,12
2015-12-22,22.519993393123173,0.35308364,35.171056212857366,0,356,2015,12
2015-12-23,22.749993387982272,0.34676266,35.19241916947067,0,357,2015,12
2015-12-24,23.609993368759774,0.1598489,35.20157472230494,0,358,2015,12
2015-12-25,23.4799933716655,0.15998487,35.22904138080776,0,359,2015,12
2015-12-26,23.39999337345364,0.15925021,35.267189517617226,0,360,2015,12
2015-12-27,23.269993376359366,0.16323893,35.29007839970291,0,361,2015,12
2015-12-28,23.54999337010088,0.17132187,35.316019132733345,0,362,2015,12
2015-12-29,23.08999338038268,0.2470446,35.338908014819026,0,363,2015,12
2015-12-30,23.159993378818058,0.28949308,35.340433940291405,0,364,2015,12
2015-12-31,23.31999337524178,0.26504076,35.338908014819026,0,365,2015,12
2016-01-01,23.609993368759774,0.31724867,35.3480635676533,0,1,2016,1
2016-01-02,23.959993360936664,0.24380358,35.363322822377086,0,2,2016,1
2016-01-03,23.949993361160182,0.17054409,35.36790059879422,0,3,2016,1
2016-01-04,23.639993368089222,0.17054543,35.35874504595995,0,4,2016,1
2016-01-05,23.58999336920681,0.23871571,35.352641344070435,0,5,2016,1
2016-01-06,23.569993369653844,0.20779872,35.35569319501519,0,6,2016,1
2016-01-07,23.59999336898329,0.23822847,35.363322822377086,0,7,2016,1
2016-01-08,23.7099933665246,0.20268866,35.36637467332184,0,8,2016,1
2016-01-09,23.90999336205425,0.20268866,35.38010800257325,0,9,2016,1
2016-01-10,24.28999335356059,0.13833576,35.40604873560369,0,10,2016,1
2016-01-11,24.499993348866724,0.1343333,35.3984191082418,0,11,2016,1
2016-01-12,24.539993347972654,0.14312755,35.38010800257325,0,12,2016,1
2016-01-13,24.589993346855067,0.1387398,35.36027097143233,0,13,2016,1
2016-01-14,24.859993340820097,0.13468546,35.34348579123616,0,14,2016,1
2016-01-15,24.859993340820097,0.2147952,35.35416726954281,0,15,2016,1
2016-01-16,25.189993333444022,0.17293485,35.375530226156116,0,16,2016,1
2016-01-17,25.559993325173878,0.14221679,35.363322822377086,0,17,2016,1
2016-01-18,25.499993326514982,0.13144863,35.329752461984754,0,18,2016,1
2016-01-19,25.499993326514982,0.2144235,35.28702654875815,0,19,2016,1
2016-01-20,25.469993327185534,0.21181586,35.291604325175285,0,20,2016,1
2016-01-21,25.479993326962017,0.14302373,35.291604325175285,0,21,2016,1
2016-01-22,25.639993323385738,0.14302363,35.29007839970291,0,22,2016,1
2016-01-23,25.539993325620912,0.1329893,35.28855247423053,0,23,2016,1
2016-01-24,25.7199933215976,0.13557115,35.27787099592388,0,24,2016,1
2016-01-25,26.14999331198635,0.100879386,35.25955989025533,0,25,2016,1
2016-01-26,26.25999330952766,0.09418363,35.24582656100392,0,26,2016,1
2016-01-27,26.289993308857106,0.17887929,35.22904138080776,0,27,2016,1
2016-01-28,26.359993307292484,0.18542163,35.21683397702873,0,28,2016,1
2016-01-29,26.429993305727862,0.14558195,35.232093231752515,0,29,2016,1
2016-01-30,26.509993303939723,0.120620735,35.254982113838196,0,30,2016,1
2016-01-31,26.03999331444504,0.12799717,35.225989529863,0,31,2016,1
2016-02-01,25.67999332249167,0.13007818,35.23972285911441,0,32,2016,2
2016-02-02,25.519993326067947,0.15771516,35.23819693364203,0,33,2016,2
2016-02-03,25.859993318468355,0.14216046,35.2046265732497,0,34,2016,2
2016-02-04,26.949993294104956,0.103312194,35.242774710059166,0,35,2016,2
2016-02-05,27.139993289858126,0.10636113,35.26413766667247,0,36,2016,2
2016-02-06,26.91999329477551,0.27685937,35.25955989025533,0,37,2016,2
2016-02-07,26.949993294104956,0.23538558,35.25040433742106,0,38,2016,2
2016-02-08,27.059993291646265,0.14873718,35.18936731852591,0,39,2016,2
2016-02-09,27.15999328941109,0.15314038,35.111545119434595,0,40,2016,2
2016-02-10,26.869993295893096,0.12737334,35.0825525354594,0,41,2016,2
2016-02-11,26.319993308186554,0.11532069,35.09475993923843,0,42,2016,2
2016-02-12,26.289993308857106,0.15796952,35.13138215057552,0,43,2016,2
2016-02-13,26.25999330952766,0.20046782,35.15274510718882,0,44,2016,2
2016-02-14,26.26999330930414,0.15728553,35.15121918171644,0,45,2016,2
2016-02-15,26.979993293434404,0.15760997,35.17715991474688,0,46,2016,2
2016-02-16,27.259993287175917,0.257712,35.11917474679649,0,47,2016,2
2016-02-17,26.639993301033996,0.257712,34.98794515617192,0,48,2016,2
2016-02-18,26.519993303716205,0.15881778,35.08407846093178,0,49,2016,2
2016-02-19,26.41999330595138,0.16758345,35.158848809078336,0,50,2016,2
2016-02-20,26.219993310421728,0.16517426,35.14358955435455,0,51,2016,2
2016-02-21,26.559993302822136,0.16960855,35.13138215057552,0,52,2016,2
2016-02-22,26.45999330505731,0.16867523,35.14053770340979,0,53,2016,2
2016-02-23,26.389993306621932,0.14456336,35.15121918171644,0,54,2016,2
2016-02-24,26.26999330930414,0.15964183,35.14969325624406,0,55,2016,2
2016-02-25,26.179993311315798,0.16032112,35.14358955435455,0,56,2016,2
2016-02-26,25.909993317350768,0.15769628,35.13138215057552,0,57,2016,2
2016-02-27,25.829993319138907,0.16452266,35.09475993923843,0,58,2016,2
2016-02-28,25.739993321150564,0.23833966,35.06881920620799,0,59,2016,2
2016-02-29,26.009993315115594,0.13396402,35.04745624959469,0,60,2016,2
2016-03-01,27.379993284493708,0.15642151,35.05813772790134,0,61,2016,3
2016-03-02,27.169993289187573,0.15494625,35.07187105715275,0,62,2016,3
2016-03-03,26.95999329388144,0.13640931,35.05966365337372,0,63,2016,3
2016-03-04,26.839993296563648,0.14883879,35.07797475904226,0,64,2016,3
2016-03-05,26.799993297457718,0.1723801,35.088656237348914,0,65,2016,3
2016-03-06,26.33999330773952,0.18896925,35.09628586471081,0,66,2016,3
2016-03-07,26.26999330930414,0.23795414,35.08407846093178,0,67,2016,3
2016-03-08,26.289993308857106,0.35898045,35.05966365337372,0,68,2016,3
2016-03-09,26.119993312656902,0.30035722,35.05508587695658,0,69,2016,3
2016-03-10,25.99999331533911,0.39895397,35.062715504318476,0,70,2016,3
2016-03-11,25.739993321150564,0.66317713,35.07187105715275,0,71,2016,3
2016-03-12,25.52999332584443,0.4535394,35.099337715655565,0,72,2016,3
2016-03-13,25.309993330761813,0.36705497,35.113071044906974,0,73,2016,3
2016-03-14,25.189993333444022,1.1807038,35.1039154920727,0,74,2016,3
2016-03-15,25.439993327856087,1.2829182,35.110019193962216,0,75,2016,3
2016-03-16,25.7199933215976,1.4261663,35.134434001520276,0,76,2016,3
2016-03-17,25.669993322715186,0.67247283,35.172582138329744,0,77,2016,3
2016-03-18,25.45999332740905,0.65915245,35.2046265732497,0,78,2016,3
2016-03-19,25.44999332763257,0.35212547,35.24124878458679,0,79,2016,3
2016-03-20,25.579993324726843,0.40496156,35.268715443089604,0,80,2016,3
2016-03-21,25.56999332495036,0.37366748,35.28702654875815,0,81,2016,3
2016-03-22,25.469993327185534,0.29984757,35.30075987800956,0,82,2016,3
2016-03-23,25.589993324503325,0.4044832,35.303811728954315,0,83,2016,3
2016-03-24,26.119993312656902,0.56864,35.27176729403436,0,84,2016,3
2016-03-25,25.95999331623318,0.26465178,35.24582656100392,0,85,2016,3
2016-03-26,25.75999332070353,0.1906058,35.23514508269727,0,86,2016,3
2016-03-27,25.909993317350768,0.21814145,35.242774710059166,0,87,2016,3
2016-03-28,26.03999331444504,0.3469771,35.29618210159242,0,88,2016,3
2016-03-29,26.389993306621932,0.19514033,35.15732288360596,0,89,2016,3
2016-03-30,26.859993296116613,0.14730625,35.0535599514842,0,90,2016,3
2016-03-31,27.099993290752195,0.1385125,35.11764882132411,0,91,2016,3
2016-04-01,27.139993289858126,0.20660807,35.19241916947067,0,92,2016,4
2016-04-02,27.139993289858126,0.13061456,35.20004879683256,0,93,2016,4
2016-04-03,26.939993294328474,0.16619277,35.146641405299306,0,94,2016,4
2016-04-04,26.399993306398414,0.12839401,35.08407846093178,1,95,2016,4
2016-04-05,26.26999330930414,0.3257561,35.125278448686004,0,96,2016,4
2016-04-06,26.089993313327454,0.21922183,35.1542710326612,0,97,2016,4
2016-04-07,26.18999331109228,0.20442547,35.10696734301746,0,98,2016,4
2016-04-08,26.349993307516,0.13947874,35.03677477128804,0,99,2016,4
2016-04-09,26.519993303716205,0.29131258,34.97268590144813,0,100,2016,4
2016-04-10,26.639993301033996,0.28741753,34.99557478353381,0,101,2016,4
2016-04-11,26.76999329812827,0.28773794,34.992522932589054,0,102,2016,4
2016-04-12,26.949993294104956,0.14971752,34.94827109389007,0,103,2016,4
2016-04-13,27.11999329030516,0.15139359,34.919278509914875,0,104,2016,4
2016-04-14,27.019993292540335,0.15139359,34.702597092837095,0,105,2016,4
2016-04-15,27.27999328672888,0.45911342,34.72090819850564,0,106,2016,4
2016-04-16,27.61999327912929,0.21748078,34.6736045088619,0,107,2016,4
2016-04-17,27.829993274435424,0.15953626,34.594256384298205,0,108,2016,4
2016-04-18,27.639993278682255,0.23276202,34.55458232201636,0,109,2016,4
2016-04-19,27.259993287175917,0.3097557,34.57594527862966,0,110,2016,4
2016-04-20,27.18999328874054,0.7292263,34.69344154000282,0,111,2016,4
2016-04-21,27.149993289634608,0.30470502,34.72243412397802,0,112,2016,4
2016-04-22,27.259993287175917,0.24364924,34.68733783811331,0,113,2016,4
2016-04-23,27.709993277117633,0.31827846,34.594256384298205,0,114,2016,4
2016-04-24,27.799993275105976,0.14120609,34.59120453335345,0,115,2016,4
2016-04-25,27.639993278682255,0.20770802,34.56221194937825,0,116,2016,4
2016-04-26,27.339993285387777,0.2889952,34.56526380032301,0,117,2016,4
2016-04-27,27.15999328941109,1.3676718,34.59730823524296,0,118,2016,4
2016-04-28,26.759993298351787,1.1813834,34.691915614530444,0,119,2016,4
2016-04-29,26.369993307068967,0.5596188,34.821619279682636,0,120,2016,4
2016-04-30,26.179993311315798,0.77023065,34.91470073349774,0,121,2016,4
2016-05-01,26.119993312656902,0.43905777,34.95284887030721,0,122,2016,5
2016-05-02,26.239993309974693,0.44112256,34.92843406274915,0,123,2016,5
2016-05-03,26.33999330773952,0.24194051,34.89028592593968,0,124,2016,5
2016-05-04,26.41999330595138,0.2376424,34.90249332971871,0,125,2016,5
2016-05-05,26.49999330416324,0.22933803,34.92233036085963,0,126,2016,5
2016-05-06,26.5799933023751,0.29964697,34.920804435387254,0,127,2016,5
2016-05-07,26.369993307068967,0.32851177,34.894863702356815,0,128,2016,5
2016-05-08,26.549993303045653,0.4141369,34.931485913693905,0,129,2016,5
2016-05-09,26.5799933023751,0.17462197,34.942167392000556,0,130,2016,5
2016-05-10,26.5799933023751,0.18536675,34.9101229570806,0,131,2016,5
2016-05-11,26.589993302151584,0.17812824,34.8887600004673,0,132,2016,5
2016-05-12,26.489993304386758,0.3186863,34.846034087240696,0,133,2016,5
2016-05-13,26.5799933023751,0.3186863,34.77278966456652,0,134,2016,5
2016-05-14,26.479993304610275,0.22682676,34.69344154000282,0,135,2016,5
2016-05-15,26.509993303939723,0.45921934,34.617145266383886,0,136,2016,5
2016-05-16,26.53999330326917,0.41461924,34.65071562677622,0,137,2016,5
2016-05-17,26.509993303939723,0.5438371,34.68276006169617,0,138,2016,5
2016-05-18,26.439993305504345,0.5566977,34.70107116736472,0,139,2016,5
2016-05-19,26.489993304386758,0.5271149,34.739219304174185,0,140,2016,5
2016-05-20,26.529993303492688,0.46376824,34.74227115511894,0,141,2016,5
2016-05-21,26.449993305280827,0.29301113,34.810937801375985,0,142,2016,5
2016-05-22,26.22999331019821,0.58738846,34.920804435387254,0,143,2016,5
2016-05-23,26.089993313327454,0.57418245,35.02304144203663,0,144,2016,5
2016-05-24,25.969993316009663,0.35203165,35.064241429790854,0,145,2016,5
2016-05-25,26.099993313103937,0.25267375,34.99710070900619,0,146,2016,5
2016-05-26,26.18999331109228,0.67242765,34.99557478353381,0,147,2016,5
2016-05-27,26.159993311762832,0.51091033,35.03372292034328,0,148,2016,5
2016-05-28,26.059993313998007,0.6201683,35.08102660998702,0,149,2016,5
2016-05-29,25.929993316903733,0.44877052,35.1039154920727,0,150,2016,5
2016-05-30,25.83999331891539,0.51151156,35.10696734301746,0,151,2016,5
2016-05-31,25.749993320927047,0.5950888,35.09781179018319,0,152,2016,5
2016-06-01,25.639993323385738,0.5950888,35.09170808829367,0,153,2016,6
2016-06-02,25.659993322938703,0.44554242,35.09628586471081,2,154,2016,6
2016-06-03,25.659993322938703,0.45489037,35.10696734301746,3,155,2016,6
2016-06-04,25.60999332405629,0.37093258,35.125278448686004,0,156,2016,6
2016-06-05,25.619993323832773,0.33128607,35.13138215057552,0,157,2016,6
2016-06-06,24.889993340149545,0.33234614,35.134434001520276,0,158,2016,6
2016-06-07,24.969993338361405,0.33387592,35.11764882132411,0,159,2016,6
2016-06-08,24.90999333970251,0.37531492,35.062715504318476,0,160,2016,6
2016-06-09,24.739993343502306,0.39579684,35.050508100539446,0,161,2016,6
2016-06-10,24.43999335020783,0.45900658,35.09628586471081,0,162,2016,6
2016-06-11,24.36999335177245,0.48624402,35.172582138329744,0,163,2016,6
2016-06-12,24.82999334149065,0.34938058,35.15274510718882,0,164,2016,6
2016-06-13,25.119993335008644,0.46295333,35.09018216282129,0,165,2016,6
2016-06-14,25.119993335008644,0.4188128,35.062715504318476,0,166,2016,6
2016-06-15,25.14999333433809,0.43597168,34.992522932589054,0,167,2016,6
2016-06-16,25.129993334785127,0.47059122,34.955900721251965,0,168,2016,6
2016-06-17,25.209993332996987,0.3809693,35.099337715655565,0,169,2016,6
2016-06-18,25.29999333098533,0.35489973,35.07950068451464,0,170,2016,6
2016-06-19,25.29999333098533,0.16709714,35.1039154920727,0,171,2016,6
2016-06-20,25.21999333277347,0.19092372,35.09323401376605,0,172,2016,6
2016-06-21,25.14999333433809,0.19092372,35.087130311876535,0,173,2016,6
2016-06-22,25.0299933370203,0.21696919,35.0535599514842,0,174,2016,6
2016-06-23,24.899993339926027,0.29374546,35.026093292981386,0,175,2016,6
2016-06-24,25.129993334785127,0.29374546,34.99710070900619,0,176,2016,6
2016-06-25,25.079993335902714,0.27863425,34.97726367786527,0,177,2016,6
2016-06-26,25.0299933370203,0.33486587,34.97573775239289,0,178,2016,6
2016-06-27,24.879993340373062,0.37286443,34.954374795779586,0,179,2016,6
2016-06-28,24.889993340149545,0.37164927,34.920804435387254,0,180,2016,6
2016-06-29,24.929993339255475,0.38323438,34.894863702356815,0,181,2016,6
2016-06-30,25.009993337467336,0.32769212,34.919278509914875,0,182,2016,6
2016-07-01,24.879993340373062,0.22382942,34.94979701936245,0,183,2016,7
2016-07-02,24.78999334238472,0.223729,34.92843406274915,0,184,2016,7
2016-07-03,24.74999334327879,0.15106414,34.91164888255298,0,185,2016,7
2016-07-04,24.729993343725823,0.14041992,34.89333777688444,0,186,2016,7
2016-07-05,24.82999334149065,0.14770679,34.79262669570744,0,187,2016,7
2016-07-06,24.939993339031957,0.2770659,34.80330817401409,0,188,2016,7
2016-07-07,25.089993335679196,0.26632968,34.90554518066347,0,189,2016,7
2016-07-08,25.05999333634975,0.31199846,34.847560012713075,0,190,2016,7
2016-07-09,24.959993338584923,0.30746925,34.907071106135845,0,191,2016,7
2016-07-10,24.94999333880844,0.3908815,34.920804435387254,0,192,2016,7
2016-07-11,24.90999333970251,0.46267864,34.93606369011104,0,193,2016,7
2016-07-12,24.90999333970251,0.5393928,34.968108125030994,1,194,2016,7
2016-07-13,24.82999334149065,0.41648751,35.01235996372998,0,195,2016,7
2016-07-14,24.889993340149545,0.31597358,35.03372292034328,0,196,2016,7
2016-07-15,25.0299933370203,0.2971463,35.00625626184046,0,197,2016,7
2016-07-16,24.919993339478992,0.45254597,34.9604784976691,0,198,2016,7
2016-07-17,24.859993340820097,0.39187595,34.81551557779312,0,199,2016,7
2016-07-18,24.849993341043614,0.24680503,34.80178224854171,0,200,2016,7
2016-07-19,24.739993343502306,0.4933511,34.79415262117982,0,201,2016,7
2016-07-20,24.74999334327879,0.52982026,34.83230075798929,1,202,2016,7
2016-07-21,24.629993345960997,0.52982026,34.871974820271134,0,203,2016,7
2016-07-22,24.549993347749137,0.52982026,34.91470073349774,0,204,2016,7
2016-07-23,24.399993351101898,0.32620934,34.99862663447857,0,205,2016,7
2016-07-24,24.299993353337072,0.31966776,35.038300696760416,0,206,2016,7
2016-07-25,24.629993345960997,0.31982377,34.96353034861386,0,207,2016,7
2016-07-26,24.43999335020783,0.49882945,34.87960444763303,0,208,2016,7
2016-07-27,24.259993354231142,0.601651,34.846034087240696,0,209,2016,7
2016-07-28,24.079993358254455,0.5919893,34.737693378701806,0,210,2016,7
2016-07-29,24.309993353113555,0.504197,34.788048919290304,0,211,2016,7
2016-07-30,24.52999334819617,0.47379395,34.85671556554735,0,212,2016,7
2016-07-31,24.419993350654863,0.6686617,34.867397043854,0,213,2016,7
2016-08-01,24.28999335356059,0.44160488,34.86281926743686,0,214,2016,8
2016-08-02,23.97999336048963,0.33178887,34.8170415032655,0,215,2016,8
2016-08-03,23.689993366971635,0.3464762,34.798730397596955,0,216,2016,8
2016-08-04,23.9399933613837,0.4499056,34.908597031608224,0,217,2016,8
2016-08-05,23.959993360936664,0.42740813,34.94827109389007,0,218,2016,8
2016-08-06,24.149993356689833,0.37946,34.92690813727677,0,219,2016,8
2016-08-07,23.989993360266112,0.5904245,34.867397043854,0,220,2016,8
2016-08-08,23.74999336563053,0.60186154,34.87502667121589,0,221,2016,8
2016-08-09,23.62999336831274,0.5151883,34.8887600004673,0,222,2016,8
2016-08-10,23.639993368089222,0.30090803,34.896389627829194,0,223,2016,8
2016-08-11,23.799993364512943,0.30169928,34.91622665897012,0,224,2016,8
2016-08-12,23.499993371218466,0.39255542,34.92690813727677,0,225,2016,8
2016-08-13,23.55999336987736,0.45671996,34.942167392000556,0,226,2016,8
2016-08-14,23.7099933665246,0.5391627,34.95895257219672,0,227,2016,8
2016-08-15,23.769993365183495,0.261572,35.00778218731284,0,228,2016,8
2016-08-16,23.90999336205425,0.3911169,35.172582138329744,0,229,2016,8
2016-08-17,23.889993362501286,0.32142955,35.27481914497912,0,230,2016,8
2016-08-18,23.779993364959978,0.3849515,35.24582656100392,0,231,2016,8
2016-08-19,23.729993366077565,0.54536736,35.20004879683256,0,232,2016,8
2016-08-20,23.729993366077565,0.52018356,35.20004879683256,0,233,2016,8
2016-08-21,23.459993372112535,0.48742688,35.19241916947067,0,234,2016,8
2016-08-22,23.27999337613585,0.60445213,35.171056212857366,0,235,2016,8
2016-08-23,23.189993378147506,0.4974827,35.15274510718882,0,236,2016,8
2016-08-24,23.149993379041575,0.5866556,35.19089324399829,0,237,2016,8
2016-08-25,23.259993376582884,0.6084245,35.22904138080776,0,238,2016,8
2016-08-26,23.149993379041575,0.7070585,35.22904138080776,0,239,2016,8
2016-08-27,23.08999338038268,0.38340038,35.225989529863,0,240,2016,8
2016-08-28,23.189993378147506,0.52677333,35.23514508269727,0,241,2016,8
2016-08-29,23.2499933768064,0.47722825,35.23972285911441,0,242,2016,8
2016-08-30,23.28999337591233,0.5130522,35.25193026289344,0,243,2016,8
2016-08-31,23.16999337859454,0.4637209,35.25955989025533,0,244,2016,8
2016-09-01,23.179993378371023,0.4755817,35.25955989025533,0,245,2016,9
2016-09-02,23.229993377253436,0.6387029,35.26413766667247,0,246,2016,9
2016-09-03,23.339993374794744,0.5108343,35.27481914497912,0,247,2016,9
2016-09-04,23.39999337345364,0.366497,35.29007839970291,0,248,2016,9
2016-09-05,23.299993375688814,0.3652933,35.280922846868634,0,249,2016,9
2016-09-06,23.309993375465297,0.27782068,35.25955989025533,0,250,2016,9
2016-09-07,23.469993371889018,0.3481548,35.24582656100392,0,251,2016,9
2016-09-08,23.389993373677157,0.4484518,35.26413766667247,0,252,2016,9
2016-09-09,23.32999337501826,0.41586035,35.30075987800956,0,253,2016,9
2016-09-10,23.229993377253436,0.40268403,35.31296728178859,0,254,2016,9
2016-09-11,23.23999337702992,0.66193455,35.31296728178859,0,255,2016,9
2016-09-12,23.059993381053232,0.44446132,35.305337654426694,0,256,2016,9
2016-09-13,22.85999338552358,0.528687,35.2977080270648,0,257,2016,9
2016-09-14,22.639993390440964,0.40034723,35.29618210159242,0,258,2016,9
2016-09-15,22.65999338999393,0.41291532,35.30686357989907,0,259,2016,9
2016-09-16,22.729993388429307,0.5374625,35.31144135631621,0,260,2016,9
2016-09-17,22.85999338552358,0.41050372,35.3190709836781,0,261,2016,9
2016-09-18,22.989993382617854,0.34519708,35.32364876009524,0,262,2016,9
2016-09-19,23.08999338038268,0.33868164,35.31296728178859,0,263,2016,9
2016-09-20,23.419993373006605,0.312364,35.30075987800956,0,264,2016,9
2016-09-21,23.609993368759774,0.25481132,35.29618210159242,0,265,2016,9
2016-09-22,23.459993372112535,0.23760007,35.279396921396255,0,266,2016,9
2016-09-23,23.20999337770047,0.4046042,35.27024136856198,0,267,2016,9
2016-09-24,23.139993379265093,0.38534227,35.27024136856198,0,268,2016,9
2016-09-25,22.759993387758755,0.38603052,35.27024136856198,0,269,2016,9
2016-09-26,22.729993388429307,0.41620782,35.27481914497912,0,270,2016,9
2016-09-27,22.689993389323377,0.3597221,35.279396921396255,0,271,2016,9
2016-09-28,22.649993390217446,0.3349185,35.280922846868634,0,272,2016,9
2016-09-29,22.599993391335033,0.36651742,35.28244877234101,0,273,2016,9
2016-09-30,22.559993392229103,0.32009378,35.26413766667247,0,274,2016,9
2016-10-01,22.58999339155855,0.29423296,35.254982113838196,0,275,2016,10
2016-10-02,22.719993388652824,0.2942777,35.25345618836582,0,276,2016,10
2016-10-03,22.879993385076546,0.28775662,35.2473524864763,0,277,2016,10
2016-10-04,23.039993381500267,0.3751908,35.242774710059166,0,278,2016,10
2016-10-05,23.2499933768064,0.28340542,35.25040433742106,0,279,2016,10
2016-10-06,23.78999336473646,0.21065478,35.232093231752515,0,280,2016,10
2016-10-07,24.009993359819077,0.1745929,35.16647843644023,0,281,2016,10
2016-10-08,23.379993373900675,0.16596128,35.14206362888217,0,282,2016,10
2016-10-09,23.269993376359366,0.25572127,35.171056212857366,0,283,2016,10
2016-10-10,23.579993369430326,0.38523874,35.19241916947067,0,284,2016,10
2016-10-11,23.90999336205425,0.3079183,35.21073027513921,0,285,2016,10
2016-10-12,24.01999335959556,0.29527205,35.15732288360596,0,286,2016,10
2016-10-13,23.97999336048963,0.25412446,35.10696734301746,0,287,2016,10
2016-10-14,23.969993360713147,0.17343245,35.122226597741246,0,288,2016,10
2016-10-15,23.89999336227777,0.22898848,35.12680437415838,0,289,2016,10
2016-10-16,23.659993367642187,0.24686496,35.13901177793741,0,290,2016,10
2016-10-17,23.779993364959978,0.2498493,35.14206362888217,0,291,2016,10
2016-10-18,23.949993361160182,0.29344228,35.14358955435455,0,292,2016,10
2016-10-19,24.13999335691335,0.2900919,35.16800436191261,0,293,2016,10
2016-10-20,24.21999335512521,0.28441912,35.16495251096785,0,294,2016,10
2016-10-21,24.319993352890037,0.43404913,35.148167330771685,0,295,2016,10
2016-10-22,24.459993349760794,0.22701724,35.122226597741246,0,296,2016,10
2016-10-23,24.539993347972654,0.16760549,35.11917474679649,0,297,2016,10
2016-10-24,24.579993347078585,0.19297083,35.135959926992655,0,298,2016,10
2016-10-25,24.619993346184515,0.18302654,35.087130311876535,0,299,2016,10
2016-10-26,24.609993346408032,0.17791411,35.050508100539446,0,300,2016,10
2016-10-27,24.569993347302102,0.18137887,35.052034026011825,0,301,2016,10
2016-10-28,24.579993347078585,0.2583433,35.074922908097506,0,302,2016,10
2016-10-29,24.67999334484341,0.27999958,35.1039154920727,0,303,2016,10
2016-10-30,24.47999334931376,0.29647583,35.11612289585173,0,304,2016,10
2016-10-31,24.109993357583903,0.31552052,35.11764882132411,0,305,2016,10
2016-11-01,23.769993365183495,0.8822312,35.122226597741246,0,306,2016,11
2016-11-02,23.51999337077143,0.30641744,35.12985622510314,0,307,2016,11
2016-11-03,23.639993368089222,0.30646074,35.13901177793741,0,308,2016,11
2016-11-04,23.89999336227777,0.51356673,35.14511547982693,0,309,2016,11
2016-11-05,24.44999334998431,0.51356673,35.14358955435455,0,310,2016,11
2016-11-06,24.78999334238472,0.19764048,35.1329080760479,0,311,2016,11
2016-11-07,24.669993345066928,0.25429052,35.11459697037935,0,312,2016,11
2016-11-08,24.12999335713687,0.3078913,35.10544141754508,0,313,2016,11
2016-11-09,23.779993364959978,0.4016319,35.11764882132411,0,314,2016,11
2016-11-10,23.679993367195152,0.4054411,35.148167330771685,0,315,2016,11
2016-11-11,23.35999337434771,0.8771857,35.16342658549547,0,316,2016,11
2016-11-12,23.219993377476953,1.0673903,35.15121918171644,0,317,2016,11
2016-11-13,23.43999337255957,1.0624853,35.146641405299306,0,318,2016,11
2016-11-14,23.55999336987736,0.5083034,35.13748585246503,0,319,2016,11
2016-11-15,23.499993371218466,0.7950797,35.12680437415838,0,320,2016,11
2016-11-16,23.62999336831274,0.532074,35.14358955435455,0,321,2016,11
2016-11-17,24.159993356466316,0.3626341,35.16495251096785,0,322,2016,11
2016-11-18,24.149993356689833,0.18927325,35.171056212857366,0,323,2016,11
2016-11-19,24.119993357360386,0.22406171,35.16800436191261,0,324,2016,11
2016-11-20,24.049993358925008,0.5456375,35.1756339892745,0,325,2016,11
2016-11-21,23.989993360266112,0.5595474,35.172582138329744,0,326,2016,11
2016-11-22,23.86999336294832,0.57655114,35.158848809078336,0,327,2016,11
2016-11-23,24.1699933562428,0.35586202,35.14969325624406,0,328,2016,11
2016-11-24,24.999993337690853,0.14812434,35.09628586471081,0,329,2016,11
2016-11-25,25.68999332226815,0.13829413,35.00015255995095,0,330,2016,11
2016-11-26,25.79999331980946,0.1683783,34.98336737975478,0,331,2016,11
2016-11-27,25.72999332137408,0.17114685,35.00778218731284,0,332,2016,11
2016-11-28,25.56999332495036,0.2743688,35.01998959109187,0,333,2016,11
2016-11-29,25.479993326962017,0.2820891,35.05661180242896,0,334,2016,11
2016-11-30,25.289993331208848,0.38207424,35.06729328073561,0,335,2016,11
2016-12-01,24.979993338137888,0.47274157,35.064241429790854,0,336,2016,12
2016-12-02,24.67999334484341,0.33662975,35.064241429790854,0,337,2016,12
2016-12-03,24.589993346855067,0.5348274,35.06576735526323,0,338,2016,12
2016-12-04,24.28999335356059,0.621933,35.06729328073561,0,339,2016,12
2016-12-05,24.01999335959556,0.4999417,35.06729328073561,0,340,2016,12
2016-12-06,23.999993360042595,0.55186164,35.062715504318476,0,341,2016,12
2016-12-07,24.7999933421612,0.2082144,35.038300696760416,0,342,2016,12
2016-12-08,25.52999332584443,0.2125765,35.0611895788461,0,343,2016,12
2016-12-09,25.72999332137408,0.15211837,35.09323401376605,0,344,2016,12
2016-12-10,25.939993316680216,0.15206838,35.10696734301746,0,345,2016,12
2016-12-11,25.64999332316222,0.17834426,35.10696734301746,0,346,2016,12
2016-12-12,25.60999332405629,0.23747605,35.09323401376605,0,347,2016,12
2016-12-13,25.91999331712725,0.4826063,35.08102660998702,0,348,2016,12
2016-12-14,26.29999330863359,0.28512588,35.08407846093178,0,349,2016,12
2016-12-15,25.849993318691872,0.26785755,35.07950068451464,0,350,2016,12
2016-12-16,25.429993328079604,0.14600001,35.0611895788461,0,351,2016,12
2016-12-17,25.52999332584443,0.16959389,35.050508100539446,0,352,2016,12
2016-12-18,25.829993319138907,0.16312234,35.04745624959469,0,353,2016,12
2016-12-19,25.789993320032977,0.2006205,35.04898217506707,0,354,2016,12
2016-12-20,25.75999332070353,0.20280859,35.05508587695658,0,355,2016,12
2016-12-21,25.87999331802132,0.20576496,35.050508100539446,0,356,2016,12
2016-12-22,25.929993316903733,0.20576496,35.05661180242896,0,357,2016,12
2016-12-23,25.939993316680216,0.30073088,35.0535599514842,0,358,2016,12
2016-12-24,25.889993317797803,0.30553892,35.04440439864993,0,359,2016,12
2016-12-25,25.36999332942071,0.454099,35.04287847317755,0,360,2016,12
2016-12-26,25.089993335679196,0.454099,35.04440439864993,0,361,2016,12
2016-12-27,25.129993334785127,0.37553474,35.0321969948709,0,362,2016,12
2016-12-28,25.129993334785127,0.4529791,35.03067106939852,0,363,2016,12
2016-12-29,25.079993335902714,0.61662,35.03677477128804,0,364,2016,12
2016-12-30,24.40999335087838,0.5467583,35.03524884581566,0,365,2016,12
2016-12-31,24.049993358925008,0.57206714,35.03372292034328,0,366,2016,12
2017-01-01,24.83999334126713,0.39211568,35.03372292034328,0,1,2017,1
2017-01-02,25.549993325397395,0.36146945,35.016937740147114,0,2,2017,1
2017-01-03,25.99999331533911,0.16557255,34.96353034861386,0,3,2017,1
2017-01-04,25.779993320256494,0.34619802,34.9818414542824,0,4,2017,1
2017-01-05,25.4899933267385,0.23062767,35.05508587695658,0,5,2017,1
2017-01-06,24.319993352890037,0.23062767,35.05966365337372,0,6,2017,1
2017-01-07,23.799993364512943,0.30071813,35.07034513168037,0,7,2017,1
2017-01-08,23.779993364959978,0.30148166,35.07950068451464,0,8,2017,1
2017-01-09,24.379993351548933,0.50339645,35.087130311876535,0,9,2017,1
2017-01-10,24.849993341043614,0.2807209,35.099337715655565,0,10,2017,1
2017-01-11,24.44999334998431,0.2807209,35.10849326848984,0,11,2017,1
2017-01-12,24.32999335266652,0.38503465,35.1039154920727,0,12,2017,1
2017-01-13,24.189993355795764,0.5486365,35.10238956660032,0,13,2017,1
2017-01-14,24.48999334909024,0.41139922,35.113071044906974,0,14,2017,1
2017-01-15,25.29999333098533,0.35966006,35.1329080760479,0,15,2017,1
2017-01-16,26.239993309974693,0.17251882,35.11612289585173,0,16,2017,1
2017-01-17,26.509993303939723,0.19819662,35.08102660998702,0,17,2017,1
2017-01-18,26.18999331109228,0.19819582,35.06576735526323,0,18,2017,1
2017-01-19,24.75999334305527,0.42291442,35.039826622232795,0,19,2017,1
2017-01-20,24.729993343725823,0.3511635,35.029145143926144,0,20,2017,1
2017-01-21,25.2599933318794,0.35256273,35.02304144203663,0,21,2017,1
2017-01-22,25.44999332763257,0.32056728,35.01998959109187,0,22,2017,1
2017-01-23,25.41999332830312,0.3209855,35.00930811278522,0,23,2017,1
2017-01-24,25.91999331712725,0.15321352,34.99557478353381,0,24,2017,1
2017-01-25,26.639993301033996,0.13378328,34.954374795779586,0,25,2017,1
2017-01-26,26.789993297681235,0.13788646,34.85671556554735,0,26,2017,1
2017-01-27,26.759993298351787,0.13528779,34.9101229570806,0,27,2017,1
2017-01-28,26.829993296787165,0.1029703,34.96505627408624,0,28,2017,1
2017-01-29,27.009993292763852,0.13414343,34.98336737975478,0,29,2017,1
2017-01-30,27.599993279576324,0.15421891,34.90096740424633,0,30,2017,1
2017-01-31,27.569993280246877,0.17141068,34.7956785466522,0,31,2017,1
2017-02-01,27.53999328091743,0.27280396,34.74379708059132,0,32,2017,2
2017-02-02,27.50999328158798,0.39575252,34.762108186259866,0,33,2017,2
2017-02-03,27.569993280246877,0.34324494,34.833826683461666,0,34,2017,2
2017-02-04,27.54999328069391,0.2433448,34.87960444763303,0,35,2017,2
2017-02-05,27.529993281140946,0.21235707,34.90249332971871,0,36,2017,2
2017-02-06,27.479993282258533,0.21234739,34.931485913693905,0,37,2017,2
2017-02-07,27.54999328069391,0.21234739,34.943693317472935,0,38,2017,2
2017-02-08,27.439993283152603,0.2987058,34.95132294483483,0,39,2017,2
2017-02-09,25.969993316009663,0.27699915,34.91470073349774,0,40,2017,2
2017-02-10,25.91999331712725,0.2956249,34.896389627829194,0,41,2017,2
2017-02-11,26.529993303492688,0.260902,34.92538221180439,0,42,2017,2
2017-02-12,26.549993303045653,0.30635944,34.98489330522716,0,43,2017,2
2017-02-13,26.25999330952766,0.26328945,34.99404885806143,0,44,2017,2
2017-02-14,25.91999331712725,0.18933335,34.98489330522716,0,45,2017,2
2017-02-15,26.279993309080623,0.1691061,34.93606369011104,0,46,2017,2
2017-02-16,26.549993303045653,0.16817796,34.810937801375985,0,47,2017,2
2017-02-17,26.87999329566958,0.17437148,34.76058226078749,0,48,2017,2
2017-02-18,27.989993270859145,0.11120202,34.884182224050164,0,49,2017,2
2017-02-19,27.92999327220025,0.13207689,34.786522993817925,0,50,2017,2
2017-02-20,28.16999326683583,0.32282576,34.6232489682734,0,51,2017,2
2017-02-21,27.949993271753215,0.20003518,34.67665635980666,0,52,2017,2
2017-02-22,28.029993269965075,0.09839369,34.786522993817925,0,53,2017,2
2017-02-23,28.1299932677299,0.118131265,34.82924890704453,0,54,2017,2
2017-02-24,28.23999326527121,0.12923823,34.798730397596955,0,55,2017,2
2017-02-25,28.419993261247896,0.12521066,34.68733783811331,0,56,2017,2
2017-02-26,28.179993266612314,0.1987062,34.6949674654752,0,57,2017,2
2017-02-27,28.209993265941762,0.20580894,34.70564894378185,0,58,2017,2
2017-02-28,28.349993262812518,0.23271644,34.34858238324523,0,59,2017,2
2017-03-01,28.759993253648304,0.18311395,34.06933802179992,0,60,2017,3
2017-03-02,28.54999325834217,0.26932323,34.01135285384953,0,61,2017,3
2017-03-03,28.599993257224583,0.351685,34.281441662460566,0,62,2017,3
2017-03-04,28.879993250966095,0.2481481,34.379100892692804,0,63,2017,3
2017-03-05,29.609993234649323,0.24357922,34.197515761479735,0,64,2017,3
2017-03-06,29.78999323062601,0.19805156,34.24024167470634,0,65,2017,3
2017-03-07,30.05999322459104,0.15632944,34.30280461907387,0,66,2017,3
2017-03-08,29.9099932279438,0.18125035,34.18225650675595,0,67,2017,3
2017-03-09,29.32999324090781,0.19709724,34.270760184153914,0,68,2017,3
2017-03-10,29.109993245825194,0.39811572,34.58967860788107,0,69,2017,3
2017-03-11,28.93999324962499,0.33314937,34.48286382481456,0,70,2017,3
2017-03-12,28.759993253648304,0.27574527,34.089175052940845,0,71,2017,3
2017-03-13,28.449993260577344,0.51323485,33.968626940622926,0,72,2017,3
2017-03-14,28.15999326705935,0.86787254,34.22956019639969,0,73,2017,3
2017-03-15,27.839993274211906,1.2319701,34.68123413622379,0,74,2017,3
2017-03-16,27.489993282035016,1.0892217,34.607989713549614,0,75,2017,3
2017-03-17,27.769993275776528,0.21850365,34.26770833320916,0,76,2017,3
2017-03-18,27.81999327465894,0.23155838,34.412671253085136,0,77,2017,3
2017-03-19,27.65999327823522,1.1180601,34.7956785466522,0,78,2017,3
2017-03-20,27.54999328069391,0.96515024,34.8170415032655,0,79,2017,3
2017-03-21,27.4999932818115,0.96515024,34.76516003720462,0,80,2017,3
2017-03-22,27.27999328672888,1.0181321,34.75600448437035,0,81,2017,3
2017-03-23,26.989993293210887,1.084706,34.58662675693631,0,82,2017,3
2017-03-24,27.42999328337612,0.3408616,34.46760457009077,0,83,2017,3
2017-03-25,27.289993286505364,0.25882286,34.60951563902199,0,84,2017,3
2017-03-26,27.23999328762295,1.046902,34.80483409948647,0,85,2017,3
2017-03-27,27.19999328851702,0.98444355,34.86587111838162,0,86,2017,3
2017-03-28,27.27999328672888,0.6011345,34.80330817401409,0,87,2017,3
2017-03-29,27.729993276670598,0.3272738,34.60036008618772,0,88,2017,3
2017-03-30,28.499993259459757,0.28449008,34.23108612187207,0,89,2017,3
2017-03-31,29.069993246719264,0.25030777,34.14105651900172,0,90,2017,3
2017-04-01,29.39999323934319,0.25151342,34.16852317750454,0,91,2017,4
2017-04-02,29.28999324180188,0.36465293,34.19598983600736,0,92,2017,4
2017-04-03,29.229993243142985,0.31892234,34.10901208408177,0,93,2017,4
2017-04-04,29.229993243142985,0.20198284,33.96404916420579,0,94,2017,4
2017-04-05,29.309993241354846,0.2066425,33.718375163152814,0,95,2017,4
2017-04-06,29.109993245825194,0.23748922,33.513901149854064,0,96,2017,4
2017-04-07,28.97999324873092,0.2382988,33.64970851689577,1,97,2017,4
2017-04-08,28.829993252083682,0.34218162,33.68633072823286,0,98,2017,4
2017-04-09,29.499993237108015,0.35159928,33.500167820602655,0,99,2017,4
2017-04-10,29.40999323911967,0.21128422,33.39793081395328,0,100,2017,4
2017-04-11,29.489993237331532,0.27249843,33.297219732776284,0,101,2017,4
2017-04-12,29.449993238225602,0.18972944,33.187353098765016,0,102,2017,4
2017-04-13,29.119993245601677,0.29843718,33.17209384404123,0,103,2017,4
2017-04-14,29.109993245825194,0.24972095,33.17209384404123,0,104,2017,4
2017-04-15,29.05999324694278,0.37504098,33.66344184614718,0,105,2017,4
2017-04-16,28.879993250966095,0.30850574,33.90758992172778,0,106,2017,4
2017-04-17,28.62999325655403,0.33845943,33.61308630555868,0,107,2017,4
2017-04-18,28.46999326013031,0.28552127,34.04492321424186,0,108,2017,4
2017-04-19,28.31999326348307,0.3538291,34.66292303055525,0,109,2017,4
2017-04-20,28.1299932677299,0.28463662,34.643085999414325,0,110,2017,4
2017-04-21,28.059993269294523,0.30882153,34.50727863237262,0,111,2017,4
2017-04-22,28.00999327041211,0.25890386,34.48438975028694,1,112,2017,4
2017-04-23,27.979993271082662,0.20124711,34.607989713549614,0,113,2017,4
2017-04-24,27.85999327376487,0.20548427,34.69954524189234,0,114,2017,4
2017-04-25,27.879993273317837,0.20544556,34.78041929192841,0,115,2017,4
2017-04-26,28.149993267282866,0.19383393,34.617145266383886,0,116,2017,4
2017-04-27,28.139993267506384,0.19363606,34.41114532761276,0,117,2017,4
2017-04-28,28.11999326795342,0.3386951,34.185308357700706,0,118,2017,4
2017-04-29,27.92999327220025,0.41703197,34.27838981151581,0,119,2017,4
2017-04-30,27.909993272647284,0.23419222,34.354686085134745,0,120,2017,4
2017-05-01,27.879993273317837,0.22467574,34.22498241998255,0,121,2017,5
2017-05-02,27.999993270635628,0.20389542,34.22650834545493,0,122,2017,5
2017-05-03,27.959993271529697,0.17864603,34.36384163796902,1,123,2017,5
2017-05-04,28.00999327041211,0.37249318,34.33942683041096,1,124,2017,5
2017-05-05,28.059993269294523,0.2171187,34.234137972816825,0,125,2017,5
2017-05-06,28.099993268400453,0.21783602,34.17615280486643,0,126,2017,5
2017-05-07,27.959993271529697,0.20187102,34.18225650675595,0,127,2017,5
2017-05-08,27.949993271753215,0.34770954,34.115115785971284,0,128,2017,5
2017-05-09,27.96999327130618,0.2887644,33.96404916420579,0,129,2017,5
2017-05-10,27.85999327376487,0.37923706,33.922849176451564,0,130,2017,5
2017-05-11,27.749993276223563,0.5229052,33.97320471704006,0,131,2017,5
2017-05-12,27.649993278458737,0.58353716,34.015930630266666,0,132,2017,5
2017-05-13,27.54999328069391,0.53526413,34.03271581046283,0,133,2017,5
2017-05-14,27.399993284046673,0.3884772,34.06170839443803,0,134,2017,5
2017-05-15,27.409993283823155,0.23179659,34.064760245382786,0,135,2017,5
2017-05-16,27.369993284717225,0.24227515,34.30280461907387,0,136,2017,5
2017-05-17,27.179993288964056,0.33935153,34.50270085595548,0,137,2017,5
2017-05-18,27.0399932920933,0.32589468,34.59730823524296,0,138,2017,5
2017-05-19,26.909993294999026,0.4498022,34.68428598716855,0,139,2017,5
2017-05-20,26.699993299692892,0.26418296,34.79415262117982,0,140,2017,5
2017-05-21,26.639993301033996,0.2758596,34.82772298157215,0,141,2017,5
2017-05-22,26.5799933023751,0.25238493,34.833826683461666,0,142,2017,5
2017-05-23,26.469993304833793,0.21539594,34.85366371460259,0,143,2017,5
2017-05-24,26.409993306174897,0.19127372,34.870448894798756,0,144,2017,5
2017-05-25,26.389993306621932,0.22671874,34.884182224050164,0,145,2017,5
2017-05-26,26.41999330595138,0.3458539,34.89028592593968,0,146,2017,5
2017-05-27,26.45999330505731,0.29704452,34.87807852216065,0,147,2017,5
2017-05-28,26.509993303939723,0.27206495,34.821619279682636,0,148,2017,5
2017-05-29,26.68999329991641,0.48541662,34.569841576740146,0,149,2017,5
2017-05-30,26.669993300363444,0.5470912,34.569841576740146,0,150,2017,5
2017-05-31,26.72999329902234,0.37930772,34.73311560228467,0,151,2017,5
2017-06-01,26.749993298575305,0.3849348,34.643085999414325,0,152,2017,6
2017-06-02,26.639993301033996,0.42302307,34.6446119248867,0,153,2017,6
2017-06-03,26.469993304833793,0.36067143,34.643085999414325,0,154,2017,6
2017-06-04,26.509993303939723,0.35901833,34.679708210751414,0,155,2017,6
2017-06-05,26.49999330416324,0.6296309,34.68733783811331,0,156,2017,6
2017-06-06,26.519993303716205,0.6587485,34.58510083146393,0,157,2017,6
2017-06-07,26.399993306398414,0.60163724,34.57594527862966,0,158,2017,6
2017-06-08,26.26999330930414,0.6621992,34.68733783811331,0,159,2017,6
2017-06-09,26.179993311315798,0.48684326,34.618671191856265,0,160,2017,6
2017-06-10,26.219993310421728,0.57325876,34.62782674469054,0,161,2017,6
2017-06-11,26.249993309751176,0.45458895,34.72243412397802,0,162,2017,6
2017-06-12,26.289993308857106,0.57776153,34.751426707953215,0,163,2017,6
2017-06-13,26.209993310645245,0.36510667,34.80636002495885,0,164,2017,6
2017-06-14,26.049993314221524,0.36510667,34.6232489682734,0,165,2017,6
2017-06-15,25.909993317350768,0.3697547,34.511856408789754,0,166,2017,6
2017-06-16,25.64999332316222,0.57663554,34.64766377583146,0,167,2017,6
2017-06-17,25.659993322938703,0.5593205,34.73311560228467,0,168,2017,6
2017-06-18,25.72999332137408,0.40565103,34.71175264567137,0,169,2017,6
2017-06-19,25.749993320927047,0.22775248,34.82009335421026,0,170,2017,6
2017-06-20,25.67999332249167,0.34748355,34.992522932589054,0,171,2017,6
2017-06-21,25.469993327185534,0.29201525,34.882656298577785,0,172,2017,6
2017-06-22,25.469993327185534,0.34330627,34.83077483251691,0,173,2017,6
2017-06-23,25.37999332919719,0.26779026,34.90401925519109,0,174,2017,6
2017-06-24,25.439993327856087,0.33396494,34.93453776463866,3,175,2017,6
2017-06-25,25.40999332852664,0.68505913,34.94827109389007,0,176,2017,6
2017-06-26,25.2599933318794,0.41216445,34.9604784976691,0,177,2017,6
2017-06-27,25.09999333545568,0.41468307,34.99862663447857,0,178,2017,6
2017-06-28,25.039993336796783,0.3527507,35.052034026011825,0,179,2017,6
2017-06-29,25.039993336796783,0.5276322,35.05966365337372,0,180,2017,6
2017-06-30,25.199993333220505,0.38316345,35.04745624959469,0,181,2017,6
2017-07-01,25.21999333277347,0.34424967,35.038300696760416,0,182,2017,7
2017-07-02,25.0299933370203,0.47744828,35.039826622232795,0,183,2017,7
2017-07-03,24.729993343725823,0.5344732,35.04745624959469,0,184,2017,7
2017-07-04,25.009993337467336,0.25511092,35.050508100539446,0,185,2017,7
2017-07-05,24.889993340149545,0.20724134,35.0535599514842,0,186,2017,7
2017-07-06,24.63999334573748,0.32107893,35.076448833569884,0,187,2017,7
2017-07-07,24.509993348643206,0.2506121,35.12680437415838,0,188,2017,7
2017-07-08,23.759993365407013,0.21130392,35.16647843644023,0,189,2017,7
2017-07-09,23.799993364512943,0.32576054,35.13901177793741,0,190,2017,7
2017-07-10,24.199993355572246,0.30893546,35.12985622510314,0,191,2017,7
2017-07-11,24.509993348643206,0.28835976,35.14206362888217,0,192,2017,7
2017-07-12,24.509993348643206,0.26284963,35.171056212857366,0,193,2017,7
2017-07-13,24.419993350654863,0.3749853,35.15732288360596,0,194,2017,7
2017-07-14,24.259993354231142,0.4285458,35.14969325624406,0,195,2017,7
2017-07-15,24.339993352443003,0.32401615,35.13138215057552,0,196,2017,7
2017-07-16,24.28999335356059,0.26742274,35.16342658549547,0,197,2017,7
2017-07-17,24.1699933562428,0.33323282,35.17715991474688,0,198,2017,7
2017-07-18,24.119993357360386,0.33296672,35.15732288360596,0,199,2017,7
2017-07-19,24.089993358030938,0.31970078,35.158848809078336,0,200,2017,7
2017-07-20,24.009993359819077,0.37295297,35.16953028738499,0,201,2017,7
2017-07-21,23.919993361830734,0.6699768,35.1756339892745,1,202,2017,7
2017-07-22,23.879993362724804,0.45921528,35.16190066002309,0,203,2017,7
2017-07-23,23.739993365854048,0.34100652,35.15121918171644,0,204,2017,7
2017-07-24,23.689993366971635,0.3701325,35.14358955435455,0,205,2017,7
2017-07-25,23.7099933665246,0.5474331,35.146641405299306,0,206,2017,7
2017-07-26,23.82999336384239,0.4980976,35.158848809078336,0,207,2017,7
2017-07-27,23.85999336317184,0.56330013,35.14358955435455,0,208,2017,7
2017-07-28,23.849993363395356,0.41449878,35.099337715655565,0,209,2017,7
2017-07-29,23.74999336563053,0.3541943,35.09323401376605,0,210,2017,7
2017-07-30,23.699993366748117,0.4067425,35.09475993923843,0,211,2017,7
2017-07-31,23.54999337010088,0.32276914,35.08407846093178,0,212,2017,7
2017-08-01,23.39999337345364,0.34583884,35.07797475904226,0,213,2017,8
2017-08-02,23.219993377476953,0.377256,35.08407846093178,0,214,2017,8
2017-08-03,23.179993378371023,0.3094363,35.0825525354594,0,215,2017,8
2017-08-04,23.20999337770047,0.2696264,35.027619218453765,0,216,2017,8
2017-08-05,23.23999337702992,0.34717205,34.99862663447857,0,217,2017,8
2017-08-06,23.23999337702992,0.4088895,35.004730336368084,0,218,2017,8
2017-08-07,23.309993375465297,0.45178553,35.00167848542333,0,219,2017,8
2017-08-08,23.27999337613585,0.4714306,35.00778218731284,0,220,2017,8
2017-08-09,23.00999338217082,0.39819434,34.98794515617192,0,221,2017,8
2017-08-10,22.829993386194133,0.3092455,34.9604784976691,0,222,2017,8
2017-08-11,23.43999337255957,0.32399446,34.94827109389007,0,223,2017,8
2017-08-12,23.609993368759774,0.25022933,34.93758961558342,0,224,2017,8
2017-08-13,23.74999336563053,0.32634068,34.9391155410558,0,225,2017,8
2017-08-14,23.929993361607217,0.1894399,34.94064146652818,0,226,2017,8
2017-08-15,23.649993367865704,0.34640023,34.93453776463866,0,227,2017,8
2017-08-16,23.729993366077565,0.31587356,34.92690813727677,0,228,2017,8
2017-08-17,23.809993364289426,0.41317442,34.91622665897012,0,229,2017,8
2017-08-18,23.849993363395356,0.40157375,34.91470073349774,0,230,2017,8
2017-08-19,23.08999338038268,0.29774353,34.92233036085963,0,231,2017,8
2017-08-20,23.039993381500267,0.32550025,34.92690813727677,0,232,2017,8
2017-08-21,23.00999338217082,0.41311216,34.917752584442496,0,233,2017,8
2017-08-22,23.219993377476953,0.3209654,34.90096740424633,0,234,2017,8
2017-08-23,23.269993376359366,0.3042239,34.89791555330157,0,235,2017,8
2017-08-24,23.189993378147506,0.338794,34.91470073349774,0,236,2017,8
2017-08-25,23.119993379712128,0.43340388,34.94521924294531,0,237,2017,8
2017-08-26,23.35999337434771,0.45714682,34.931485913693905,0,238,2017,8
2017-08-27,23.639993368089222,0.2996342,34.91622665897012,0,239,2017,8
2017-08-28,23.699993366748117,0.34569383,34.91470073349774,0,240,2017,8
2017-08-29,23.679993367195152,0.4231919,34.93453776463866,0,241,2017,8
2017-08-30,23.369993374124192,0.30682448,34.91622665897012,0,242,2017,8
2017-08-31,23.259993376582884,0.535871,34.86587111838162,0,243,2017,8
2017-09-01,23.109993379935645,0.5177763,34.91317480802536,0,244,2017,9
2017-09-02,22.949993383511924,0.45358077,34.9391155410558,0,245,2017,9
2017-09-03,23.109993379935645,0.42401728,34.93758961558342,0,246,2017,9
2017-09-04,23.269993376359366,0.28904524,34.92843406274915,0,247,2017,9
2017-09-05,23.27999337613585,0.42020237,34.94674516841769,0,248,2017,9
2017-09-06,23.219993377476953,0.38338187,34.95132294483483,0,249,2017,9
2017-09-07,23.849993363395356,0.31333718,34.93606369011104,0,250,2017,9
2017-09-08,24.049993358925008,0.29929364,34.90096740424633,0,251,2017,9
2017-09-09,24.12999335713687,0.3319123,34.87655259668827,0,252,2017,9
2017-09-10,23.949993361160182,0.36533993,34.870448894798756,0,253,2017,9
2017-09-11,23.639993368089222,0.42237678,34.87960444763303,0,254,2017,9
2017-09-12,23.429993372783088,0.47345695,34.89791555330157,0,255,2017,9
2017-09-13,23.449993372336053,0.5501565,34.91317480802536,0,256,2017,9
2017-09-14,23.689993366971635,0.33328128,34.931485913693905,0,257,2017,9
2017-09-15,24.009993359819077,0.39097854,34.92843406274915,0,258,2017,9
2017-09-16,23.969993360713147,0.25906625,34.87655259668827,0,259,2017,9
2017-09-17,23.929993361607217,0.58027923,34.85671556554735,0,260,2017,9
2017-09-18,24.109993357583903,0.43842253,34.87807852216065,0,261,2017,9
2017-09-19,24.149993356689833,0.23652302,34.867397043854,0,262,2017,9
2017-09-20,24.079993358254455,0.3512875,34.85671556554735,0,263,2017,9
2017-09-21,23.989993360266112,0.35210767,34.867397043854,0,264,2017,9
2017-09-22,23.849993363395356,0.3177713,34.87350074574351,0,265,2017,9
2017-09-23,23.90999336205425,0.23277116,34.884182224050164,0,266,2017,9
2017-09-24,24.009993359819077,0.16130069,34.89791555330157,0,267,2017,9
2017-09-25,23.969993360713147,0.16894996,34.919278509914875,0,268,2017,9
2017-09-26,23.51999337077143,0.17544788,34.942167392000556,0,269,2017,9
2017-09-27,23.32999337501826,0.35485184,34.966582199558616,0,270,2017,9
2017-09-28,22.97999338284137,0.5802803,34.980315528810024,0,271,2017,9
2017-09-29,22.639993390440964,0.5813378,34.99862663447857,0,272,2017,9
2017-09-30,22.829993386194133,0.38389018,35.00625626184046,0,273,2017,9
2017-10-01,23.0199933819473,0.29376298,34.990997007116675,0,274,2017,10
2017-10-02,23.039993381500267,0.30641252,34.955900721251965,0,275,2017,10
2017-10-03,22.919993384182476,0.30870497,34.92233036085963,0,276,2017,10
2017-10-04,22.92999338395896,0.39980543,34.89333777688444,0,277,2017,10
2017-10-05,23.029993381723784,0.36723214,34.870448894798756,0,278,2017,10
2017-10-06,23.109993379935645,0.47785473,34.836878534406424,0,279,2017,10
2017-10-07,23.029993381723784,0.5316162,34.823145205155015,0,280,2017,10
2017-10-08,22.849993385747098,0.51638436,34.82619705609977,0,281,2017,10
2017-10-09,23.029993381723784,0.31198055,34.823145205155015,0,282,2017,10
2017-10-10,23.309993375465297,0.35024446,34.810937801375985,0,283,2017,10
2017-10-11,23.389993373677157,0.20698774,34.800256323069334,0,284,2017,10
2017-10-12,24.029993359372043,0.18729752,34.788048919290304,0,285,2017,10
2017-10-13,24.12999335713687,0.1702469,34.77278966456652,0,286,2017,10
2017-10-14,24.009993359819077,0.16167444,34.75905633531511,0,287,2017,10
2017-10-15,23.949993361160182,0.16181614,34.7453230060637,0,288,2017,10
2017-10-16,23.739993365854048,0.16311061,34.73616745322943,0,289,2017,10
2017-10-17,23.429993372783088,0.18620682,34.74837485700846,0,290,2017,10
2017-10-18,23.269993376359366,0.47627702,34.77278966456652,0,291,2017,10
2017-10-19,23.32999337501826,0.4821736,34.79720447212458,0,292,2017,10
2017-10-20,23.4799933716655,0.34495547,34.81551557779312,0,293,2017,10
2017-10-21,23.499993371218466,0.2473367,34.833826683461666,0,294,2017,10
2017-10-22,23.55999336987736,0.31865495,34.833826683461666,0,295,2017,10
2017-10-23,23.89999336227777,0.2187382,34.79720447212458,0,296,2017,10
2017-10-24,23.959993360936664,0.23732315,34.77126373909414,0,297,2017,10
2017-10-25,23.999993360042595,0.23611711,34.78194521740079,0,298,2017,10
2017-10-26,23.739993365854048,0.23611711,34.800256323069334,0,299,2017,10
2017-10-27,23.59999336898329,0.44139308,34.81398965232074,0,300,2017,10
2017-10-28,23.639993368089222,0.45179236,34.82619705609977,0,301,2017,10
2017-10-29,23.639993368089222,0.49898088,34.84298223629594,0,302,2017,10
2017-10-30,23.78999336473646,0.23387523,34.86129334196448,0,303,2017,10
2017-10-31,24.44999334998431,0.24781658,34.87655259668827,0,304,2017,10
2017-11-01,24.549993347749137,0.24340191,34.90096740424633,0,305,2017,11
2017-11-02,24.579993347078585,0.19782019,34.931485913693905,0,306,2017,11
2017-11-03,24.44999334998431,0.18639828,34.954374795779586,0,307,2017,11
2017-11-04,24.21999335512521,0.44459215,34.97421182692051,0,308,2017,11
2017-11-05,24.279993353784107,0.39099425,34.990997007116675,0,309,2017,11
2017-11-06,24.419993350654863,0.4442006,35.015411814674735,0,310,2017,11
2017-11-07,24.569993347302102,0.34588882,35.04287847317755,0,311,2017,11
2017-11-08,24.75999334305527,0.3654481,35.064241429790854,0,312,2017,11
2017-11-09,24.71999334394934,0.53951055,35.062715504318476,0,313,2017,11
2017-11-10,24.889993340149545,0.28422284,35.0535599514842,0,314,2017,11
2017-11-11,25.169993333891057,0.28422284,35.0611895788461,0,315,2017,11
2017-11-12,24.929993339255475,0.13642561,35.0825525354594,0,316,2017,11
2017-11-13,24.779993342608236,0.1558939,35.10696734301746,0,317,2017,11
2017-11-14,24.71999334394934,0.31001118,35.12680437415838,0,318,2017,11
2017-11-15,24.929993339255475,0.1656855,35.148167330771685,0,319,2017,11
2017-11-16,25.229993332549952,0.16008072,35.148167330771685,0,320,2017,11
2017-11-17,25.319993330538296,0.124080084,35.08407846093178,0,321,2017,11
2017-11-18,25.17999333366754,0.13410765,35.02456736750901,0,322,2017,11
2017-11-19,24.82999334149065,0.16515245,35.01846366561949,0,323,2017,11
2017-11-20,24.969993338361405,0.16250364,35.03677477128804,0,324,2017,11
2017-11-21,25.10999333523216,0.2573589,35.088656237348914,0,325,2017,11
2017-11-22,25.359993329644226,0.2573589,35.14969325624406,0,326,2017,11
2017-11-23,25.889993317797803,0.21561931,35.15579695813358,0,327,2017,11
2017-11-24,25.939993316680216,0.1729057,35.122226597741246,0,328,2017,11
2017-11-25,25.509993326291465,0.20536499,35.13748585246503,0,329,2017,11
2017-11-26,24.979993338137888,0.39078057,35.158848809078336,0,330,2017,11
2017-11-27,24.67999334484341,0.3907801,35.15732288360596,0,331,2017,11
2017-11-28,24.59999334663155,0.33673295,35.15732288360596,0,332,2017,11
2017-11-29,24.699993344396376,0.42533964,35.160374734550714,0,333,2017,11
2017-11-30,24.83999334126713,0.2599676,35.16800436191261,0,334,2017,11
2017-12-01,24.929993339255475,0.13584311,35.1756339892745,0,335,2017,12
2017-12-02,24.809993341937684,0.13490295,35.18936731852591,0,336,2017,12
2017-12-03,24.709993344172858,0.13490295,35.18784139305353,0,337,2017,12
2017-12-04,24.74999334327879,0.19402501,35.184789542108774,0,338,2017,12
2017-12-05,25.089993335679196,0.1941303,35.17868584021926,0,339,2017,12
2017-12-06,25.10999333523216,0.22790773,35.18173769116402,0,340,2017,12
2017-12-07,25.079993335902714,0.22039834,35.17715991474688,0,341,2017,12
2017-12-08,25.199993333220505,0.22039834,35.15274510718882,0,342,2017,12
2017-12-09,26.079993313550972,0.15643008,35.12833029963076,0,343,2017,12
2017-12-10,26.329993307963036,0.1185437,35.110019193962216,0,344,2017,12
2017-12-11,26.319993308186554,0.12426727,35.08407846093178,0,345,2017,12
2017-12-12,26.019993314892076,0.1282845,35.06881920620799,0,346,2017,12
2017-12-13,25.869993318244838,0.1282845,35.07187105715275,0,347,2017,12
2017-12-14,25.7199933215976,0.16102554,35.07950068451464,0,348,2017,12
2017-12-15,25.599993324279808,0.19580983,35.076448833569884,0,349,2017,12
2017-12-16,25.2599933318794,0.48608708,35.074922908097506,0,350,2017,12
2017-12-17,24.509993348643206,0.5281918,35.076448833569884,0,351,2017,12
2017-12-18,24.21999335512521,0.63261926,35.0825525354594,0,352,2017,12
2017-12-19,24.199993355572246,0.8185151,35.087130311876535,0,353,2017,12
2017-12-20,24.74999334327879,0.25579384,35.088656237348914,0,354,2017,12
2017-12-21,25.319993330538296,0.1792175,35.07034513168037,0,355,2017,12
2017-12-22,25.549993325397395,0.20210616,35.03524884581566,0,356,2017,12
2017-12-23,26.049993314221524,0.23616728,35.01998959109187,0,357,2017,12
2017-12-24,26.469993304833793,0.19186424,35.02304144203663,0,358,2017,12
2017-12-25,27.129993290081643,0.17621763,35.07187105715275,0,359,2017,12
2017-12-26,27.57999328002336,0.15787698,35.10544141754508,0,360,2017,12
2017-12-27,27.559993280470394,0.17672086,35.06881920620799,0,361,2017,12
2017-12-28,26.629993301257514,0.24635981,35.029145143926144,0,362,2017,12
2017-12-29,26.64999330081048,0.13745528,34.99862663447857,0,363,2017,12
2017-12-30,26.709993299469375,0.14125128,34.97726367786527,0,364,2017,12
2017-12-31,26.479993304610275,0.13141648,34.955900721251965,0,365,2017,12
2018-01-01,26.29999330863359,0.13718745,34.93453776463866,0,1,2018,1
2018-01-02,26.41999330595138,0.11616869,34.907071106135845,0,2,2018,1
2018-01-03,26.519993303716205,0.18314964,34.87960444763303,0,3,2018,1
2018-01-04,26.739993298798822,0.21867529,34.87502667121589,0,4,2018,1
2018-01-05,26.68999329991641,0.20311497,34.87807852216065,0,5,2018,1
2018-01-06,26.589993302151584,0.1990474,34.89181185141206,0,6,2018,1
2018-01-07,26.479993304610275,0.2992721,34.9101229570806,0,7,2018,1
2018-01-08,26.92999329455199,0.20009793,34.92385628633201,0,8,2018,1
2018-01-09,26.91999329477551,0.21521038,34.919278509914875,0,9,2018,1
2018-01-10,26.789993297681235,0.20177992,34.90554518066347,0,10,2018,1
2018-01-11,26.489993304386758,0.2441871,34.8887600004673,0,11,2018,1
2018-01-12,26.049993314221524,0.33031145,34.89181185141206,0,12,2018,1
2018-01-13,26.079993313550972,0.32639736,34.91622665897012,0,13,2018,1
2018-01-14,26.329993307963036,0.20604005,34.91317480802536,0,14,2018,1
2018-01-15,26.389993306621932,0.14437592,34.85518964007497,0,15,2018,1
2018-01-16,26.37999330684545,0.20104773,34.870448894798756,0,16,2018,1
2018-01-17,26.449993305280827,0.19748545,34.85366371460259,0,17,2018,1
2018-01-18,26.749993298575305,0.1290384,34.84450816176832,0,18,2018,1
2018-01-19,26.96999329365792,0.13374151,34.90249332971871,0,19,2018,1
2018-01-20,27.219993288069986,0.15715982,34.933011839166284,0,20,2018,1
2018-01-21,27.979993271082662,0.13917753,34.929959988221526,0,21,2018,1
2018-01-22,28.379993262141966,0.12647372,34.91317480802536,0,22,2018,1
2018-01-23,28.209993265941762,0.28822368,34.907071106135845,0,23,2018,1
2018-01-24,27.34999328516426,0.20821355,34.89944147877395,0,24,2018,1
2018-01-25,27.139993289858126,0.47401297,34.90401925519109,0,25,2018,1
2018-01-26,27.019993292540335,0.535344,34.859767416492105,0,26,2018,1
2018-01-27,26.449993305280827,0.30780795,34.846034087240696,0,27,2018,1
2018-01-28,25.899993317574285,0.3635266,34.86587111838162,0,28,2018,1
2018-01-29,25.739993321150564,0.27516985,34.871974820271134,0,29,2018,1
2018-01-30,26.129993312433385,0.3264656,34.867397043854,0,30,2018,1
2018-01-31,25.849993318691872,0.24504118,34.89333777688444,0,31,2018,1
2018-02-01,25.60999332405629,0.33200735,34.92233036085963,0,32,2018,2
2018-02-02,25.439993327856087,0.32606998,34.942167392000556,0,33,2018,2
2018-02-03,25.269993331655883,0.3609691,34.954374795779586,0,34,2018,2
2018-02-04,25.17999333366754,0.29097056,34.97115997597575,0,35,2018,2
2018-02-05,25.429993328079604,0.235042,34.990997007116675,0,36,2018,2
2018-02-06,26.56999330259862,0.18060136,35.00625626184046,0,37,2018,2
2018-02-07,26.61999330148103,0.15217331,35.0535599514842,0,38,2018,2
2018-02-08,26.669993300363444,0.18137546,35.08102660998702,0,39,2018,2
2018-02-09,26.749993298575305,0.14442414,35.07950068451464,0,40,2018,2
2018-02-10,26.859993296116613,0.12560685,35.06729328073561,0,41,2018,2
2018-02-11,27.11999329030516,0.11895812,35.07339698262513,0,42,2018,2
2018-02-12,27.689993277564668,0.17381664,35.07797475904226,0,43,2018,2
2018-02-13,27.689993277564668,0.17734848,35.027619218453765,0,44,2018,2
2018-02-14,27.69999327734115,0.14859597,34.99710070900619,0,45,2018,2
2018-02-15,27.84999327398839,0.17819558,34.99862663447857,0,46,2018,2
2018-02-16,27.749993276223563,0.13191186,35.00167848542333,0,47,2018,2
2018-02-17,27.649993278458737,0.19095288,34.99404885806143,0,48,2018,2
2018-02-18,27.399993284046673,0.48412776,34.97726367786527,0,49,2018,2
2018-02-19,26.739993298798822,0.5485756,34.98336737975478,0,50,2018,2
2018-02-20,26.45999330505731,0.27644902,35.00015255995095,0,51,2018,2
2018-02-21,26.129993312433385,0.26944354,34.98641923069954,0,52,2018,2
2018-02-22,25.99999331533911,0.2556592,34.955900721251965,0,53,2018,2
2018-02-23,26.14999331198635,0.19424924,34.95895257219672,0,54,2018,2
2018-02-24,26.989993293210887,0.20686203,34.99404885806143,0,55,2018,2
2018-02-25,26.799993297457718,0.19382553,35.00015255995095,0,56,2018,2
2018-02-26,26.5799933023751,0.14276461,34.96963405050337,0,57,2018,2
2018-02-27,26.33999330773952,0.3743807,34.97115997597575,0,58,2018,2
2018-02-28,26.449993305280827,0.3456415,34.96505627408624,0,59,2018,2
2018-03-01,26.68999329991641,0.22998355,34.95284887030721,0,60,2018,3
2018-03-02,26.829993296787165,0.15319578,35.02456736750901,0,61,2018,3
2018-03-03,27.139993289858126,0.25482187,35.07187105715275,0,62,2018,3
2018-03-04,27.609993279352807,0.17464302,35.0825525354594,0,63,2018,3
2018-03-05,27.61999327912929,0.33192077,34.968108125030994,0,64,2018,3
2018-03-06,27.559993280470394,0.17082009,34.95132294483483,0,65,2018,3
2018-03-07,27.599993279576324,0.2763765,34.9894710816443,0,66,2018,3
2018-03-08,27.839993274211906,0.2786704,35.02304144203663,0,67,2018,3
2018-03-09,28.08999326862397,0.15842448,35.03067106939852,0,68,2018,3
2018-03-10,28.31999326348307,0.15294433,35.02151551656425,0,69,2018,3
2018-03-11,28.66999325565996,0.12967597,35.01998959109187,0,70,2018,3
2018-03-12,28.69999325498941,0.14275384,35.00778218731284,0,71,2018,3
2018-03-13,29.01999324783685,0.21620825,34.704123018309474,0,72,2018,3
2018-03-14,29.269993242248916,0.14379537,34.48896752670407,0,73,2018,3
2018-03-15,28.619993256777548,0.20227945,34.4294564332813,0,74,2018,3
2018-03-16,28.339993263036035,0.2448618,34.52558973804116,0,75,2018,3
2018-03-17,28.23999326527121,0.5419025,34.725485974922776,0,76,2018,3
2018-03-18,28.289993264153622,0.34765232,34.821619279682636,0,77,2018,3
2018-03-19,28.449993260577344,0.43194672,34.85671556554735,0,78,2018,3
2018-03-20,28.519993259012722,0.18261732,34.871974820271134,0,79,2018,3
2018-03-21,28.529993258789204,0.1824502,34.751426707953215,0,80,2018,3
2018-03-22,28.599993257224583,0.3361021,34.50270085595548,0,81,2018,3
2018-03-23,28.5899932574481,0.33789697,34.29059721529484,0,82,2018,3
2018-03-24,28.449993260577344,0.32015565,34.342478681355715,0,83,2018,3
2018-03-25,28.599993257224583,0.28703848,34.46455271914601,0,84,2018,3
2018-03-26,28.11999326795342,0.20599374,34.61409341543913,0,85,2018,3
2018-03-27,27.92999327220025,0.26853284,34.6949674654752,0,86,2018,3
2018-03-28,27.80999327488246,0.30046007,34.76821188814938,0,87,2018,3
2018-03-29,27.479993282258533,1.2797012,34.82009335421026,0,88,2018,3
2018-03-30,27.759993276000046,0.3218685,34.809411875903606,0,89,2018,3
2018-03-31,28.359993262589,0.19352439,34.73311560228467,0,90,2018,3
2018-04-01,28.449993260577344,0.1477555,34.69649339094758,0,91,2018,4
2018-04-02,28.499993259459757,0.2401956,34.59730823524296,0,92,2018,4
2018-04-03,29.219993243366503,0.15997843,34.508804557845,0,93,2018,4
2018-04-04,29.24999324269595,0.20592973,34.56068602390587,0,94,2018,4
2018-04-05,29.28999324180188,0.15018475,34.62782674469054,0,95,2018,4
2018-04-06,29.189993244037055,0.18560727,34.53932306729257,0,96,2018,4
2018-04-07,29.0499932471663,0.15384911,34.4584490172565,0,97,2018,4
2018-04-08,28.619993256777548,0.1511596,34.52711566351354,0,98,2018,4
2018-04-09,28.059993269294523,0.24738151,34.61409341543913,0,99,2018,4
2018-04-10,27.639993278682255,0.35071757,34.71022672019899,0,100,2018,4
2018-04-11,27.599993279576324,0.61999536,34.775841515511274,0,101,2018,4
2018-04-12,27.559993280470394,0.30097166,34.75295263342559,0,102,2018,4
2018-04-13,27.58999327979984,0.36972857,34.7239600494504,0,103,2018,4
2018-04-14,27.639993278682255,0.4430276,34.63850822299719,0,104,2018,4
2018-04-15,28.369993262365483,0.43692356,34.55610824748874,0,105,2018,4
2018-04-16,28.39999326169493,0.42797253,34.511856408789754,0,106,2018,4
2018-04-17,28.519993259012722,0.42116034,34.43403420969844,0,107,2018,4
2018-04-18,28.599993257224583,0.29120755,34.25244907848537,0,108,2018,4
2018-04-19,28.289993264153622,0.23122054,34.220404643565416,0,109,2018,4
2018-04-20,28.309993263706588,0.44406822,34.29212314076722,0,110,2018,4
2018-04-21,28.39999326169493,0.33416152,34.3867305200547,0,111,2018,4
2018-04-22,28.559993258118652,0.408651,34.449293464422226,0,112,2018,4
2018-04-23,28.449993260577344,0.41156465,34.5301675144583,0,113,2018,4
2018-04-24,28.08999326862397,0.37590587,34.58815268240869,0,114,2018,4
2018-04-25,27.989993270859145,0.3758889,34.607989713549614,0,115,2018,4
2018-04-26,27.869993273541354,0.6196982,34.607989713549614,0,116,2018,4
2018-04-27,27.8999932728708,0.46030864,34.60493786260486,0,117,2018,4
2018-04-28,27.949993271753215,1.0824214,34.61256748996675,0,118,2018,4
2018-04-29,27.869993273541354,0.7457238,34.629352670162916,0,119,2018,4
2018-04-30,28.00999327041211,0.73179895,34.66292303055525,0,120,2018,4
2018-05-01,28.269993264600657,0.51496357,34.68428598716855,0,121,2018,5
2018-05-02,28.23999326527121,0.3692097,34.691915614530444,0,122,2018,5
2018-05-03,28.08999326862397,0.524079,34.702597092837095,0,123,2018,5
2018-05-04,28.11999326795342,0.27748233,34.73006375133991,0,124,2018,5
2018-05-05,28.15999326705935,0.3327585,34.76821188814938,0,125,2018,5
2018-05-06,28.229993265494727,0.22236541,34.78957484476268,0,126,2018,5
2018-05-07,28.31999326348307,0.40845457,34.800256323069334,0,127,2018,5
2018-05-08,27.65999327823522,0.6515365,34.79720447212458,0,128,2018,5
2018-05-09,27.869993273541354,0.8745469,34.79720447212458,0,129,2018,5
2018-05-10,28.139993267506384,1.1978809,34.78041929192841,0,130,2018,5
2018-05-11,28.289993264153622,0.45431626,34.763634111732244,0,131,2018,5
2018-05-12,28.309993263706588,0.3187402,34.76821188814938,0,132,2018,5
2018-05-13,28.309993263706588,0.25854695,34.76058226078749,0,133,2018,5
2018-05-14,28.249993265047692,0.31187314,34.73464152775705,0,134,2018,5
2018-05-15,28.07999326884749,0.4415439,34.71175264567137,0,135,2018,5
2018-05-16,27.839993274211906,0.45578164,34.69801931641996,0,136,2018,5
2018-05-17,27.73999327644708,0.29342753,34.6949674654752,0,137,2018,5
2018-05-18,27.69999327734115,0.3954836,34.68581191264093,0,138,2018,5
2018-05-19,27.559993280470394,0.6061158,34.70870079472661,0,139,2018,5
2018-05-20,27.57999328002336,0.530272,34.716330422088504,0,140,2018,5
2018-05-21,27.629993278905772,0.6355821,34.72243412397802,0,141,2018,5
2018-05-22,27.689993277564668,0.6089447,34.75447855889797,0,142,2018,5
2018-05-23,27.27999328672888,0.77351815,34.78499706834555,0,143,2018,5
2018-05-24,27.209993288293504,0.67545027,34.798730397596955,0,144,2018,5
2018-05-25,26.91999329477551,0.67545027,34.77126373909414,0,145,2018,5
2018-05-26,26.699993299692892,0.39130694,34.714804496616125,0,146,2018,5
2018-05-27,26.629993301257514,0.5441258,34.73616745322943,0,147,2018,5
2018-05-28,26.64999330081048,0.6951611,34.78194521740079,0,148,2018,5
2018-05-29,26.639993301033996,0.76904935,34.86129334196448,0,149,2018,5
2018-05-30,26.65999330058696,0.42500696,34.955900721251965,0,150,2018,5
2018-05-31,26.60999330170455,0.42603728,34.95895257219672,0,151,2018,5
2018-06-01,26.749993298575305,0.48042956,34.91622665897012,0,152,2018,6
2018-06-02,26.64999330081048,0.48042956,34.908597031608224,0,153,2018,6
2018-06-03,26.519993303716205,0.2688751,34.90249332971871,0,154,2018,6
2018-06-04,26.439993305504345,0.3013118,34.786522993817925,0,155,2018,6
2018-06-05,26.389993306621932,0.14199384,34.82924890704453,0,156,2018,6
2018-06-06,26.359993307292484,0.14089742,34.78499706834555,0,157,2018,6
2018-06-07,26.279993309080623,0.42026657,34.76058226078749,0,158,2018,6
2018-06-08,25.98999331556263,0.4201345,34.74684893153608,0,159,2018,6
2018-06-09,26.169993311539315,0.3840353,34.89944147877395,0,160,2018,6
2018-06-10,26.159993311762832,0.3828368,34.95132294483483,0,161,2018,6
2018-06-11,25.819993319362425,0.40247446,34.954374795779586,0,162,2018,6
2018-06-12,25.45999332740905,0.4494224,34.94521924294531,0,163,2018,6
2018-06-13,25.33999333009126,0.29287428,34.93758961558342,0,164,2018,6
2018-06-14,25.36999332942071,0.21791972,34.954374795779586,0,165,2018,6
2018-06-15,25.479993326962017,0.247841,34.96353034861386,0,166,2018,6
2018-06-16,25.4899933267385,0.33382675,34.92538221180439,0,167,2018,6
2018-06-17,25.479993326962017,0.3224393,34.89791555330157,0,168,2018,6
2018-06-18,25.40999332852664,0.29125297,34.86587111838162,0,169,2018,6
2018-06-19,25.269993331655883,0.2948293,34.79262669570744,0,170,2018,6
2018-06-20,25.169993333891057,0.28310433,34.75295263342559,0,171,2018,6
2018-06-21,25.089993335679196,0.28867364,34.74074522964656,0,172,2018,6
2018-06-22,24.969993338361405,0.38029137,34.74379708059132,0,173,2018,6
2018-06-23,24.83999334126713,0.45816705,34.833826683461666,0,174,2018,6
2018-06-24,24.849993341043614,0.3544447,34.833826683461666,0,175,2018,6
2018-06-25,24.82999334149065,0.44215178,34.84908593818545,0,176,2018,6
2018-06-26,24.659993345290445,0.4303829,34.87350074574351,0,177,2018,6
2018-06-27,24.82999334149065,0.49296758,34.89944147877395,0,178,2018,6
2018-06-28,24.98999333791437,0.46123505,34.99404885806143,0,179,2018,6
2018-06-29,24.939993339031957,0.5594934,34.95132294483483,0,180,2018,6
2018-06-30,24.569993347302102,0.54500455,34.992522932589054,0,181,2018,6
2018-07-01,24.619993346184515,0.4289348,34.96963405050337,0,182,2018,7
2018-07-02,24.589993346855067,0.6034512,34.92843406274915,0,183,2018,7
2018-07-03,24.569993347302102,0.38102973,35.01998959109187,0,184,2018,7
2018-07-04,24.669993345066928,0.2533699,35.05508587695658,0,185,2018,7
2018-07-05,24.499993348866724,0.3980714,35.027619218453765,0,186,2018,7
2018-07-06,24.419993350654863,0.42449096,35.01846366561949,0,187,2018,7
2018-07-07,24.36999335177245,0.3857124,34.98794515617192,0,188,2018,7
2018-07-08,24.32999335266652,0.28253233,34.966582199558616,0,189,2018,7
2018-07-09,24.75999334305527,0.24762887,34.96200442314148,0,190,2018,7
2018-07-10,24.779993342608236,0.26346925,34.9391155410558,0,191,2018,7
2018-07-11,24.7999933421612,0.47626188,34.96200442314148,0,192,2018,7
2018-07-12,24.709993344172858,0.39307395,34.97726367786527,0,193,2018,7
2018-07-13,24.71999334394934,0.3542848,34.98641923069954,0,194,2018,7
2018-07-14,24.59999334663155,0.3624584,34.90401925519109,0,195,2018,7
2018-07-15,24.189993355795764,0.57100165,34.894863702356815,0,196,2018,7
2018-07-16,23.85999336317184,0.40595496,34.908597031608224,0,197,2018,7
2018-07-17,23.989993360266112,0.5621133,34.92385628633201,0,198,2018,7
2018-07-18,24.159993356466316,0.33539975,34.93758961558342,0,199,2018,7
2018-07-19,24.269993354007624,0.3805453,34.94979701936245,0,200,2018,7
2018-07-20,23.949993361160182,0.23966998,34.96200442314148,0,201,2018,7
2018-07-21,24.049993358925008,0.2388804,34.980315528810024,0,202,2018,7
2018-07-22,24.09999335780742,0.2346237,35.00015255995095,0,203,2018,7
2018-07-23,24.12999335713687,0.24488014,35.004730336368084,0,204,2018,7
2018-07-24,24.159993356466316,0.23075044,35.00778218731284,0,205,2018,7
2018-07-25,24.149993356689833,0.2310385,35.003204410895705,0,206,2018,7
2018-07-26,24.039993359148525,0.21006757,34.990997007116675,0,207,2018,7
2018-07-27,23.919993361830734,0.2675764,34.98641923069954,0,208,2018,7
2018-07-28,23.85999336317184,0.29128307,34.9894710816443,0,209,2018,7
2018-07-29,23.769993365183495,0.27619523,34.98489330522716,0,210,2018,7
2018-07-30,23.719993366301082,0.5660345,34.978789603337646,0,211,2018,7
2018-07-31,23.699993366748117,0.5754293,34.9818414542824,0,212,2018,7
2018-08-01,23.39999337345364,0.27431333,34.98336737975478,0,213,2018,8
2018-08-02,23.269993376359366,0.5191939,34.990997007116675,0,214,2018,8
2018-08-03,23.199993377923988,0.4607069,34.99710070900619,0,215,2018,8
2018-08-04,23.00999338217082,0.4266386,34.99557478353381,0,216,2018,8
2018-08-05,22.989993382617854,0.4908736,34.99557478353381,0,217,2018,8
2018-08-06,22.959993383288406,0.3763529,34.99862663447857,0,218,2018,8
2018-08-07,22.92999338395896,0.41570956,34.99557478353381,0,219,2018,8
2018-08-08,22.989993382617854,0.517841,34.99710070900619,0,220,2018,8
2018-08-09,22.96999338306489,0.3192852,34.992522932589054,0,221,2018,8
2018-08-10,22.799993386864685,0.37666118,34.99404885806143,0,222,2018,8
2018-08-11,22.70999338887634,0.431944,35.00015255995095,0,223,2018,8
2018-08-12,22.77999338731172,0.36244842,34.99404885806143,0,224,2018,8
2018-08-13,22.919993384182476,0.29854476,35.01235996372998,0,225,2018,8
2018-08-14,23.0199933819473,0.3877478,35.062715504318476,0,226,2018,8
2018-08-15,23.029993381723784,0.33325455,35.05966365337372,0,227,2018,8
2018-08-16,23.029993381723784,0.440124,35.0535599514842,0,228,2018,8
2018-08-17,23.139993379265093,0.36536026,35.04440439864993,0,229,2018,8
2018-08-18,23.27999337613585,0.3683758,35.04745624959469,0,230,2018,8
2018-08-19,23.409993373230122,0.34386992,35.08407846093178,0,231,2018,8
2018-08-20,23.429993372783088,0.26418725,35.10544141754508,0,232,2018,8
2018-08-21,23.27999337613585,0.29927966,35.10849326848984,0,233,2018,8
2018-08-22,23.039993381500267,0.3763397,35.10849326848984,0,234,2018,8
2018-08-23,22.799993386864685,0.43186566,35.111545119434595,0,235,2018,8
2018-08-24,22.85999338552358,0.39394525,35.10544141754508,0,236,2018,8
2018-08-25,22.909993384405993,0.3648005,35.10544141754508,0,237,2018,8
2018-08-26,22.989993382617854,0.43618426,35.10238956660032,0,238,2018,8
2018-08-27,23.099993380159162,0.26938334,35.09323401376605,0,239,2018,8
2018-08-28,23.039993381500267,0.23727459,35.09170808829367,0,240,2018,8
2018-08-29,22.96999338306489,0.28988463,35.09170808829367,0,241,2018,8
2018-08-30,22.889993384853028,0.3948333,35.09781179018319,0,242,2018,8
2018-08-31,22.759993387758755,0.44245657,35.10238956660032,0,243,2018,8
2018-09-01,22.689993389323377,0.43952185,35.10544141754508,0,244,2018,9
2018-09-02,22.729993388429307,0.5646,35.113071044906974,0,245,2018,9
2018-09-03,22.649993390217446,0.5895901,35.11764882132411,0,246,2018,9
2018-09-04,22.31999339759352,0.3676371,35.11612289585173,0,247,2018,9
2018-09-05,22.219993399828695,0.25195548,35.11612289585173,0,248,2018,9
2018-09-06,22.1599934011698,0.2063323,35.11917474679649,0,249,2018,9
2018-09-07,22.04999340362849,0.26106188,35.12070067226887,0,250,2018,9
2018-09-08,22.139993401616834,0.28534836,35.12680437415838,0,251,2018,9
2018-09-09,22.31999339759352,0.2257974,35.15579695813358,0,252,2018,9
2018-09-10,22.34999339692297,0.23589076,35.18021176569164,0,253,2018,9
2018-09-11,22.409993395581864,0.21320741,35.19241916947067,0,254,2018,9
2018-09-12,22.489993393793725,0.22154641,35.19852287136018,0,255,2018,9
2018-09-13,22.609993391111516,0.29216257,35.20004879683256,0,256,2018,9
2018-09-14,22.679993389546894,0.31857628,35.195471020415425,0,257,2018,9
2018-09-15,22.889993384853028,0.35755938,35.19241916947067,0,258,2018,9
2018-09-16,22.77999338731172,0.27244282,35.206152498722076,0,259,2018,9
2018-09-17,22.54999339245262,0.2809683,35.219885827973485,0,260,2018,9
2018-09-18,22.499993393570207,0.36636978,35.21378212608397,0,261,2018,9
2018-09-19,22.479993394017242,0.45253366,35.20004879683256,0,262,2018,9
2018-09-20,22.989993382617854,0.3914314,35.16342658549547,0,263,2018,9
2018-09-21,23.079993380606197,0.46499735,35.160374734550714,0,264,2018,9
2018-09-22,23.00999338217082,0.28477356,35.15579695813358,0,265,2018,9
2018-09-23,22.839993385970615,0.2683871,35.039826622232795,0,266,2018,9
2018-09-24,23.04999338127675,0.34884986,35.03372292034328,0,267,2018,9
2018-09-25,23.0199933819473,0.21867387,35.06729328073561,0,268,2018,9
2018-09-26,22.849993385747098,0.68393993,35.087130311876535,0,269,2018,9
2018-09-27,22.70999338887634,0.47609773,35.1039154920727,0,270,2018,9
2018-09-28,22.70999338887634,0.31299952,35.113071044906974,0,271,2018,9
2018-09-29,22.759993387758755,0.3077703,35.10544141754508,0,272,2018,9
2018-09-30,22.809993386641167,0.33268034,35.100863641127944,0,273,2018,9
2018-10-01,22.849993385747098,0.37766427,35.08560438640416,0,274,2018,10
2018-10-02,23.219993377476953,0.29123762,35.038300696760416,0,275,2018,10
2018-10-03,23.31999337524178,0.24576257,34.99862663447857,0,276,2018,10
2018-10-04,23.31999337524178,0.19187674,34.99557478353381,0,277,2018,10
2018-10-05,23.20999337770047,0.18956988,35.00778218731284,0,278,2018,10
2018-10-06,23.23999337702992,0.23598985,35.02304144203663,0,279,2018,10
2018-10-07,23.20999337770047,0.22684065,35.03524884581566,0,280,2018,10
2018-10-08,23.12999337948861,0.27684346,35.04898217506707,0,281,2018,10
2018-10-09,22.69999338909986,0.27365497,35.062715504318476,0,282,2018,10
2018-10-10,22.599993391335033,0.20785825,35.076448833569884,0,283,2018,10
2018-10-11,22.649993390217446,0.2932885,35.09170808829367,0,284,2018,10
2018-10-12,22.679993389546894,0.29038808,35.10544141754508,0,285,2018,10
2018-10-13,22.649993390217446,0.28332847,35.113071044906974,0,286,2018,10
2018-10-14,22.70999338887634,0.27968848,35.1329080760479,0,287,2018,10
2018-10-15,22.85999338552358,0.41171673,35.158848809078336,0,288,2018,10
2018-10-16,22.93999338373544,0.35653937,35.18021176569164,0,289,2018,10
2018-10-17,23.219993377476953,0.13900833,35.17868584021926,0,290,2018,10
2018-10-18,23.379993373900675,0.14955354,35.16647843644023,0,291,2018,10
2018-10-19,22.849993385747098,0.40582532,35.18631546758115,0,292,2018,10
2018-10-20,22.35999339669945,0.32184637,35.195471020415425,0,293,2018,10
2018-10-21,22.289993398264073,0.38794953,35.171056212857366,0,294,2018,10
2018-10-22,22.269993398711108,0.3742308,35.160374734550714,0,295,2018,10
2018-10-23,22.249993399158143,0.65059376,35.16190066002309,0,296,2018,10
2018-10-24,22.179993400722765,0.5070922,35.16800436191261,0,297,2018,10
2018-10-25,22.129993401840352,0.33800775,35.17410806380212,0,298,2018,10
2018-10-26,22.099993402510904,0.38833502,35.183263616636395,0,299,2018,10
2018-10-27,21.919993406534218,0.8759122,35.17715991474688,0,300,2018,10
2018-10-28,21.80999340899291,2.5191853,35.148167330771685,0,301,2018,10
2018-10-29,21.88999340720477,1.1453825,35.10696734301746,0,302,2018,10
2018-10-30,22.069993403181456,0.8100699,35.076448833569884,0,303,2018,10
2018-10-31,22.189993400499247,1.0254306,35.07187105715275,0,304,2018,10
2018-11-01,22.649993390217446,0.6403805,35.07950068451464,0,305,2018,11
2018-11-02,22.81999338641765,0.20522735,35.04135254770517,0,306,2018,11
2018-11-03,22.789993387088202,0.18167228,35.00015255995095,0,307,2018,11
2018-11-04,22.729993388429307,0.21498697,35.02151551656425,0,308,2018,11
2018-11-05,22.58999339155855,0.26243836,35.04440439864993,0,309,2018,11
2018-11-06,22.46999339424076,0.22263585,35.0611895788461,0,310,2018,11
2018-11-07,22.409993395581864,0.2447566,35.06729328073561,0,311,2018,11
2018-11-08,22.519993393123173,0.24453573,35.04135254770517,0,312,2018,11
2018-11-09,23.059993381053232,0.20830135,35.038300696760416,0,313,2018,11
2018-11-10,23.059993381053232,0.19230513,35.050508100539446,0,314,2018,11
2018-11-11,22.949993383511924,0.1762904,35.064241429790854,0,315,2018,11
2018-11-12,22.849993385747098,0.16651288,35.06576735526323,0,316,2018,11
2018-11-13,23.23999337702992,0.16943489,35.0611895788461,0,317,2018,11
2018-11-14,23.43999337255957,0.17176794,35.03372292034328,0,318,2018,11
2018-11-15,23.429993372783088,0.16687171,35.013885889202356,0,319,2018,11
2018-11-16,23.31999337524178,0.21719126,35.02304144203663,0,320,2018,11
2018-11-17,23.4799933716655,0.21441472,35.029145143926144,0,321,2018,11
2018-11-18,23.32999337501826,0.22768076,35.01846366561949,0,322,2018,11
2018-11-19,23.099993380159162,0.44130793,35.01846366561949,0,323,2018,11
2018-11-20,22.769993387535237,0.46573716,35.01998959109187,0,324,2018,11
2018-11-21,22.689993389323377,0.30674163,34.99404885806143,0,325,2018,11
2018-11-22,22.729993388429307,0.24828874,34.97421182692051,0,326,2018,11
2018-11-23,22.729993388429307,0.6628213,34.98489330522716,0,327,2018,11
2018-11-24,22.679993389546894,0.27037093,35.003204410895705,0,328,2018,11
2018-11-25,22.65999338999393,0.28463644,35.01846366561949,0,329,2018,11
2018-11-26,22.539993392676138,0.35397643,35.03372292034328,0,330,2018,11
2018-11-27,22.46999339424076,0.48964903,35.04745624959469,0,331,2018,11
2018-11-28,21.979993405193113,0.40724713,35.062715504318476,0,332,2018,11
2018-11-29,21.84999340809884,0.6863468,35.0825525354594,0,333,2018,11
2018-11-30,21.939993406087183,0.48911893,35.111545119434595,0,334,2018,11
2018-12-01,22.179993400722765,0.5283002,35.13748585246503,0,335,2018,12
2018-12-02,22.54999339245262,0.4754066,35.135959926992655,0,336,2018,12
2018-12-03,22.959993383288406,0.32619396,35.123752523213625,0,337,2018,12
2018-12-04,23.029993381723784,0.28739128,35.12985622510314,0,338,2018,12
2018-12-05,23.189993378147506,0.40031978,35.13901177793741,0,339,2018,12
2018-12-06,23.039993381500267,0.46830362,35.14511547982693,0,340,2018,12
2018-12-07,22.77999338731172,0.33578822,35.14206362888217,0,341,2018,12
2018-12-08,22.689993389323377,0.28154737,35.134434001520276,0,342,2018,12
2018-12-09,22.619993390888,0.2554534,35.14206362888217,0,343,2018,12
2018-12-10,22.70999338887634,0.3198156,35.14969325624406,0,344,2018,12
2018-12-11,22.85999338552358,0.2354971,35.122226597741246,0,345,2018,12
2018-12-12,22.909993384405993,0.74117875,35.03677477128804,0,346,2018,12
2018-12-13,22.89999338462951,0.44317508,34.98641923069954,0,347,2018,12
2018-12-14,22.81999338641765,0.3036307,34.97421182692051,0,348,2018,12
2018-12-15,23.00999338217082,0.25390023,34.99862663447857,0,349,2018,12
2018-12-16,22.649993390217446,0.24739598,35.05661180242896,0,350,2018,12
2018-12-17,22.379993396252416,0.52622235,35.1756339892745,0,351,2018,12
2018-12-18,22.209993400052213,0.6199636,35.26261174120009,0,352,2018,12
2018-12-19,22.379993396252416,0.40144178,35.28702654875815,0,353,2018,12
2018-12-20,22.419993395358347,1.1136057,35.29465617612004,0,354,2018,12
2018-12-21,23.309993375465297,0.28854987,35.30075987800956,0,355,2018,12
2018-12-22,23.51999337077143,0.19458415,35.2977080270648,0,356,2018,12
2018-12-23,23.55999336987736,0.18453549,35.2763450704515,0,357,2018,12
2018-12-24,23.489993371441983,0.22198987,35.26261174120009,0,358,2018,12
2018-12-25,24.079993358254455,0.2478466,35.184789542108774,0,359,2018,12
2018-12-26,24.12999335713687,0.23193054,34.99862663447857,0,360,2018,12
2018-12-27,24.069993358477973,0.23721537,34.94521924294531,0,361,2018,12
2018-12-28,23.929993361607217,0.2379247,34.992522932589054,0,362,2018,12
2018-12-29,23.9399933613837,0.21551204,35.01998959109187,0,363,2018,12
2018-12-30,24.149993356689833,0.17567575,35.016937740147114,0,364,2018,12
2018-12-31,24.569993347302102,0.17474675,35.0321969948709,0,365,2018,12
2019-01-01,24.729993343725823,0.18714729,35.050508100539446,0,1,2019,1
2019-01-02,24.13999335691335,0.15476935,35.05508587695658,0,2,2019,1
2019-01-03,23.90999336205425,0.26700372,35.04745624959469,0,3,2019,1
2019-01-04,23.759993365407013,0.53526103,35.04287847317755,0,4,2019,1
2019-01-05,23.879993362724804,0.9481157,35.04898217506707,0,5,2019,1
2019-01-06,24.55999334752562,0.9514802,35.050508100539446,0,6,2019,1
2019-01-07,25.0299933370203,0.3065613,35.039826622232795,0,7,2019,1
2019-01-08,24.999993337690853,0.3721867,35.0108340382576,0,8,2019,1
2019-01-09,24.969993338361405,0.45194754,35.00167848542333,0,9,2019,1
2019-01-10,24.78999334238472,0.39818463,35.00778218731284,0,10,2019,1
2019-01-11,24.709993344172858,0.24478404,35.013885889202356,0,11,2019,1
2019-01-12,24.539993347972654,0.37896457,35.013885889202356,0,12,2019,1
2019-01-13,24.359993351995968,0.39604187,35.016937740147114,0,13,2019,1
2019-01-14,23.55999336987736,0.50103164,35.016937740147114,0,14,2019,1
2019-01-15,22.93999338373544,0.4910565,35.01998959109187,0,15,2019,1
2019-01-16,23.339993374794744,0.8991692,35.04593032412231,0,16,2019,1
2019-01-17,24.819993341714166,0.29062533,35.052034026011825,0,17,2019,1
2019-01-18,25.549993325397395,0.22984408,35.026093292981386,0,18,2019,1
2019-01-19,25.969993316009663,0.22234695,34.968108125030994,0,19,2019,1
2019-01-20,26.119993312656902,0.2230802,34.95895257219672,0,20,2019,1
2019-01-21,25.83999331891539,0.22870862,34.95895257219672,0,21,2019,1
2019-01-22,25.72999332137408,0.5187321,34.94827109389007,0,22,2019,1
2019-01-23,25.629993323609256,0.8785421,34.9818414542824,0,23,2019,1
2019-01-24,24.90999333970251,0.88058674,34.9818414542824,0,24,2019,1
2019-01-25,24.899993339926027,0.64071476,34.99404885806143,0,25,2019,1
2019-01-26,25.079993335902714,0.5856559,35.03067106939852,0,26,2019,1
2019-01-27,26.29999330863359,0.64548635,34.97268590144813,0,27,2019,1
2019-01-28,27.07999329119923,0.17017102,34.85366371460259,0,28,2019,1
2019-01-29,27.329993285611295,0.2477523,34.82009335421026,0,29,2019,1
2019-01-30,27.609993279352807,0.4510838,34.7453230060637,0,30,2019,1
2019-01-31,27.379993284493708,0.7982609,34.73464152775705,0,31,2019,1
2019-02-01,27.18999328874054,0.40421683,34.76058226078749,0,32,2019,2
2019-02-02,26.719993299245857,0.52992934,34.76821188814938,0,33,2019,2
2019-02-03,26.49999330416324,0.24172448,34.882656298577785,0,34,2019,2
2019-02-04,26.059993313998007,0.79485506,34.931485913693905,0,35,2019,2
2019-02-05,25.269993331655883,0.7007696,34.93453776463866,0,36,2019,2
2019-02-06,24.049993358925008,0.7642193,34.954374795779586,0,37,2019,2
2019-02-07,23.659993367642187,0.8008532,34.96505627408624,0,38,2019,2
2019-02-08,23.919993361830734,0.6857794,34.95895257219672,0,39,2019,2
2019-02-09,24.299993353337072,0.5923354,34.942167392000556,0,40,2019,2
2019-02-10,24.83999334126713,0.54440534,34.933011839166284,0,41,2019,2
2019-02-11,24.94999333880844,0.3759582,34.933011839166284,0,42,2019,2
2019-02-12,25.10999333523216,0.3198222,34.92385628633201,0,43,2019,2
2019-02-13,25.469993327185534,0.2918142,34.89944147877395,0,44,2019,2
2019-02-14,25.359993329644226,0.3619566,34.90401925519109,0,45,2019,2
2019-02-15,25.29999333098533,0.27853027,34.9391155410558,0,46,2019,2
2019-02-16,25.09999333545568,0.23262237,34.94979701936245,0,47,2019,2
2019-02-17,24.51999334841969,0.4372644,34.955900721251965,0,48,2019,2
2019-02-18,24.20999335534873,0.8451127,34.96200442314148,0,49,2019,2
2019-02-19,23.97999336048963,0.85359883,34.9604784976691,0,50,2019,2
2019-02-20,24.429993350431346,1.115125,34.96505627408624,0,51,2019,2
2019-02-21,25.479993326962017,0.3273144,34.9818414542824,0,52,2019,2
2019-02-22,25.56999332495036,0.2811352,35.00015255995095,0,53,2019,2
2019-02-23,25.579993324726843,0.48718068,34.99557478353381,0,54,2019,2
2019-02-24,25.9499933164567,0.4915435,34.97726367786527,0,55,2019,2
2019-02-25,26.22999331019821,0.33782846,34.97421182692051,0,56,2019,2
2019-02-26,26.279993309080623,0.32675,34.97573775239289,0,57,2019,2
2019-02-27,26.249993309751176,0.2793125,34.97573775239289,0,58,2019,2
2019-02-28,25.889993317797803,0.43451115,34.97573775239289,0,59,2019,2
2019-03-01,26.079993313550972,0.31473398,34.96505627408624,0,60,2019,3
2019-03-02,26.219993310421728,0.32865325,34.966582199558616,0,61,2019,3
2019-03-03,26.239993309974693,0.30841243,35.04593032412231,0,62,2019,3
2019-03-04,26.509993303939723,0.28289446,35.06881920620799,0,63,2019,3
2019-03-05,27.489993282035016,0.36577198,35.01998959109187,0,64,2019,3
2019-03-06,27.769993275776528,0.4345499,35.00778218731284,0,65,2019,3
2019-03-07,27.81999327465894,0.44466335,34.990997007116675,0,66,2019,3
2019-03-08,27.959993271529697,0.4449376,34.96963405050337,0,67,2019,3
2019-03-09,27.609993279352807,0.3044872,34.94521924294531,0,68,2019,3
2019-03-10,27.58999327979984,0.29778746,34.9391155410558,0,69,2019,3
2019-03-11,27.54999328069391,0.7600967,34.94521924294531,0,70,2019,3
2019-03-12,28.149993267282866,0.25372258,35.04745624959469,0,71,2019,3
2019-03-13,28.339993263036035,0.46006995,35.038300696760416,0,72,2019,3
2019-03-14,28.46999326013031,0.3449346,35.026093292981386,0,73,2019,3
2019-03-15,28.5899932574481,0.17392085,35.02456736750901,0,74,2019,3
2019-03-16,28.099993268400453,0.23641647,35.00015255995095,0,75,2019,3
2019-03-17,28.029993269965075,0.35979608,34.9818414542824,0,76,2019,3
2019-03-18,28.07999326884749,0.60118634,34.96353034861386,0,77,2019,3
2019-03-19,27.879993273317837,0.5461968,34.89028592593968,0,78,2019,3
2019-03-20,27.709993277117633,0.24167345,34.94674516841769,0,79,2019,3
2019-03-21,27.709993277117633,0.26035273,34.95132294483483,0,80,2019,3
2019-03-22,27.729993276670598,0.20682642,34.89181185141206,0,81,2019,3
2019-03-23,27.769993275776528,0.18143828,34.62477489374578,0,82,2019,3
2019-03-24,29.489993237331532,0.2033786,34.64918970130384,0,83,2019,3
2019-03-25,29.499993237108015,0.24775077,34.67207858338952,0,84,2019,3
2019-03-26,29.349993240460776,0.2563232,34.74227115511894,0,85,2019,3
2019-03-27,29.309993241354846,0.26114643,34.75295263342559,0,86,2019,3
2019-03-28,29.299993241578363,0.4752708,34.69954524189234,0,87,2019,3
2019-03-29,29.159993244707607,0.22465456,34.70107116736472,0,88,2019,3
2019-03-30,29.309993241354846,0.1828029,34.70870079472661,0,89,2019,3
2019-03-31,29.619993234425806,0.36443102,34.7239600494504,0,90,2019,3
2019-04-01,29.079993246495746,0.26238713,34.73158967681229,0,91,2019,4
2019-04-02,28.78999325297775,0.42279854,34.74227115511894,0,92,2019,4
2019-04-03,28.00999327041211,0.5141761,34.75295263342559,0,93,2019,4
2019-04-04,27.729993276670598,0.51831853,34.788048919290304,0,94,2019,4
2019-04-05,27.759993276000046,0.37400597,34.82924890704453,0,95,2019,4
2019-04-06,27.139993289858126,0.3181357,34.8384044598788,0,96,2019,4
2019-04-07,27.53999328091743,0.26614863,34.85213778913021,0,97,2019,4
2019-04-08,27.77999327555301,0.21498787,34.91622665897012,0,98,2019,4
2019-04-09,27.88999327309432,0.21767685,34.812463726848364,0,99,2019,4
2019-04-10,27.88999327309432,0.2176877,34.48896752670407,0,100,2019,4
2019-04-11,28.099993268400453,0.2950037,34.377574967220426,0,101,2019,4
2019-04-12,28.689993255212926,0.29166257,34.463026793673635,0,102,2019,4
2019-04-13,28.73999325409534,0.14588252,34.244819451123476,0,103,2019,4
2019-04-14,28.73999325409534,0.18896656,34.06170839443803,0,104,2019,4
2019-04-15,28.719993254542374,0.5487626,34.11969356238842,0,105,2019,4
2019-04-16,28.019993270188593,0.6268908,34.29822684265673,0,106,2019,4
2019-04-17,27.909993272647284,0.7266804,34.46913049556315,0,107,2019,4
2019-04-18,27.84999327398839,0.4038299,34.46760457009077,0,108,2019,4
2019-04-19,27.69999327734115,0.37877357,34.571367502212524,0,109,2019,4
2019-04-20,26.699993299692892,0.25722072,34.67207858338952,0,110,2019,4
2019-04-21,26.60999330170455,0.34073645,34.69344154000282,0,111,2019,4
2019-04-22,26.8099932972342,0.43087414,34.678182285279036,0,112,2019,4
2019-04-23,27.129993290081643,0.25177416,34.6446119248867,0,113,2019,4
2019-04-24,27.34999328516426,0.20784706,34.64613785035908,0,114,2019,4
2019-04-25,27.4999932818115,0.23849368,34.63850822299719,0,115,2019,4
2019-04-26,27.46999328248205,0.19873704,34.55610824748874,0,116,2019,4
2019-04-27,27.38999328427019,0.19420148,34.412671253085136,0,117,2019,4
2019-04-28,27.419993283599638,0.19970483,34.3363749794662,0,118,2019,4
2019-04-29,27.449993282929086,0.23998655,34.377574967220426,0,119,2019,4
2019-04-30,27.169993289187573,0.46596792,34.32416757568717,0,120,2019,4
2019-05-01,26.789993297681235,0.37571082,34.32111572474241,0,121,2019,5
2019-05-02,26.829993296787165,0.36605743,34.33942683041096,0,122,2019,5
2019-05-03,26.84999329634013,0.21873273,34.342478681355715,0,123,2019,5
2019-05-04,26.899993295222544,0.21561973,34.295174991711974,0,124,2019,5
2019-05-05,26.84999329634013,0.2191108,34.23871574923396,0,125,2019,5
2019-05-06,26.759993298351787,0.2717799,34.20514538884163,0,126,2019,5
2019-05-07,26.719993299245857,0.23698191,34.235663898289204,0,127,2019,5
2019-05-08,26.559993302822136,0.277301,34.354686085134745,0,128,2019,5
2019-05-09,26.509993303939723,0.6304133,34.3363749794662,0,129,2019,5
2019-05-10,26.599993301928066,0.31614402,34.221930569037795,0,130,2019,5
2019-05-11,26.8099932972342,0.5234308,34.23718982376158,0,131,2019,5
2019-05-12,27.009993292763852,0.27287763,34.139530593529344,0,132,2019,5
2019-05-13,27.169993289187573,0.2422338,34.13342689163983,0,133,2019,5
2019-05-14,27.129993290081643,0.37678564,33.99609359912574,0,134,2019,5
2019-05-15,27.029993292316817,0.2860919,33.970152866095304,0,135,2019,5
2019-05-16,26.899993295222544,0.38582742,34.01440470479429,0,136,2019,5
2019-05-17,26.699993299692892,0.37695056,34.124271338805556,0,137,2019,5
2019-05-18,26.5799933023751,0.37253752,34.18378243222833,0,138,2019,5
2019-05-19,26.529993303492688,0.36133438,34.26313055679202,0,139,2019,5
2019-05-20,26.639993301033996,0.40742266,34.32416757568717,0,140,2019,5
2019-05-21,26.5799933023751,0.3173867,34.38062681816518,0,141,2019,5
2019-05-22,26.5799933023751,0.24180733,34.4584490172565,0,142,2019,5
2019-05-23,26.64999330081048,0.23318505,34.534745290875435,0,143,2019,5
2019-05-24,26.629993301257514,0.23401254,34.58815268240869,0,144,2019,5
2019-05-25,26.61999330148103,0.23947592,34.511856408789754,0,145,2019,5
2019-05-26,26.53999330326917,0.24660161,34.40656755119562,0,146,2019,5
2019-05-27,26.719993299245857,0.23997107,34.37452311627567,0,147,2019,5
2019-05-28,26.779993297904753,0.21869342,34.39588607288897,0,148,2019,5
2019-05-29,26.509993303939723,0.20754312,34.34400460682809,0,149,2019,5
2019-05-30,26.399993306398414,0.20675138,34.22498241998255,0,150,2019,5
2019-05-31,26.449993305280827,0.31836143,34.27381203509867,0,151,2019,5
2019-06-01,26.509993303939723,0.26107416,34.365367563441396,0,152,2019,6
2019-06-02,26.30999330841007,0.23591019,34.40504162572324,0,153,2019,6
2019-06-03,26.18999331109228,0.30863556,34.34553053230047,0,154,2019,6
2019-06-04,26.179993311315798,0.33097762,34.35163423418999,0,155,2019,6
2019-06-05,26.099993313103937,0.46841353,34.32569350115955,0,156,2019,6
2019-06-06,26.169993311539315,0.2824934,34.3867305200547,1,157,2019,6
2019-06-07,26.209993310645245,0.29208845,34.015930630266666,0,158,2019,6
2019-06-08,25.779993320256494,0.39111662,33.96252323873341,0,159,2019,6
2019-06-09,25.739993321150564,0.42178953,34.26770833320916,0,160,2019,6
2019-06-10,25.68999332226815,0.4043431,34.44776753894985,0,161,2019,6
2019-06-11,25.589993324503325,0.43300274,34.450819389894605,0,162,2019,6
2019-06-12,25.44999332763257,0.42490336,34.45692309178412,0,163,2019,6
2019-06-13,25.359993329644226,0.39145797,34.50422678142786,0,164,2019,6
2019-06-14,25.289993331208848,0.28137997,34.546952694654465,2,165,2019,6
2019-06-15,25.269993331655883,0.36469623,34.57899712957442,0,166,2019,6
2019-06-16,25.049993336573266,0.3712368,34.60951563902199,0,167,2019,6
2019-06-17,25.079993335902714,0.34033084,34.6232489682734,0,168,2019,6
2019-06-18,25.009993337467336,0.4037348,34.620197117328644,0,169,2019,6
2019-06-19,24.94999333880844,0.42115554,34.630878595635295,0,170,2019,6
2019-06-20,24.78999334238472,0.36379248,34.66902673244476,0,171,2019,6
2019-06-21,24.739993343502306,0.3842945,34.74379708059132,0,172,2019,6
2019-06-22,24.67999334484341,0.23890233,34.82772298157215,0,173,2019,6
2019-06-23,24.52999334819617,0.22702181,34.713278571143746,0,174,2019,6
2019-06-24,24.459993349760794,0.2599756,34.56221194937825,0,175,2019,6
2019-06-25,25.009993337467336,0.2706138,34.48286382481456,0,176,2019,6
2019-06-26,24.969993338361405,0.24671285,34.38367866910994,0,177,2019,6
2019-06-27,24.939993339031957,0.23915663,34.5011749304831,0,178,2019,6
2019-06-28,24.819993341714166,0.35356173,34.68886376358569,0,179,2019,6
2019-06-29,24.729993343725823,0.3512509,34.70717486925423,0,180,2019,6
2019-06-30,24.649993345513963,0.295952,34.84450816176832,0,181,2019,6
2019-07-01,24.569993347302102,0.39152953,34.917752584442496,0,182,2019,7
2019-07-02,24.549993347749137,0.34931526,34.92385628633201,0,183,2019,7
2019-07-03,24.609993346408032,0.46620715,34.91470073349774,0,184,2019,7
2019-07-04,24.729993343725823,0.2771996,34.90249332971871,0,185,2019,7
2019-07-05,24.44999334998431,0.3871779,34.86129334196448,0,186,2019,7
2019-07-06,24.379993351548933,0.37852752,34.86281926743686,0,187,2019,7
2019-07-07,24.339993352443003,0.25398517,34.89791555330157,0,188,2019,7
2019-07-08,24.28999335356059,0.356626,34.94674516841769,0,189,2019,7
2019-07-09,24.239993354678177,0.42235678,34.966582199558616,0,190,2019,7
2019-07-10,24.17999335601928,0.3754794,34.98641923069954,0,191,2019,7
2019-07-11,24.1699933562428,0.3747018,34.99710070900619,0,192,2019,7
2019-07-12,23.769993365183495,0.3737021,35.004730336368084,0,193,2019,7
2019-07-13,23.82999336384239,0.38118878,34.95742664672434,0,194,2019,7
2019-07-14,23.90999336205425,0.34170347,34.836878534406424,0,195,2019,7
2019-07-15,23.97999336048963,0.2039604,34.775841515511274,0,196,2019,7
2019-07-16,23.959993360936664,0.20578928,34.7956785466522,0,197,2019,7
2019-07-17,23.839993363618873,0.25578764,34.85061186365783,0,198,2019,7
2019-07-18,23.809993364289426,0.29873613,34.870448894798756,0,199,2019,7
2019-07-19,23.739993365854048,0.36087143,34.85213778913021,0,200,2019,7
2019-07-20,23.759993365407013,0.29815495,34.86434519290924,0,201,2019,7
2019-07-21,23.729993366077565,0.3963718,34.87350074574351,0,202,2019,7
2019-07-22,23.729993366077565,0.4428535,34.89944147877395,0,203,2019,7
2019-07-23,23.679993367195152,0.4320942,34.93453776463866,0,204,2019,7
2019-07-24,23.89999336227777,0.29663906,34.95895257219672,0,205,2019,7
2019-07-25,23.879993362724804,0.31698614,34.9604784976691,0,206,2019,7
2019-07-26,23.889993362501286,0.44313136,34.954374795779586,0,207,2019,7
2019-07-27,23.78999336473646,0.37038246,34.9391155410558,0,208,2019,7
2019-07-28,23.27999337613585,0.42654696,34.920804435387254,0,209,2019,7
2019-07-29,23.229993377253436,0.39945716,34.9101229570806,0,210,2019,7
2019-07-30,23.32999337501826,0.3664858,34.91622665897012,0,211,2019,7
2019-07-31,23.32999337501826,0.4001553,34.94674516841769,0,212,2019,7
2019-08-01,23.229993377253436,0.4277571,34.99557478353381,0,213,2019,8
2019-08-02,23.12999337948861,0.22808863,35.0108340382576,0,214,2019,8
2019-08-03,23.219993377476953,0.19605291,35.00930811278522,0,215,2019,8
2019-08-04,23.689993366971635,0.2532815,34.95895257219672,0,216,2019,8
2019-08-05,23.799993364512943,0.2167441,34.92538221180439,0,217,2019,8
2019-08-06,23.569993369653844,0.33358642,34.95742664672434,0,218,2019,8
2019-08-07,23.409993373230122,0.33341965,34.97726367786527,0,219,2019,8
2019-08-08,23.149993379041575,0.37764156,34.990997007116675,0,220,2019,8
2019-08-09,22.66999338977041,0.29626942,35.00015255995095,0,221,2019,8
2019-08-10,23.04999338127675,0.23367399,34.99404885806143,0,222,2019,8
2019-08-11,23.189993378147506,0.20487285,34.978789603337646,0,223,2019,8
2019-08-12,23.35999337434771,0.2294709,34.93758961558342,0,224,2019,8
2019-08-13,23.259993376582884,0.23096758,34.8887600004673,0,225,2019,8
2019-08-14,23.389993373677157,0.21558587,34.86892296932638,0,226,2019,8
2019-08-15,23.489993371441983,0.24111578,34.871974820271134,0,227,2019,8
2019-08-16,23.159993378818058,0.19981214,34.89181185141206,0,228,2019,8
2019-08-17,22.66999338977041,0.20130596,34.90554518066347,0,229,2019,8
2019-08-18,22.58999339155855,0.26318645,34.92233036085963,0,230,2019,8
2019-08-19,22.499993393570207,0.3004845,34.966582199558616,0,231,2019,8
2019-08-20,22.599993391335033,0.35247388,34.99710070900619,0,232,2019,8
2019-08-21,22.77999338731172,0.2880428,34.93606369011104,0,233,2019,8
2019-08-22,22.879993385076546,0.43244502,34.90554518066347,0,234,2019,8
2019-08-23,22.909993384405993,0.31074515,34.8887600004673,0,235,2019,8
2019-08-24,22.829993386194133,0.5009542,34.89181185141206,0,236,2019,8
2019-08-25,22.649993390217446,0.40395933,34.89791555330157,0,237,2019,8
2019-08-26,22.69999338909986,0.3918688,34.908597031608224,0,238,2019,8
2019-08-27,22.749993387982272,0.34904763,34.931485913693905,0,239,2019,8
2019-08-28,23.069993380829715,0.38156062,34.95132294483483,0,240,2019,8
2019-08-29,23.16999337859454,0.20612378,34.96505627408624,0,241,2019,8
2019-08-30,23.2499933768064,0.14174029,34.968108125030994,0,242,2019,8
2019-08-31,23.119993379712128,0.24334526,34.96200442314148,0,243,2019,8
2019-09-01,22.959993383288406,0.22474016,34.94827109389007,0,244,2019,9
2019-09-02,22.879993385076546,0.26947594,34.93758961558342,0,245,2019,9
2019-09-03,22.839993385970615,0.34608996,34.93606369011104,0,246,2019,9
2019-09-04,22.54999339245262,0.5395779,34.93606369011104,0,247,2019,9
2019-09-05,22.46999339424076,0.5741843,34.93606369011104,0,248,2019,9
2019-09-06,22.449993394687795,0.44406143,34.93606369011104,0,249,2019,9
2019-09-07,22.459993394464277,0.4045522,34.93758961558342,0,250,2019,9
2019-09-08,22.689993389323377,0.4303829,34.9391155410558,0,251,2019,9
2019-09-09,23.04999338127675,0.25493464,34.93758961558342,0,252,2019,9
2019-09-10,23.139993379265093,0.23689054,34.93453776463866,0,253,2019,9
2019-09-11,23.20999337770047,0.17462663,34.933011839166284,0,254,2019,9
2019-09-12,23.159993378818058,0.2667986,34.933011839166284,0,255,2019,9
2019-09-13,23.149993379041575,0.23061098,34.94521924294531,0,256,2019,9
2019-09-14,23.189993378147506,0.35218194,34.96505627408624,0,257,2019,9
2019-09-15,23.179993378371023,0.2719098,34.98336737975478,0,258,2019,9
2019-09-16,23.199993377923988,0.24824841,34.9818414542824,0,259,2019,9
2019-09-17,23.35999337434771,0.22331467,34.978789603337646,0,260,2019,9
2019-09-18,23.20999337770047,0.41566133,34.96963405050337,0,261,2019,9
2019-09-19,23.109993379935645,0.35313216,34.96505627408624,0,262,2019,9
2019-09-20,22.92999338395896,0.5414059,34.968108125030994,0,263,2019,9
2019-09-21,23.419993373006605,0.46885604,34.96963405050337,0,264,2019,9
2019-09-22,23.50999337099495,0.19754906,34.96200442314148,0,265,2019,9
2019-09-23,23.409993373230122,0.21670537,34.95895257219672,0,266,2019,9
2019-09-24,23.23999337702992,0.22011074,34.966582199558616,0,267,2019,9
2019-09-25,23.27999337613585,0.18406731,34.97115997597575,0,268,2019,9
2019-09-26,23.339993374794744,0.19579956,34.96963405050337,0,269,2019,9
2019-09-27,23.199993377923988,0.22778249,34.97115997597575,0,270,2019,9
2019-09-28,23.069993380829715,0.20815389,34.966582199558616,0,271,2019,9
2019-09-29,23.139993379265093,0.22374392,34.96353034861386,0,272,2019,9
2019-09-30,23.219993377476953,0.18026543,34.968108125030994,0,273,2019,9
2019-10-01,23.409993373230122,0.17320424,34.978789603337646,0,274,2019,10
2019-10-02,23.55999336987736,0.23649536,34.990997007116675,0,275,2019,10
2019-10-03,23.429993372783088,0.2214284,35.00778218731284,0,276,2019,10
2019-10-04,23.16999337859454,0.1949313,35.02456736750901,0,277,2019,10
2019-10-05,22.749993387982272,0.7294623,35.06576735526323,0,278,2019,10
2019-10-06,22.479993394017242,0.5320831,35.087130311876535,0,279,2019,10
2019-10-07,22.66999338977041,0.67094016,35.09170808829367,0,280,2019,10
2019-10-08,22.809993386641167,0.3387438,35.09475993923843,0,281,2019,10
2019-10-09,23.149993379041575,0.41858375,35.09781179018319,0,282,2019,10
2019-10-10,23.179993378371023,0.20953476,35.099337715655565,0,283,2019,10
2019-10-11,23.179993378371023,0.22379456,35.09018216282129,0,284,2019,10
2019-10-12,23.04999338127675,0.28095782,35.08407846093178,0,285,2019,10
2019-10-13,22.839993385970615,0.44061962,35.088656237348914,0,286,2019,10
2019-10-14,22.62999339066448,0.5177862,35.09628586471081,0,287,2019,10
2019-10-15,22.749993387982272,0.28384444,35.10544141754508,0,288,2019,10
2019-10-16,22.829993386194133,0.2285693,35.123752523213625,0,289,2019,10
2019-10-17,22.869993385300063,0.29204214,35.15121918171644,0,290,2019,10
2019-10-18,23.069993380829715,0.23853758,35.18021176569164,0,291,2019,10
2019-10-19,23.059993381053232,0.25125197,35.18936731852591,0,292,2019,10
2019-10-20,23.069993380829715,0.2768479,35.18784139305353,0,293,2019,10
2019-10-21,23.579993369430326,0.2654775,35.184789542108774,0,294,2019,10
2019-10-22,23.58999336920681,0.23700468,35.18784139305353,0,295,2019,10
2019-10-23,23.55999336987736,0.21945871,35.19241916947067,0,296,2019,10
2019-10-24,23.449993372336053,0.21548986,35.19394509494305,0,297,2019,10
2019-10-25,23.459993372112535,0.26277682,35.196996945887804,0,298,2019,10
2019-10-26,23.679993367195152,0.16573356,35.18631546758115,0,299,2019,10
2019-10-27,23.90999336205425,0.17680977,35.17715991474688,0,300,2019,10
2019-10-28,23.839993363618873,0.22894603,35.17410806380212,0,301,2019,10
2019-10-29,23.609993368759774,0.34053674,35.1756339892745,0,302,2019,10
2019-10-30,23.729993366077565,0.66869736,35.17410806380212,0,303,2019,10
2019-10-31,23.90999336205425,0.5202664,35.16190066002309,0,304,2019,10
2019-11-01,23.28999337591233,0.5508148,35.1542710326612,0,305,2019,11
2019-11-02,22.909993384405993,0.46730068,35.158848809078336,0,306,2019,11
2019-11-03,22.97999338284137,0.42966446,35.171056212857366,0,307,2019,11
2019-11-04,23.109993379935645,0.94890016,35.1756339892745,0,308,2019,11
2019-11-05,23.719993366301082,0.4932159,35.16953028738499,0,309,2019,11
2019-11-06,23.999993360042595,0.26867986,35.171056212857366,0,310,2019,11
2019-11-07,24.24999335445466,0.22392541,35.17715991474688,0,311,2019,11
2019-11-08,24.52999334819617,0.20988953,35.18631546758115,0,312,2019,11
2019-11-09,24.75999334305527,0.23010214,35.19241916947067,0,313,2019,11
2019-11-10,24.86999334059658,0.2216237,35.19852287136018,0,314,2019,11
2019-11-11,24.739993343502306,0.19528866,35.19852287136018,0,315,2019,11
2019-11-12,24.609993346408032,0.19368975,35.20004879683256,0,316,2019,11
2019-11-13,24.849993341043614,0.1963927,35.21073027513921,0,317,2019,11
2019-11-14,25.209993332996987,0.13770711,35.219885827973485,0,318,2019,11
2019-11-15,25.079993335902714,0.18563646,35.22751545533538,0,319,2019,11
2019-11-16,24.899993339926027,0.22960337,35.22293767891824,0,320,2019,11
2019-11-17,24.429993350431346,0.396217,35.21378212608397,0,321,2019,11
2019-11-18,24.049993358925008,0.37933674,35.21073027513921,0,322,2019,11
2019-11-19,23.999993360042595,0.32894015,35.207678424194455,0,323,2019,11
2019-11-20,24.009993359819077,0.23387642,35.19852287136018,0,324,2019,11
2019-11-21,23.989993360266112,0.3107881,35.20004879683256,0,325,2019,11
2019-11-22,24.029993359372043,0.18964215,35.19852287136018,0,326,2019,11
2019-11-23,24.089993358030938,0.20948975,35.195471020415425,0,327,2019,11
2019-11-24,24.239993354678177,0.20682184,35.20004879683256,0,328,2019,11
2019-11-25,24.119993357360386,0.19166574,35.2046265732497,0,329,2019,11
2019-11-26,24.339993352443003,0.17782867,35.2046265732497,0,330,2019,11
2019-11-27,24.699993344396376,0.1517565,35.18936731852591,0,331,2019,11
2019-11-28,24.459993349760794,0.25542125,35.16647843644023,0,332,2019,11
2019-11-29,24.279993353784107,0.2825626,35.15121918171644,0,333,2019,11
2019-11-30,24.609993346408032,0.63731664,35.148167330771685,0,334,2019,11
2019-12-01,25.13999333456161,0.20939356,35.1542710326612,0,335,2019,12
2019-12-02,25.969993316009663,0.36556265,35.1756339892745,0,336,2019,12
2019-12-03,26.03999331444504,0.2418636,35.19394509494305,0,337,2019,12
2019-12-04,25.75999332070353,0.35962054,35.19089324399829,0,338,2019,12
2019-12-05,25.52999332584443,0.30853462,35.18784139305353,0,339,2019,12
2019-12-06,25.779993320256494,0.36627233,35.19852287136018,0,340,2019,12
2019-12-07,25.509993326291465,0.21155807,35.221411753445864,0,341,2019,12
2019-12-08,25.079993335902714,0.4760442,35.207678424194455,0,342,2019,12
2019-12-09,24.669993345066928,0.7692775,35.195471020415425,0,343,2019,12
2019-12-10,24.649993345513963,0.93137443,35.18784139305353,0,344,2019,12
2019-12-11,24.83999334126713,0.4919252,35.18173769116402,0,345,2019,12
2019-12-12,25.06999333612623,0.66457367,35.21378212608397,0,346,2019,12
2019-12-13,25.36999332942071,0.39615873,35.25193026289344,0,347,2019,12
2019-12-14,26.03999331444504,0.20524809,35.25193026289344,0,348,2019,12
2019-12-15,26.289993308857106,0.17900558,35.2473524864763,0,349,2019,12
2019-12-16,26.289993308857106,0.20393746,35.26108581572771,0,350,2019,12
2019-12-17,26.03999331444504,0.23550004,35.27176729403436,0,351,2019,12
2019-12-18,25.659993322938703,0.51721066,35.23819693364203,0,352,2019,12
2019-12-19,25.189993333444022,0.7560332,35.21378212608397,0,353,2019,12
2019-12-20,24.569993347302102,0.6246743,35.2046265732497,0,354,2019,12
2019-12-21,24.67999334484341,0.7689167,35.206152498722076,0,355,2019,12
2019-12-22,25.429993328079604,0.27291578,35.221411753445864,0,356,2019,12
2019-12-23,25.559993325173878,0.16570318,35.206152498722076,0,357,2019,12
2019-12-24,25.699993322044634,0.19225664,35.19241916947067,0,358,2019,12
2019-12-25,26.02999331466856,0.17902432,35.20310064777732,0,359,2019,12
2019-12-26,26.139993312209867,0.2206219,35.21683397702873,0,360,2019,12
2019-12-27,26.06999331377449,0.21867606,35.19241916947067,0,361,2019,12
2019-12-28,26.02999331466856,0.20049587,35.18021176569164,0,362,2019,12
2019-12-29,25.859993318468355,0.25501972,35.171056212857366,0,363,2019,12
2019-12-30,25.779993320256494,0.38624,35.16495251096785,0,364,2019,12
2019-12-31,26.179993311315798,0.46842518,35.17410806380212,0,365,2019,12
2020-01-01,25.929993316903733,0.3482638,35.18784139305353,0,1,2020,1
2020-01-02,25.29999333098533,0.3285766,35.17410806380212,0,2,2020,1
2020-01-03,25.599993324279808,0.30008766,35.10849326848984,0,3,2020,1
2020-01-04,25.939993316680216,0.6818206,35.100863641127944,0,4,2020,1
2020-01-05,26.349993307516,0.21247989,35.18631546758115,0,5,2020,1
2020-01-06,26.279993309080623,0.31398323,35.21530805155635,0,6,2020,1
2020-01-07,26.179993311315798,0.29432127,35.16342658549547,0,7,2020,1
2020-01-08,25.40999332852664,0.6347185,35.125278448686004,0,8,2020,1
2020-01-09,24.079993358254455,0.5218377,35.0825525354594,0,9,2020,1
2020-01-10,24.939993339031957,0.9854485,35.0825525354594,0,10,2020,1
2020-01-11,25.60999332405629,1.0695705,35.10238956660032,0,11,2020,1
2020-01-12,25.699993322044634,0.29333803,35.11764882132411,0,12,2020,1
2020-01-13,26.079993313550972,0.62924653,35.12070067226887,0,13,2020,1
2020-01-14,27.2699932869524,0.21992771,35.1039154920727,0,14,2020,1
2020-01-15,27.709993277117633,1.1184745,35.10238956660032,0,15,2020,1
2020-01-16,27.559993280470394,0.19063312,35.05966365337372,0,16,2020,1
2020-01-17,26.819993297010683,0.40157828,35.07797475904226,0,17,2020,1
2020-01-18,26.519993303716205,0.4248658,35.10238956660032,0,18,2020,1
2020-01-19,26.279993309080623,0.3975211,35.08560438640416,0,19,2020,1
2020-01-20,25.929993316903733,0.26494002,35.08560438640416,0,20,2020,1
2020-01-21,25.289993331208848,0.5399718,35.111545119434595,0,21,2020,1
2020-01-22,24.539993347972654,0.8064301,35.110019193962216,0,22,2020,1
2020-01-23,24.589993346855067,0.65862745,35.087130311876535,0,23,2020,1
2020-01-24,24.63999334573748,0.54725003,35.0321969948709,0,24,2020,1
2020-01-25,25.519993326067947,0.2203066,34.954374795779586,0,25,2020,1
2020-01-26,26.479993304610275,0.23572445,34.94979701936245,0,26,2020,1
2020-01-27,26.429993305727862,0.20023501,34.95742664672434,0,27,2020,1
2020-01-28,26.449993305280827,0.16618672,35.03524884581566,0,28,2020,1
2020-01-29,25.739993321150564,0.25592986,35.09475993923843,0,29,2020,1
2020-01-30,25.039993336796783,0.17870882,35.125278448686004,0,30,2020,1
2020-01-31,24.43999335020783,0.2970701,35.14053770340979,0,31,2020,1
2020-02-01,24.029993359372043,0.403595,35.14511547982693,0,32,2020,2
2020-02-02,24.629993345960997,0.3736647,35.13901177793741,0,33,2020,2
2020-02-03,25.33999333009126,0.22234476,35.1329080760479,0,34,2020,2
2020-02-04,25.359993329644226,0.25050467,35.12985622510314,0,35,2020,2
2020-02-05,25.779993320256494,0.19779621,35.123752523213625,0,36,2020,2
2020-02-06,26.089993313327454,0.33892933,35.13901177793741,0,37,2020,2
2020-02-07,26.41999330595138,0.17615671,35.19089324399829,0,38,2020,2
2020-02-08,26.25999330952766,0.19526605,35.14969325624406,0,39,2020,2
2020-02-09,25.819993319362425,0.5433952,35.15121918171644,0,40,2020,2
2020-02-10,24.939993339031957,0.41951108,35.15274510718882,0,41,2020,2
2020-02-11,25.37999332919719,0.4371109,35.15121918171644,0,42,2020,2
2020-02-12,25.559993325173878,0.78388155,35.15121918171644,0,43,2020,2
2020-02-13,25.21999333277347,0.33689126,35.15732288360596,0,44,2020,2
2020-02-14,24.67999334484341,1.1428373,35.10544141754508,0,45,2020,2
2020-02-15,24.43999335020783,1.0848722,35.064241429790854,0,46,2020,2
2020-02-16,24.17999335601928,1.0906249,35.08560438640416,0,47,2020,2
2020-02-17,24.74999334327879,0.79879105,35.076448833569884,0,48,2020,2
2020-02-18,25.589993324503325,0.5194533,35.03372292034328,0,49,2020,2
2020-02-19,25.749993320927047,0.7118491,34.98489330522716,0,50,2020,2
2020-02-20,25.779993320256494,0.48138243,34.968108125030994,0,51,2020,2
2020-02-21,26.239993309974693,0.30217245,35.00930811278522,0,52,2020,2
2020-02-22,26.939993294328474,0.19623737,35.10544141754508,0,53,2020,2
2020-02-23,26.739993298798822,0.17164473,35.158848809078336,0,54,2020,2
2020-02-24,26.49999330416324,0.23390338,35.1756339892745,0,55,2020,2
2020-02-25,26.509993303939723,0.32509062,35.18631546758115,0,56,2020,2
2020-02-26,26.37999330684545,0.25857666,35.1756339892745,0,57,2020,2
2020-02-27,26.249993309751176,0.20577812,35.172582138329744,0,58,2020,2
2020-02-28,26.489993304386758,0.16136265,35.16953028738499,0,59,2020,2
2020-02-29,26.03999331444504,0.17371373,35.15121918171644,0,60,2020,2
2020-03-01,25.929993316903733,0.43198115,35.1039154920727,0,61,2020,3
2020-03-02,26.239993309974693,0.19179478,35.015411814674735,0,62,2020,3
2020-03-03,26.88999329544606,0.15931995,34.94674516841769,0,63,2020,3
2020-03-04,27.179993288964056,0.28075835,34.93758961558342,0,64,2020,3
2020-03-05,27.479993282258533,0.21331508,35.0321969948709,0,65,2020,3
2020-03-06,27.42999328337612,0.19812594,35.10849326848984,0,66,2020,3
2020-03-07,26.49999330416324,0.23812076,35.111545119434595,0,67,2020,3
2020-03-08,26.06999331377449,0.245111,35.0825525354594,0,68,2020,3
2020-03-09,26.049993314221524,0.27483174,35.050508100539446,0,69,2020,3
2020-03-10,26.009993315115594,0.31717664,35.04898217506707,0,70,2020,3
2020-03-11,26.179993311315798,0.16667609,35.13901177793741,0,71,2020,3
2020-03-12,27.099993290752195,0.16785347,35.21073027513921,0,72,2020,3
2020-03-13,27.46999328248205,0.19391748,35.01998959109187,0,73,2020,3
2020-03-14,27.489993282035016,0.21657665,35.026093292981386,0,74,2020,3
2020-03-15,28.19999326616528,0.32867876,35.07797475904226,0,75,2020,3
2020-03-16,28.149993267282866,0.397994,35.10238956660032,0,76,2020,3
2020-03-17,27.939993271976732,0.438234,35.123752523213625,0,77,2020,3
2020-03-18,27.459993282705568,0.65033513,35.09170808829367,0,78,2020,3
2020-03-19,27.479993282258533,0.7663183,35.05661180242896,0,79,2020,3
2020-03-20,27.53999328091743,0.59538525,35.05661180242896,0,80,2020,3
2020-03-21,27.959993271529697,0.17212214,35.07797475904226,0,81,2020,3
2020-03-22,28.459993260353826,0.23220468,35.12680437415838,0,82,2020,3
2020-03-23,28.729993254318856,0.20043828,35.039826622232795,0,83,2020,3
2020-03-24,28.719993254542374,0.20555414,34.97726367786527,0,84,2020,3
2020-03-25,28.579993257671617,0.461107,34.92538221180439,0,85,2020,3
2020-03-26,28.529993258789204,0.5369359,34.97115997597575,0,86,2020,3
2020-03-27,28.219993265718244,0.40905315,35.05966365337372,0,87,2020,3
2020-03-28,28.249993265047692,0.5557708,35.12070067226887,0,88,2020,3
2020-03-29,28.499993259459757,0.4464589,35.148167330771685,0,89,2020,3
2020-03-30,28.78999325297775,0.22444074,35.160374734550714,0,90,2020,3
2020-03-31,28.66999325565996,0.174664,35.1756339892745,0,91,2020,3
2020-04-01,28.069993269071006,0.17915563,35.19089324399829,0,92,2020,4
2020-04-02,27.92999327220025,0.22668265,35.196996945887804,0,93,2020,4
2020-04-03,27.77999327555301,0.29311717,35.2046265732497,0,94,2020,4
2020-04-04,27.689993277564668,0.28843987,35.221411753445864,0,95,2020,4
2020-04-05,28.449993260577344,0.29013926,35.280922846868634,0,96,2020,4
2020-04-06,28.919993250072025,0.1577345,35.29923395253718,0,97,2020,4
2020-04-07,28.769993253424786,0.16470307,35.30838950537145,0,98,2020,4
2020-04-08,28.569993257895135,0.15385513,35.30838950537145,0,99,2020,4
2020-04-09,28.47999325990679,0.16235588,35.314493207260966,0,100,2020,4
2020-04-10,28.419993261247896,0.15663624,35.33433023840189,0,101,2020,4
2020-04-11,28.539993258565687,0.22662482,35.30686357989907,0,102,2020,4
2020-04-12,28.719993254542374,0.17580368,35.26566359214485,0,103,2020,4
2020-04-13,28.679993255436443,0.149203,35.27024136856198,0,104,2020,4
2020-04-14,29.01999324783685,0.13080296,35.158848809078336,0,105,2020,4
2020-04-15,28.809993252530717,0.14470445,35.05966365337372,0,106,2020,4
2020-04-16,28.66999325565996,0.30002373,35.08560438640416,0,107,2020,4
2020-04-17,28.78999325297775,0.3232219,35.148167330771685,0,108,2020,4
2020-04-18,28.839993251860164,0.18268827,35.16800436191261,0,109,2020,4
2020-04-19,28.77999325320127,0.25214925,35.16190066002309,0,110,2020,4
2020-04-20,28.529993258789204,0.2507314,35.16647843644023,0,111,2020,4
2020-04-21,28.719993254542374,0.17161663,35.17410806380212,0,112,2020,4
2020-04-22,29.31999324113133,0.15550365,35.17715991474688,0,113,2020,4
2020-04-23,28.689993255212926,0.24164967,35.16953028738499,0,114,2020,4
2020-04-24,28.359993262589,0.20439997,35.160374734550714,0,115,2020,4
2020-04-25,28.349993262812518,0.24308017,35.160374734550714,0,116,2020,4
2020-04-26,28.39999326169493,0.1952837,35.171056212857366,0,117,2020,4
2020-04-27,27.709993277117633,0.2363804,35.17715991474688,0,118,2020,4
2020-04-28,27.38999328427019,0.3032565,35.17410806380212,0,119,2020,4
2020-04-29,27.489993282035016,0.28709245,35.17868584021926,0,120,2020,4
2020-04-30,28.299993263930105,0.3182641,35.1756339892745,0,121,2020,4
2020-05-01,28.379993262141966,0.18860121,35.12680437415838,0,122,2020,5
2020-05-02,28.23999326527121,0.18213892,35.09170808829367,0,123,2020,5
2020-05-03,27.959993271529697,0.23127015,35.09475993923843,0,124,2020,5
2020-05-04,27.85999327376487,0.26607233,35.074922908097506,0,125,2020,5
2020-05-05,27.769993275776528,0.23377244,35.02151551656425,0,126,2020,5
2020-05-06,27.88999327309432,0.315811,34.96200442314148,0,127,2020,5
2020-05-07,27.919993272423767,0.36158204,34.93758961558342,0,128,2020,5
2020-05-08,28.00999327041211,0.3354867,34.942167392000556,0,129,2020,5
2020-05-09,27.919993272423767,0.3354867,34.94674516841769,0,130,2020,5
2020-05-10,27.69999327734115,0.57120055,34.95284887030721,0,131,2020,5
2020-05-11,27.729993276670598,0.57120055,35.00930811278522,0,132,2020,5
2020-05-12,27.609993279352807,0.88487643,35.01846366561949,0,133,2020,5
2020-05-13,27.53999328091743,0.88033485,34.99557478353381,0,134,2020,5
2020-05-14,27.53999328091743,0.94978106,34.9818414542824,0,135,2020,5
2020-05-15,27.359993284940742,0.45209268,34.931485913693905,0,136,2020,5
2020-05-16,27.30999328605833,0.38414258,34.90401925519109,0,137,2020,5
2020-05-17,27.22999328784647,0.286793,34.88570814952254,0,138,2020,5
2020-05-18,27.219993288069986,0.29350832,34.882656298577785,0,139,2020,5
2020-05-19,27.339993285387777,0.65954393,34.90096740424633,0,140,2020,5
2020-05-20,27.38999328427019,0.7478829,34.92385628633201,0,141,2020,5
2020-05-21,27.38999328427019,0.4922628,34.908597031608224,0,142,2020,5
2020-05-22,27.369993284717225,0.49399278,34.88113037310541,0,143,2020,5
2020-05-23,27.369993284717225,0.51776904,34.867397043854,0,144,2020,5
2020-05-24,27.22999328784647,0.51776904,34.8170415032655,0,145,2020,5
2020-05-25,27.07999329119923,0.35459036,34.82924890704453,0,146,2020,5
2020-05-26,26.88999329544606,0.61423403,34.85518964007497,0,147,2020,5
2020-05-27,26.76999329812827,0.6201564,34.9101229570806,0,148,2020,5
2020-05-28,26.439993305504345,0.6995012,34.917752584442496,0,149,2020,5
2020-05-29,26.519993303716205,0.87710214,34.896389627829194,0,150,2020,5
2020-05-30,26.519993303716205,0.59676933,34.87960444763303,0,151,2020,5
2020-05-31,26.529993303492688,0.668282,34.894863702356815,0,152,2020,5
2020-06-01,26.559993302822136,0.6684528,34.954374795779586,0,153,2020,6
2020-06-02,26.049993314221524,0.5444134,34.94979701936245,0,154,2020,6
2020-06-03,25.99999331533911,0.5390189,34.91622665897012,0,155,2020,6
2020-06-04,26.06999331377449,0.6490005,34.917752584442496,0,156,2020,6
2020-06-05,26.159993311762832,0.5090991,34.917752584442496,0,157,2020,6
2020-06-06,26.06999331377449,0.8378772,34.91317480802536,0,158,2020,6
2020-06-07,25.969993316009663,0.5013158,34.91164888255298,0,159,2020,6
2020-06-08,25.91999331712725,0.47012848,34.919278509914875,0,160,2020,6
2020-06-09,25.869993318244838,0.26209307,34.95895257219672,0,161,2020,6
2020-06-10,25.869993318244838,0.25731984,34.99404885806143,0,162,2020,6
2020-06-11,25.849993318691872,0.2304179,34.99557478353381,0,163,2020,6
2020-06-12,25.739993321150564,0.23037408,34.89791555330157,0,164,2020,6
2020-06-13,25.559993325173878,0.37156478,34.79110077023506,0,165,2020,6
2020-06-14,25.589993324503325,0.46221173,34.78041929192841,0,166,2020,6
2020-06-15,25.639993323385738,0.35755867,34.833826683461666,0,167,2020,6
2020-06-16,25.64999332316222,0.69162625,34.919278509914875,0,168,2020,6
2020-06-17,25.699993322044634,0.3256753,34.968108125030994,0,169,2020,6
2020-06-18,25.769993320480012,0.2943106,34.94521924294531,0,170,2020,6
2020-06-19,25.739993321150564,0.2798236,34.90249332971871,0,171,2020,6
2020-06-20,25.7199933215976,0.27140018,34.88570814952254,0,172,2020,6
2020-06-21,25.60999332405629,0.31724927,34.97421182692051,0,173,2020,6
2020-06-22,25.639993323385738,0.25107878,34.9818414542824,0,174,2020,6
2020-06-23,25.549993325397395,0.28669,34.942167392000556,0,175,2020,6
2020-06-24,25.539993325620912,0.43143898,34.92538221180439,0,176,2020,6
2020-06-25,25.579993324726843,0.4702771,34.91470073349774,0,177,2020,6
2020-06-26,25.659993322938703,0.53603035,34.89028592593968,0,178,2020,6
2020-06-27,25.749993320927047,0.3672163,34.87960444763303,0,179,2020,6
2020-06-28,25.559993325173878,0.32811183,34.87655259668827,0,180,2020,6
2020-06-29,25.539993325620912,0.27590024,34.882656298577785,0,181,2020,6
2020-06-30,25.559993325173878,0.32104152,34.89791555330157,0,182,2020,6
2020-07-01,25.13999333456161,0.35795763,34.91164888255298,0,183,2020,7
2020-07-02,25.279993331432365,0.41160023,34.91317480802536,0,184,2020,7
2020-07-03,25.389993328973674,0.38832915,34.9101229570806,0,185,2020,7
2020-07-04,25.52999332584443,0.28119358,34.89944147877395,0,186,2020,7
2020-07-05,25.17999333366754,0.3479958,34.88723407499492,0,187,2020,7
2020-07-06,25.019993337243818,0.5373833,34.858241491019726,0,188,2020,7
2020-07-07,25.199993333220505,0.33227435,34.80178224854171,0,189,2020,7
2020-07-08,25.389993328973674,0.21368572,34.810937801375985,0,190,2020,7
2020-07-09,25.2599933318794,0.31223255,34.85671556554735,0,191,2020,7
2020-07-10,25.119993335008644,0.24657339,34.867397043854,0,192,2020,7
2020-07-11,25.079993335902714,0.2189938,34.87350074574351,0,193,2020,7
2020-07-12,25.049993336573266,0.20563431,34.87502667121589,0,194,2020,7
2020-07-13,25.09999333545568,0.23796809,34.824671130627394,0,195,2020,7
2020-07-14,25.10999333523216,0.32129198,34.97573775239289,0,196,2020,7
2020-07-15,25.09999333545568,0.2880396,35.03372292034328,0,197,2020,7
2020-07-16,24.969993338361405,0.27278432,34.95895257219672,0,198,2020,7
2020-07-17,24.739993343502306,0.2728343,34.867397043854,0,199,2020,7
2020-07-18,24.779993342608236,0.35529768,34.89944147877395,0,200,2020,7
2020-07-19,24.739993343502306,0.44846708,34.96963405050337,0,201,2020,7
2020-07-20,24.669993345066928,0.42709965,34.99710070900619,0,202,2020,7
2020-07-21,24.569993347302102,0.46110582,35.00778218731284,0,203,2020,7
2020-07-22,24.539993347972654,0.49691376,35.015411814674735,1,204,2020,7
2020-07-23,24.47999334931376,0.56016254,35.02151551656425,0,205,2020,7
2020-07-24,24.669993345066928,0.604676,35.00778218731284,0,206,2020,7
2020-07-25,24.629993345960997,0.4283239,34.97115997597575,0,207,2020,7
2020-07-26,24.669993345066928,0.33503345,34.94827109389007,0,208,2020,7
2020-07-27,24.809993341937684,0.34337,34.99557478353381,0,209,2020,7
2020-07-28,24.709993344172858,0.41744417,35.03372292034328,0,210,2020,7
2020-07-29,24.569993347302102,0.3160457,35.064241429790854,0,211,2020,7
2020-07-30,24.649993345513963,0.23637696,35.08560438640416,0,212,2020,7
2020-07-31,24.699993344396376,0.20223393,35.07797475904226,0,213,2020,7
2020-08-01,24.709993344172858,0.3030709,35.06576735526323,0,214,2020,8
2020-08-02,24.63999334573748,0.29204014,35.062715504318476,0,215,2020,8
2020-08-03,24.499993348866724,0.3161527,35.076448833569884,0,216,2020,8
2020-08-04,24.419993350654863,0.31164303,35.08102660998702,0,217,2020,8
2020-08-05,24.339993352443003,0.32854232,35.07950068451464,0,218,2020,8
2020-08-06,24.259993354231142,0.2976873,35.088656237348914,0,219,2020,8
2020-08-07,24.309993353113555,0.30406466,35.10849326848984,0,220,2020,8
2020-08-08,24.359993351995968,0.27666357,35.15579695813358,0,221,2020,8
2020-08-09,24.1699933562428,0.27420455,35.206152498722076,0,222,2020,8
2020-08-10,24.119993357360386,0.26391888,35.19852287136018,0,223,2020,8
2020-08-11,24.069993358477973,0.2413908,35.15579695813358,0,224,2020,8
2020-08-12,24.069993358477973,0.2780029,35.14358955435455,0,225,2020,8
2020-08-13,23.78999336473646,0.34694684,35.13138215057552,0,226,2020,8
2020-08-14,23.689993366971635,0.32655287,35.12985622510314,0,227,2020,8
2020-08-15,23.7099933665246,0.45414582,35.12833029963076,0,228,2020,8
2020-08-16,23.849993363395356,0.42363006,35.12833029963076,0,229,2020,8
2020-08-17,23.7099933665246,0.35343644,35.12985622510314,0,230,2020,8
2020-08-18,23.579993369430326,0.33878362,35.12833029963076,0,231,2020,8
2020-08-19,23.419993373006605,0.22105898,35.13138215057552,0,232,2020,8
2020-08-20,23.469993371889018,0.38407794,35.14511547982693,0,233,2020,8
2020-08-21,23.649993367865704,0.35138634,35.15121918171644,0,234,2020,8
2020-08-22,23.609993368759774,0.35696048,35.15579695813358,0,235,2020,8
2020-08-23,23.58999336920681,0.30031285,35.15732288360596,0,236,2020,8
2020-08-24,23.51999337077143,0.46156153,35.15732288360596,0,237,2020,8
2020-08-25,23.23999337702992,0.35562328,35.160374734550714,0,238,2020,8
2020-08-26,23.429993372783088,0.4739612,35.16953028738499,0,239,2020,8
2020-08-27,23.50999337099495,0.32563874,35.18631546758115,0,240,2020,8
2020-08-28,23.449993372336053,0.42133555,35.20157472230494,0,241,2020,8
2020-08-29,23.379993373900675,0.3924599,35.21378212608397,0,242,2020,8
2020-08-30,23.529993370547913,0.5599551,35.23514508269727,0,243,2020,8
2020-08-31,23.649993367865704,0.5866151,35.25345618836582,0,244,2020,8
2020-09-01,23.539993370324396,0.56107295,35.25803396478295,0,245,2020,9
2020-09-02,23.459993372112535,0.6069259,35.24887841194868,0,246,2020,9
2020-09-03,23.499993371218466,0.47560132,35.25345618836582,0,247,2020,9
2020-09-04,23.50999337099495,0.35860586,35.25955989025533,0,248,2020,9
2020-09-05,23.499993371218466,0.69003713,35.26261174120009,0,249,2020,9
2020-09-06,23.50999337099495,0.5197678,35.268715443089604,0,250,2020,9
2020-09-07,23.699993366748117,0.3914245,35.2763450704515,0,251,2020,9
2020-09-08,23.849993363395356,0.50542945,35.27787099592388,0,252,2020,9
2020-09-09,24.32999335266652,0.57739586,35.280922846868634,0,253,2020,9
2020-09-10,24.619993346184515,0.28276524,35.280922846868634,0,254,2020,9
2020-09-11,24.569993347302102,0.2107831,35.28244877234101,0,255,2020,9
2020-09-12,24.44999334998431,0.3121012,35.28397469781339,0,256,2020,9
2020-09-13,24.51999334841969,0.26416028,35.29007839970291,0,257,2020,9
2020-09-14,24.55999334752562,0.2153417,35.29007839970291,0,258,2020,9
2020-09-15,24.619993346184515,0.22875199,35.28702654875815,0,259,2020,9
2020-09-16,24.959993338584923,0.23017336,35.28855247423053,0,260,2020,9
2020-09-17,25.129993334785127,0.2116928,35.291604325175285,0,261,2020,9
2020-09-18,25.06999333612623,0.20608382,35.291604325175285,0,262,2020,9
2020-09-19,25.039993336796783,0.16588217,35.28550062328577,0,263,2020,9
2020-09-20,24.459993349760794,0.21178532,35.28397469781339,0,264,2020,9
2020-09-21,24.429993350431346,0.19878966,35.28397469781339,0,265,2020,9
2020-09-22,24.47999334931376,0.20887597,35.28855247423053,0,266,2020,9
2020-09-23,24.669993345066928,0.20239179,35.28855247423053,0,267,2020,9
2020-09-24,24.63999334573748,0.20729132,35.2763450704515,0,268,2020,9
2020-09-25,24.359993351995968,0.22817649,35.27176729403436,0,269,2020,9
2020-09-26,24.159993356466316,0.1922449,35.26108581572771,0,270,2020,9
2020-09-27,24.049993358925008,0.26815778,35.25040433742106,0,271,2020,9
2020-09-28,24.05999335870149,0.25279,35.24887841194868,0,272,2020,9
2020-09-29,24.01999335959556,0.24045551,35.25193026289344,0,273,2020,9
2020-09-30,24.20999335534873,0.37699026,35.230567306280136,0,274,2020,9
2020-10-01,24.269993354007624,0.21113636,35.171056212857366,0,275,2020,10
2020-10-02,23.9399933613837,0.28536478,35.15579695813358,0,276,2020,10
2020-10-03,23.649993367865704,0.38719225,35.18936731852591,0,277,2020,10
2020-10-04,23.43999337255957,0.4009456,35.21683397702873,0,278,2020,10
2020-10-05,23.269993376359366,0.44356766,35.22446360439062,0,279,2020,10
2020-10-06,23.229993377253436,0.3700234,35.23819693364203,0,280,2020,10
2020-10-07,23.62999336831274,0.3998321,35.291604325175285,0,281,2020,10
2020-10-08,23.59999336898329,0.7746998,35.29007839970291,0,282,2020,10
2020-10-09,23.58999336920681,0.50778407,35.19394509494305,0,283,2020,10
2020-10-10,23.569993369653844,0.5302788,35.15274510718882,0,284,2020,10
2020-10-11,23.4799933716655,0.46715277,35.16190066002309,0,285,2020,10
2020-10-12,23.39999337345364,0.5292707,35.184789542108774,0,286,2020,10
2020-10-13,23.31999337524178,0.39093897,35.2046265732497,0,287,2020,10
2020-10-14,23.389993373677157,0.3805997,35.21683397702873,0,288,2020,10
2020-10-15,23.39999337345364,0.32691604,35.22446360439062,0,289,2020,10
2020-10-16,23.35999337434771,0.3112784,35.230567306280136,0,290,2020,10
2020-10-17,23.719993366301082,0.58469754,35.23514508269727,0,291,2020,10
2020-10-18,23.959993360936664,0.6921622,35.24124878458679,0,292,2020,10
2020-10-19,24.049993358925008,0.25511554,35.244300635531545,0,293,2020,10
2020-10-20,24.1699933562428,0.33494392,35.24887841194868,0,294,2020,10
2020-10-21,23.729993366077565,0.39511445,35.254982113838196,0,295,2020,10
2020-10-22,23.379993373900675,0.39438814,35.267189517617226,0,296,2020,10
2020-10-23,23.409993373230122,0.68641895,35.2763450704515,0,297,2020,10
2020-10-24,23.459993372112535,0.3790152,35.28702654875815,0,298,2020,10
2020-10-25,23.369993374124192,0.5203201,35.29007839970291,0,299,2020,10
2020-10-26,23.469993371889018,0.23454955,35.29465617612004,0,300,2020,10
2020-10-27,23.529993370547913,0.30014035,35.29923395253718,0,301,2020,10
2020-10-28,23.619993368536257,0.3420653,35.30838950537145,0,302,2020,10
2020-10-29,23.679993367195152,0.33659247,35.30838950537145,0,303,2020,10
2020-10-30,24.1699933562428,0.34544405,35.317545058205724,0,304,2020,10
2020-10-31,24.13999335691335,0.4250445,35.328226536512375,0,305,2020,10
2020-11-01,24.1699933562428,0.2011985,35.33127838745713,0,306,2020,11
2020-11-02,23.879993362724804,0.25701466,35.34195986576378,0,307,2020,11
2020-11-03,24.089993358030938,0.48653865,35.351115418598056,0,308,2020,11
2020-11-04,24.319993352890037,0.43921864,35.32517468556762,0,309,2020,11
2020-11-05,24.47999334931376,0.23076308,35.26261174120009,0,310,2020,11
2020-11-06,24.429993350431346,0.2998051,35.25803396478295,0,311,2020,11
2020-11-07,24.579993347078585,0.33492455,35.27176729403436,0,312,2020,11
2020-11-08,24.769993342831754,0.21569651,35.279396921396255,0,313,2020,11
2020-11-09,24.52999334819617,0.2637776,35.27787099592388,0,314,2020,11
2020-11-10,24.259993354231142,0.28279576,35.27481914497912,0,315,2020,11
2020-11-11,24.119993357360386,0.39651543,35.28855247423053,0,316,2020,11
2020-11-12,23.90999336205425,0.21653104,35.29007839970291,0,317,2020,11
2020-11-13,23.85999336317184,0.7662451,35.28702654875815,0,318,2020,11
2020-11-14,23.679993367195152,0.7563361,35.28550062328577,0,319,2020,11
2020-11-15,23.739993365854048,0.30690345,35.28550062328577,0,320,2020,11
2020-11-16,23.779993364959978,0.34517774,35.29007839970291,0,321,2020,11
2020-11-17,23.74999336563053,0.34504274,35.280922846868634,0,322,2020,11
2020-11-18,23.50999337099495,0.46696934,35.25345618836582,0,323,2020,11
2020-11-19,24.48999334909024,0.3352653,35.23972285911441,0,324,2020,11
2020-11-20,24.999993337690853,0.22838417,35.232093231752515,0,325,2020,11
2020-11-21,25.0299933370203,0.29887995,35.22446360439062,0,326,2020,11
2020-11-22,24.98999333791437,0.20566058,35.207678424194455,0,327,2020,11
2020-11-23,25.13999333456161,0.18723074,35.17868584021926,0,328,2020,11
2020-11-24,26.65999330058696,0.15190299,35.17715991474688,0,329,2020,11
2020-11-25,25.269993331655883,0.30956814,35.23819693364203,0,330,2020,11
2020-11-26,24.90999333970251,0.35316896,35.26413766667247,0,331,2020,11
2020-11-27,24.769993342831754,0.5928089,35.22751545533538,0,332,2020,11
2020-11-28,24.649993345513963,0.40228647,35.21683397702873,0,333,2020,11
2020-11-29,24.55999334752562,0.35677835,35.22751545533538,0,334,2020,11
2020-11-30,24.709993344172858,0.56943864,35.21225620061159,0,335,2020,11
2020-12-01,24.78999334238472,0.6277376,35.207678424194455,0,336,2020,12
2020-12-02,24.819993341714166,0.55162644,35.21378212608397,0,337,2020,12
2020-12-03,24.86999334059658,0.622013,35.230567306280136,0,338,2020,12
2020-12-04,24.969993338361405,0.5375163,35.23514508269727,0,339,2020,12
2020-12-05,25.09999333545568,0.27415097,35.242774710059166,0,340,2020,12
2020-12-06,25.589993324503325,0.36642706,35.28244877234101,0,341,2020,12
2020-12-07,26.529993303492688,0.21658134,35.28550062328577,0,342,2020,12
2020-12-08,26.53999330326917,0.15454349,35.207678424194455,0,343,2020,12
2020-12-09,26.549993303045653,0.15334402,35.18631546758115,0,344,2020,12
2020-12-10,26.489993304386758,0.15334402,35.183263616636395,0,345,2020,12
2020-12-11,25.909993317350768,0.13242285,35.196996945887804,0,346,2020,12
2020-12-12,26.64999330081048,0.16323301,35.218359902501106,0,347,2020,12
2020-12-13,26.859993296116613,0.16235249,35.206152498722076,0,348,2020,12
2020-12-14,26.29999330863359,0.27013558,35.1756339892745,0,349,2020,12
2020-12-15,25.91999331712725,0.31236935,35.14358955435455,0,350,2020,12
2020-12-16,25.809993319585942,0.24866256,35.14206362888217,0,351,2020,12
2020-12-17,25.639993323385738,0.21827523,35.15121918171644,0,352,2020,12
2020-12-18,25.56999332495036,0.22862568,35.15579695813358,0,353,2020,12
2020-12-19,25.199993333220505,0.18863215,35.158848809078336,0,354,2020,12
2020-12-20,24.999993337690853,0.2583336,35.16495251096785,0,355,2020,12
2020-12-21,24.429993350431346,0.38416186,35.183263616636395,0,356,2020,12
2020-12-22,26.06999331377449,0.18383989,35.20157472230494,0,357,2020,12
2020-12-23,26.719993299245857,0.2431137,35.21225620061159,0,358,2020,12
2020-12-24,26.92999329455199,0.1978473,35.21073027513921,0,359,2020,12
2020-12-25,26.96999329365792,0.17253289,35.20310064777732,0,360,2020,12
2020-12-26,26.61999330148103,0.15931295,35.196996945887804,0,361,2020,12
2020-12-27,26.399993306398414,0.19072543,35.196996945887804,0,362,2020,12
2020-12-28,26.45999330505731,0.24003646,35.22751545533538,0,363,2020,12
2020-12-29,26.91999329477551,0.13660973,35.27024136856198,0,364,2020,12
2020-12-30,27.319993285834812,0.13206336,35.2763450704515,0,365,2020,12
2020-12-31,28.019993270188593,0.09769497,35.2763450704515,0,366,2020,12
2021-01-01,27.92999327220025,0.109578565,35.27481914497912,0,1,2021,1
2021-01-02,27.919993272423767,0.10213003,35.26413766667247,0,2,2021,1
2021-01-03,27.679993277788185,0.10672742,35.25345618836582,0,3,2021,1
2021-01-04,27.649993278458737,0.111631624,35.23514508269727,0,4,2021,1
2021-01-05,27.57999328002336,0.111068904,35.22293767891824,0,5,2021,1
2021-01-06,28.69999325498941,0.095407926,35.26566359214485,0,6,2021,1
2021-01-07,28.679993255436443,0.1758868,35.29007839970291,0,7,2021,1
2021-01-08,28.74999325387182,0.12024109,35.27481914497912,0,8,2021,1
2021-01-09,28.78999325297775,0.110622965,35.25803396478295,0,9,2021,1
2021-01-10,28.059993269294523,0.1924296,35.22904138080776,0,10,2021,1
2021-01-11,27.999993270635628,0.35276476,35.21378212608397,0,11,2021,1
2021-01-12,27.42999328337612,0.30308625,35.19394509494305,0,12,2021,1
2021-01-13,27.179993288964056,0.4053221,35.158848809078336,0,13,2021,1
2021-01-14,27.089993290975713,0.26928547,35.10849326848984,0,14,2021,1
2021-01-15,26.979993293434404,0.24463962,35.08407846093178,0,15,2021,1
2021-01-16,27.369993284717225,0.22838044,35.087130311876535,0,16,2021,1
2021-01-17,28.099993268400453,0.19716565,35.11459697037935,0,17,2021,1
2021-01-18,28.799993252754234,0.16311316,35.134434001520276,0,18,2021,1
2021-01-19,28.74999325387182,0.17303099,35.14206362888217,0,19,2021,1
2021-01-20,28.66999325565996,0.2619303,35.16495251096785,0,20,2021,1
2021-01-21,28.449993260577344,0.30200705,35.1542710326612,0,21,2021,1
2021-01-22,28.369993262365483,0.2387001,35.14358955435455,0,22,2021,1
2021-01-23,28.31999326348307,0.24670686,35.171056212857366,0,23,2021,1
2021-01-24,28.229993265494727,0.32526782,35.18631546758115,0,24,2021,1
2021-01-25,27.019993292540335,0.27216446,35.12070067226887,0,25,2021,1
2021-01-26,26.829993296787165,0.2258703,35.029145143926144,0,26,2021,1
2021-01-27,26.399993306398414,0.22715406,35.00778218731284,0,27,2021,1
2021-01-28,25.899993317574285,0.50015455,35.013885889202356,0,28,2021,1
2021-01-29,25.749993320927047,0.56775445,35.015411814674735,0,29,2021,1
2021-01-30,26.049993314221524,0.3799549,34.990997007116675,0,30,2021,1
2021-01-31,27.299993286281847,0.19665451,34.95132294483483,0,31,2021,1
2021-02-01,27.329993285611295,0.15782943,34.91317480802536,0,32,2021,2
2021-02-02,27.329993285611295,0.10748273,34.907071106135845,0,33,2021,2
2021-02-03,27.339993285387777,0.10661746,34.87960444763303,0,34,2021,2
2021-02-04,27.139993289858126,0.15921907,34.93453776463866,0,35,2021,2
2021-02-05,26.96999329365792,0.15961002,34.917752584442496,0,36,2021,2
2021-02-06,26.869993295893096,0.15484287,34.89791555330157,0,37,2021,2
2021-02-07,27.009993292763852,0.16499785,34.846034087240696,0,38,2021,2
2021-02-08,27.379993284493708,0.115407124,34.79262669570744,0,39,2021,2
2021-02-09,27.489993282035016,0.17591396,34.86129334196448,0,40,2021,2
2021-02-10,27.109993290528678,0.25791904,34.95895257219672,0,41,2021,2
2021-02-11,25.969993316009663,0.49205694,34.93606369011104,0,42,2021,2
2021-02-12,26.049993314221524,0.45188886,34.9101229570806,0,43,2021,2
2021-02-13,26.369993307068967,0.37606072,34.89944147877395,0,44,2021,2
2021-02-14,26.799993297457718,0.277234,34.93606369011104,0,45,2021,2
2021-02-15,27.209993288293504,0.14752533,34.92385628633201,0,46,2021,2
2021-02-16,27.129993290081643,0.15418668,34.908597031608224,0,47,2021,2
2021-02-17,27.059993291646265,0.1770877,34.90401925519109,0,48,2021,2
2021-02-18,27.219993288069986,0.24267833,34.91164888255298,0,49,2021,2
2021-02-19,27.089993290975713,0.2260134,34.92233036085963,0,50,2021,2
2021-02-20,27.109993290528678,0.13375193,34.95284887030721,0,51,2021,2
2021-02-21,27.179993288964056,0.13554177,34.931485913693905,0,52,2021,2
2021-02-22,28.299993263930105,0.15028077,34.86281926743686,0,53,2021,2
2021-02-23,28.799993252754234,0.15654956,34.82009335421026,0,54,2021,2
2021-02-24,28.54999325834217,0.15823385,34.83993038535118,0,55,2021,2
2021-02-25,28.50999325923624,0.23425081,34.9391155410558,0,56,2021,2
2021-02-26,28.42999326102438,0.2482371,34.79720447212458,0,57,2021,2
2021-02-27,28.189993266388797,0.5816445,34.89333777688444,0,58,2021,2
2021-02-28,27.649993278458737,0.70998216,34.92385628633201,0,59,2021,2
2021-03-01,27.519993281364464,0.70998216,34.76516003720462,0,60,2021,3
2021-03-02,27.609993279352807,0.3543487,34.74837485700846,0,61,2021,3
2021-03-03,28.069993269071006,0.37528604,34.870448894798756,0,62,2021,3
2021-03-04,28.109993268176936,0.27326956,34.75753040984273,0,63,2021,3
2021-03-05,27.949993271753215,0.19055155,34.798730397596955,0,64,2021,3
2021-03-06,27.719993276894115,0.26151073,34.84450816176832,0,65,2021,3
2021-03-07,27.649993278458737,0.3417056,34.88113037310541,0,66,2021,3
2021-03-08,27.319993285834812,0.51060104,34.87655259668827,0,67,2021,3
2021-03-09,28.289993264153622,0.3400391,34.810937801375985,0,68,2021,3
2021-03-10,28.459993260353826,0.14409506,34.73006375133991,0,69,2021,3
2021-03-11,28.329993263259553,0.20038137,34.69801931641996,0,70,2021,3
2021-03-12,28.099993268400453,0.23500642,34.74837485700846,0,71,2021,3
2021-03-13,28.569993257895135,0.256538,34.739219304174185,0,72,2021,3
2021-03-14,29.239993242919468,0.12169162,34.7956785466522,0,73,2021,3
2021-03-15,29.219993243366503,0.12978111,34.86892296932638,0,74,2021,3
2021-03-16,29.349993240460776,0.12043221,34.766685962677,0,75,2021,3
2021-03-17,29.119993245601677,0.2176552,34.632404521107674,0,76,2021,3
2021-03-18,28.85999325141313,0.17055933,34.54390084370971,0,77,2021,3
2021-03-19,28.8199932523072,0.17257014,34.42182680591941,0,78,2021,3
2021-03-20,28.97999324873092,0.14946842,34.32721942663193,0,79,2021,3
2021-03-21,29.00999324806037,0.28411713,34.10748615860939,0,80,2021,3
2021-03-22,28.849993251636647,0.25759196,34.041871363297105,0,81,2021,3
2021-03-23,28.729993254318856,0.35242438,34.36994533985853,0,82,2021,3
2021-03-24,28.54999325834217,0.4441084,34.76821188814938,0,83,2021,3
2021-03-25,28.379993262141966,0.26477095,34.95284887030721,0,84,2021,3
2021-03-26,28.499993259459757,0.18045555,35.016937740147114,0,85,2021,3
2021-03-27,28.759993253648304,0.21704365,35.02304144203663,0,86,2021,3
2021-03-28,29.159993244707607,0.16302176,35.0108340382576,0,87,2021,3
2021-03-29,29.24999324269595,0.19372976,34.98794515617192,0,88,2021,3
2021-03-30,29.179993244260572,0.15503123,34.978789603337646,0,89,2021,3
2021-03-31,29.189993244037055,0.15058263,34.990997007116675,0,90,2021,3
2021-04-01,29.35999324023726,0.18724908,34.882656298577785,0,91,2021,4
2021-04-02,29.529993236437463,0.14186749,34.475234197452664,0,92,2021,4
2021-04-03,29.809993230178975,0.19336428,34.26313055679202,0,93,2021,4
2021-04-04,30.119993223249935,0.16773078,34.14716022089124,0,94,2021,4
2021-04-05,29.71999323219063,0.21028377,34.124271338805556,0,95,2021,4
2021-04-06,29.47999323755505,0.16121306,34.0998565312475,0,96,2021,4
2021-04-07,29.469993237778567,0.18962385,34.14716022089124,0,97,2021,4
2021-04-08,29.489993237331532,0.25967774,34.113589860498905,0,98,2021,4
2021-04-09,29.70999323241415,0.18913776,34.24176760017872,0,99,2021,4
2021-04-10,29.809993230178975,0.14539577,34.14410836994648,0,100,2021,4
2021-04-11,29.63999323397877,0.14565228,34.078493574634194,0,101,2021,4
2021-04-12,29.499993237108015,0.13917947,33.716849237680435,0,102,2021,4
2021-04-13,29.389993239566707,0.16450813,34.125797264277935,0,103,2021,4
2021-04-14,29.05999324694278,0.2823464,34.463026793673635,0,104,2021,4
2021-04-15,29.12999324537816,0.32716945,34.427930507808924,0,105,2021,4
2021-04-16,28.989993248507403,0.26726905,34.414197178557515,0,106,2021,4
2021-04-17,28.919993250072025,0.23738319,34.38062681816518,0,107,2021,4
2021-04-18,28.93999324962499,0.1990491,34.19598983600736,0,108,2021,4
2021-04-19,28.989993248507403,0.18950209,34.04492321424186,0,109,2021,4
2021-04-20,28.649993256106995,0.17919944,34.234137972816825,0,110,2021,4
2021-04-21,28.539993258565687,0.17567824,34.270760184153914,0,111,2021,4
2021-04-22,28.689993255212926,0.15259089,34.3150120228529,0,112,2021,4
2021-04-23,28.799993252754234,0.1337537,33.78246403299272,0,113,2021,4
2021-04-24,28.649993256106995,0.16088137,33.55052336119115,0,114,2021,4
2021-04-25,28.599993257224583,0.16561836,33.56273076497018,0,115,2021,4
2021-04-26,28.719993254542374,0.14690542,33.38572341017425,0,116,2021,4
2021-04-27,28.8199932523072,0.13555859,33.31095306202769,0,117,2021,4
2021-04-28,28.78999325297775,0.19106115,33.4467604290694,0,118,2021,4
2021-04-29,28.799993252754234,0.19067594,33.75957515090704,0,119,2021,4
2021-04-30,28.849993251636647,0.3780602,34.440137911587954,0,120,2021,4
2021-05-01,28.689993255212926,0.20448774,34.713278571143746,0,121,2021,5
2021-05-02,28.5899932574481,0.18376411,34.821619279682636,0,122,2021,5
2021-05-03,28.349993262812518,0.1851817,34.80178224854171,0,123,2021,5
2021-05-04,28.189993266388797,0.2979022,34.5728934276849,0,124,2021,5
2021-05-05,28.189993266388797,0.298671,34.25397500395775,0,125,2021,5
2021-05-06,27.939993271976732,0.40230066,34.197515761479735,0,126,2021,5
2021-05-07,27.8999932728708,0.36426446,34.45539716631174,0,127,2021,5
2021-05-08,27.989993270859145,0.40852612,34.71022672019899,0,128,2021,5
2021-05-09,28.11999326795342,0.41933903,34.82924890704453,0,129,2021,5
2021-05-10,27.939993271976732,0.36821604,34.65681932866573,0,130,2021,5
2021-05-11,27.769993275776528,0.38375673,34.102908382192254,0,131,2021,5
2021-05-12,27.869993273541354,0.27508974,34.017456555739045,0,132,2021,5
2021-05-13,28.00999327041211,0.43277806,34.246345376595855,0,133,2021,5
2021-05-14,27.77999327555301,0.4292268,34.38825644552708,0,134,2021,5
2021-05-15,27.80999327488246,0.19495693,34.26618240773678,0,135,2021,5
2021-05-16,27.879993273317837,0.22558023,34.14716022089124,0,136,2021,5
2021-05-17,27.769993275776528,0.2984709,34.041871363297105,0,137,2021,5
2021-05-18,27.77999327555301,0.28645036,34.06018246896565,0,138,2021,5
2021-05-19,27.749993276223563,0.40246812,33.96404916420579,0,139,2021,5
2021-05-20,27.789993275329493,0.50450355,33.82213809527457,0,140,2021,5
2021-05-21,27.69999327734115,0.3148802,33.9060639962554,0,141,2021,5
2021-05-22,27.599993279576324,0.2615564,34.18225650675595,1,142,2021,5
2021-05-23,27.529993281140946,0.26913124,34.49201937764883,0,143,2021,5
2021-05-24,27.479993282258533,0.21985403,34.69801931641996,0,144,2021,5
2021-05-25,27.339993285387777,0.22074577,34.80178224854171,0,145,2021,5
2021-05-26,27.18999328874054,0.39400744,34.919278509914875,0,146,2021,5
2021-05-27,27.249993287399434,0.4066762,34.30127869360149,0,147,2021,5
2021-05-28,27.399993284046673,0.37408307,34.06170839443803,0,148,2021,5
2021-05-29,27.069993291422747,0.35966927,33.95031583495438,0,149,2021,5
2021-05-30,26.72999329902234,0.4672224,33.716849237680435,0,150,2021,5
2021-05-31,26.5799933023751,0.43871352,34.21887871809304,0,151,2021,5
2021-06-01,26.49999330416324,0.3971257,34.96963405050337,0,152,2021,6
2021-06-02,26.489993304386758,0.3971257,34.97573775239289,0,153,2021,6
2021-06-03,26.329993307963036,0.29169768,34.86892296932638,0,154,2021,6
2021-06-04,26.439993305504345,0.2915102,34.630878595635295,0,155,2021,6
2021-06-05,26.41999330595138,0.36142498,34.65834525413811,0,156,2021,6
2021-06-06,26.429993305727862,0.36142498,34.73158967681229,0,157,2021,6
2021-06-07,26.329993307963036,0.30798706,34.71175264567137,0,158,2021,6
2021-06-08,26.119993312656902,0.27262196,34.66444895602763,0,159,2021,6
2021-06-09,25.979993315786146,0.25219864,34.510330483317375,0,160,2021,6
2021-06-10,25.619993323832773,0.26878193,34.56373787485063,0,161,2021,6
2021-06-11,25.4899933267385,0.30977407,34.5301675144583,0,162,2021,6
2021-06-12,25.399993328750156,0.20810904,34.594256384298205,0,163,2021,6
2021-06-13,25.589993324503325,0.23611642,34.678182285279036,0,164,2021,6
2021-06-14,25.75999332070353,0.24539368,34.713278571143746,0,165,2021,6
2021-06-15,25.709993321821116,0.40667132,34.749900782480836,0,166,2021,6
2021-06-16,25.549993325397395,0.40447453,34.76516003720462,0,167,2021,6
2021-06-17,25.039993336796783,0.37821195,34.77126373909414,0,168,2021,6
2021-06-18,25.10999333523216,0.42776605,34.78194521740079,0,169,2021,6
2021-06-19,25.089993335679196,0.533919,34.87960444763303,0,170,2021,6
2021-06-20,25.119993335008644,0.2630278,34.990997007116675,0,171,2021,6
2021-06-21,24.78999334238472,0.2937859,35.01235996372998,0,172,2021,6
2021-06-22,24.78999334238472,0.29320937,35.016937740147114,0,173,2021,6
2021-06-23,24.75999334305527,0.35581627,35.050508100539446,0,174,2021,6
2021-06-24,24.779993342608236,0.3474298,35.076448833569884,0,175,2021,6
2021-06-25,24.90999333970251,0.34022537,35.08407846093178,1,176,2021,6
2021-06-26,24.879993340373062,0.3056201,35.0321969948709,0,177,2021,6
2021-06-27,24.889993340149545,0.32682744,34.9818414542824,0,178,2021,6
2021-06-28,24.809993341937684,0.3030605,35.01846366561949,0,179,2021,6
2021-06-29,24.859993340820097,0.24803506,35.183263616636395,0,180,2021,6
2021-06-30,24.90999333970251,0.30264723,35.134434001520276,0,181,2021,6
2021-07-01,24.939993339031957,0.43376708,35.18173769116402,0,182,2021,7
2021-07-02,24.939993339031957,0.26566914,35.15274510718882,0,183,2021,7
2021-07-03,24.7999933421612,0.43785357,35.125278448686004,0,184,2021,7
2021-07-04,24.899993339926027,0.46454987,35.146641405299306,0,185,2021,7
2021-07-05,24.919993339478992,0.2175205,35.050508100539446,0,186,2021,7
2021-07-06,24.849993341043614,0.3219722,35.13138215057552,0,187,2021,7
2021-07-07,24.67999334484341,0.31291866,35.14511547982693,0,188,2021,7
2021-07-08,24.629993345960997,0.25394467,35.148167330771685,0,189,2021,7
2021-07-09,24.659993345290445,0.20393987,35.14511547982693,0,190,2021,7
2021-07-10,24.979993338137888,0.2514997,35.134434001520276,0,191,2021,7
2021-07-11,24.94999333880844,0.2185035,35.11917474679649,0,192,2021,7
2021-07-12,24.959993338584923,0.22038563,35.0825525354594,0,193,2021,7
2021-07-13,24.83999334126713,0.25312632,35.05966365337372,0,194,2021,7
2021-07-14,24.569993347302102,0.264549,35.062715504318476,0,195,2021,7
2021-07-15,24.609993346408032,0.2722918,35.09781179018319,0,196,2021,7
2021-07-16,24.399993351101898,0.23941825,35.110019193962216,0,197,2021,7
2021-07-17,24.259993354231142,0.22389287,35.088656237348914,0,198,2021,7
2021-07-18,24.279993353784107,0.2645022,35.064241429790854,0,199,2021,7
2021-07-19,24.399993351101898,0.29009685,35.05813772790134,0,200,2021,7
2021-07-20,24.28999335356059,0.23726802,35.050508100539446,0,201,2021,7
2021-07-21,24.069993358477973,0.17994547,35.04440439864993,0,202,2021,7
2021-07-22,24.09999335780742,0.18659687,35.0611895788461,0,203,2021,7
2021-07-23,24.049993358925008,0.19738291,35.07034513168037,0,204,2021,7
2021-07-24,24.13999335691335,0.23512909,35.07339698262513,0,205,2021,7
2021-07-25,24.229993354901694,0.20305195,35.07950068451464,0,206,2021,7
2021-07-26,24.159993356466316,0.28047734,35.088656237348914,0,207,2021,7
2021-07-27,23.959993360936664,0.21477139,35.08560438640416,0,208,2021,7
2021-07-28,23.999993360042595,0.22881311,35.09018216282129,0,209,2021,7
2021-07-29,23.999993360042595,0.22156635,35.0825525354594,0,210,2021,7
2021-07-30,23.529993370547913,0.19172278,35.076448833569884,0,211,2021,7
2021-07-31,23.55999336987736,0.20020352,35.07950068451464,0,212,2021,7
2021-08-01,23.59999336898329,0.32731807,35.08102660998702,0,213,2021,8
2021-08-02,23.499993371218466,0.44783002,35.076448833569884,0,214,2021,8
2021-08-03,23.16999337859454,0.20743237,35.0535599514842,0,215,2021,8
2021-08-04,23.339993374794744,0.24785198,35.03067106939852,0,216,2021,8
2021-08-05,23.409993373230122,0.44508493,35.01235996372998,0,217,2021,8
2021-08-06,23.51999337077143,0.2225183,34.97726367786527,0,218,2021,8
2021-08-07,23.469993371889018,0.22120593,34.93453776463866,0,219,2021,8
2021-08-08,23.449993372336053,0.2070689,34.920804435387254,0,220,2021,8
2021-08-09,23.499993371218466,0.36497077,34.86587111838162,0,221,2021,8
2021-08-10,23.259993376582884,0.533563,34.992522932589054,0,222,2021,8
2021-08-11,23.20999337770047,0.512196,35.039826622232795,0,223,2021,8
2021-08-12,23.32999337501826,0.3428408,35.076448833569884,0,224,2021,8
2021-08-13,23.4799933716655,0.328873,35.0611895788461,0,225,2021,8
2021-08-14,23.55999336987736,0.36411068,35.04898217506707,0,226,2021,8
2021-08-15,23.39999337345364,0.2972919,35.0535599514842,0,227,2021,8
2021-08-16,23.999993360042595,0.3133194,35.05661180242896,0,228,2021,8
2021-08-17,24.029993359372043,0.28736785,35.050508100539446,0,229,2021,8
2021-08-18,23.889993362501286,0.3913276,35.050508100539446,0,230,2021,8
2021-08-19,23.719993366301082,0.37902233,35.04898217506707,0,231,2021,8
2021-08-20,23.539993370324396,0.313985,35.03677477128804,0,232,2021,8
2021-08-21,23.349993374571227,0.23549305,35.04135254770517,0,233,2021,8
2021-08-22,23.219993377476953,0.25182104,35.06729328073561,0,234,2021,8
2021-08-23,23.269993376359366,0.279797,35.08407846093178,0,235,2021,8
2021-08-24,23.39999337345364,0.43623942,35.09018216282129,0,236,2021,8
2021-08-25,23.449993372336053,0.22695617,35.09323401376605,0,237,2021,8
2021-08-26,23.23999337702992,0.267193,35.087130311876535,0,238,2021,8
2021-08-27,23.259993376582884,0.28871796,35.08102660998702,0,239,2021,8
2021-08-28,23.229993377253436,0.36130163,35.07187105715275,0,240,2021,8
2021-08-29,23.54999337010088,0.33840492,35.05966365337372,0,241,2021,8
2021-08-30,23.74999336563053,0.25472426,35.06576735526323,0,242,2021,8
2021-08-31,23.769993365183495,0.22924255,35.08102660998702,0,243,2021,8
2021-09-01,23.719993366301082,0.19528171,35.09781179018319,0,244,2021,9
2021-09-02,23.08999338038268,0.3664805,35.11459697037935,0,245,2021,9
2021-09-03,23.00999338217082,0.28734452,35.12985622510314,0,246,2021,9
2021-09-04,23.119993379712128,0.26477352,35.13748585246503,0,247,2021,9
2021-09-05,23.179993378371023,0.36346796,35.15121918171644,0,248,2021,9
2021-09-06,23.43999337255957,0.42873433,35.160374734550714,0,249,2021,9
2021-09-07,23.51999337077143,0.20729886,35.15732288360596,0,250,2021,9
2021-09-08,23.499993371218466,0.33769864,35.19394509494305,0,251,2021,9
2021-09-09,23.639993368089222,0.2106869,35.17410806380212,0,252,2021,9
2021-09-10,23.429993372783088,0.2717643,35.184789542108774,0,253,2021,9
2021-09-11,23.229993377253436,0.40790778,35.21225620061159,0,254,2021,9
2021-09-12,23.309993375465297,0.4251385,35.21073027513921,0,255,2021,9
2021-09-13,23.369993374124192,0.3866987,35.218359902501106,0,256,2021,9
2021-09-14,23.389993373677157,0.4842228,35.23667100816965,1,257,2021,9
2021-09-15,23.50999337099495,0.26045617,35.232093231752515,0,258,2021,9
2021-09-16,23.539993370324396,0.26256046,35.22751545533538,0,259,2021,9
2021-09-17,23.50999337099495,0.25381228,35.22904138080776,0,260,2021,9
2021-09-18,23.429993372783088,0.25265747,35.230567306280136,0,261,2021,9
2021-09-19,23.639993368089222,0.23602626,35.20310064777732,0,262,2021,9
2021-09-20,23.739993365854048,0.24702127,35.15579695813358,0,263,2021,9
2021-09-21,23.739993365854048,0.25796416,35.113071044906974,0,264,2021,9
2021-09-22,24.109993357583903,0.2638764,35.10238956660032,0,265,2021,9
2021-09-23,24.12999335713687,0.18490914,35.11917474679649,0,266,2021,9
2021-09-24,24.109993357583903,0.26563594,35.064241429790854,0,267,2021,9
2021-09-25,23.90999336205425,0.2538935,35.0535599514842,0,268,2021,9
2021-09-26,23.609993368759774,0.28505006,35.0611895788461,0,269,2021,9
2021-09-27,23.4799933716655,0.32878482,35.08560438640416,0,270,2021,9
2021-09-28,23.499993371218466,0.44017518,35.13138215057552,0,271,2021,9
2021-09-29,23.55999336987736,0.39714542,35.15274510718882,0,272,2021,9
2021-09-30,23.579993369430326,0.3585216,35.15121918171644,0,273,2021,9
2021-10-01,23.469993371889018,0.32325253,35.13901177793741,0,274,2021,10
2021-10-02,23.469993371889018,0.35821176,35.13138215057552,0,275,2021,10
2021-10-03,23.419993373006605,0.33886203,35.13901177793741,0,276,2021,10
2021-10-04,23.189993378147506,0.3643068,35.14053770340979,0,277,2021,10
2021-10-05,23.309993375465297,0.34847707,35.14206362888217,0,278,2021,10
2021-10-06,23.339993374794744,0.33166647,35.1542710326612,0,279,2021,10
2021-10-07,23.429993372783088,0.42683834,35.16495251096785,0,280,2021,10
2021-10-08,23.409993373230122,0.19823372,35.158848809078336,0,281,2021,10
2021-10-09,23.389993373677157,0.21116555,35.15274510718882,0,282,2021,10
2021-10-10,23.419993373006605,0.191339,35.13748585246503,0,283,2021,10
2021-10-11,23.50999337099495,0.21687847,35.11612289585173,0,284,2021,10
2021-10-12,23.649993367865704,0.20135795,35.11764882132411,0,285,2021,10
2021-10-13,23.779993364959978,0.28549275,35.14969325624406,0,286,2021,10
2021-10-14,23.999993360042595,0.21571383,35.16190066002309,0,287,2021,10
2021-10-15,23.879993362724804,0.25863156,35.15732288360596,0,288,2021,10
2021-10-16,23.739993365854048,0.1840463,35.1542710326612,0,289,2021,10
2021-10-17,23.78999336473646,0.20765603,35.1542710326612,0,290,2021,10
2021-10-18,23.739993365854048,0.1585467,35.15579695813358,0,291,2021,10
2021-10-19,23.66999336741867,0.1585467,35.14358955435455,0,292,2021,10
2021-10-20,23.66999336741867,0.23267677,35.1542710326612,0,293,2021,10
2021-10-21,23.66999336741867,0.2277302,35.15274510718882,0,294,2021,10
2021-10-22,23.809993364289426,0.3409864,35.15732288360596,0,295,2021,10
2021-10-23,23.739993365854048,0.30395073,35.16190066002309,0,296,2021,10
2021-10-24,23.769993365183495,0.2778147,35.16190066002309,0,297,2021,10
2021-10-25,23.54999337010088,0.630328,35.158848809078336,0,298,2021,10
2021-10-26,23.259993376582884,0.5062614,35.15732288360596,0,299,2021,10
2021-10-27,23.0199933819473,0.5462115,35.1542710326612,0,300,2021,10
2021-10-28,23.109993379935645,0.5528422,35.15121918171644,0,301,2021,10
2021-10-29,23.199993377923988,0.433032,35.14969325624406,0,302,2021,10
2021-10-30,23.349993374571227,0.47837493,35.15121918171644,0,303,2021,10
2021-10-31,23.529993370547913,0.42095596,35.146641405299306,0,304,2021,10
2021-11-01,23.699993366748117,0.18147728,35.09475993923843,0,305,2021,11
2021-11-02,23.889993362501286,0.34859356,35.09475993923843,0,306,2021,11
2021-11-03,24.13999335691335,0.20567052,35.09628586471081,0,307,2021,11
2021-11-04,24.189993355795764,0.18277441,35.076448833569884,0,308,2021,11
2021-11-05,24.36999335177245,0.26121157,35.074922908097506,0,309,2021,11
2021-11-06,24.43999335020783,0.1970869,35.062715504318476,0,310,2021,11
2021-11-07,24.419993350654863,0.27042404,35.04135254770517,0,311,2021,11
2021-11-08,24.309993353113555,0.25435457,35.03524884581566,0,312,2021,11
2021-11-09,24.419993350654863,0.17303827,35.03524884581566,0,313,2021,11
2021-11-10,24.419993350654863,0.19184346,35.04135254770517,0,314,2021,11
2021-11-11,24.43999335020783,0.25370178,35.03067106939852,0,315,2021,11
2021-11-12,24.889993340149545,0.2343121,34.96353034861386,0,316,2021,11
2021-11-13,25.36999332942071,0.18733434,34.98489330522716,0,317,2021,11
2021-11-14,25.40999332852664,0.18778515,35.029145143926144,0,318,2021,11
2021-11-15,25.0299933370203,0.18839528,34.96200442314148,0,319,2021,11
2021-11-16,24.7999933421612,0.18849035,34.98794515617192,0,320,2021,11
2021-11-17,24.7999933421612,0.19673423,35.0321969948709,0,321,2021,11
2021-11-18,24.689993344619893,0.1934096,35.04287847317755,0,322,2021,11
2021-11-19,24.609993346408032,0.493231,35.0535599514842,0,323,2021,11
2021-11-20,24.43999335020783,0.4841705,35.0611895788461,0,324,2021,11
2021-11-21,24.809993341937684,0.30099183,35.04593032412231,0,325,2021,11
2021-11-22,24.429993350431346,0.31256595,35.064241429790854,0,326,2021,11
2021-11-23,24.609993346408032,0.39925733,35.100863641127944,0,327,2021,11
2021-11-24,25.039993336796783,0.22324973,35.11459697037935,0,328,2021,11
2021-11-25,25.95999331623318,0.17495969,35.08560438640416,0,329,2021,11
2021-11-26,26.30999330841007,0.13935181,35.013885889202356,0,330,2021,11
2021-11-27,26.629993301257514,0.14978445,34.990997007116675,0,331,2021,11
2021-11-28,26.799993297457718,0.1693932,34.98641923069954,0,332,2021,11
2021-11-29,27.089993290975713,0.15133846,34.99862663447857,0,333,2021,11
2021-11-30,26.30999330841007,0.1428795,35.02151551656425,0,334,2021,11
2021-12-01,25.41999332830312,0.17431585,35.03677477128804,0,335,2021,12
2021-12-02,25.229993332549952,0.18601142,35.027619218453765,0,336,2021,12
2021-12-03,25.29999333098533,0.24939293,35.01998959109187,0,337,2021,12
2021-12-04,25.049993336573266,0.29107583,34.992522932589054,0,338,2021,12
2021-12-05,24.75999334305527,0.24416201,34.95895257219672,0,339,2021,12
2021-12-06,24.809993341937684,0.19389585,34.93758961558342,0,340,2021,12
2021-12-07,24.859993340820097,0.25437728,34.94979701936245,0,341,2021,12
2021-12-08,25.189993333444022,0.19038734,34.95895257219672,0,342,2021,12
2021-12-09,25.349993329867743,0.18872489,34.95284887030721,0,343,2021,12
2021-12-10,25.36999332942071,0.3473859,34.92843406274915,0,344,2021,12
2021-12-11,25.44999332763257,0.39302996,34.92843406274915,0,345,2021,12
2021-12-12,25.169993333891057,0.29088673,34.943693317472935,0,346,2021,12
2021-12-13,25.129993334785127,0.32835707,34.942167392000556,0,347,2021,12
2021-12-14,25.09999333545568,0.46490386,34.94674516841769,0,348,2021,12
2021-12-15,25.09999333545568,0.4588463,34.943693317472935,0,349,2021,12
2021-12-16,24.929993339255475,0.3797231,34.943693317472935,0,350,2021,12
2021-12-17,24.779993342608236,0.46761924,34.96353034861386,0,351,2021,12
2021-12-18,24.729993343725823,0.5598268,34.98641923069954,0,352,2021,12
2021-12-19,25.14999333433809,0.6971028,34.99710070900619,0,353,2021,12
2021-12-20,25.40999332852664,1.1227685,35.00015255995095,0,354,2021,12
2021-12-21,25.539993325620912,1.6874372,34.99557478353381,0,355,2021,12
2021-12-22,25.68999332226815,0.1819561,34.9894710816443,0,356,2021,12
2021-12-23,25.889993317797803,0.19238281,34.99404885806143,0,357,2021,12
2021-12-24,25.869993318244838,0.19225506,34.992522932589054,0,358,2021,12
2021-12-25,26.45999330505731,0.1659646,34.99404885806143,0,359,2021,12
2021-12-26,26.409993306174897,0.13842516,34.990997007116675,0,360,2021,12
2021-12-27,26.45999330505731,0.1411466,34.98336737975478,0,361,2021,12
2021-12-28,26.29999330863359,0.13161263,34.97573775239289,0,362,2021,12
2021-12-29,26.41999330595138,0.17195268,34.97268590144813,0,363,2021,12
2021-12-30,26.219993310421728,0.15809731,34.97573775239289,0,364,2021,12
2021-12-31,25.95999331623318,0.16258365,34.97726367786527,0,365,2021,12
2022-01-01,25.669993322715186,0.15649523,34.97726367786527,0,1,2022,1
2022-01-02,25.79999331980946,0.19196053,34.97726367786527,0,2,2022,1
2022-01-03,26.079993313550972,0.13960628,34.97421182692051,0,3,2022,1
2022-01-04,26.329993307963036,0.19063614,34.968108125030994,0,4,2022,1
2022-01-05,26.669993300363444,0.16561194,34.96353034861386,0,5,2022,1
2022-01-06,26.599993301928066,0.16861263,34.955900721251965,0,6,2022,1
2022-01-07,26.91999329477551,0.1512689,34.94979701936245,0,7,2022,1
2022-01-08,26.26999330930414,0.15571593,34.93453776463866,0,8,2022,1
2022-01-09,25.99999331533911,0.2217165,34.93453776463866,0,9,2022,1
2022-01-10,26.059993313998007,0.3314437,34.942167392000556,0,10,2022,1
2022-01-11,26.84999329634013,0.31575188,34.95132294483483,0,11,2022,1
2022-01-12,27.259993287175917,0.14173889,34.94827109389007,0,12,2022,1
2022-01-13,27.179993288964056,0.17704174,34.93758961558342,0,13,2022,1
2022-01-14,26.33999330773952,0.20689197,34.920804435387254,0,14,2022,1
2022-01-15,25.669993322715186,0.38283148,34.919278509914875,0,15,2022,1
2022-01-16,25.479993326962017,0.38283148,34.93606369011104,0,16,2022,1
2022-01-17,25.159993334114574,0.41821522,34.96353034861386,0,17,2022,1
2022-01-18,25.289993331208848,0.26470113,34.980315528810024,0,18,2022,1
2022-01-19,26.009993315115594,0.11355844,34.990997007116675,0,19,2022,1
2022-01-20,25.979993315786146,0.1594513,34.98641923069954,0,20,2022,1
2022-01-21,26.169993311539315,0.27339414,34.978789603337646,0,21,2022,1
2022-01-22,26.559993302822136,0.21672277,34.98336737975478,0,22,2022,1
2022-01-23,26.92999329455199,0.21067494,35.003204410895705,0,23,2022,1
2022-01-24,27.049993291869782,0.17534575,34.9894710816443,0,24,2022,1
2022-01-25,26.88999329544606,0.14595802,34.97573775239289,0,25,2022,1
2022-01-26,26.779993297904753,0.14014514,34.95284887030721,0,26,2022,1
2022-01-27,26.68999329991641,0.17961663,34.93606369011104,0,27,2022,1
2022-01-28,26.61999330148103,0.13726273,34.931485913693905,0,28,2022,1
2022-01-29,26.759993298351787,0.15991113,34.90096740424633,0,29,2022,1
2022-01-30,26.949993294104956,0.152513,34.85061186365783,0,30,2022,1
2022-01-31,26.92999329455199,0.19084091,34.896389627829194,0,31,2022,1
2022-02-01,26.91999329477551,0.16700584,34.90401925519109,0,32,2022,2
2022-02-02,26.56999330259862,0.18989024,34.90554518066347,0,33,2022,2
2022-02-03,26.599993301928066,0.24675128,34.9391155410558,0,34,2022,2
2022-02-04,26.289993308857106,0.24917011,34.929959988221526,0,35,2022,2
2022-02-05,27.059993291646265,0.12599973,34.894863702356815,0,36,2022,2
2022-02-06,26.939993294328474,0.12817143,34.907071106135845,0,37,2022,2
2022-02-07,26.96999329365792,0.14107665,34.91470073349774,0,38,2022,2
2022-02-08,26.829993296787165,0.20207442,34.766685962677,0,39,2022,2
2022-02-09,27.609993279352807,0.21910897,34.7239600494504,0,40,2022,2
2022-02-10,28.059993269294523,0.16431965,34.68733783811331,0,41,2022,2
2022-02-11,28.489993259683274,0.26861593,34.678182285279036,0,42,2022,2
2022-02-12,28.679993255436443,0.2286111,34.6232489682734,0,43,2022,2
2022-02-13,28.579993257671617,0.18325582,34.5301675144583,0,44,2022,2
2022-02-14,28.889993250742577,0.16572465,34.485915675759315,0,45,2022,2
2022-02-15,29.549993235990428,0.48922595,34.56678972579539,0,46,2022,2
2022-02-16,29.78999323062601,1.0036271,34.73464152775705,0,47,2022,2
2022-02-17,29.889993228390836,0.22704603,34.6018860116601,0,48,2022,2
2022-02-18,30.28999321945014,0.23271516,34.51338233426213,0,49,2022,2
2022-02-19,29.729993231967114,0.30419877,34.606463788077235,0,50,2022,2
2022-02-20,29.699993232637667,0.32173115,34.64918970130384,0,51,2022,2
2022-02-21,29.63999323397877,0.5548758,34.678182285279036,0,52,2022,2
2022-02-22,29.12999324537816,0.57879335,34.739219304174185,0,53,2022,2
2022-02-23,28.359993262589,0.6408124,34.78194521740079,0,54,2022,2
2022-02-24,28.04999326951804,0.49591476,34.7956785466522,0,55,2022,2
2022-02-25,27.459993282705568,0.36990082,34.82009335421026,0,56,2022,2
2022-02-26,27.129993290081643,0.38372102,34.84450816176832,0,57,2022,2
2022-02-27,26.469993304833793,0.6625908,34.86892296932638,0,58,2022,2
2022-02-28,26.02999331466856,0.47538152,34.89028592593968,0,59,2022,2
2022-03-01,25.789993320032977,0.70004517,34.92690813727677,0,60,2022,3
2022-03-02,24.98999333791437,0.48901418,34.97421182692051,0,61,2022,3
2022-03-03,24.82999334149065,0.8674193,35.013885889202356,0,62,2022,3
2022-03-04,25.67999332249167,1.0891753,35.01846366561949,0,63,2022,3
2022-03-05,26.26999330930414,0.20683885,34.97421182692051,0,64,2022,3
2022-03-06,27.259993287175917,0.14350657,34.95742664672434,0,65,2022,3
2022-03-07,27.959993271529697,0.23132809,34.955900721251965,0,66,2022,3
2022-03-08,28.289993264153622,0.13906658,34.919278509914875,0,67,2022,3
2022-03-09,28.419993261247896,0.16230594,34.79262669570744,0,68,2022,3
2022-03-10,28.69999325498941,0.2249328,34.64613785035908,0,69,2022,3
2022-03-11,28.85999325141313,0.16778673,34.594256384298205,0,70,2022,3
2022-03-12,28.829993252083682,0.20669957,34.53169343993068,0,71,2022,3
2022-03-13,28.769993253424786,0.3401411,34.55305639654398,0,72,2022,3
2022-03-14,28.369993262365483,0.1494329,34.68276006169617,0,73,2022,3
2022-03-15,28.099993268400453,0.21947148,34.766685962677,0,74,2022,3
2022-03-16,28.339993263036035,0.4175785,34.812463726848364,0,75,2022,3
2022-03-17,28.43999326080086,0.14482957,34.836878534406424,0,76,2022,3
2022-03-18,28.66999325565996,0.2931121,34.83230075798929,0,77,2022,3
2022-03-19,29.01999324783685,0.17606431,34.786522993817925,0,78,2022,3
2022-03-20,28.959993249177955,0.1265454,34.72090819850564,0,79,2022,3
2022-03-21,28.909993250295543,0.17501725,34.67513043433428,0,80,2022,3
2022-03-22,28.809993252530717,0.17501725,34.64613785035908,0,81,2022,3
2022-03-23,28.77999325320127,0.1749909,34.70564894378185,0,82,2022,3
2022-03-24,29.119993245601677,0.10551259,34.751426707953215,0,83,2022,3
2022-03-25,29.189993244037055,0.10509395,34.79720447212458,0,84,2022,3
2022-03-26,29.199993243813537,0.111626446,34.81856742873788,0,85,2022,3
2022-03-27,29.09999324604871,0.104342654,34.81856742873788,0,86,2022,3
2022-03-28,29.28999324180188,0.13188241,34.89791555330157,0,87,2022,3
2022-03-29,29.299993241578363,0.107804395,34.96353034861386,0,88,2022,3
2022-03-30,29.299993241578363,0.10919484,34.93606369011104,0,89,2022,3
2022-03-31,29.189993244037055,0.11922107,34.73158967681229,0,90,2022,3
2022-04-01,29.179993244260572,0.23465271,34.632404521107674,0,91,2022,4
2022-04-02,29.159993244707607,0.24055275,34.63850822299719,0,92,2022,4
2022-04-03,29.05999324694278,0.14194931,34.618671191856265,0,93,2022,4
2022-04-04,29.219993243366503,0.17730184,34.606463788077235,0,94,2022,4
2022-04-05,29.269993242248916,0.22617048,34.65071562677622,0,95,2022,4
2022-04-06,29.189993244037055,0.7522507,34.69801931641996,0,96,2022,4
2022-04-07,29.01999324783685,0.20806794,34.69954524189234,0,97,2022,4
2022-04-08,28.919993250072025,0.17426212,34.713278571143746,0,98,2022,4
2022-04-09,28.849993251636647,0.15300918,34.766685962677,0,99,2022,4
2022-04-10,28.31999326348307,0.18025108,34.81551557779312,0,100,2022,4
2022-04-11,27.719993276894115,0.25474018,34.8384044598788,0,101,2022,4
2022-04-12,27.599993279576324,0.34038547,34.84450816176832,0,102,2022,4
2022-04-13,27.399993284046673,0.39525685,34.859767416492105,0,103,2022,4
2022-04-14,27.629993278905772,0.23318054,34.92843406274915,0,104,2022,4
2022-04-15,27.939993271976732,0.1243647,34.98336737975478,0,105,2022,4
2022-04-16,28.029993269965075,0.18911132,34.980315528810024,0,106,2022,4
2022-04-17,28.209993265941762,0.20829152,34.94979701936245,0,107,2022,4
2022-04-18,28.229993265494727,0.48165253,34.98641923069954,0,108,2022,4
2022-04-19,27.939993271976732,0.19962607,34.95132294483483,0,109,2022,4
2022-04-20,28.059993269294523,0.18424459,34.84450816176832,0,110,2022,4
2022-04-21,28.04999326951804,0.3470312,34.80483409948647,0,111,2022,4
2022-04-22,28.139993267506384,0.33845398,34.83077483251691,0,112,2022,4
2022-04-23,28.209993265941762,0.17009561,34.78194521740079,0,113,2022,4
2022-04-24,28.209993265941762,0.17760247,34.774315590038896,0,114,2022,4
2022-04-25,28.289993264153622,0.187834,34.79110077023506,0,115,2022,4
2022-04-26,28.229993265494727,0.20402609,34.788048919290304,0,116,2022,4
2022-04-27,28.189993266388797,0.19532172,34.78499706834555,0,117,2022,4
2022-04-28,27.829993274435424,0.22846164,34.78957484476268,0,118,2022,4
2022-04-29,27.80999327488246,0.2812048,34.80330817401409,0,119,2022,4
2022-04-30,27.749993276223563,0.40773797,34.810937801375985,0,120,2022,4
2022-05-01,28.1299932677299,0.36547986,34.75600448437035,0,121,2022,5
2022-05-02,27.88999327309432,0.18596138,34.775841515511274,0,122,2022,5
2022-05-03,27.829993274435424,0.26040515,34.798730397596955,0,123,2022,5
2022-05-04,27.639993278682255,0.29923987,34.81551557779312,0,124,2022,5
2022-05-05,27.649993278458737,0.20216985,34.79720447212458,0,125,2022,5
2022-05-06,27.669993278011702,0.20739946,34.71785634756088,0,126,2022,5
2022-05-07,27.479993282258533,0.543285,34.68123413622379,0,127,2022,5
2022-05-08,27.679993277788185,0.48696458,34.60036008618772,0,128,2022,5
2022-05-09,27.649993278458737,0.25068507,34.54237491823733,0,129,2022,5
2022-05-10,27.789993275329493,0.25220656,34.48286382481456,0,130,2022,5
2022-05-11,28.189993266388797,0.21526101,34.44776753894985,0,131,2022,5
2022-05-12,28.289993264153622,0.20974495,34.47676012292504,0,132,2022,5
2022-05-13,27.749993276223563,0.25703385,34.49507122859359,0,133,2022,5
2022-05-14,27.369993284717225,0.2796546,34.52558973804116,0,134,2022,5
2022-05-15,27.359993284940742,0.38026324,34.56221194937825,0,135,2022,5
2022-05-16,27.30999328605833,0.33514404,34.58815268240869,0,136,2022,5
2022-05-17,27.22999328784647,0.22900252,34.557634172961116,0,137,2022,5
2022-05-18,27.46999328248205,0.23235221,34.51490825973451,0,138,2022,5
2022-05-19,27.42999328337612,0.3273711,34.440137911587954,0,139,2022,5
2022-05-20,27.489993282035016,0.26813552,34.440137911587954,0,140,2022,5
2022-05-21,27.369993284717225,0.23703673,34.49507122859359,0,141,2022,5
2022-05-22,27.30999328605833,0.20025398,34.56373787485063,0,142,2022,5
2022-05-23,27.27999328672888,0.23745829,34.62172304280102,0,143,2022,5
2022-05-24,27.19999328851702,0.32150662,34.653767477720976,0,144,2022,5
2022-05-25,27.179993288964056,0.3043926,34.66444895602763,0,145,2022,5
2022-05-26,27.139993289858126,0.23283893,34.67513043433428,0,146,2022,5
2022-05-27,27.019993292540335,0.23283893,34.690389689058065,0,147,2022,5
2022-05-28,26.899993295222544,0.22396739,34.70564894378185,0,148,2022,5
2022-05-29,26.629993301257514,0.23277918,34.65834525413811,0,149,2022,5
2022-05-30,26.559993302822136,0.24763855,34.582048980519176,0,150,2022,5
2022-05-31,26.529993303492688,0.29005396,34.5011749304831,0,151,2022,5
2022-06-01,26.49999330416324,0.31743777,34.52864158898592,0,152,2022,6
2022-06-02,26.45999330505731,0.5168576,34.60341193713248,0,153,2022,6
2022-06-03,26.41999330595138,0.51670486,34.58815268240869,0,154,2022,6
2022-06-04,26.079993313550972,0.2826298,34.50575270690024,0,155,2022,6
2022-06-05,26.72999329902234,0.24814224,34.5011749304831,0,156,2022,6
2022-06-06,26.859993296116613,0.44685966,34.37147126533091,0,157,2022,6
2022-06-07,26.859993296116613,0.42718786,34.43098235875368,0,158,2022,6
2022-06-08,26.49999330416324,0.4360858,34.39283422194421,0,159,2022,6
2022-06-09,26.359993307292484,0.19711162,34.54390084370971,0,160,2022,6
2022-06-10,26.30999330841007,0.20091903,34.63698229752481,0,161,2022,6
2022-06-11,26.439993305504345,0.2053155,34.545426769182086,0,162,2022,6
2022-06-12,26.369993307068967,0.19249092,34.57747120410204,0,163,2022,6
2022-06-13,26.399993306398414,0.28001496,34.62477489374578,0,164,2022,6
2022-06-14,26.29999330863359,0.28219697,34.74684893153608,0,165,2022,6
2022-06-15,26.439993305504345,0.25442746,34.79720447212458,0,166,2022,6
2022-06-16,26.469993304833793,0.26511526,34.56831565126777,0,167,2022,6
2022-06-17,26.509993303939723,0.2698313,34.679708210751414,0,168,2022,6
2022-06-18,26.049993314221524,0.22647147,34.800256323069334,0,169,2022,6
2022-06-19,26.10999331288042,0.34542298,34.833826683461666,0,170,2022,6
2022-06-20,26.049993314221524,0.3098194,34.95284887030721,0,171,2022,6
2022-06-21,25.98999331556263,0.3538421,35.027619218453765,0,172,2022,6
2022-06-22,25.929993316903733,0.40844712,34.978789603337646,0,173,2022,6
2022-06-23,25.9499933164567,0.43662113,34.86587111838162,0,174,2022,6
2022-06-24,25.889993317797803,0.3221847,34.91317480802536,0,175,2022,6
2022-06-25,25.829993319138907,0.4321611,35.038300696760416,0,176,2022,6
2022-06-26,25.699993322044634,0.30524585,35.01846366561949,0,177,2022,6
2022-06-27,25.699993322044634,0.40143323,34.98336737975478,0,178,2022,6
2022-06-28,25.859993318468355,0.33622813,35.016937740147114,0,179,2022,6
2022-06-29,25.9499933164567,0.4500319,34.90554518066347,0,180,2022,6
2022-06-30,25.779993320256494,0.47589222,34.99557478353381,0,181,2022,6
2022-07-01,25.45999332740905,0.39201295,34.942167392000556,0,182,2022,7
2022-07-02,25.52999332584443,0.62148255,34.82772298157215,0,183,2022,7
2022-07-03,25.499993326514982,0.5848112,34.8887600004673,0,184,2022,7
2022-07-04,25.349993329867743,0.53189623,34.86281926743686,0,185,2022,7
2022-07-05,25.079993335902714,0.4306321,34.81398965232074,0,186,2022,7
2022-07-06,25.049993336573266,0.46464062,34.89791555330157,0,187,2022,7
2022-07-07,25.089993335679196,0.57225096,34.75447855889797,0,188,2022,7
2022-07-08,25.049993336573266,0.617314,34.812463726848364,0,189,2022,7
2022-07-09,25.09999333545568,0.46538863,34.83230075798929,0,190,2022,7
2022-07-10,24.969993338361405,0.47682172,34.821619279682636,0,191,2022,7
2022-07-11,24.959993338584923,0.4380622,34.859767416492105,0,192,2022,7
2022-07-12,24.889993340149545,0.516591,34.86281926743686,0,193,2022,7
2022-07-13,24.879993340373062,0.63975227,34.81551557779312,0,194,2022,7
2022-07-14,24.979993338137888,0.3876307,34.89181185141206,0,195,2022,7
2022-07-15,25.039993336796783,0.24011926,34.867397043854,0,196,2022,7
2022-07-16,25.279993331432365,0.2910054,34.871974820271134,0,197,2022,7
2022-07-17,25.199993333220505,0.1965389,34.87960444763303,0,198,2022,7
2022-07-18,25.13999333456161,0.21949652,34.884182224050164,0,199,2022,7
2022-07-19,25.009993337467336,0.20686871,34.89791555330157,0,200,2022,7
2022-07-20,24.979993338137888,0.22179252,34.88723407499492,0,201,2022,7
2022-07-21,24.82999334149065,0.20058538,34.85671556554735,0,202,2022,7
2022-07-22,24.819993341714166,0.2796282,34.84298223629594,0,203,2022,7
2022-07-23,24.579993347078585,0.24002285,34.86434519290924,0,204,2022,7
2022-07-24,24.539993347972654,0.21640874,34.8887600004673,1,205,2022,7
2022-07-25,24.649993345513963,0.23169832,34.92690813727677,0,206,2022,7
2022-07-26,24.669993345066928,0.24027559,34.96200442314148,0,207,2022,7
2022-07-27,24.739993343502306,0.23641235,34.954374795779586,1,208,2022,7
2022-07-28,24.729993343725823,0.21293132,34.920804435387254,0,209,2022,7
2022-07-29,24.71999334394934,0.2215596,34.867397043854,0,210,2022,7
2022-07-30,24.55999334752562,0.23111658,34.858241491019726,0,211,2022,7
2022-07-31,24.429993350431346,0.28201747,34.8384044598788,0,212,2022,7
2022-08-01,24.199993355572246,0.2787995,34.800256323069334,0,213,2022,8
2022-08-02,24.12999335713687,0.30282694,34.78347114287317,0,214,2022,8
2022-08-03,24.069993358477973,0.23814733,34.78499706834555,0,215,2022,8
2022-08-04,24.05999335870149,0.26570567,34.79720447212458,0,216,2022,8
2022-08-05,24.029993359372043,0.33225825,34.809411875903606,0,217,2022,8
2022-08-06,24.029993359372043,0.33787343,34.824671130627394,0,218,2022,8
2022-08-07,23.919993361830734,0.36630836,34.83230075798929,0,219,2022,8
2022-08-08,23.78999336473646,0.25421596,34.84145631082356,0,220,2022,8
2022-08-09,23.649993367865704,0.23462257,34.83993038535118,0,221,2022,8
2022-08-10,23.639993368089222,0.3004793,34.835352608934045,0,222,2022,8
2022-08-11,23.50999337099495,0.30495366,34.82772298157215,0,223,2022,8
2022-08-12,23.719993366301082,0.27486753,34.75600448437035,0,224,2022,8
2022-08-13,24.149993356689833,0.1689559,34.49201937764883,0,225,2022,8
2022-08-14,24.229993354901694,0.24558263,34.5011749304831,1,226,2022,8
2022-08-15,24.21999335512521,0.22465412,34.408093476668,0,227,2022,8
2022-08-16,24.039993359148525,0.21303648,34.39588607288897,0,228,2022,8
2022-08-17,23.81999336406591,0.19791426,34.44624161347747,0,229,2022,8
2022-08-18,23.679993367195152,0.23615004,34.50422678142786,0,230,2022,8
2022-08-19,23.85999336317184,0.24587968,34.46913049556315,0,231,2022,8
2022-08-20,23.81999336406591,0.2755798,34.415723104029894,0,232,2022,8
2022-08-21,23.86999336294832,0.27678302,34.487441601231694,0,233,2022,8
2022-08-22,23.86999336294832,0.21617652,34.798730397596955,0,234,2022,8
2022-08-23,23.879993362724804,0.21454006,34.739219304174185,0,235,2022,8
2022-08-24,24.109993357583903,0.2189144,34.85671556554735,0,236,2022,8
2022-08-25,24.189993355795764,0.17885448,34.798730397596955,0,237,2022,8
2022-08-26,24.1699933562428,0.17389192,34.82619705609977,0,238,2022,8
2022-08-27,24.149993356689833,0.30429572,34.86129334196448,0,239,2022,8
2022-08-28,24.13999335691335,0.24269918,34.896389627829194,0,240,2022,8
2022-08-29,24.1699933562428,0.2201493,34.9391155410558,0,241,2022,8
2022-08-30,24.339993352443003,0.21783175,34.980315528810024,0,242,2022,8
2022-08-31,24.319993352890037,0.19811939,34.980315528810024,0,243,2022,8
2022-09-01,24.379993351548933,0.19782124,34.920804435387254,0,244,2022,9
2022-09-02,24.36999335177245,0.19651133,34.70717486925423,0,245,2022,9
2022-09-03,24.419993350654863,0.16207528,34.70717486925423,0,246,2022,9
2022-09-04,23.849993363395356,0.16873573,34.74379708059132,0,247,2022,9
2022-09-05,23.609993368759774,0.17375502,34.73616745322943,0,248,2022,9
2022-09-06,23.499993371218466,0.19249536,34.73464152775705,0,249,2022,9
2022-09-07,23.39999337345364,0.19549176,34.74074522964656,0,250,2022,9
2022-09-08,23.51999337077143,0.20134826,34.71022672019899,0,251,2022,9
2022-09-09,23.7099933665246,0.22943664,34.68428598716855,0,252,2022,9
2022-09-10,23.7099933665246,0.21922287,34.69649339094758,0,253,2022,9
2022-09-11,23.699993366748117,0.3429277,34.667500806972384,0,254,2022,9
2022-09-12,23.889993362501286,0.23725371,34.557634172961116,0,255,2022,9
2022-09-13,24.079993358254455,0.19245198,34.56221194937825,0,256,2022,9
2022-09-14,23.929993361607217,0.19161086,34.655293403193355,0,257,2022,9
2022-09-15,23.86999336294832,0.2193545,34.71175264567137,0,258,2022,9
2022-09-16,23.659993367642187,0.20931128,34.72090819850564,0,259,2022,9
2022-09-17,23.74999336563053,0.26283142,34.728537825867534,0,260,2022,9
2022-09-18,23.609993368759774,0.19361575,34.75447855889797,0,261,2022,9
2022-09-19,23.31999337524178,0.3100276,34.78041929192841,0,262,2022,9
2022-09-20,23.23999337702992,0.32676908,34.79262669570744,0,263,2022,9
2022-09-21,23.469993371889018,0.2647643,34.80330817401409,0,264,2022,9
2022-09-22,23.539993370324396,0.25119755,34.80788595043123,0,265,2022,9
2022-09-23,23.54999337010088,0.3621499,34.823145205155015,0,266,2022,9
2022-09-24,23.299993375688814,0.35785413,34.82772298157215,0,267,2022,9
2022-09-25,23.059993381053232,0.40066865,34.84450816176832,0,268,2022,9
2022-09-26,22.89999338462951,0.35284624,34.86129334196448,0,269,2022,9
2022-09-27,22.93999338373544,0.20331258,34.858241491019726,0,270,2022,9
2022-09-28,23.149993379041575,0.2006898,34.846034087240696,0,271,2022,9
2022-09-29,23.459993372112535,0.238689,34.835352608934045,0,272,2022,9
2022-09-30,23.579993369430326,0.30205578,34.84298223629594,0,273,2022,9
2022-10-01,23.55999336987736,0.3217164,34.86892296932638,0,274,2022,10
2022-10-02,23.609993368759774,0.3187907,34.89181185141206,0,275,2022,10
2022-10-03,23.59999336898329,0.34967485,34.9101229570806,0,276,2022,10
2022-10-04,23.62999336831274,0.39047325,34.929959988221526,0,277,2022,10
2022-10-05,23.389993373677157,0.36056617,34.943693317472935,0,278,2022,10
2022-10-06,23.259993376582884,0.4703183,34.94979701936245,0,279,2022,10
2022-10-07,23.259993376582884,0.43148264,34.96353034861386,0,280,2022,10
2022-10-08,23.59999336898329,0.41990283,34.94827109389007,0,281,2022,10
2022-10-09,23.74999336563053,0.27428818,34.920804435387254,0,282,2022,10
2022-10-10,23.719993366301082,0.2693472,34.931485913693905,0,283,2022,10
2022-10-11,23.469993371889018,0.2372616,34.95132294483483,0,284,2022,10
2022-10-12,23.28999337591233,0.30607378,34.9818414542824,0,285,2022,10
2022-10-13,23.059993381053232,0.27153024,35.00015255995095,0,286,2022,10
2022-10-14,23.31999337524178,0.20683898,34.99710070900619,0,287,2022,10
2022-10-15,23.43999337255957,0.23779307,35.00625626184046,0,288,2022,10
2022-10-16,23.4799933716655,0.2723076,35.027619218453765,0,289,2022,10
2022-10-17,23.309993375465297,0.34703812,35.03372292034328,0,290,2022,10
2022-10-18,23.299993375688814,0.5636176,35.03677477128804,0,291,2022,10
2022-10-19,23.31999337524178,0.47655687,34.97115997597575,0,292,2022,10
2022-10-20,23.50999337099495,0.2507305,34.87502667121589,0,293,2022,10
2022-10-21,23.7099933665246,0.26074788,34.85213778913021,0,294,2022,10
2022-10-22,23.7099933665246,0.3221867,34.88113037310541,0,295,2022,10
2022-10-23,23.579993369430326,0.24361312,34.93758961558342,0,296,2022,10
2022-10-24,23.54999337010088,0.18130329,35.00778218731284,0,297,2022,10
2022-10-25,23.35999337434771,0.22130205,35.06576735526323,0,298,2022,10
2022-10-26,23.199993377923988,0.29116806,35.09170808829367,0,299,2022,10
2022-10-27,23.059993381053232,0.48402408,35.09475993923843,0,300,2022,10
2022-10-28,22.909993384405993,0.25391027,35.09475993923843,0,301,2022,10
2022-10-29,22.97999338284137,0.24429454,35.09323401376605,0,302,2022,10
2022-10-30,22.909993384405993,0.2592293,35.09628586471081,0,303,2022,10
2022-10-31,22.949993383511924,0.3123875,35.08560438640416,0,304,2022,10
2022-11-01,22.92999338395896,0.2823549,34.95895257219672,0,305,2022,11
2022-11-02,23.35999337434771,0.34661037,34.87655259668827,0,306,2022,11
2022-11-03,23.4799933716655,0.22971286,34.725485974922776,0,307,2022,11
2022-11-04,23.889993362501286,0.26470742,34.74837485700846,0,308,2022,11
2022-11-05,23.779993364959978,0.26372427,34.76516003720462,0,309,2022,11
2022-11-06,23.809993364289426,0.214647,34.77126373909414,0,310,2022,11
2022-11-07,23.849993363395356,0.18054925,34.774315590038896,0,311,2022,11
2022-11-08,24.029993359372043,0.29073274,34.77889336645603,0,312,2022,11
2022-11-09,23.929993361607217,0.47281778,34.786522993817925,0,313,2022,11
2022-11-10,23.86999336294832,0.26252916,34.80330817401409,0,314,2022,11
2022-11-11,23.729993366077565,0.42115316,34.833826683461666,0,315,2022,11
2022-11-12,23.469993371889018,0.5170202,34.86434519290924,0,316,2022,11
2022-11-13,23.369993374124192,0.5469477,34.882656298577785,0,317,2022,11
2022-11-14,23.489993371441983,1.2228887,34.84450816176832,0,318,2022,11
2022-11-15,23.649993367865704,0.1230367,34.774315590038896,0,319,2022,11
2022-11-16,24.239993354678177,0.11845392,34.76058226078749,0,320,2022,11
2022-11-17,24.24999335445466,0.14682248,34.73616745322943,0,321,2022,11
2022-11-18,23.97999336048963,0.25677878,34.75600448437035,0,322,2022,11
2022-11-19,23.86999336294832,0.3404232,34.786522993817925,0,323,2022,11
2022-11-20,24.24999335445466,0.5211359,34.77889336645603,0,324,2022,11
2022-11-21,24.48999334909024,0.19907156,34.76973781362176,0,325,2022,11
2022-11-22,25.05999333634975,0.14966635,34.78499706834555,0,326,2022,11
2022-11-23,25.2599933318794,0.15358062,34.80788595043123,0,327,2022,11
2022-11-24,24.649993345513963,0.16842464,34.80178224854171,0,328,2022,11
2022-11-25,24.159993356466316,0.25855795,34.823145205155015,0,329,2022,11
2022-11-26,24.199993355572246,0.40536755,34.786522993817925,0,330,2022,11
2022-11-27,24.189993355795764,0.5001501,34.74837485700846,0,331,2022,11
2022-11-28,24.349993352219485,0.22739789,34.716330422088504,0,332,2022,11
2022-11-29,24.63999334573748,0.19993712,34.691915614530444,0,333,2022,11
2022-11-30,24.729993343725823,0.33035925,34.70564894378185,0,334,2022,11
2022-12-01,24.359993351995968,0.39963993,34.739219304174185,0,335,2022,12
2022-12-02,24.049993358925008,0.4139228,34.78194521740079,0,336,2022,12
2022-12-03,24.13999335691335,0.52676123,34.821619279682636,0,337,2022,12
2022-12-04,24.20999335534873,0.33086893,34.85213778913021,0,338,2022,12
2022-12-05,24.159993356466316,0.3127168,34.87350074574351,0,339,2022,12
2022-12-06,23.90999336205425,0.74703306,34.89028592593968,0,340,2022,12
2022-12-07,24.089993358030938,0.7421912,34.90401925519109,0,341,2022,12
2022-12-08,24.269993354007624,0.28417116,34.91164888255298,0,342,2022,12
2022-12-09,24.52999334819617,0.54957354,34.917752584442496,0,343,2022,12
2022-12-10,24.859993340820097,0.45402014,34.92538221180439,0,344,2022,12
2022-12-11,24.98999333791437,0.31177953,34.931485913693905,0,345,2022,12
2022-12-12,25.349993329867743,0.16999754,34.93606369011104,0,346,2022,12
2022-12-13,25.309993330761813,0.25862572,34.942167392000556,0,347,2022,12
2022-12-14,25.29999333098533,0.24167462,34.9391155410558,0,348,2022,12
2022-12-15,25.169993333891057,0.2092254,34.908597031608224,0,349,2022,12
2022-12-16,25.169993333891057,0.20757715,34.89791555330157,0,350,2022,12
2022-12-17,25.209993332996987,0.34683314,34.89791555330157,0,351,2022,12
2022-12-18,25.41999332830312,0.26579428,34.89791555330157,0,352,2022,12
2022-12-19,25.509993326291465,0.17524041,34.89028592593968,0,353,2022,12
2022-12-20,25.56999332495036,0.15366764,34.884182224050164,0,354,2022,12
2022-12-21,26.559993302822136,0.13543555,34.86129334196448,0,355,2022,12
2022-12-22,26.829993296787165,0.29449573,34.812463726848364,0,356,2022,12
2022-12-23,26.799993297457718,0.1453313,34.73311560228467,0,357,2022,12
2022-12-24,27.019993292540335,0.14804706,34.74074522964656,0,358,2022,12
2022-12-25,26.859993296116613,0.14341752,34.75600448437035,0,359,2022,12
2022-12-26,26.72999329902234,0.14891246,34.766685962677,0,360,2022,12
2022-12-27,26.8099932972342,0.23116378,34.788048919290304,0,361,2022,12
2022-12-28,26.839993296563648,0.15736742,34.78499706834555,0,362,2022,12
2022-12-29,26.88999329544606,0.15604118,34.78194521740079,0,363,2022,12
2022-12-30,26.49999330416324,0.1495811,34.77736744098365,0,364,2022,12
2022-12-31,26.399993306398414,0.31797427,34.76973781362176,0,365,2022,12
2023-01-01,25.699993322044634,0.5198191,34.78957484476268,0,1,2023,1
2023-01-02,24.979993338137888,0.5198191,34.83077483251691,0,2,2023,1
2023-01-03,24.55999334752562,0.44416267,34.82772298157215,0,3,2023,1
2023-01-04,24.63999334573748,0.47722763,34.84145631082356,0,4,2023,1
2023-01-05,24.669993345066928,0.31568724,34.87502667121589,0,5,2023,1
2023-01-06,24.47999334931376,0.46139097,34.92385628633201,0,6,2023,1
2023-01-07,24.459993349760794,0.6232522,34.968108125030994,0,7,2023,1
2023-01-08,24.499993348866724,1.5597103,34.99404885806143,0,8,2023,1
2023-01-09,24.459993349760794,1.8779329,35.00778218731284,0,9,2023,1
2023-01-10,24.36999335177245,0.6777832,35.003204410895705,0,10,2023,1
2023-01-11,23.62999336831274,3.2734208,35.00930811278522,0,11,2023,1
2023-01-12,23.55999336987736,2.3388174,35.02151551656425,0,12,2023,1
2023-01-13,23.189993378147506,1.4723809,35.01998959109187,0,13,2023,1
2023-01-14,23.23999337702992,1.2719805,35.016937740147114,0,14,2023,1
2023-01-15,24.199993355572246,0.52793235,35.01998959109187,0,15,2023,1
2023-01-16,24.889993340149545,0.19241256,35.026093292981386,0,16,2023,1
2023-01-17,24.859993340820097,0.39191586,34.9894710816443,0,17,2023,1
2023-01-18,25.279993331432365,0.3060504,34.95284887030721,0,18,2023,1
2023-01-19,25.83999331891539,0.33407474,34.96353034861386,0,19,2023,1
2023-01-20,26.25999330952766,0.2679753,34.942167392000556,0,20,2023,1
2023-01-21,26.749993298575305,0.18412085,34.920804435387254,0,21,2023,1
2023-01-22,26.76999329812827,0.12555039,34.90249332971871,0,22,2023,1
2023-01-23,26.859993296116613,0.21524322,34.89028592593968,0,23,2023,1
2023-01-24,27.319993285834812,0.15503486,34.884182224050164,0,24,2023,1
2023-01-25,27.50999328158798,0.16170529,34.858241491019726,0,25,2023,1
2023-01-26,27.479993282258533,0.17896186,34.766685962677,0,26,2023,1
2023-01-27,27.149993289634608,0.22876453,34.798730397596955,0,27,2023,1
2023-01-28,26.739993298798822,0.26288447,34.85061186365783,0,28,2023,1
2023-01-29,26.489993304386758,0.16489504,34.85518964007497,0,29,2023,1
2023-01-30,26.60999330170455,0.22713354,34.85518964007497,0,30,2023,1
2023-01-31,26.739993298798822,0.20697935,34.85213778913021,0,31,2023,1
2023-02-01,27.15999328941109,0.19706967,34.85366371460259,0,32,2023,2
2023-02-02,27.46999328248205,0.23575602,34.846034087240696,0,33,2023,2
2023-02-03,27.879993273317837,0.19046317,34.833826683461666,0,34,2023,2
2023-02-04,28.42999326102438,0.15645088,34.81551557779312,0,35,2023,2
2023-02-05,28.409993261471413,0.26452285,34.80330817401409,0,36,2023,2
2023-02-06,28.179993266612314,0.24958248,34.800256323069334,0,37,2023,2
2023-02-07,28.149993267282866,0.4011776,34.80178224854171,0,38,2023,2
2023-02-08,28.16999326683583,0.12227344,34.821619279682636,0,39,2023,2
2023-02-09,28.42999326102438,0.16506086,34.847560012713075,0,40,2023,2
2023-02-10,28.43999326080086,0.102936395,34.80483409948647,0,41,2023,2
2023-02-11,28.309993263706588,0.1224906,34.810937801375985,0,42,2023,2
2023-02-12,27.96999327130618,0.20047165,34.7956785466522,0,43,2023,2
2023-02-13,26.95999329388144,0.2486303,34.80330817401409,0,44,2023,2
2023-02-14,26.509993303939723,0.1751342,34.788048919290304,0,45,2023,2
2023-02-15,26.37999330684545,0.37059474,34.78957484476268,0,46,2023,2
2023-02-16,26.159993311762832,0.35907242,34.80483409948647,0,47,2023,2
2023-02-17,25.939993316680216,0.44262126,34.812463726848364,0,48,2023,2
2023-02-18,26.25999330952766,0.76959467,34.812463726848364,0,49,2023,2
2023-02-19,26.26999330930414,0.19397746,34.8170415032655,0,50,2023,2
2023-02-20,26.56999330259862,0.28267446,34.824671130627394,0,51,2023,2
2023-02-21,26.949993294104956,0.40587008,34.82772298157215,0,52,2023,2
2023-02-22,26.99999329298737,0.1770845,34.8384044598788,0,53,2023,2
2023-02-23,27.38999328427019,0.34215495,34.798730397596955,0,54,2023,2
2023-02-24,27.81999327465894,0.49116704,34.71175264567137,0,55,2023,2
2023-02-25,27.749993276223563,0.2819755,34.45692309178412,0,56,2023,2
2023-02-26,27.979993271082662,0.2210807,34.45692309178412,0,57,2023,2
2023-02-27,29.16999324448409,0.2585979,34.47828604839742,0,58,2023,2
2023-02-28,28.999993248283886,0.23616014,34.54084899276495,0,59,2023,2
2023-03-01,28.929993249848508,0.25263414,34.56068602390587,0,60,2023,3
2023-03-02,28.85999325141313,0.17877972,34.51490825973451,0,61,2023,3
2023-03-03,28.929993249848508,0.1257029,34.48896752670407,0,62,2023,3
2023-03-04,28.529993258789204,0.11280835,34.54847862012684,0,63,2023,3
2023-03-05,28.019993270188593,0.1410973,34.64918970130384,0,64,2023,3
2023-03-06,27.77999327555301,0.20922066,34.737693378701806,0,65,2023,3
2023-03-07,27.53999328091743,0.25820678,34.75600448437035,0,66,2023,3
2023-03-08,27.46999328248205,0.25415272,34.73006375133991,0,67,2023,3
2023-03-09,27.529993281140946,0.18478073,34.74684893153608,0,68,2023,3
2023-03-10,27.169993289187573,0.16898596,34.762108186259866,0,69,2023,3
2023-03-11,27.019993292540335,0.1716988,34.77736744098365,0,70,2023,3
2023-03-12,26.629993301257514,0.28779528,34.79262669570744,0,71,2023,3
2023-03-13,26.799993297457718,0.23981357,34.79720447212458,0,72,2023,3
2023-03-14,27.109993290528678,0.19102028,34.84450816176832,0,73,2023,3
2023-03-15,27.359993284940742,0.18362343,34.896389627829194,0,74,2023,3
2023-03-16,27.11999329030516,0.1948248,34.84450816176832,0,75,2023,3
2023-03-17,26.759993298351787,0.20538323,34.79415262117982,0,76,2023,3
2023-03-18,26.72999329902234,0.38363028,34.774315590038896,0,77,2023,3
2023-03-19,26.359993307292484,0.99787563,34.766685962677,0,78,2023,3
2023-03-20,26.469993304833793,0.81435233,34.7453230060637,0,79,2023,3
2023-03-21,26.72999329902234,0.48026332,34.73006375133991,0,80,2023,3
2023-03-22,27.299993286281847,0.29252085,34.7239600494504,0,81,2023,3
2023-03-23,27.999993270635628,0.3794469,34.73616745322943,0,82,2023,3
2023-03-24,28.5899932574481,0.22765145,34.74227115511894,0,83,2023,3
2023-03-25,28.54999325834217,0.23317003,34.702597092837095,0,84,2023,3
2023-03-26,28.619993256777548,0.18291143,34.58662675693631,0,85,2023,3
2023-03-27,28.50999325923624,0.18373662,34.56221194937825,1,86,2023,3
2023-03-28,28.559993258118652,0.19915545,34.594256384298205,0,87,2023,3
2023-03-29,28.38999326191845,0.16778459,34.45997494272888,0,88,2023,3
2023-03-30,28.459993260353826,0.21249068,34.44624161347747,0,89,2023,3
2023-03-31,28.459993260353826,0.1734295,34.3577379360795,0,90,2023,3
2023-04-01,28.539993258565687,0.13918117,34.25550092943013,0,91,2023,4
2023-04-02,28.62999325655403,0.15786068,34.28449351340532,0,92,2023,4
2023-04-03,29.05999324694278,0.16247655,34.391308296471834,0,93,2023,4
2023-04-04,29.08999324627223,0.18846402,34.571367502212524,0,94,2023,4
2023-04-05,28.93999324962499,0.21076782,34.71938227303326,0,95,2023,4
2023-04-06,28.449993260577344,0.27930552,34.74837485700846,0,96,2023,4
2023-04-07,27.96999327130618,0.45256665,34.737693378701806,0,97,2023,4
2023-04-08,27.23999328762295,0.89853084,34.74379708059132,0,98,2023,4
2023-04-09,26.8099932972342,0.5554063,34.73616745322943,0,99,2023,4
2023-04-10,26.61999330148103,0.57411134,34.713278571143746,0,100,2023,4
2023-04-11,26.5799933023751,0.9935215,34.71175264567137,0,101,2023,4
2023-04-12,26.589993302151584,0.8464678,34.72243412397802,0,102,2023,4
2023-04-13,26.159993311762832,0.27691117,34.7956785466522,0,103,2023,4
2023-04-14,26.319993308186554,0.2927086,34.82619705609977,0,104,2023,4
2023-04-15,26.5799933023751,0.4030764,34.821619279682636,0,105,2023,4
2023-04-16,26.72999329902234,0.24560629,34.836878534406424,1,106,2023,4
2023-04-17,26.759993298351787,0.25989056,34.812463726848364,1,107,2023,4
2023-04-18,26.8099932972342,0.76134527,34.690389689058065,1,108,2023,4
2023-04-19,27.059993291646265,0.29680648,34.65681932866573,0,109,2023,4
2023-04-20,27.0399932920933,0.2160039,34.64918970130384,0,110,2023,4
2023-04-21,26.939993294328474,0.19492735,34.508804557845,1,111,2023,4
2023-04-22,27.299993286281847,0.32462475,34.48286382481456,0,112,2023,4
2023-04-23,27.719993276894115,0.19721565,34.498123079538345,0,113,2023,4
2023-04-24,27.529993281140946,0.1876115,34.52558973804116,0,114,2023,4
2023-04-25,27.359993284940742,0.34692436,34.511856408789754,0,115,2023,4
2023-04-26,27.129993290081643,0.43274224,34.50575270690024,0,116,2023,4
2023-04-27,26.909993294999026,0.3986077,34.50727863237262,0,117,2023,4
2023-04-28,27.089993290975713,0.2864432,34.522537887096405,0,118,2023,4
2023-04-29,27.129993290081643,0.52958184,34.545426769182086,0,119,2023,4
2023-04-30,27.219993288069986,0.52958184,34.61256748996675,0,120,2023,4
2023-05-01,27.409993283823155,0.21521525,34.68733783811331,0,121,2023,5
2023-05-02,27.339993285387777,0.21521525,34.751426707953215,0,122,2023,5
2023-05-03,27.409993283823155,0.2430421,34.78041929192841,0,123,2023,5
2023-05-04,27.339993285387777,0.18772772,34.749900782480836,0,124,2023,5
2023-05-05,27.399993284046673,0.1877146,34.68581191264093,0,125,2023,5
2023-05-06,27.46999328248205,0.2544236,34.67207858338952,0,126,2023,5
2023-05-07,27.519993281364464,0.23605072,34.65681932866573,0,127,2023,5
2023-05-08,27.50999328158798,0.38100678,34.63393044658005,0,128,2023,5
2023-05-09,27.489993282035016,0.22949228,34.54084899276495,0,129,2023,5
2023-05-10,27.569993280246877,0.23367624,34.401989774778485,0,130,2023,5
2023-05-11,27.38999328427019,0.2752179,34.3150120228529,0,131,2023,5
2023-05-12,27.27999328672888,0.41362748,34.24939722754061,0,132,2023,5
2023-05-13,27.049993291869782,0.23157202,34.258552780374885,0,133,2023,5
2023-05-14,27.129993290081643,0.32051903,34.39588607288897,0,134,2023,5
2023-05-15,26.92999329455199,0.4479985,34.42335273139179,0,135,2023,5
2023-05-16,26.899993295222544,0.49311465,34.44166383706033,0,136,2023,5
2023-05-17,26.68999329991641,0.5012137,34.426404582336545,0,137,2023,5
2023-05-18,26.759993298351787,0.35190955,34.43556013517082,0,138,2023,5
2023-05-19,26.68999329991641,0.38137534,34.46913049556315,0,139,2023,5
2023-05-20,26.639993301033996,0.37031543,34.449293464422226,0,140,2023,5
2023-05-21,26.589993302151584,0.30758572,34.55610824748874,0,141,2023,5
2023-05-22,26.509993303939723,0.38555112,34.498123079538345,0,142,2023,5
2023-05-23,26.439993305504345,0.407272,34.50270085595548,0,143,2023,5
2023-05-24,26.25999330952766,0.35678104,34.50727863237262,0,144,2023,5
2023-05-25,26.29999330863359,0.46574187,34.51338233426213,0,145,2023,5
2023-05-26,26.139993312209867,0.46098563,34.533219365403056,0,146,2023,5
2023-05-27,25.969993316009663,0.4555417,34.56678972579539,0,147,2023,5
2023-05-28,25.91999331712725,0.3704729,34.595782309770584,0,148,2023,5
2023-05-29,25.72999332137408,0.2674772,34.571367502212524,0,149,2023,5
2023-05-30,25.819993319362425,0.24714023,34.473708271980286,0,150,2023,5
2023-05-31,25.779993320256494,0.30530944,34.37604904174805,0,151,2023,5
2023-06-01,25.68999332226815,0.24154185,34.38062681816518,0,152,2023,6
2023-06-02,25.60999332405629,0.23263307,34.49507122859359,0,153,2023,6
2023-06-03,25.559993325173878,0.24399646,34.54847862012684,0,154,2023,6
2023-06-04,25.45999332740905,0.229496,34.58815268240869,0,155,2023,6
2023-06-05,25.289993331208848,0.31960103,34.61409341543913,2,156,2023,6
2023-06-06,25.33999333009126,0.23515704,34.64003414846957,0,157,2023,6
2023-06-07,25.2599933318794,0.3007593,34.66902673244476,0,158,2023,6
2023-06-08,25.29999333098533,0.23979439,34.70107116736472,0,159,2023,6
2023-06-09,25.159993334114574,0.23051739,34.73158967681229,0,160,2023,6
2023-06-10,25.089993335679196,0.21962528,34.751426707953215,1,161,2023,6
2023-06-11,25.019993337243818,0.20274398,34.766685962677,0,162,2023,6
2023-06-12,24.879993340373062,0.19835849,34.78041929192841,0,163,2023,6
2023-06-13,24.75999334305527,0.20282769,34.79110077023506,0,164,2023,6
2023-06-14,24.809993341937684,0.35473472,34.810937801375985,1,165,2023,6
2023-06-15,24.809993341937684,0.30145085,34.88570814952254,0,166,2023,6
2023-06-16,24.82999334149065,0.3172206,34.92690813727677,0,167,2023,6
2023-06-17,24.859993340820097,0.3172206,34.90249332971871,0,168,2023,6
2023-06-18,24.82999334149065,0.20945935,34.92233036085963,0,169,2023,6
2023-06-19,24.809993341937684,0.2236911,34.919278509914875,0,170,2023,6
2023-06-20,24.74999334327879,0.19969165,34.884182224050164,0,171,2023,6
2023-06-21,24.649993345513963,0.24183275,34.87960444763303,0,172,2023,6
2023-06-22,24.59999334663155,0.2544721,34.89944147877395,0,173,2023,6
2023-06-23,24.32999335266652,0.19784932,34.93606369011104,0,174,2023,6
2023-06-24,24.269993354007624,0.30938813,34.96963405050337,0,175,2023,6
2023-06-25,24.09999335780742,0.3248573,34.980315528810024,0,176,2023,6
2023-06-26,24.089993358030938,0.46153286,34.97573775239289,0,177,2023,6
2023-06-27,23.9399933613837,0.34260988,34.98336737975478,0,178,2023,6
2023-06-28,23.689993366971635,0.2611186,35.003204410895705,0,179,2023,6
2023-06-29,23.579993369430326,0.28727442,34.98336737975478,0,180,2023,6
2023-06-30,23.54999337010088,0.34862375,34.9101229570806,0,181,2023,6
2023-07-01,23.389993373677157,0.3536973,34.894863702356815,0,182,2023,7
2023-07-02,23.20999337770047,0.32611346,34.89181185141206,0,183,2023,7
2023-07-03,22.93999338373544,0.31845582,34.83993038535118,0,184,2023,7
2023-07-04,23.23999337702992,0.30258015,34.87350074574351,0,185,2023,7
2023-07-05,23.409993373230122,0.20270891,34.97573775239289,0,186,2023,7
2023-07-06,23.429993372783088,0.1861445,34.98794515617192,0,187,2023,7
2023-07-07,23.419993373006605,0.20060436,34.966582199558616,0,188,2023,7
2023-07-08,23.309993375465297,0.2470129,34.95132294483483,0,189,2023,7
2023-07-09,23.23999337702992,0.29583988,34.92538221180439,0,190,2023,7
2023-07-10,23.12999337948861,0.31929332,34.88723407499492,0,191,2023,7
2023-07-11,23.309993375465297,0.39018333,34.84145631082356,1,192,2023,7
2023-07-12,23.2499933768064,0.43806824,34.76058226078749,0,193,2023,7
2023-07-13,23.179993378371023,0.3623567,34.75905633531511,0,194,2023,7
2023-07-14,23.00999338217082,0.33864602,34.80788595043123,0,195,2023,7
2023-07-15,23.00999338217082,0.3413769,34.86129334196448,0,196,2023,7
2023-07-16,23.069993380829715,0.35619196,34.87655259668827,0,197,2023,7
2023-07-17,23.139993379265093,0.42756692,34.846034087240696,0,198,2023,7
2023-07-18,23.119993379712128,0.27464792,34.82619705609977,0,199,2023,7
2023-07-19,23.069993380829715,0.32649073,34.809411875903606,0,200,2023,7
2023-07-20,23.00999338217082,0.30682772,34.79110077023506,0,201,2023,7
2023-07-21,22.959993383288406,0.3752585,34.78499706834555,0,202,2023,7
2023-07-22,22.92999338395896,0.29537764,34.78194521740079,0,203,2023,7
2023-07-23,22.89999338462951,0.24551074,34.76973781362176,0,204,2023,7
2023-07-24,22.829993386194133,0.24596176,34.691915614530444,0,205,2023,7
2023-07-25,22.799993386864685,0.18160073,34.70717486925423,1,206,2023,7
2023-07-26,22.769993387535237,0.19465834,34.80330817401409,0,207,2023,7
2023-07-27,22.879993385076546,0.2849229,34.823145205155015,0,208,2023,7
2023-07-28,22.809993386641167,0.3113326,34.92538221180439,0,209,2023,7
2023-07-29,22.719993388652824,0.24250212,34.896389627829194,0,210,2023,7
2023-07-30,22.70999338887634,0.24905099,34.87655259668827,0,211,2023,7
2023-07-31,22.689993389323377,0.24133012,34.89181185141206,0,212,2023,7
2023-08-01,22.789993387088202,0.2665606,34.89028592593968,0,213,2023,8
2023-08-02,22.77999338731172,0.28311053,34.894863702356815,0,214,2023,8
2023-08-03,22.689993389323377,0.21474762,34.870448894798756,0,215,2023,8
2023-08-04,22.759993387758755,0.2867079,34.86434519290924,0,216,2023,8
2023-08-05,22.729993388429307,0.2966977,34.871974820271134,0,217,2023,8
2023-08-06,22.989993382617854,0.27029613,34.867397043854,0,218,2023,8
2023-08-07,22.919993384182476,0.23778754,34.86434519290924,0,219,2023,8
2023-08-08,23.059993381053232,0.21392132,34.86892296932638,0,220,2023,8
2023-08-09,23.08999338038268,0.26959231,34.87502667121589,0,221,2023,8
2023-08-10,23.179993378371023,0.2427566,34.870448894798756,0,222,2023,8
2023-08-11,23.259993376582884,0.20945981,34.859767416492105,0,223,2023,8
2023-08-12,23.259993376582884,0.22042756,34.82924890704453,0,224,2023,8
2023-08-13,23.139993379265093,0.1887715,34.80483409948647,0,225,2023,8
2023-08-14,22.81999338641765,0.24813461,34.836878534406424,0,226,2023,8
2023-08-15,22.73999338820579,0.27159858,34.871974820271134,0,227,2023,8
2023-08-16,22.499993393570207,0.2669906,34.88113037310541,0,228,2023,8
2023-08-17,22.299993398040556,0.40755433,34.9101229570806,0,229,2023,8
2023-08-18,22.289993398264073,0.27423102,34.95895257219672,0,230,2023,8
2023-08-19,22.369993396475934,0.29010645,35.004730336368084,0,231,2023,8
2023-08-20,22.619993390888,0.24437687,35.02304144203663,0,232,2023,8
2023-08-21,22.599993391335033,0.42490846,35.029145143926144,0,233,2023,8
2023-08-22,22.579993391782068,0.28297758,35.03677477128804,0,234,2023,8
2023-08-23,22.66999338977041,0.2301889,35.026093292981386,0,235,2023,8
2023-08-24,22.759993387758755,0.24285668,34.98794515617192,0,236,2023,8
2023-08-25,23.149993379041575,0.2243083,34.95284887030721,0,237,2023,8
2023-08-26,23.51999337077143,0.21089159,34.93758961558342,0,238,2023,8
2023-08-27,23.639993368089222,0.17299803,34.93758961558342,0,239,2023,8
2023-08-28,23.82999336384239,0.19903629,34.89333777688444,0,240,2023,8
2023-08-29,23.7099933665246,0.2477298,34.86892296932638,0,241,2023,8
2023-08-30,23.74999336563053,0.20679644,34.88570814952254,0,242,2023,8
2023-08-31,23.689993366971635,0.15728398,34.89181185141206,0,243,2023,8
2023-09-01,23.569993369653844,0.18090439,34.89791555330157,0,244,2023,9
2023-09-02,23.179993378371023,0.2112841,34.917752584442496,0,245,2023,9
2023-09-03,23.149993379041575,0.36953416,34.943693317472935,0,246,2023,9
2023-09-04,22.959993383288406,0.34515128,34.966582199558616,0,247,2023,9
2023-09-05,22.81999338641765,0.31082115,34.98489330522716,0,248,2023,9
2023-09-06,22.559993392229103,0.31777874,35.004730336368084,0,249,2023,9
2023-09-07,22.719993388652824,0.4464004,35.00930811278522,0,250,2023,9
2023-09-08,22.97999338284137,0.2214245,34.99404885806143,0,251,2023,9
2023-09-09,23.20999337770047,0.3503472,34.99557478353381,0,252,2023,9
2023-09-10,23.179993378371023,0.23659769,35.00167848542333,0,253,2023,9
2023-09-11,22.96999338306489,0.22371928,35.004730336368084,0,254,2023,9
2023-09-12,23.12999337948861,0.21110898,35.003204410895705,0,255,2023,9
2023-09-13,23.149993379041575,0.20303799,35.00015255995095,0,256,2023,9
2023-09-14,23.219993377476953,0.19888248,35.004730336368084,0,257,2023,9
2023-09-15,23.299993375688814,0.207838,35.00167848542333,0,258,2023,9
2023-09-16,23.179993378371023,0.20677146,34.99557478353381,0,259,2023,9
2023-09-17,23.12999337948861,0.31366447,34.9894710816443,0,260,2023,9
2023-09-18,22.989993382617854,0.32893652,34.98794515617192,0,261,2023,9
2023-09-19,22.999993382394337,0.41749027,34.98489330522716,0,262,2023,9
2023-09-20,23.029993381723784,0.34914824,34.98641923069954,0,263,2023,9
2023-09-21,23.199993377923988,0.2825073,34.99710070900619,0,264,2023,9
2023-09-22,23.229993377253436,0.21457213,35.01235996372998,0,265,2023,9
2023-09-23,23.31999337524178,0.21248153,35.026093292981386,0,266,2023,9
2023-09-24,23.229993377253436,0.20054375,35.029145143926144,0,267,2023,9
2023-09-25,23.149993379041575,0.20451893,35.027619218453765,0,268,2023,9
2023-09-26,23.179993378371023,0.1871888,35.026093292981386,0,269,2023,9
2023-09-27,23.08999338038268,0.26444533,35.026093292981386,0,270,2023,9
2023-09-28,23.16999337859454,0.2594779,35.03067106939852,0,271,2023,9
2023-09-29,23.069993380829715,0.2999347,35.04287847317755,0,272,2023,9
2023-09-30,23.0199933819473,0.22995992,35.0321969948709,0,273,2023,9
2023-10-01,23.0199933819473,0.21537186,35.02151551656425,0,274,2023,10
2023-10-02,22.92999338395896,0.19493371,35.03067106939852,0,275,2023,10
2023-10-03,22.839993385970615,0.26607832,35.04898217506707,0,276,2023,10
2023-10-04,22.92999338395896,0.40788415,35.05966365337372,0,277,2023,10
2023-10-05,23.32999337501826,0.21520638,35.05966365337372,0,278,2023,10
2023-10-06,23.879993362724804,0.66360426,35.07797475904226,0,279,2023,10
2023-10-07,24.199993355572246,0.26509905,35.09781179018319,0,280,2023,10
2023-10-08,24.649993345513963,0.19489332,35.111545119434595,0,281,2023,10
2023-10-09,24.739993343502306,0.17971104,35.12070067226887,0,282,2023,10
2023-10-10,24.199993355572246,0.26026532,35.122226597741246,0,283,2023,10
2023-10-11,23.97999336048963,0.3952213,35.111545119434595,0,284,2023,10
2023-10-12,24.149993356689833,0.28002265,35.09781179018319,0,285,2023,10
2023-10-13,24.619993346184515,0.22786103,35.0611895788461,0,286,2023,10
2023-10-14,25.06999333612623,0.20144342,34.98489330522716,0,287,2023,10
2023-10-15,25.349993329867743,0.23439348,34.94674516841769,0,288,2023,10
2023-10-16,25.599993324279808,0.219979,34.96963405050337,0,289,2023,10
2023-10-17,25.829993319138907,0.1879234,34.9894710816443,0,290,2023,10
2023-10-18,26.03999331444504,0.22340286,35.027619218453765,0,291,2023,10
2023-10-19,25.829993319138907,0.17787556,35.05966365337372,0,292,2023,10
2023-10-20,25.72999332137408,0.27349788,35.07034513168037,0,293,2023,10
2023-10-21,25.319993330538296,0.23734976,35.074922908097506,0,294,2023,10
2023-10-22,24.98999333791437,0.2471694,35.07339698262513,0,295,2023,10
2023-10-23,25.0299933370203,0.3067157,35.07950068451464,0,296,2023,10
2023-10-24,25.079993335902714,0.3013842,35.07797475904226,0,297,2023,10
2023-10-25,24.809993341937684,0.5871921,35.0611895788461,0,298,2023,10
2023-10-26,24.579993347078585,0.5107184,35.038300696760416,0,299,2023,10
2023-10-27,24.419993350654863,0.49738526,35.013885889202356,0,300,2023,10
2023-10-28,24.459993349760794,0.36273164,34.992522932589054,0,301,2023,10
2023-10-29,24.429993350431346,0.34793895,34.919278509914875,0,302,2023,10
2023-10-30,24.269993354007624,0.32597578,34.89944147877395,0,303,2023,10
2023-10-31,24.20999335534873,0.46527857,34.9101229570806,0,304,2023,10
2023-11-01,24.299993353337072,0.2558868,34.91164888255298,0,305,2023,11
2023-11-02,24.549993347749137,0.33594584,34.90401925519109,0,306,2023,11
2023-11-03,24.779993342608236,0.33609244,34.89028592593968,0,307,2023,11
2023-11-04,25.079993335902714,0.34606388,34.882656298577785,0,308,2023,11
2023-11-05,25.17999333366754,0.23991846,34.87807852216065,0,309,2023,11
2023-11-06,25.359993329644226,0.24333835,34.87350074574351,0,310,2023,11
2023-11-07,25.33999333009126,0.38181445,34.867397043854,0,311,2023,11
2023-11-08,25.13999333456161,0.34931305,34.86587111838162,0,312,2023,11
2023-11-09,24.819993341714166,0.24085239,34.858241491019726,0,313,2023,11
2023-11-10,24.44999334998431,0.23709527,34.847560012713075,0,314,2023,11
2023-11-11,24.05999335870149,0.3376283,34.85671556554735,0,315,2023,11
2023-11-12,24.09999335780742,0.577017,34.89028592593968,0,316,2023,11
2023-11-13,24.159993356466316,0.2571988,34.91164888255298,0,317,2023,11
2023-11-14,24.089993358030938,0.21404387,34.920804435387254,0,318,2023,11
2023-11-15,24.17999335601928,0.18114232,34.929959988221526,0,319,2023,11
2023-11-16,24.199993355572246,0.15584801,34.95742664672434,0,320,2023,11
2023-11-17,24.269993354007624,0.15771563,34.99557478353381,0,321,2023,11
2023-11-18,24.52999334819617,0.19383797,35.003204410895705,0,322,2023,11
2023-11-19,24.709993344172858,0.15474825,34.97573775239289,0,323,2023,11
2023-11-20,25.169993333891057,0.14632496,34.94979701936245,0,324,2023,11
2023-11-21,25.209993332996987,0.14762422,34.94979701936245,0,325,2023,11
2023-11-22,25.0299933370203,0.15947488,34.966582199558616,0,326,2023,11
2023-11-23,24.769993342831754,0.15690483,34.97726367786527,0,327,2023,11
2023-11-24,24.689993344619893,0.15843827,34.98336737975478,0,328,2023,11
2023-11-25,24.619993346184515,0.25543937,34.98794515617192,0,329,2023,11
2023-11-26,24.549993347749137,0.2027873,34.98794515617192,0,330,2023,11
2023-11-27,24.629993345960997,0.15110716,34.99404885806143,0,331,2023,11
2023-11-28,24.819993341714166,0.12276879,35.01846366561949,0,332,2023,11
2023-11-29,24.94999333880844,0.16557112,35.04440439864993,0,333,2023,11
2023-11-30,25.06999333612623,0.11591537,35.04898217506707,0,334,2023,11
2023-12-01,24.98999333791437,0.10149132,35.052034026011825,0,335,2023,12
2023-12-02,25.169993333891057,0.17240787,35.07034513168037,0,336,2023,12
2023-12-03,25.079993335902714,0.1581801,35.08560438640416,0,337,2023,12
2023-12-04,25.33999333009126,0.13046472,35.09628586471081,0,338,2023,12
2023-12-05,25.37999332919719,0.10934578,35.09475993923843,0,339,2023,12
2023-12-06,25.509993326291465,0.09825405,35.10544141754508,0,340,2023,12
2023-12-07,24.979993338137888,0.11803121,35.113071044906974,0,341,2023,12
2023-12-08,24.689993344619893,0.13089508,35.11612289585173,0,342,2023,12
2023-12-09,24.94999333880844,0.110475294,35.11917474679649,0,343,2023,12
2023-12-10,25.439993327856087,0.122080274,35.08560438640416,0,344,2023,12
2023-12-11,25.67999332249167,0.14140616,35.088656237348914,0,345,2023,12
2023-12-12,25.44999332763257,0.13146135,35.07034513168037,0,346,2023,12
2023-12-13,25.2599933318794,0.194877,35.004730336368084,0,347,2023,12
2023-12-14,25.06999333612623,0.1879104,34.97421182692051,0,348,2023,12
2023-12-15,25.17999333366754,0.1679054,34.97573775239289,0,349,2023,12
2023-12-16,25.289993331208848,0.16937946,34.98336737975478,0,350,2023,12
2023-12-17,25.33999333009126,0.13499105,34.99862663447857,0,351,2023,12
2023-12-18,25.40999332852664,0.114640065,35.039826622232795,0,352,2023,12
2023-12-19,25.44999332763257,0.10620824,35.07797475904226,0,353,2023,12
2023-12-20,25.56999332495036,0.13353351,35.088656237348914,0,354,2023,12
2023-12-21,25.629993323609256,0.1356842,35.09475993923843,0,355,2023,12
2023-12-22,25.56999332495036,0.15259464,35.12680437415838,0,356,2023,12
2023-12-23,25.36999332942071,0.13226773,35.16647843644023,0,357,2023,12
2023-12-24,25.039993336796783,0.10820508,35.20157472230494,0,358,2023,12
2023-12-25,25.189993333444022,0.1426589,35.209204349666834,0,359,2023,12
2023-12-26,25.129993334785127,0.1183513,35.20310064777732,0,360,2023,12
2023-12-27,25.239993332326435,0.09953361,35.1756339892745,0,361,2023,12
2023-12-28,24.739993343502306,0.11579055,35.16495251096785,0,362,2023,12
2023-12-29,24.389993351325415,0.15364477,35.172582138329744,0,363,2023,12
2023-12-30,23.86999336294832,0.32976502,35.184789542108774,0,364,2023,12
2023-12-31,23.529993370547913,0.3049864,35.183263616636395,0,365,2023,12
2024-01-01,23.35999337434771,0.59725,35.17410806380212,0,1,2024,1
2024-01-02,23.349993374571227,0.31863624,35.16190066002309,0,2,2024,1
2024-01-03,23.59999336898329,0.51864284,35.16953028738499,0,3,2024,1
2024-01-04,24.13999335691335,0.21149975,35.19394509494305,0,4,2024,1
2024-01-05,25.189993333444022,0.19939856,35.196996945887804,0,5,2024,1
2024-01-06,25.329993330314778,0.14099097,35.19241916947067,0,6,2024,1
2024-01-07,25.09999333545568,0.13856143,35.18021176569164,0,7,2024,1
2024-01-08,24.549993347749137,0.15654397,35.146641405299306,0,8,2024,1
2024-01-09,24.349993352219485,0.18264449,35.09170808829367,0,9,2024,1
2024-01-10,23.90999336205425,0.27899593,35.076448833569884,0,10,2024,1
2024-01-11,23.489993371441983,0.25223565,35.08407846093178,0,11,2024,1
2024-01-12,23.499993371218466,0.2372941,35.09018216282129,0,12,2024,1
2024-01-13,23.66999336741867,0.24231894,35.09781179018319,0,13,2024,1
2024-01-14,23.78999336473646,0.36066845,35.10544141754508,0,14,2024,1
2024-01-15,23.89999336227777,0.30536896,35.122226597741246,0,15,2024,1
2024-01-16,24.029993359372043,0.19119035,35.13748585246503,0,16,2024,1
2024-01-17,24.339993352443003,0.16804856,35.14511547982693,0,17,2024,1
2024-01-18,24.43999335020783,0.17228855,35.16495251096785,0,18,2024,1
2024-01-19,24.459993349760794,0.19052356,35.183263616636395,0,19,2024,1
2024-01-20,24.159993356466316,0.18688145,35.20310064777732,0,20,2024,1
2024-01-21,23.849993363395356,0.2722398,35.22751545533538,0,21,2024,1
2024-01-22,23.729993366077565,0.26842284,35.23819693364203,0,22,2024,1
2024-01-23,23.719993366301082,0.39204964,35.23819693364203,0,23,2024,1
2024-01-24,23.099993380159162,0.37073728,35.23667100816965,0,24,2024,1
2024-01-25,23.469993371889018,1.4908139,35.233619157224894,0,25,2024,1
2024-01-26,23.809993364289426,0.41101173,35.21378212608397,0,26,2024,1
2024-01-27,24.649993345513963,0.1521448,35.19241916947067,0,27,2024,1
2024-01-28,24.43999335020783,0.19721733,35.17715991474688,0,28,2024,1
2024-01-29,24.469993349537276,0.21841472,35.146641405299306,0,29,2024,1
2024-01-30,24.48999334909024,0.2928734,35.10849326848984,0,30,2024,1
2024-01-31,24.649993345513963,0.2076658,35.087130311876535,0,31,2024,1
2024-02-01,24.67999334484341,0.1851367,35.029145143926144,0,32,2024,2
2024-02-02,25.0299933370203,0.1889456,35.01998959109187,0,33,2024,2
2024-02-03,24.819993341714166,0.17978251,35.04287847317755,0,34,2024,2
2024-02-04,24.539993347972654,0.13406087,35.100863641127944,0,35,2024,2
2024-02-05,24.28999335356059,0.4411552,35.12680437415838,0,36,2024,2
2024-02-06,24.459993349760794,0.25437123,35.09781179018319,0,37,2024,2
2024-02-07,25.579993324726843,0.18587585,35.14969325624406,0,38,2024,2
2024-02-08,25.749993320927047,0.16559805,35.158848809078336,0,39,2024,2
2024-02-09,26.14999331198635,0.2479092,35.1039154920727,0,40,2024,2
2024-02-10,26.29999330863359,0.18147098,35.11612289585173,0,41,2024,2
2024-02-11,26.399993306398414,0.15583085,35.17868584021926,0,42,2024,2
2024-02-12,26.129993312433385,0.14217725,35.172582138329744,0,43,2024,2
2024-02-13,25.969993316009663,0.12466875,35.146641405299306,0,44,2024,2
2024-02-14,25.9499933164567,0.14077316,35.14358955435455,0,45,2024,2
2024-02-15,26.56999330259862,0.15993187,35.16495251096785,0,46,2024,2
2024-02-16,26.939993294328474,0.15745305,35.12833029963076,0,47,2024,2
2024-02-17,27.139993289858126,0.24518445,34.98336737975478,0,48,2024,2
2024-02-18,26.95999329388144,0.1973918,34.89181185141206,0,49,2024,2
2024-02-19,26.989993293210887,0.1967791,34.78194521740079,0,50,2024,2
2024-02-20,26.37999330684545,0.28921422,34.92233036085963,0,51,2024,2
2024-02-21,25.91999331712725,0.19554433,35.01235996372998,0,52,2024,2
2024-02-22,25.83999331891539,0.5792462,35.027619218453765,0,53,2024,2
2024-02-23,26.14999331198635,0.5731749,34.966582199558616,0,54,2024,2
2024-02-24,26.289993308857106,0.31590635,34.98489330522716,0,55,2024,2
2024-02-25,26.709993299469375,0.21996956,34.9101229570806,0,56,2024,2
2024-02-26,26.789993297681235,0.29851648,34.920804435387254,0,57,2024,2
2024-02-27,26.249993309751176,0.4483961,34.95132294483483,0,58,2024,2
2024-02-28,25.889993317797803,0.3313484,34.97421182692051,0,59,2024,2
2024-02-29,25.289993331208848,0.26260456,34.99557478353381,0,60,2024,2
2024-03-01,24.78999334238472,0.3542087,35.00930811278522,0,61,2024,3
2024-03-02,24.689993344619893,0.49852398,34.99404885806143,0,62,2024,3
2024-03-03,24.579993347078585,0.25518793,34.98489330522716,0,63,2024,3
2024-03-04,24.589993346855067,0.74168146,35.0321969948709,0,64,2024,3
2024-03-05,25.29999333098533,0.54577994,35.04745624959469,0,65,2024,3
2024-03-06,26.129993312433385,0.21597801,35.04440439864993,0,66,2024,3
2024-03-07,26.329993307963036,0.16687076,35.0535599514842,0,67,2024,3
2024-03-08,26.049993314221524,0.19336164,35.05813772790134,0,68,2024,3
2024-03-09,25.7199933215976,0.20962517,35.0611895788461,0,69,2024,3
2024-03-10,25.809993319585942,0.38137177,35.0611895788461,0,70,2024,3
2024-03-11,26.089993313327454,0.29442626,35.0611895788461,0,71,2024,3
2024-03-12,27.80999327488246,0.20000184,35.05508587695658,0,72,2024,3
2024-03-13,27.939993271976732,0.129612,35.07950068451464,0,73,2024,3
2024-03-14,28.109993268176936,0.11425282,35.09170808829367,0,74,2024,3
2024-03-15,28.15999326705935,0.101606004,35.0825525354594,0,75,2024,3
2024-03-16,28.579993257671617,0.15861246,35.1039154920727,0,76,2024,3
2024-03-17,28.759993253648304,0.102679424,35.00015255995095,0,77,2024,3
2024-03-18,28.849993251636647,0.109655514,34.809411875903606,0,78,2024,3
2024-03-19,28.8199932523072,0.1878591,34.6736045088619,0,79,2024,3
2024-03-20,29.09999324604871,0.19784136,34.66444895602763,0,80,2024,3
2024-03-21,28.959993249177955,0.3151278,34.59883416071534,0,81,2024,3
2024-03-22,28.929993249848508,0.27319178,34.49354530312121,0,82,2024,3
2024-03-23,28.869993251189612,0.4650859,34.632404521107674,0,83,2024,3
2024-03-24,28.759993253648304,0.32675388,34.72243412397802,0,84,2024,3
2024-03-25,28.769993253424786,0.1747146,34.508804557845,0,85,2024,3
2024-03-26,28.70999325476589,0.18042424,34.32569350115955,0,86,2024,3
2024-03-27,28.679993255436443,0.13664822,34.25244907848537,2,87,2024,3
2024-03-28,28.609993257001065,0.35006544,34.282967587932944,0,88,2024,3
2024-03-29,28.579993257671617,0.1231735,34.353160159662366,0,89,2024,3
2024-03-30,28.54999325834217,0.14677705,34.38520459458232,0,90,2024,3
2024-03-31,28.50999325923624,0.32280076,34.10596023313701,0,91,2024,3
2024-04-01,28.489993259683274,0.2315103,33.94726398400962,1,92,2024,4
2024-04-02,28.569993257895135,0.2880483,34.029663959518075,0,93,2024,4
2024-04-03,28.579993257671617,0.26466048,34.124271338805556,0,94,2024,4
2024-04-04,28.89999325051906,0.17130871,34.1639454010874,0,95,2024,4
2024-04-05,29.01999324783685,0.11210203,33.9274269528687,0,96,2024,4
2024-04-06,28.929993249848508,0.19331588,33.874019561335444,0,97,2024,4
2024-04-07,28.77999325320127,0.5837341,33.71074553579092,0,98,2024,4
2024-04-08,28.829993252083682,0.2990804,33.72142701409757,0,99,2024,4
2024-04-09,28.759993253648304,0.1900671,33.730582566931844,0,100,2024,4
2024-04-10,28.70999325476589,0.33115545,33.85113067924976,0,101,2024,4
2024-04-11,28.499993259459757,0.2790714,33.561204839497805,0,102,2024,4
2024-04-12,28.139993267506384,0.38087896,33.43302709981799,0,103,2024,4
2024-04-13,28.329993263259553,0.3398925,32.8012939542532,0,104,2024,4
2024-04-14,28.04999326951804,0.65850854,33.260597521439195,0,105,2024,4
2024-04-15,27.92999327220025,0.76442254,33.9777824934572,0,106,2024,4
2024-04-16,27.979993271082662,0.2662766,34.33484905399382,0,107,2024,4
2024-04-17,28.059993269294523,0.29127982,34.44471568800509,0,108,2024,4
2024-04-18,28.139993267506384,0.35913163,34.48133789934218,0,109,2024,4
2024-04-19,28.109993268176936,0.215265,33.790093660354614,0,110,2024,4
2024-04-20,28.109993268176936,0.16266279,33.489486342296004,0,111,2024,4
2024-04-21,27.939993271976732,0.19096106,33.3246863912791,0,112,2024,4
2024-04-22,27.96999327130618,0.21692917,33.30179750919342,0,113,2024,4
2024-04-23,27.88999327309432,0.14623773,33.50627152249217,0,114,2024,4
2024-04-24,27.88999327309432,0.19144596,33.55357521213591,0,115,2024,4
2024-04-25,27.88999327309432,0.14956069,33.404034515842795,0,116,2024,4
2024-04-26,27.979993271082662,0.13407828,33.35215304978192,0,117,2024,4
2024-04-27,28.04999326951804,0.23091109,33.08206424117088,0,118,2024,4
2024-04-28,28.04999326951804,0.26588,32.84249394200742,0,119,2024,4
2024-04-29,28.139993267506384,0.16325915,32.92031614109874,0,120,2024,4
2024-04-30,28.219993265718244,0.1677393,32.898953184485435,0,121,2024,4
2024-05-01,28.04999326951804,0.18404536,33.342997496947646,0,122,2024,5
2024-05-02,28.029993269965075,0.2942909,33.12326422892511,0,123,2024,5
2024-05-03,27.959993271529697,0.20662142,33.40861229225993,0,124,2024,5
2024-05-04,27.939993271976732,0.22234191,33.41013821773231,0,125,2024,5
2024-05-05,27.689993277564668,0.38841403,33.2026123534888,1,126,2024,5
2024-05-06,27.519993281364464,0.66227514,33.81603439338505,0,127,2024,5
2024-05-07,27.339993285387777,0.3583494,34.5301675144583,0,128,2024,5
2024-05-08,27.2699932869524,0.36326957,34.62477489374578,0,129,2024,5
2024-05-09,27.179993288964056,0.4087056,34.74837485700846,0,130,2024,5
2024-05-10,27.15999328941109,0.207623,33.96404916420579,1,131,2024,5
2024-05-11,27.209993288293504,0.26361924,33.3750419318676,0,132,2024,5
2024-05-12,27.38999328427019,0.23882309,33.53068633005023,0,133,2024,5
2024-05-13,27.289993286505364,0.19162348,33.7626270018518,0,134,2024,5
2024-05-14,27.259993287175917,0.21714614,33.70158998295665,0,135,2024,5
2024-05-15,27.219993288069986,0.29303217,33.68938257917762,0,136,2024,5
2024-05-16,27.23999328762295,0.25770673,34.04644913971424,0,137,2024,5
2024-05-17,27.339993285387777,0.37993297,34.37604904174805,0,138,2024,5
2024-05-18,27.30999328605833,0.21497613,34.18225650675595,0,139,2024,5
2024-05-19,27.22999328784647,0.19468977,33.729056641459465,0,140,2024,5
2024-05-20,26.99999329298737,0.22665697,33.65428629331291,0,141,2024,5
2024-05-21,26.939993294328474,0.30912966,33.88317511416972,0,142,2024,5
2024-05-22,26.88999329544606,0.42086986,33.948789909482,0,143,2024,5
2024-05-23,26.95999329388144,0.35000995,33.95184176042676,0,144,2024,5
2024-05-24,26.749993298575305,0.3643426,33.81908624432981,0,145,2024,5
2024-05-25,26.709993299469375,0.3345002,33.69548628106713,0,146,2024,5
2024-05-26,26.739993298798822,0.3474675,34.049500990659,0,147,2024,5
2024-05-27,26.829993296787165,0.24357451,34.186834283173084,0,148,2024,5
2024-05-28,26.68999329991641,0.24519734,34.31196017190814,0,149,2024,5
2024-05-29,26.589993302151584,0.33654916,34.49354530312121,0,150,2024,5
2024-05-30,26.599993301928066,0.3267737,34.62782674469054,1,151,2024,5
2024-05-31,26.53999330326917,0.3589329,34.690389689058065,0,152,2024,5
2024-06-01,26.449993305280827,0.45986092,34.557634172961116,0,153,2024,6
2024-06-02,26.409993306174897,0.26209673,34.354686085134745,0,154,2024,6
2024-06-03,26.25999330952766,0.37903756,34.5301675144583,0,155,2024,6
2024-06-04,26.159993311762832,0.42618856,34.629352670162916,0,156,2024,6
2024-06-05,26.119993312656902,0.27547607,34.50270085595548,0,157,2024,6
2024-06-06,26.099993313103937,0.25809595,34.35010830871761,0,158,2024,6
2024-06-07,26.159993311762832,0.3570869,34.42182680591941,0,159,2024,6
2024-06-08,25.969993316009663,0.32154027,34.46913049556315,0,160,2024,6
2024-06-09,25.9499933164567,0.3198891,34.569841576740146,0,161,2024,6
2024-06-10,25.549993325397395,0.22676015,34.46913049556315,0,162,2024,6
2024-06-11,25.559993325173878,0.23912372,34.38062681816518,0,163,2024,6
2024-06-12,25.669993322715186,0.30495498,34.33484905399382,0,164,2024,6
2024-06-13,25.83999331891539,0.27053684,34.3867305200547,5,165,2024,6
2024-06-14,25.87999331802132,0.24762271,34.55305639654398,0,166,2024,6
2024-06-15,25.869993318244838,0.2211721,34.485915675759315,0,167,2024,6
2024-06-16,25.699993322044634,0.18162882,34.31348609738052,0,168,2024,6
2024-06-17,25.67999332249167,0.18009382,34.6446119248867,0,169,2024,6
2024-06-18,25.72999332137408,0.19444513,34.704123018309474,0,170,2024,6
2024-06-19,25.699993322044634,0.20411,34.69649339094758,0,171,2024,6
2024-06-20,25.709993321821116,0.3173429,34.79110077023506,1,172,2024,6
2024-06-21,25.629993323609256,0.3677029,34.70717486925423,0,173,2024,6
2024-06-22,25.67999332249167,0.39823797,34.03576766140759,0,174,2024,6
2024-06-23,25.659993322938703,0.23694865,34.35926386155188,0,175,2024,6
2024-06-24,25.629993323609256,0.32740194,34.725485974922776,0,176,2024,6
2024-06-25,25.45999332740905,0.28910628,34.499649005010724,1,177,2024,6
2024-06-26,25.67999332249167,0.20542584,34.45387124083936,0,178,2024,6
2024-06-27,25.60999332405629,0.19758862,34.75753040984273,0,179,2024,6
2024-06-28,25.669993322715186,0.25674304,34.86587111838162,0,180,2024,6
2024-06-29,25.41999332830312,0.2384352,34.859767416492105,0,181,2024,6
2024-06-30,25.389993328973674,0.29381657,34.90249332971871,0,182,2024,6
2024-07-01,25.29999333098533,0.35555574,34.93758961558342,0,183,2024,7
2024-07-02,25.169993333891057,0.3478034,34.97573775239289,0,184,2024,7
2024-07-03,25.10999333523216,0.5114601,34.992522932589054,0,185,2024,7
2024-07-04,25.089993335679196,0.45354226,34.94827109389007,0,186,2024,7
2024-07-05,25.079993335902714,0.29567987,34.88723407499492,0,187,2024,7
2024-07-06,25.089993335679196,0.36268464,34.8887600004673,0,188,2024,7
2024-07-07,24.999993337690853,0.33363512,34.907071106135845,0,189,2024,7
2024-07-08,24.999993337690853,0.39116752,34.88113037310541,0,190,2024,7
2024-07-09,25.169993333891057,0.35839662,34.84145631082356,1,191,2024,7
2024-07-10,25.229993332549952,0.26169255,34.92233036085963,0,192,2024,7
2024-07-11,25.189993333444022,0.224389,34.94827109389007,0,193,2024,7
2024-07-12,25.09999333545568,0.22435124,34.92690813727677,0,194,2024,7
2024-07-13,24.979993338137888,0.2686977,34.94521924294531,0,195,2024,7
2024-07-14,24.67999334484341,0.334495,34.98489330522716,1,196,2024,7
2024-07-15,24.659993345290445,0.35045144,34.98489330522716,0,197,2024,7
2024-07-16,24.629993345960997,0.28148845,34.97726367786527,0,198,2024,7
2024-07-17,24.629993345960997,0.50771487,35.00015255995095,0,199,2024,7
2024-07-18,24.55999334752562,0.31312296,34.955900721251965,0,200,2024,7
2024-07-19,24.59999334663155,0.37344816,34.896389627829194,0,201,2024,7
2024-07-20,24.609993346408032,0.23939857,35.074922908097506,0,202,2024,7
2024-07-21,24.699993344396376,0.23529062,35.03372292034328,0,203,2024,7
2024-07-22,24.659993345290445,0.2962261,34.98489330522716,0,204,2024,7
2024-07-23,24.659993345290445,0.2782644,34.99557478353381,0,205,2024,7
2024-07-24,24.47999334931376,0.38555673,35.02151551656425,0,206,2024,7
2024-07-25,24.349993352219485,0.37289613,35.026093292981386,0,207,2024,7
2024-07-26,24.28999335356059,0.36424464,35.07187105715275,0,208,2024,7
2024-07-27,24.269993354007624,0.39628705,35.087130311876535,0,209,2024,7
2024-07-28,24.299993353337072,0.36591205,35.09018216282129,1,210,2024,7
2024-07-29,24.309993353113555,0.55569035,35.087130311876535,0,211,2024,7
2024-07-30,24.239993354678177,0.3777005,35.088656237348914,0,212,2024,7
2024-07-31,24.239993354678177,0.38443783,35.08407846093178,0,213,2024,7
2024-08-01,24.079993358254455,0.31699753,35.03067106939852,0,214,2024,8
2024-08-02,24.309993353113555,0.20130965,34.9818414542824,0,215,2024,8
2024-08-03,24.349993352219485,0.2043979,34.97115997597575,0,216,2024,8
2024-08-04,24.339993352443003,0.31767908,34.98336737975478,0,217,2024,8
2024-08-05,24.279993353784107,0.3271863,34.95132294483483,0,218,2024,8
2024-08-06,24.299993353337072,0.33222416,34.95742664672434,0,219,2024,8
2024-08-07,24.379993351548933,0.26843512,34.97268590144813,0,220,2024,8
2024-08-08,24.359993351995968,0.24160992,34.97268590144813,0,221,2024,8
2024-08-09,24.319993352890037,0.31830212,34.97726367786527,0,222,2024,8
2024-08-10,24.159993356466316,0.35727853,34.9818414542824,0,223,2024,8
2024-08-11,24.28999335356059,0.30478597,34.9818414542824,0,224,2024,8
2024-08-12,24.259993354231142,0.31179416,34.98336737975478,0,225,2024,8
2024-08-13,24.239993354678177,0.35297552,34.98336737975478,0,226,2024,8
2024-08-14,24.069993358477973,0.4521176,34.9818414542824,0,227,2024,8
2024-08-15,24.12999335713687,0.45054695,34.98794515617192,0,228,2024,8
2024-08-16,24.05999335870149,0.39800453,34.99710070900619,0,229,2024,8
2024-08-17,24.069993358477973,0.3970048,35.003204410895705,0,230,2024,8
2024-08-18,23.619993368536257,0.33505425,35.00778218731284,0,231,2024,8
2024-08-19,23.62999336831274,0.29349968,35.016937740147114,0,232,2024,8
2024-08-20,23.529993370547913,0.21458948,35.029145143926144,0,233,2024,8
2024-08-21,23.579993369430326,0.28595528,35.03677477128804,0,234,2024,8
2024-08-22,23.639993368089222,0.17322849,35.04135254770517,0,235,2024,8
2024-08-23,23.699993366748117,0.22173144,35.038300696760416,0,236,2024,8
2024-08-24,23.689993366971635,0.19726232,35.039826622232795,1,237,2024,8
2024-08-25,23.849993363395356,0.20647416,35.04440439864993,0,238,2024,8
2024-08-26,23.85999336317184,0.25568482,35.04898217506707,0,239,2024,8
2024-08-27,23.89999336227777,0.22877797,35.04898217506707,0,240,2024,8
2024-08-28,23.879993362724804,0.1996408,35.0535599514842,0,241,2024,8
2024-08-29,23.78999336473646,0.2112841,35.05508587695658,0,242,2024,8
2024-08-30,23.529993370547913,0.23303221,35.0611895788461,0,243,2024,8
2024-08-31,23.469993371889018,0.4090787,35.07187105715275,0,244,2024,8
2024-09-01,23.649993367865704,0.35145035,35.07950068451464,0,245,2024,9
2024-09-02,23.9399933613837,0.22595432,35.088656237348914,0,246,2024,9
2024-09-03,24.01999335959556,0.20910825,35.08560438640416,0,247,2024,9
2024-09-04,24.009993359819077,0.25549942,35.087130311876535,0,248,2024,9
2024-09-05,23.969993360713147,0.18483068,35.087130311876535,0,249,2024,9
2024-09-06,23.649993367865704,0.19672593,35.09475993923843,0,250,2024,9
2024-09-07,23.55999336987736,0.28789368,35.099337715655565,0,251,2024,9
2024-09-08,23.54999337010088,0.60522854,35.08102660998702,0,252,2024,9
2024-09-09,23.7099933665246,0.25975457,35.04593032412231,0,253,2024,9
2024-09-10,23.729993366077565,0.38625357,35.04135254770517,0,254,2024,9
2024-09-11,23.85999336317184,0.56041586,35.064241429790854,0,255,2024,9
2024-09-12,24.05999335870149,0.44133806,35.05661180242896,0,256,2024,9
2024-09-13,24.509993348643206,0.27047583,34.990997007116675,0,257,2024,9
2024-09-14,24.649993345513963,0.21165597,34.95895257219672,0,258,2024,9
2024-09-15,24.769993342831754,0.2122946,34.98794515617192,0,259,2024,9
2024-09-16,24.7999933421612,0.17352675,35.02151551656425,0,260,2024,9
2024-09-17,24.63999334573748,0.1505922,35.01998959109187,0,261,2024,9
2024-09-18,24.499993348866724,0.20010842,35.00930811278522,0,262,2024,9
2024-09-19,24.569993347302102,0.23620664,35.02304144203663,0,263,2024,9
2024-09-20,24.63999334573748,0.24978481,35.027619218453765,0,264,2024,9
2024-09-21,24.67999334484341,0.22169471,35.0321969948709,0,265,2024,9
2024-09-22,24.769993342831754,0.10455888,35.01846366561949,0,266,2024,9
2024-09-23,24.959993338584923,0.14001596,35.0108340382576,0,267,2024,9
2024-09-24,25.0299933370203,0.20942281,34.992522932589054,0,268,2024,9
2024-09-25,25.089993335679196,0.4733875,34.99862663447857,0,269,2024,9
2024-09-26,25.06999333612623,0.20219813,34.980315528810024,0,270,2024,9
2024-09-27,24.90999333970251,0.21554008,34.94674516841769,0,271,2024,9
2024-09-28,24.739993343502306,0.41115084,34.97268590144813,0,272,2024,9
2024-09-29,24.669993345066928,0.45951056,35.004730336368084,0,273,2024,9
2024-09-30,24.74999334327879,0.35320646,34.99557478353381,0,274,2024,9
2024-10-01,24.78999334238472,0.2092805,34.96353034861386,0,275,2024,10
2024-10-02,24.729993343725823,0.23668042,34.96353034861386,0,276,2024,10
2024-10-03,24.509993348643206,0.28813967,34.9894710816443,0,277,2024,10
2024-10-04,24.32999335266652,0.24066351,35.00778218731284,0,278,2024,10
2024-10-05,24.619993346184515,0.212384,35.01846366561949,0,279,2024,10
2024-10-06,24.849993341043614,0.1334429,35.01235996372998,0,280,2024,10
2024-10-07,24.649993345513963,0.16026466,35.016937740147114,0,281,2024,10
2024-10-08,24.569993347302102,0.17122933,35.0321969948709,0,282,2024,10
2024-10-09,24.919993339478992,0.20302373,35.04287847317755,0,283,2024,10
2024-10-10,25.589993324503325,0.21655926,35.01846366561949,1,284,2024,10
2024-10-11,25.41999332830312,0.20142044,34.99862663447857,0,285,2024,10
2024-10-12,25.36999332942071,0.17567433,34.992522932589054,0,286,2024,10
2024-10-13,25.21999333277347,0.19017649,34.990997007116675,0,287,2024,10
2024-10-14,25.079993335902714,0.2300909,34.99862663447857,0,288,2024,10
2024-10-15,24.859993340820097,0.2152574,35.0108340382576,0,289,2024,10
2024-10-16,24.959993338584923,0.2014823,35.013885889202356,0,290,2024,10
2024-10-17,24.939993339031957,0.18704666,35.01998959109187,0,291,2024,10
2024-10-18,24.939993339031957,0.21491425,35.03524884581566,0,292,2024,10
2024-10-19,24.86999334059658,0.16411124,35.03677477128804,0,293,2024,10
2024-10-20,24.75999334305527,0.25253198,35.03372292034328,1,294,2024,10
2024-10-21,24.579993347078585,0.24708782,35.04898217506707,0,295,2024,10
2024-10-22,24.189993355795764,0.68562686,35.09475993923843,0,296,2024,10
2024-10-23,24.049993358925008,0.39175475,35.1329080760479,0,297,2024,10
2024-10-24,24.299993353337072,0.5456427,35.1329080760479,0,298,2024,10
2024-10-25,24.619993346184515,0.1157283,35.11764882132411,0,299,2024,10
2024-10-26,24.459993349760794,0.2834615,35.11459697037935,0,300,2024,10
2024-10-27,24.669993345066928,0.29010066,35.113071044906974,0,301,2024,10
2024-10-28,24.979993338137888,0.2167172,35.08102660998702,0,302,2024,10
2024-10-29,25.41999332830312,0.14091514,35.074922908097506,0,303,2024,10
2024-10-30,25.579993324726843,0.17388186,35.0535599514842,0,304,2024,10
2024-10-31,25.479993326962017,0.14046474,35.00930811278522,0,305,2024,10
2024-11-01,25.499993326514982,0.22153221,34.98336737975478,0,306,2024,11
2024-11-02,25.389993328973674,0.35288104,34.96200442314148,0,307,2024,11
2024-11-03,25.199993333220505,0.20389405,34.95132294483483,0,308,2024,11
2024-11-04,24.969993338361405,0.26092649,34.955900721251965,0,309,2024,11
2024-11-05,24.779993342608236,0.33878258,34.96505627408624,0,310,2024,11
2024-11-06,24.729993343725823,0.6673277,34.97421182692051,0,311,2024,11
2024-11-07,24.669993345066928,0.673313,34.966582199558616,0,312,2024,11
2024-11-08,24.819993341714166,0.9762652,34.94979701936245,0,313,2024,11
2024-11-09,24.969993338361405,0.48407823,34.95284887030721,0,314,2024,11
2024-11-10,25.21999333277347,0.20954159,34.93758961558342,0,315,2024,11
2024-11-11,25.33999333009126,0.26012397,34.90401925519109,0,316,2024,11
2024-11-12,25.36999332942071,0.1320186,34.87807852216065,0,317,2024,11
2024-11-13,25.509993326291465,0.13080777,34.870448894798756,0,318,2024,11
2024-11-14,25.75999332070353,0.14814745,34.87807852216065,0,319,2024,11
2024-11-15,25.579993324726843,0.14012785,34.88113037310541,0,320,2024,11
2024-11-16,25.669993322715186,0.15267208,34.87960444763303,0,321,2024,11
2024-11-17,25.889993317797803,0.12233662,34.884182224050164,0,322,2024,11
2024-11-18,26.009993315115594,0.16136993,34.882656298577785,0,323,2024,11
2024-11-19,26.10999331288042,0.1517166,34.884182224050164,0,324,2024,11
2024-11-20,25.91999331712725,0.21354409,34.88570814952254,0,325,2024,11
2024-11-21,25.95999331623318,0.25283965,34.884182224050164,0,326,2024,11
2024-11-22,25.739993321150564,0.25762656,34.88113037310541,0,327,2024,11
2024-11-23,25.83999331891539,0.20116134,34.882656298577785,0,328,2024,11
2024-11-24,25.869993318244838,0.2109467,34.884182224050164,0,329,2024,11
2024-11-25,26.019993314892076,0.20280336,34.87960444763303,0,330,2024,11
2024-11-26,25.979993315786146,0.16743875,34.88113037310541,0,331,2024,11
2024-11-27,26.289993308857106,0.16582783,34.89181185141206,0,332,2024,11
2024-11-28,26.87999329566958,0.11968281,34.89944147877395,0,333,2024,11
2024-11-29,27.089993290975713,0.15096146,34.907071106135845,0,334,2024,11
2024-11-30,27.109993290528678,0.19073889,34.90554518066347,0,335,2024,11
2024-12-01,26.439993305504345,0.34428868,34.89333777688444,0,336,2024,12
2024-12-02,26.279993309080623,0.39572892,34.882656298577785,0,337,2024,12
2024-12-03,25.899993317574285,0.39416674,34.870448894798756,0,338,2024,12
2024-12-04,25.829993319138907,0.16085194,34.85061186365783,0,339,2024,12
2024-12-05,25.7199933215976,0.18962751,34.847560012713075,0,340,2024,12
2024-12-06,25.579993324726843,0.1812099,34.858241491019726,0,341,2024,12
2024-12-07,25.2599933318794,1.0444467,34.86587111838162,0,342,2024,12
2024-12-08,25.009993337467336,0.42582342,34.867397043854,0,343,2024,12
2024-12-09,25.009993337467336,0.3100954,34.83993038535118,0,344,2024,12
2024-12-10,25.089993335679196,0.26155436,34.71785634756088,0,345,2024,12
2024-12-11,25.09999333545568,0.17717825,34.77126373909414,0,346,2024,12
2024-12-12,25.739993321150564,0.1772816,34.80483409948647,0,347,2024,12
2024-12-13,27.559993280470394,0.17196509,34.80636002495885,0,348,2024,12
2024-12-14,27.909993272647284,0.109198436,34.821619279682636,0,349,2024,12
2024-12-15,27.839993274211906,0.114724115,34.833826683461666,0,350,2024,12
2024-12-16,28.039993269741558,0.12432674,34.846034087240696,0,351,2024,12
2024-12-17,28.059993269294523,0.14042455,34.847560012713075,0,352,2024,12
2024-12-18,27.999993270635628,0.120989904,34.821619279682636,0,353,2024,12
2024-12-19,28.059993269294523,0.1805186,34.8170415032655,0,354,2024,12
2024-12-20,28.19999326616528,0.13172585,34.8170415032655,0,355,2024,12
2024-12-21,28.43999326080086,0.121982865,34.775841515511274,0,356,2024,12
2024-12-22,28.569993257895135,0.11144622,34.70107116736472,0,357,2024,12
2024-12-23,28.609993257001065,0.16930464,34.6736045088619,0,358,2024,12
2024-12-24,28.309993263706588,0.11875479,34.71022672019899,0,359,2024,12
2024-12-25,28.209993265941762,0.14967313,34.786522993817925,0,360,2024,12
2024-12-26,27.799993275105976,0.2139395,34.821619279682636,0,361,2024,12
2024-12-27,28.179993266612314,0.18422586,34.835352608934045,0,362,2024,12
2024-12-28,28.449993260577344,0.19971916,34.83077483251691,0,363,2024,12
2024-12-29,28.679993255436443,0.18021211,34.836878534406424,0,364,2024,12
2024-12-30,29.199993243813537,0.20532641,34.809411875903606,0,365,2024,12
2024-12-31,29.63999323397877,0.14926961,34.78194521740079,0,366,2024,12
2025-01-01,29.759993231296562,0.1747907,34.78347114287317,0,1,2025,1
2025-01-02,30.049993224814557,0.18759821,34.80178224854171,0,2,2025,1
2025-01-03,29.71999323219063,0.10934125,34.81856742873788,0,3,2025,1
2025-01-04,29.389993239566707,0.16453917,34.809411875903606,0,4,2025,1
2025-01-05,28.989993248507403,0.382063,34.786522993817925,0,5,2025,1
2025-01-06,28.959993249177955,0.2161826,34.76973781362176,0,6,2025,1
2025-01-07,28.909993250295543,0.21502483,34.763634111732244,0,7,2025,1
2025-01-08,28.93999324962499,0.21100149,34.75905633531511,0,8,2025,1
2025-01-09,29.43999323844912,0.13042283,34.76973781362176,0,9,2025,1
2025-01-10,29.549993235990428,0.11601563,34.763634111732244,0,10,2025,1
2025-01-11,29.489993237331532,0.18491802,34.76058226078749,0,11,2025,1
2025-01-12,29.35999324023726,0.17805927,34.76973781362176,0,12,2025,1
2025-01-13,29.379993239790224,0.12002728,34.78957484476268,0,13,2025,1
2025-01-14,29.51999323666098,0.1098562,34.78194521740079,0,14,2025,1
2025-01-15,29.469993237778567,0.12461859,34.78499706834555,0,15,2025,1
2025-01-16,29.299993241578363,0.15040718,34.77736744098365,0,16,2025,1
2025-01-17,28.269993264600657,0.20832045,34.763634111732244,0,17,2025,1
2025-01-18,28.00999327041211,0.33651796,34.74684893153608,0,18,2025,1
2025-01-19,27.909993272647284,0.33945987,34.71022672019899,0,19,2025,1
2025-01-20,27.839993274211906,0.48073336,34.534745290875435,0,20,2025,1
2025-01-21,27.669993278011702,0.28552985,34.20209353789687,0,21,2025,1
2025-01-22,29.63999323397877,0.30075106,33.98998989723623,0,22,2025,1
2025-01-23,29.469993237778567,0.38133878,33.802301064133644,0,23,2025,1
2025-01-24,29.459993238002085,0.73273474,34.006775077432394,0,24,2025,1
2025-01-25,29.229993243142985,0.57173973,34.27533796057105,0,25,2025,1
2025-01-26,29.379993239790224,0.49616146,34.35010830871761,0,26,2025,1
2025-01-27,29.349993240460776,0.5645791,34.38825644552708,0,27,2025,1
2025-01-28,29.659993233531736,0.35872978,34.377574967220426,0,28,2025,1
2025-01-29,29.959993226826214,0.32556787,34.36384163796902,0,29,2025,1
2025-01-30,29.999993225932144,0.50704277,34.32416757568717,0,30,2025,1
2025-01-31,30.169993222132348,0.42211476,34.269234258681536,0,31,2025,1
2025-02-01,30.189993221685313,0.30877432,34.17004910297692,0,32,2025,2
2025-02-02,30.24999322034421,0.19762507,34.22498241998255,0,33,2025,2
2025-02-03,30.17999322190883,0.17287134,34.258552780374885,0,34,2025,2
2025-02-04,30.089993223920487,0.2359561,34.31043424643576,0,35,2025,2
2025-02-05,30.90999320559206,0.15824006,34.34705645777285,0,36,2025,2
2025-02-06,30.789993208274268,0.16798805,34.33484905399382,0,37,2025,2
2025-02-07,30.499993214756273,0.18339434,34.32416757568717,0,38,2025,2
2025-02-08,30.089993223920487,0.22314987,34.51643418520689,0,39,2025,2
2025-02-09,29.47999323755505,0.24824627,34.69954524189234,0,40,2025,2
2025-02-10,28.889993250742577,0.23009339,34.78347114287317,0,41,2025,2
2025-02-11,28.649993256106995,0.3727404,34.835352608934045,0,42,2025,2
2025-02-12,28.249993265047692,0.6512603,34.88113037310541,0,43,2025,2
2025-02-13,27.58999327979984,0.6744886,34.78957484476268,0,44,2025,2
2025-02-14,27.759993276000046,0.56576556,34.440137911587954,0,45,2025,2
2025-02-15,27.919993272423767,0.35162163,34.377574967220426,0,46,2025,2
2025-02-16,28.16999326683583,0.27903062,34.51948603615165,0,47,2025,2
2025-02-17,28.349993262812518,0.21430954,34.461500868201256,0,48,2025,2
2025-02-18,28.70999325476589,0.3486855,34.403515700250864,0,49,2025,2
2025-02-19,28.85999325141313,0.3973446,34.45539716631174,0,50,2025,2
2025-02-20,28.799993252754234,0.2407576,34.424878656864166,0,51,2025,2
2025-02-21,28.8199932523072,0.27160323,34.48133789934218,0,52,2025,2
2025-02-22,29.769993231073045,0.3119077,34.55458232201636,0,53,2025,2
2025-02-23,29.94999322704973,0.23288831,34.61256748996675,0,54,2025,2
2025-02-24,29.86999322883787,0.26903066,34.57899712957442,0,55,2025,2
2025-02-25,29.9099932279438,0.26970986,34.595782309770584,0,56,2025,2
2025-02-26,29.97999322637918,0.27660012,34.59273045882583,0,57,2025,2
2025-02-27,30.189993221685313,0.20192248,34.534745290875435,0,58,2025,2
2025-02-28,30.439993216097378,0.16847377,34.48896752670407,0,59,2025,2
2025-03-01,30.51999321430924,0.1554837,34.44471568800509,1,60,2025,3
2025-03-02,30.509993214532756,0.17141616,34.41877495497465,0,61,2025,3
2025-03-03,30.369993217662,0.2123612,34.45997494272888,0,62,2025,3
2025-03-04,30.369993217662,0.19253317,34.56373787485063,0,63,2025,3
2025-03-05,30.499993214756273,0.15841909,34.57899712957442,0,64,2025,3
2025-03-06,30.48999321497979,0.18741177,34.61409341543913,0,65,2025,3
2025-03-07,30.29999321922662,0.1616474,34.64613785035908,0,66,2025,3
2025-03-08,29.929993227496766,0.36730847,34.6446119248867,0,67,2025,3
2025-03-09,29.499993237108015,0.28531966,34.653767477720976,0,68,2025,3
2025-03-10,28.799993252754234,0.2935034,34.66139710508287,0,69,2025,3
2025-03-11,28.449993260577344,0.26618412,34.66444895602763,0,70,2025,3
2025-03-12,28.529993258789204,0.23435903,34.667500806972384,0,71,2025,3
2025-03-13,29.069993246719264,0.1993019,34.704123018309474,0,72,2025,3
2025-03-14,29.069993246719264,0.18923879,34.73158967681229,0,73,2025,3
2025-03-15,29.229993243142985,0.20961942,34.76821188814938,0,74,2025,3
2025-03-16,29.09999324604871,0.21128698,34.7956785466522,0,75,2025,3
2025-03-17,29.179993244260572,0.20324269,34.77889336645603,0,76,2025,3
2025-03-18,29.589993235096358,0.20521456,34.751426707953215,0,77,2025,3
2025-03-19,29.389993239566707,0.15154737,34.73464152775705,0,78,2025,3
2025-03-20,29.529993236437463,0.16887265,34.725485974922776,0,79,2025,3
2025-03-21,29.459993238002085,0.16486222,34.70717486925423,0,80,2025,3
2025-03-22,29.6799932330847,0.14937028,34.70717486925423,0,81,2025,3
2025-03-23,30.05999322459104,0.15392548,34.73311560228467,0,82,2025,3
2025-03-24,30.24999322034421,0.14760038,34.74379708059132,0,83,2025,3
2025-03-25,30.699993210285925,0.14239515,34.6522415522486,0,84,2025,3
2025-03-26,30.739993209391855,0.10838224,34.617145266383886,0,85,2025,3
2025-03-27,30.71999320983889,0.13124186,34.62782674469054,0,86,2025,3
2025-03-28,30.739993209391855,0.14433621,34.641560073941946,0,87,2025,3
2025-03-29,30.649993211403512,0.18706037,34.64766377583146,0,88,2025,3
2025-03-30,30.589993212744616,0.10735432,34.653767477720976,0,89,2025,3
2025-03-31,30.52999321408572,0.1211503,34.66292303055525,0,90,2025,3
2025-04-01,30.51999321430924,0.10509205,34.667500806972384,0,91,2025,4
2025-04-02,30.29999321922662,0.15105149,34.65987117961049,0,92,2025,4
2025-04-03,30.1399932228029,0.15804535,34.617145266383886,0,93,2025,4
2025-04-04,30.169993222132348,0.14858353,34.6232489682734,0,94,2025,4
2025-04-05,30.089993223920487,0.11284814,34.63545637205243,0,95,2025,4
2025-04-06,29.999993225932144,0.12945597,34.64003414846957,0,96,2025,4
2025-04-07,29.93999322727325,0.17487784,34.63698229752481,1,97,2025,4
2025-04-08,29.889993228390836,0.20920579,34.632404521107674,0,98,2025,4
2025-04-09,29.929993227496766,0.20829684,34.630878595635295,0,99,2025,4
2025-04-10,30.05999322459104,0.2333177,34.63850822299719,0,100,2025,4
2025-04-11,30.119993223249935,0.19397137,34.6446119248867,0,101,2025,4
2025-04-12,30.199993221461796,0.23683622,34.59883416071534,0,102,2025,4
2025-04-13,29.769993231073045,0.29976982,34.53779714182019,0,103,2025,4
2025-04-14,29.47999323755505,0.5709462,34.51796011067927,0,104,2025,4
2025-04-15,29.36999324001374,0.67516947,34.510330483317375,0,105,2025,4
2025-04-16,29.279993242025398,0.73772717,34.499649005010724,0,106,2025,4
2025-04-17,28.909993250295543,0.9727394,34.54237491823733,0,107,2025,4
2025-04-18,28.69999325498941,0.505014,34.56526380032301,0,108,2025,4
2025-04-19,28.839993251860164,0.2797885,34.51948603615165,0,109,2025,4
2025-04-20,28.929993249848508,0.13067466,34.45997494272888,0,110,2025,4
2025-04-21,29.24999324269595,0.11500813,34.44318976253271,0,111,2025,4
2025-04-22,29.489993237331532,0.14784792,34.44776753894985,0,112,2025,4
2025-04-23,29.40999323911967,0.17589344,34.44166383706033,0,113,2025,4
2025-04-24,29.36999324001374,0.15758781,34.415723104029894,0,114,2025,4
2025-04-25,29.149993244931125,0.19728297,34.4294564332813,0,115,2025,4
2025-04-26,29.069993246719264,0.17532524,34.44166383706033,0,116,2025,4
2025-04-27,28.929993249848508,0.11719235,34.39283422194421,0,117,2025,4
2025-04-28,28.799993252754234,0.14357747,34.331797203049064,0,118,2025,4
2025-04-29,28.74999325387182,0.17942807,34.30890832096338,0,119,2025,4
2025-04-30,28.69999325498941,0.19729608,34.27533796057105,0,120,2025,4
2025-05-01,28.889993250742577,0.1852759,34.221930569037795,0,121,2025,5
2025-05-02,28.919993250072025,0.32956815,34.09527875483036,0,122,2025,5
2025-05-03,28.989993248507403,0.16937113,33.9777824934572,0,123,2025,5
2025-05-04,28.85999325141313,0.18338554,33.957945462316275,0,124,2025,5
2025-05-05,28.799993252754234,0.19103502,34.01287877932191,0,125,2025,5
2025-05-06,28.73999325409534,0.23825417,34.27228610962629,0,126,2025,5
2025-05-07,28.889993250742577,0.17721449,34.46455271914601,0,127,2025,5
2025-05-08,28.949993249401473,0.13418284,34.36078978702426,0,128,2025,5
2025-05-09,29.149993244931125,0.25223932,33.82213809527457,0,129,2025,5
2025-05-10,29.219993243366503,0.21297145,33.56273076497018,0,130,2025,5
2025-05-11,29.20999324359002,0.22321211,33.60393075272441,0,131,2025,5
2025-05-12,29.109993245825194,0.19734406,33.729056641459465,0,132,2025,5
2025-05-13,29.0499932471663,0.25873753,33.89385659247637,1,133,2025,5
2025-05-14,28.97999324873092,0.19607131,33.96099731326103,0,134,2025,5
2025-05-15,28.879993250966095,0.22550675,33.994567673653364,0,135,2025,5
2025-05-16,28.77999325320127,0.20966911,33.741264045238495,0,136,2025,5
2025-05-17,28.649993256106995,0.27250606,33.42387154698372,0,137,2025,5
2025-05-18,28.5899932574481,0.18132009,33.42387154698372,0,138,2025,5
2025-05-19,28.649993256106995,0.22032112,33.34910119883716,0,139,2025,5
2025-05-20,28.50999325923624,0.21467204,33.49101226776838,0,140,2025,5
2025-05-21,28.349993262812518,0.45562544,33.718375163152814,0,141,2025,5
2025-05-22,27.57999328002336,0.34691375,33.77178255468607,0,142,2025,5
2025-05-23,27.38999328427019,0.35380036,34.08307135105133,0,143,2025,5
2025-05-24,27.38999328427019,0.26812458,34.2143009416759,0,144,2025,5
2025-05-25,27.719993276894115,0.274084,34.246345376595855,0,145,2025,5
2025-05-26,27.569993280246877,0.46299154,34.30890832096338,0,146,2025,5
2025-05-27,27.42999328337612,0.26697886,34.354686085134745,0,147,2025,5
2025-05-28,27.359993284940742,0.21545398,34.38062681816518,0,148,2025,5
2025-05-29,27.009993292763852,0.17992511,34.15478984825313,0,149,2025,5
2025-05-30,27.2699932869524,0.15739858,34.0998565312475,0,150,2025,5
2025-05-31,27.409993283823155,0.3285391,33.55662706308067,0,151,2025,5
2025-06-01,27.38999328427019,0.29495186,33.475753013044596,0,152,2025,6
2025-06-02,27.049993291869782,0.27233335,33.54594558477402,0,153,2025,6
2025-06-03,26.979993293434404,0.24970488,33.765678852796555,0,154,2025,6
2025-06-04,27.099993290752195,0.42527544,34.00830100290477,0,155,2025,6
2025-06-05,27.069993291422747,0.2223785,34.29670091718435,0,156,2025,6
2025-06-06,26.909993294999026,0.45592692,34.412671253085136,0,157,2025,6
2025-06-07,26.739993298798822,0.38287428,34.415723104029894,0,158,2025,6
2025-06-08,26.72999329902234,0.32175547,34.40656755119562,0,159,2025,6
2025-06-09,26.679993300139927,0.2957088,34.33790090493858,0,160,2025,6
2025-06-10,26.61999330148103,0.30579022,34.15478984825313,0,161,2025,6
2025-06-11,26.549993303045653,0.36928254,34.20819723978639,0,162,2025,6
2025-06-12,26.529993303492688,0.34596664,34.32111572474241,0,163,2025,6
2025-06-13,26.469993304833793,0.26670593,34.39741199836135,0,164,2025,6
2025-06-14,26.29999330863359,0.21503796,34.43403420969844,0,165,2025,6
2025-06-15,25.969993316009663,0.2028393,34.46455271914601,0,166,2025,6
2025-06-16,26.409993306174897,0.3879376,34.48133789934218,0,167,2025,6
2025-06-17,26.409993306174897,0.59650266,34.48133789934218,0,168,2025,6
2025-06-18,26.509993303939723,0.29221106,34.46455271914601,1,169,2025,6
2025-06-19,26.279993309080623,0.2525137,34.437086060643196,0,170,2025,6
2025-06-20,26.129993312433385,0.23677613,34.438611986115575,0,171,2025,6
2025-06-21,25.98999331556263,0.3320519,34.49201937764883,0,172,2025,6
2025-06-22,25.869993318244838,0.25993755,34.51490825973451,0,173,2025,6
2025-06-23,25.7199933215976,0.3178804,34.534745290875435,0,174,2025,6
2025-06-24,25.4899933267385,0.26874423,34.546952694654465,0,175,2025,6
2025-06-25,25.389993328973674,0.22891162,34.521011961624026,0,176,2025,6
2025-06-26,25.329993330314778,0.35599363,34.49659715406597,0,177,2025,6
2025-06-27,25.40999332852664,0.39428574,34.68886376358569,2,178,2025,6
2025-06-28,25.549993325397395,0.45210275,34.6949674654752,0,179,2025,6
2025-06-29,25.539993325620912,0.41198,34.5728934276849,0,180,2025,6
2025-06-30,25.41999332830312,0.40051937,34.54237491823733,0,181,2025,6
2025-07-01,25.539993325620912,0.33424976,34.6522415522486,0,182,2025,7
2025-07-02,25.549993325397395,0.5594963,34.58815268240869,0,183,2025,7
2025-07-03,25.4899933267385,0.2853209,34.62172304280102,0,184,2025,7
2025-07-04,25.10999333523216,0.34260368,34.62630081921816,0,185,2025,7
2025-07-05,25.05999333634975,0.24435635,34.69344154000282,1,186,2025,7
2025-07-06,24.94999333880844,0.2394275,34.788048919290304,0,187,2025,7
2025-07-07,24.94999333880844,0.27229697,34.76058226078749,0,188,2025,7
2025-07-08,24.889993340149545,0.3142507,34.7239600494504,0,189,2025,7
2025-07-09,24.649993345513963,0.42079392,34.73158967681229,0,190,2025,7
2025-07-10,24.579993347078585,0.33045754,34.70107116736472,0,191,2025,7
2025-07-11,24.429993350431346,0.42874244,34.64766377583146,0,192,2025,7
2025-07-12,24.569993347302102,0.37738755,34.595782309770584,0,193,2025,7
2025-07-13,24.699993344396376,0.3249274,34.56221194937825,0,194,2025,7
2025-07-14,24.739993343502306,0.37328395,34.571367502212524,0,195,2025,7
2025-07-15,24.71999334394934,0.31892115,34.58967860788107,0,196,2025,7
2025-07-16,24.59999334663155,0.38576713,34.61561934091151,0,197,2025,7
2025-07-17,24.589993346855067,0.30012667,34.653767477720976,0,198,2025,7
2025-07-18,24.55999334752562,0.32209125,34.74379708059132,0,199,2025,7
2025-07-19,24.589993346855067,0.48797402,34.78499706834555,0,200,2025,7
2025-07-20,24.469993349537276,0.3508213,34.77736744098365,0,201,2025,7
2025-07-21,24.399993351101898,0.4049766,34.73616745322943,0,202,2025,7
2025-07-22,24.419993350654863,0.3215387,34.7453230060637,0,203,2025,7
2025-07-23,24.17999335601928,0.18983278,34.78347114287317,0,204,2025,7
2025-07-24,24.009993359819077,0.22899643,34.78957484476268,0,205,2025,7
2025-07-25,23.969993360713147,0.3615305,34.766685962677,0,206,2025,7
2025-07-26,23.879993362724804,0.22430195,34.775841515511274,0,207,2025,7
2025-07-27,23.889993362501286,0.39757562,34.80178224854171,0,208,2025,7
2025-07-28,23.82999336384239,0.33558533,34.812463726848364,0,209,2025,7
2025-07-29,23.86999336294832,0.42809856,34.81856742873788,0,210,2025,7
2025-07-30,23.619993368536257,0.25106975,34.82619705609977,0,211,2025,7
2025-07-31,23.619993368536257,1.1463113,34.812463726848364,0,212,2025,7
2025-08-01,23.799993364512943,0.31693926,34.810937801375985,0,213,2025,8
2025-08-02,23.959993360936664,0.22352728,34.84450816176832,0,214,2025,8
2025-08-03,23.90999336205425,0.25271255,34.86281926743686,0,215,2025,8
2025-08-04,23.82999336384239,0.26412117,34.86892296932638,0,216,2025,8
2025-08-05,23.85999336317184,0.37978217,34.87960444763303,0,217,2025,8
2025-08-06,23.82999336384239,0.33083585,34.882656298577785,0,218,2025,8
2025-08-07,23.739993365854048,0.46389976,34.907071106135845,0,219,2025,8
2025-08-08,23.689993366971635,0.37861085,34.931485913693905,0,220,2025,8
2025-08-09,24.009993359819077,0.29103646,34.90096740424633,0,221,2025,8
2025-08-10,24.039993359148525,0.2565932,34.87350074574351,0,222,2025,8
2025-08-11,24.109993357583903,0.35622132,34.92843406274915,0,223,2025,8
2025-08-12,23.949993361160182,0.34843364,34.95742664672434,1,224,2025,8
2025-08-13,24.049993358925008,0.32000166,34.91164888255298,1,225,2025,8
2025-08-14,24.12999335713687,0.22540851,34.9101229570806,0,226,2025,8
2025-08-15,24.119993357360386,0.43723756,34.92690813727677,0,227,2025,8
2025-08-16,24.229993354901694,0.2543649,34.9391155410558,0,228,2025,8
2025-08-17,24.36999335177245,0.3683306,34.933011839166284,0,229,2025,8
2025-08-18,24.459993349760794,0.22170585,34.920804435387254,0,230,2025,8
2025-08-19,24.48999334909024,0.26282066,34.92233036085963,0,231,2025,8
2025-08-20,24.499993348866724,0.22133856,34.896389627829194,0,232,2025,8
2025-08-21,24.469993349537276,0.20365264,34.871974820271134,0,233,2025,8
2025-08-22,24.429993350431346,0.20193836,34.809411875903606,0,234,2025,8
2025-08-23,24.279993353784107,0.26550904,34.788048919290304,0,235,2025,8
2025-08-24,24.05999335870149,0.29314747,34.8170415032655,0,236,2025,8
2025-08-25,23.809993364289426,0.23336065,34.84298223629594,0,237,2025,8
2025-08-26,23.469993371889018,0.28127715,34.87502667121589,0,238,2025,8
2025-08-27,23.35999337434771,0.27421832,34.91164888255298,0,239,2025,8
2025-08-28,23.309993375465297,0.3372988,34.920804435387254,0,240,2025,8
2025-08-29,23.31999337524178,0.49106118,34.91622665897012,0,241,2025,8
2025-08-30,23.54999337010088,0.47567558,34.89333777688444,0,242,2025,8
2025-08-31,23.62999336831274,0.44540113,34.882656298577785,0,243,2025,8
2025-09-01,23.609993368759774,0.3419433,34.81856742873788,0,244,2025,9
2025-09-02,23.879993362724804,0.32407463,34.75600448437035,0,245,2025,9
2025-09-03,23.839993363618873,0.26755518,34.76058226078749,0,246,2025,9
2025-09-04,23.889993362501286,0.22062741,34.77278966456652,0,247,2025,9
2025-09-05,23.78999336473646,0.24576099,34.79720447212458,0,248,2025,9
2025-09-06,23.729993366077565,0.24839824,34.84298223629594,0,249,2025,9
2025-09-07,23.619993368536257,0.27942583,34.870448894798756,0,250,2025,9
2025-09-08,23.54999337010088,0.28135663,34.8887600004673,0,251,2025,9
2025-09-09,23.389993373677157,0.3834143,34.90249332971871,0,252,2025,9
2025-09-10,23.299993375688814,0.3929892,34.896389627829194,0,253,2025,9
2025-09-11,23.32999337501826,0.3173749,34.90249332971871,0,254,2025,9
2025-09-12,23.349993374571227,0.2896975,34.89028592593968,0,255,2025,9
2025-09-13,23.459993372112535,0.27415296,34.894863702356815,0,256,2025,9
2025-09-14,23.51999337077143,0.2516813,34.90096740424633,0,257,2025,9
2025-09-15,23.229993377253436,0.30361706,34.92538221180439,0,258,2025,9
2025-09-16,23.109993379935645,0.7247943,34.95284887030721,0,259,2025,9
2025-09-17,23.08999338038268,0.47719187,34.96963405050337,0,260,2025,9
2025-09-18,23.119993379712128,0.77364755,34.98336737975478,0,261,2025,9
2025-09-19,23.419993373006605,0.61760443,34.99710070900619,0,262,2025,9
2025-09-20,23.799993364512943,0.33015892,35.003204410895705,0,263,2025,9
2025-09-21,23.969993360713147,0.27487692,34.990997007116675,0,264,2025,9
2025-09-22,23.949993361160182,0.22596034,34.954374795779586,0,265,2025,9
2025-09-23,23.889993362501286,0.21876207,34.92385628633201,0,266,2025,9
2025-09-24,24.009993359819077,0.21085216,34.91164888255298,0,267,2025,9
2025-09-25,24.159993356466316,0.17382503,34.87807852216065,0,268,2025,9
2025-09-26,24.36999335177245,0.20188859,34.907071106135845,0,269,2025,9
2025-09-27,24.229993354901694,0.21610218,34.95132294483483,0,270,2025,9
2025-09-28,24.089993358030938,0.29311177,34.966582199558616,0,271,2025,9
2025-09-29,23.879993362724804,0.36213043,34.97573775239289,0,272,2025,9
2025-09-30,23.86999336294832,0.50625205,34.9818414542824,0,273,2025,9
2025-10-01,23.9399933613837,0.3210855,34.97573775239289,0,274,2025,10
2025-10-02,24.229993354901694,0.22896378,34.966582199558616,0,275,2025,10
2025-10-03,24.379993351548933,0.17263597,34.96353034861386,0,276,2025,10
2025-10-04,24.51999334841969,0.17263304,34.96505627408624,0,277,2025,10
2025-10-05,24.1699933562428,0.23331578,34.97268590144813,0,278,2025,10
2025-10-06,23.97999336048963,0.24753465,34.97115997597575,0,279,2025,10
2025-10-07,24.01999335959556,0.2605879,34.97573775239289,0,280,2025,10
2025-10-08,23.619993368536257,0.3205502,34.98336737975478,0,281,2025,10
2025-10-09,23.219993377476953,0.37859064,34.990997007116675,0,282,2025,10
2025-10-10,23.259993376582884,0.6809453,34.9894710816443,0,283,2025,10
2025-10-11,23.259993376582884,1.0323886,34.9894710816443,0,284,2025,10
2025-10-12,23.299993375688814,0.68257105,34.98336737975478,0,285,2025,10
2025-10-13,23.55999336987736,0.46240643,34.96505627408624,0,286,2025,10
2025-10-14,23.529993370547913,0.36800522,34.91622665897012,0,287,2025,10
2025-10-15,23.59999336898329,0.38836303,34.88723407499492,0,288,2025,10
2025-10-16,23.719993366301082,0.31093287,34.89333777688444,0,289,2025,10
2025-10-17,23.90999336205425,0.2737439,34.920804435387254,0,290,2025,10
2025-10-18,23.969993360713147,0.31549102,34.943693317472935,0,291,2025,10
2025-10-19,23.7099933665246,0.3409104,34.94827109389007,0,292,2025,10
2025-10-20,23.579993369430326,0.40165818,34.955900721251965,0,293,2025,10
2025-10-21,23.51999337077143,0.4311272,34.96505627408624,0,294,2025,10
2025-10-22,23.529993370547913,0.6214643,34.96505627408624,0,295,2025,10
2025-10-23,23.489993371441983,0.5307956,34.9604784976691,0,296,2025,10
2025-10-24,23.39999337345364,0.35613236,34.955900721251965,0,297,2025,10
2025-10-25,23.349993374571227,0.38288918,34.95895257219672,0,298,2025,10
2025-10-26,23.379993373900675,0.41512534,34.96200442314148,0,299,2025,10
2025-10-27,23.569993369653844,0.42937872,34.9604784976691,0,300,2025,10
2025-10-28,23.769993365183495,0.33315665,34.943693317472935,0,301,2025,10
2025-10-29,23.759993365407013,0.23189823,34.92690813727677,0,302,2025,10
2025-10-30,23.78999336473646,0.36045194,34.919278509914875,0,303,2025,10
2025-10-31,23.74999336563053,0.23875791,34.91622665897012,0,304,2025,10
2025-11-01,23.879993362724804,0.45961374,34.9101229570806,0,305,2025,11
2025-11-02,24.009993359819077,0.65451497,34.907071106135845,0,306,2025,11
2025-11-03,24.21999335512521,0.3177923,34.89181185141206,0,307,2025,11
2025-11-04,23.989993360266112,0.26177648,34.870448894798756,0,308,2025,11
2025-11-05,23.799993364512943,0.21761738,34.85671556554735,0,309,2025,11
2025-11-06,23.85999336317184,0.39506596,34.85671556554735,0,310,2025,11
2025-11-07,23.849993363395356,0.36546934,34.86281926743686,0,311,2025,11
2025-11-08,23.82999336384239,0.32501042,34.86434519290924,0,312,2025,11
2025-11-09,23.78999336473646,0.29099947,34.84450816176832,0,313,2025,11
2025-11-10,23.989993360266112,0.27789935,34.81856742873788,0,314,2025,11
2025-11-11,24.419993350654863,0.2565717,34.79720447212458,0,315,2025,11
2025-11-12,25.13999333456161,0.15664636,34.786522993817925,0,316,2025,11
2025-11-13,24.889993340149545,0.15588164,34.786522993817925,0,317,2025,11
2025-11-14,24.7999933421612,0.21930759,34.78194521740079,0,318,2025,11
2025-11-15,24.589993346855067,0.20100442,34.78347114287317,0,319,2025,11
2025-11-16,24.579993347078585,0.41000342,34.79415262117982,0,320,2025,11
2025-11-17,25.039993336796783,0.32123232,34.812463726848364,0,321,2025,11
2025-11-18,25.159993334114574,0.19089726,34.82772298157215,0,322,2025,11
2025-11-19,25.349993329867743,0.1531236,34.82924890704453,0,323,2025,11
2025-11-20,25.279993331432365,0.13719516,34.8170415032655,0,324,2025,11
2025-11-21,25.129993334785127,0.15461735,34.788048919290304,0,325,2025,11
2025-11-22,24.739993343502306,0.26686543,34.76516003720462,0,326,2025,11
2025-11-23,24.339993352443003,0.24825428,34.76516003720462,0,327,2025,11
2025-11-24,24.049993358925008,0.27988505,34.77278966456652,0,328,2025,11
2025-11-25,24.13999335691335,0.29378676,34.774315590038896,0,329,2025,11
2025-11-26,24.13999335691335,0.26804474,34.78347114287317,0,330,2025,11
2025-11-27,23.89999336227777,0.856823,34.80483409948647,0,331,2025,11
2025-11-28,23.529993370547913,0.5859237,34.83993038535118,0,332,2025,11
2025-11-29,23.7099933665246,2.0292323,34.86281926743686,0,333,2025,11
2025-11-30,24.159993356466316,0.2300203,34.86281926743686,0,334,2025,11
2025-12-01,24.739993343502306,0.26667175,34.846034087240696,0,335,2025,12
2025-12-02,25.209993332996987,0.26778954,34.821619279682636,0,336,2025,12
2025-12-03,24.98999333791437,0.31629348,34.79262669570744,0,337,2025,12
2025-12-04,24.7999933421612,0.19245096,34.763634111732244,0,338,2025,12
2025-12-05,24.55999334752562,0.22840765,34.74227115511894,0,339,2025,12
2025-12-06,24.459993349760794,0.3290596,34.739219304174185,0,340,2025,12
2025-12-07,24.52999334819617,0.4492949,34.737693378701806,0,341,2025,12
2025-12-08,24.549993347749137,0.44881284,34.737693378701806,0,342,2025,12
2025-12-09,24.429993350431346,0.2834269,34.737693378701806,0,343,2025,12
2025-12-10,24.44999334998431,0.32102883,34.73616745322943,0,344,2025,12
2025-12-11,24.389993351325415,0.53509176,34.727011900395155,0,345,2025,12
2025-12-12,24.569993347302102,1.6357464,34.72090819850564,0,346,2025,12
2025-12-13,25.249993332102918,0.6674315,34.72090819850564,0,347,2025,12
2025-12-14,25.389993328973674,0.22071636,34.71785634756088,0,348,2025,12
2025-12-15,25.72999332137408,0.35231203,34.713278571143746,0,349,2025,12
2025-12-16,25.589993324503325,0.19579598,34.70870079472661,0,350,2025,12
2025-12-17,25.67999332249167,0.18033601,34.714804496616125,0,351,2025,12
2025-12-18,26.02999331466856,0.1961686,34.74074522964656,0,352,2025,12
2025-12-19,26.389993306621932,0.3307188,34.76516003720462,0,353,2025,12
2025-12-20,26.549993303045653,0.2113939,34.762108186259866,0,354,2025,12
2025-12-21,26.319993308186554,0.27755752,34.74837485700846,0,355,2025,12
2025-12-22,26.479993304610275,0.21446276,34.74379708059132,0,356,2025,12
2025-12-23,26.68999329991641,0.31682283,34.74379708059132,0,357,2025,12
2025-12-24,26.68999329991641,0.3225966,34.737693378701806,0,358,2025,12
2025-12-25,26.64999330081048,0.37623614,34.73158967681229,0,359,2025,12
2025-12-26,26.25999330952766,0.33283082,34.73311560228467,0,360,2025,12
2025-12-27,26.059993313998007,0.6221901,34.737693378701806,0,361,2025,12
2025-12-28,25.939993316680216,0.31820956,34.737693378701806,0,362,2025,12
2025-12-29,25.91999331712725,0.20443499,34.73464152775705,0,363,2025,12
2025-12-30,26.709993299469375,0.20584315,34.76058226078749,0,364,2025,12
2025-12-31,27.18999328874054,0.18666855,34.79262669570744,0,365,2025,12
2026-01-01,27.15999328941109,0.38519037,34.78499706834555,0,1,2026,1
2026-01-02,26.64999330081048,0.34149867,34.751426707953215,0,2,2026,1
2026-01-03,26.5799933023751,0.1978473,34.713278571143746,0,3,2026,1
2026-01-04,26.479993304610275,0.14996552,34.71938227303326,0,4,2026,1
2026-01-05,26.22999331019821,0.22878724,34.73311560228467,0,5,2026,1
2026-01-06,25.72999332137408,0.2107361,34.751426707953215,0,6,2026,1
2026-01-07,25.549993325397395,0.36761686,34.79720447212458,0,7,2026,1
2026-01-08,26.019993314892076,0.36187124,34.8170415032655,0,8,2026,1
2026-01-09,26.549993303045653,0.20328239,34.80788595043123,0,9,2026,1
2026-01-10,26.45999330505731,0.2608213,34.80788595043123,0,10,2026,1
2026-01-11,26.439993305504345,0.3766527,34.7956785466522,0,11,2026,1
2026-01-12,26.239993309974693,0.4090908,34.78957484476268,0,12,2026,1
2026-01-13,26.089993313327454,0.36545628,34.78957484476268,0,13,2026,1
2026-01-14,26.079993313550972,0.43028343,34.788048919290304,0,14,2026,1
2026-01-15,26.219993310421728,0.32128206,34.788048919290304,0,15,2026,1
2026-01-16,27.0399932920933,0.23118705,34.7956785466522,0,16,2026,1
2026-01-17,27.299993286281847,0.24561444,34.79262669570744,0,17,2026,1
2026-01-18,27.419993283599638,0.19225356,34.7956785466522,0,18,2026,1
2026-01-19,27.129993290081643,0.17823634,34.76973781362176,0,19,2026,1
2026-01-20,27.149993289634608,0.23357777,34.74379708059132,0,20,2026,1
2026-01-21,27.109993290528678,0.29867086,34.70107116736472,0,21,2026,1
2026-01-22,27.449993282929086,0.42558149,34.67055265791714,0,22,2026,1
2026-01-23,27.479993282258533,0.22381341,34.69954524189234,0,23,2026,1
2026-01-24,27.339993285387777,0.14983912,34.737693378701806,0,24,2026,1
2026-01-25,26.169993311539315,0.2236985,34.76973781362176,0,25,2026,1
2026-01-26,25.33999333009126,0.23301047,34.809411875903606,0,26,2026,1
2026-01-27,25.17999333366754,0.95913494,34.86587111838162,0,27,2026,1
2026-01-28,24.339993352443003,0.572548,34.93758961558342,0,28,2026,1
2026-01-29,24.649993345513963,1.1566955,34.97421182692051,0,29,2026,1
2026-01-30,24.659993345290445,0.90647435,34.98489330522716,0,30,2026,1
2026-01-31,24.979993338137888,0.5426694,34.9894710816443,0,31,2026,1
2026-02-01,26.099993313103937,0.36460525,34.96505627408624,0,32,2026,2
2026-02-02,27.34999328516426,0.20393004,34.871974820271134,0,33,2026,2
2026-02-03,27.069993291422747,0.19028255,34.89791555330157,0,34,2026,2
2026-02-04,26.749993298575305,0.21915604,34.97726367786527,0,35,2026,2
2026-02-05,26.429993305727862,0.20763962,34.9894710816443,1,36,2026,2
2026-02-06,26.479993304610275,0.25498697,34.97573775239289,0,37,2026,2
2026-02-07,25.99999331533911,0.2530346,34.99710070900619,0,38,2026,2
2026-02-08,25.99999331533911,0.2583777,34.77889336645603,0,39,2026,2
2026-02-09,26.629993301257514,0.30448607,34.58815268240869,0,40,2026,2
2026-02-10,26.589993302151584,0.37588704,34.21277501620352,0,41,2026,2
2026-02-11,26.5799933023751,1.1455433,34.29975276812911,0,42,2026,2
2026-02-12,26.53999330326917,0.8500899,34.61256748996675,0,43,2026,2
2026-02-13,26.409993306174897,0.5544208,34.737693378701806,0,44,2026,2
2026-02-14,26.209993310645245,0.29943356,34.728537825867534,0,45,2026,2
2026-02-15,26.099993313103937,0.22902496,34.775841515511274,0,46,2026,2
2026-02-16,25.72999332137408,0.41803056,34.83993038535118,0,47,2026,2
2026-02-17,25.539993325620912,0.5743923,34.87350074574351,0,48,2026,2
2026-02-18,26.139993312209867,0.29688045,34.871974820271134,0,49,2026,2
2026-02-19,26.49999330416324,0.31943035,34.809411875903606,0,50,2026,2
2026-02-20,26.18999331109228,0.28301746,34.80178224854171,0,51,2026,2
2026-02-21,26.06999331377449,0.21285968,34.84298223629594,0,52,2026,2
2026-02-22,26.22999331019821,0.17295496,34.87655259668827,0,53,2026,2
2026-02-23,26.739993298798822,0.17661586,34.86281926743686,0,54,2026,2
2026-02-24,27.009993292763852,0.16412333,34.85213778913021,0,55,2026,2
2026-02-25,26.669993300363444,0.2404535,34.84145631082356,0,56,2026,2
2026-02-26,27.059993291646265,0.28432217,34.83230075798929,0,57,2026,2
2026-02-27,26.92999329455199,0.18524091,34.86892296932638,0,58,2026,2
2026-02-28,26.99999329298737,0.221683,34.86129334196448,0,59,2026,2
2026-03-01,26.509993303939723,0.65813833,34.84298223629594,0,60,2026,3
2026-03-02,26.719993299245857,0.43419537,34.83077483251691,0,61,2026,3
2026-03-03,27.359993284940742,0.12908445,34.79262669570744,0,62,2026,3
2026-03-04,27.519993281364464,0.14214091,34.76058226078749,0,63,2026,3
2026-03-05,27.529993281140946,0.14204606,34.70717486925423,0,64,2026,3
2026-03-06,28.54999325834217,0.16375446,34.74837485700846,0,65,2026,3
2026-03-07,28.609993257001065,0.21194975,34.728537825867534,0,66,2026,3
2026-03-08,28.799993252754234,0.29348,34.5728934276849,0,67,2026,3
2026-03-09,28.419993261247896,0.17861225,34.59273045882583,0,68,2026,3
2026-03-10,28.15999326705935,0.28275362,34.63393044658005,0,69,2026,3
2026-03-11,27.319993285834812,0.5798277,34.75753040984273,0,70,2026,3
2026-03-12,26.629993301257514,0.87454355,34.766685962677,0,71,2026,3
2026-03-13,26.709993299469375,0.6830754,34.77126373909414,0,72,2026,3
2026-03-14,26.869993295893096,0.2195651,34.78957484476268,0,73,2026,3
2026-03-15,27.0399932920933,0.20717579,34.788048919290304,0,74,2026,3
2026-03-16,26.989993293210887,0.22550498,34.79415262117982,0,75,2026,3
2026-03-17,27.379993284493708,0.17591003,34.7956785466522,0,76,2026,3
2026-03-18,27.4999932818115,0.1324721,34.774315590038896,0,77,2026,3
2026-03-19,27.679993277788185,0.16876009,34.749900782480836,0,78,2026,3
2026-03-20,27.799993275105976,0.27282113,34.76058226078749,0,79,2026,3
2026-03-21,27.96999327130618,0.19946022,34.80330817401409,0,80,2026,3
2026-03-22,27.61999327912929,0.20218475,34.824671130627394,0,81,2026,3
2026-03-23,27.18999328874054,0.4826612,34.71938227303326,0,82,2026,3
2026-03-24,26.819993297010683,0.82886136,34.74837485700846,0,83,2026,3
2026-03-25,26.719993299245857,0.6648726,34.82009335421026,0,84,2026,3
2026-03-26,26.469993304833793,0.6800424,34.77736744098365,0,85,2026,3
2026-03-27,26.509993303939723,1.5612273,34.18988613411784,0,86,2026,3
2026-03-28,26.95999329388144,1.5867141,34.06933802179992,0,87,2026,3
2026-03-29,27.219993288069986,0.5808703,33.56425669044256,0,88,2026,3
2026-03-30,27.27999328672888,0.5292633,33.727530715987086,0,89,2026,3
2026-03-31,27.2699932869524,0.7310147,34.139530593529344,0,90,2026,3
2026-04-01,,1.2290329,34.34858238324523,0,91,2026,4
2026-04-02,,0.82618827,34.4294564332813,0,92,2026,4
2026-04-03,,1.4009137,34.498123079538345,0,93,2026,4
2026-04-04,,1.2125912,34.53169343993068,0,94,2026,4
2026-04-05,,0.99868864,34.546952694654465,0,95,2026,4
2026-04-06,,1.1628251,34.56221194937825,0,96,2026,4
2026-04-07,,0.68015784,34.583574905991554,0,97,2026,4
2026-04-08,,0.81107426,34.61104156449437,0,98,2026,4
2026-04-09,,0.6929228,34.62477489374578,0,99,2026,4
2026-04-10,,0.738671,34.6446119248867,0,100,2026,4
2026-04-11,,0.5400907,34.67207858338952,0,101,2026,4
2026-04-12,,0.43020102,34.68428598716855,0,102,2026,4
2026-04-13,,0.5653567,34.68581191264093,0,103,2026,4
2026-04-14,,0.5698658,34.68733783811331,0,104,2026,4
2026-04-15,,0.5460613,34.68886376358569,0,105,2026,4
2026-04-16,,0.25426245,34.69649339094758,0,106,2026,4
2026-04-17,,0.32257423,34.704123018309474,0,107,2026,4
2026-04-18,,0.8260877,34.70564894378185,0,108,2026,4
2026-04-19,,1.1615605,34.704123018309474,0,109,2026,4
2026-04-20,,1.3257188,34.70107116736472,0,110,2026,4
2026-04-21,,0.84658706,34.70107116736472,0,111,2026,4
2026-04-22,,0.9266232,34.71938227303326,0,112,2026,4
2026-04-23,,0.94196385,34.727011900395155,0,113,2026,4
2026-04-24,,0.35093048,34.7239600494504,0,114,2026,4
2026-04-25,,0.3504744,34.70717486925423,0,115,2026,4
2026-04-26,,0.37702122,34.653767477720976,0,116,2026,4
2026-04-27,,1.2084147,34.4798119738698,0,117,2026,4
2026-04-28,,1.0450441,34.39283422194421,0,118,2026,4
2026-04-29,,0.4507482,34.31348609738052,0,119,2026,4
2026-04-30,,0.3279714,34.38825644552708,0,120,2026,4
2026-05-01,,0.406751,34.42335273139179,0,121,2026,5
2026-05-02,,0.53678435,34.463026793673635,0,122,2026,5
2026-05-03,,0.42542076,34.52711566351354,0,123,2026,5
2026-05-04,,0.70632666,34.51490825973451,0,124,2026,5
2026-05-05,,0.4317251,34.50575270690024,0,125,2026,5
2026-05-06,,0.25451967,34.499649005010724,0,126,2026,5
2026-05-07,,0.53359187,34.48438975028694,0,127,2026,5
2026-05-08,,0.4724113,34.45692309178412,0,128,2026,5
2026-05-09,,0.42385346,34.41114532761276,0,129,2026,5
2026-05-10,,0.90908974,34.365367563441396,0,130,2026,5
2026-05-11,,0.5301652,34.31196017190814,1,131,2026,5
2026-05-12,,0.618207,34.270760184153914,0,132,2026,5
2026-05-13,,0.6060739,34.30890832096338,0,133,2026,5
2026-05-14,,0.4396114,34.3150120228529,0,134,2026,5
2026-05-15,,0.28346622,34.31043424643576,0,135,2026,5
2026-05-16,,0.34838453,34.318063873797655,0,136,2026,5
2026-05-17,,0.5910914,34.32264165021479,0,137,2026,5
2026-05-18,,0.45028675,34.3577379360795,0,138,2026,5
2026-05-19,,0.4420435,34.449293464422226,0,139,2026,5
2026-05-20,,0.5318837,34.365367563441396,0,140,2026,5
2026-05-21,,0.51838684,34.270760184153914,0,141,2026,5
2026-05-22,,0.3547666,34.30127869360149,0,142,2026,5
2026-05-23,,0.65158653,34.307382395491004,0,143,2026,5
2026-05-24,,0.47493476,34.340952755883336,0,144,2026,5
2026-05-25,,0.9801207,34.27228610962629,0,145,2026,5
2026-05-26,,0.42743808,34.3577379360795,0,146,2026,5
2026-05-27,,0.3831341,34.38520459458232,0,147,2026,5
2026-05-28,,0.51752174,34.328745352104306,0,148,2026,5
2026-05-29,,0.6763886,34.328745352104306,0,149,2026,5
2026-05-30,,0.3433416,34.342478681355715,1,150,2026,5
2026-05-31,,0.34717718,34.36841941438615,0,151,2026,5
2026-06-01,,0.37765312,34.389782370999455,0,152,2026,6
2026-06-02,,0.4386863,34.389782370999455,0,153,2026,6
2026-06-03,,0.46303058,34.3867305200547,0,154,2026,6
2026-06-04,,0.52645916,34.401989774778485,0,155,2026,6
2026-06-05,,0.4591565,34.408093476668,0,156,2026,6
2026-06-06,,0.55357593,34.41114532761276,0,157,2026,6
2026-06-07,,0.2732307,34.41114532761276,0,158,2026,6
2026-06-08,,0.2301405,34.40961940214038,0,159,2026,6
2026-06-09,,0.34715167,34.401989774778485,0,160,2026,6
2026-06-10,,0.44725764,34.39893792383373,1,161,2026,6
2026-06-11,,0.39502823,34.366893488913774,0,162,2026,6
2026-06-12,,0.36382365,34.330271277576685,0,163,2026,6
2026-06-13,,0.26966584,34.25244907848537,0,164,2026,6
2026-06-14,,0.26898402,34.29975276812911,0,165,2026,6
2026-06-15,,0.20598292,34.365367563441396,2,166,2026,6
2026-06-16,,0.24511252,34.39893792383373,0,167,2026,6
2026-06-17,,0.47217238,34.44624161347747,0,168,2026,6
2026-06-18,,0.31748492,34.5301675144583,0,169,2026,6
2026-06-19,,0.27597618,34.56831565126777,0,170,2026,6
2026-06-20,,0.3576601,34.5515304710716,0,171,2026,6
2026-06-21,,0.35663223,34.58510083146393,0,172,2026,6
2026-06-22,,0.25918344,34.5805230550468,0,173,2026,6
2026-06-23,,0.2980326,34.61104156449437,0,174,2026,6
2026-06-24,,0.28415942,,3,175,2026,6
2026-06-25,,0.43828416,,0,176,2026,6
2026-06-26,,0.26177043,,0,177,2026,6
2026-06-27,,0.26391098,,0,178,2026,6
2026-06-28,,0.3890529,,0,179,2026,6
2026-06-29,,0.6726168,,0,180,2026,6
2026-06-30,,0.2999002,,0,181,2026,6
2026-07-01,,0.7950558,,0,182,2026,7
2026-07-02,,0.6570492,,0,183,2026,7
2026-07-03,,0.66309947,,0,184,2026,7
2026-07-04,,0.5080123,,0,185,2026,7
2026-07-05,,0.46642843,,0,186,2026,7
2026-07-06,,0.2949406,,0,187,2026,7
2026-07-07,,0.27298075,,1,188,2026,7
2026-07-08,,0.27139834,,1,189,2026,7
2026-07-09,,0.35980055,,0,190,2026,7
2026-07-10,,0.25591463,,0,191,2026,7
2026-07-11,,0.25125182,,0,192,2026,7
2026-07-12,,0.25125182,,0,193,2026,7
2026-07-13,,0.25987384,,0,194,2026,7
2026-07-14,,0.26458347,,0,195,2026,7
2026-07-15,,0.30331388,,1,196,2026,7
2026-07-16,,0.25171033,,0,197,2026,7
2026-07-17,,0.28749636,,0,198,2026,7
2026-07-18,,0.31802154,,0,199,2026,7
2026-07-19,,0.31946972,,0,200,2026,7
2026-07-20,,0.41947985,,0,201,2026,7
2026-07-21,,0.5619708,,0,202,2026,7
2026-07-22,,0.5520745,,0,203,2026,7
2026-07-23,,0.43603286,,0,204,2026,7
2026-07-24,,0.7244985,,0,205,2026,7
2026-07-25,,0.4707041,,0,206,2026,7
2026-07-26,,0.59185565,,0,207,2026,7
2026-07-27,,0.47284058,,0,208,2026,7
2026-07-28,,0.55792767,,0,209,2026,7
2026-07-29,,0.4534084,,0,210,2026,7
2026-07-30,,0.4808717,,0,211,2026,7
2026-07-31,,0.40300918,,0,212,2026,7
2026-08-01,,0.48080662,,0,213,2026,8
2026-08-02,,0.32211626,,0,214,2026,8
2026-08-03,,0.32211626,,0,215,2026,8
2026-08-04,,0.33837315,,0,216,2026,8
2026-08-05,,0.3942312,,0,217,2026,8
2026-08-06,,0.35087553,,0,218,2026,8
2026-08-07,,0.31319568,,0,219,2026,8
2026-08-08,,0.29417604,,0,220,2026,8
2026-08-09,,0.4020589,,0,221,2026,8
2026-08-10,,0.39698008,,0,222,2026,8
2026-08-11,,0.5726485,,0,223,2026,8
2026-08-12,,0.6642115,,0,224,2026,8
2026-08-13,,0.4000835,,0,225,2026,8
2026-08-14,,0.32870772,,0,226,2026,8
2026-08-15,,0.32046548,,0,227,2026,8
2026-08-16,,0.33647633,,0,228,2026,8
2026-08-17,,0.29315284,,0,229,2026,8
2026-08-18,,0.32516256,,0,230,2026,8
2026-08-19,,0.33344325,,0,231,2026,8
2026-08-20,,0.26058096,,0,232,2026,8
2026-08-21,,0.20889741,,0,233,2026,8
2026-08-22,,0.23495498,,0,234,2026,8
2026-08-23,,0.21731119,,0,235,2026,8
2026-08-24,,0.2738029,,0,236,2026,8
2026-08-25,,0.61377364,,0,237,2026,8
2026-08-26,,0.33118755,,0,238,2026,8
2026-08-27,,0.26192597,,0,239,2026,8
2026-08-28,,0.37822288,,0,240,2026,8
2026-08-29,,0.44811654,,0,241,2026,8
2026-08-30,,0.38851923,,0,242,2026,8
2026-08-31,,0.26661554,,0,243,2026,8
2026-09-01,,0.23742779,,0,244,2026,9
2026-09-02,,0.17975692,,0,245,2026,9
2026-09-03,,0.23698612,,0,246,2026,9
2026-09-04,,0.21817334,,0,247,2026,9
2026-09-05,,0.2811912,,0,248,2026,9
2026-09-06,,0.2805139,,0,249,2026,9
2026-09-07,,0.41888177,,0,250,2026,9
2026-09-08,,0.43583658,,0,251,2026,9
2026-09-09,,0.19003204,,0,252,2026,9
2026-09-10,,0.19505818,,0,253,2026,9
2026-09-11,,0.17702487,,0,254,2026,9
2026-09-12,,0.17607372,,0,255,2026,9
2026-09-13,,0.19288887,,0,256,2026,9
